fecha,sku,demanda_unidades,precio_clp,insumo_critico,promocion,indice_estres_insumos,lead_time_dias,inventario_unidades,quiebre_stock,dia_semana,mes,año,procedencia_primaria,precio_unitario_primario_clp,procedencia_secundaria,precio_unitario_secundario_clp
2021-01-01,NotMilk,1033,1770,proteina de arveja,0,0.305,34,17000,0,4,1,2021,Canada,1639,Estados Unidos,2553
2021-01-02,NotMilk,1439,1770,proteina de arveja,1,0.29,37,15967,0,5,1,2021,Canada,1639,Estados Unidos,2553
2021-01-03,NotMilk,942,1770,proteina de arveja,0,0.282,34,14528,0,6,1,2021,Canada,1639,Estados Unidos,2553
2021-01-04,NotMilk,882,1770,proteina de arveja,0,0.262,33,13586,0,0,1,2021,Canada,1639,Estados Unidos,2553
2021-01-05,NotMilk,822,1770,proteina de arveja,0,0.251,36,12704,0,1,1,2021,Canada,1639,Estados Unidos,2553
2021-01-06,NotMilk,728,1770,proteina de arveja,0,0.367,31,11882,0,2,1,2021,Canada,1639,Estados Unidos,2553
2021-01-07,NotMilk,1066,1770,proteina de arveja,0,0.301,32,11154,0,3,1,2021,Canada,1639,Estados Unidos,2553
2021-01-08,NotMilk,1117,1770,proteina de arveja,0,0.273,35,10088,0,4,1,2021,Canada,1639,Estados Unidos,2553
2021-01-09,NotMilk,1136,1770,proteina de arveja,0,0.237,35,8971,0,5,1,2021,Canada,1639,Estados Unidos,2553
2021-01-10,NotMilk,1301,1770,proteina de arveja,0,0.277,35,7835,0,6,1,2021,Canada,1639,Estados Unidos,2553
2021-01-11,NotMilk,726,1770,proteina de arveja,0,0.248,32,6534,0,0,1,2021,Canada,1639,Estados Unidos,2553
2021-01-12,NotMilk,1154,1770,proteina de arveja,1,0.218,33,5808,0,1,1,2021,Canada,1639,Estados Unidos,2553
2021-01-13,NotMilk,873,1770,proteina de arveja,0,0.197,35,4654,0,2,1,2021,Canada,1639,Estados Unidos,2553
2021-01-14,NotMilk,1045,1770,proteina de arveja,0,0.204,36,3781,0,3,1,2021,Canada,1639,Estados Unidos,2553
2021-01-15,NotMilk,1113,1770,proteina de arveja,0,0.045,33,2736,0,4,1,2021,Canada,1639,Estados Unidos,2553
2021-01-16,NotMilk,1072,1770,proteina de arveja,0,0.21,37,1623,0,5,1,2021,Canada,1639,Estados Unidos,2553
2021-01-17,NotMilk,960,1770,proteina de arveja,0,0.17,35,551,0,6,1,2021,Canada,1639,Estados Unidos,2553
2021-01-18,NotMilk,909,1770,proteina de arveja,0,0.271,34,0,1,0,1,2021,Canada,1639,Estados Unidos,2553
2021-01-19,NotMilk,738,1770,proteina de arveja,0,0.188,34,0,1,1,1,2021,Canada,1639,Estados Unidos,2553
2021-01-20,NotMilk,961,1770,proteina de arveja,0,0.124,31,0,1,2,1,2021,Canada,1639,Estados Unidos,2553
2021-01-21,NotMilk,1002,1770,proteina de arveja,0,0.178,34,0,1,3,1,2021,Canada,1639,Estados Unidos,2553
2021-01-22,NotMilk,1031,1770,proteina de arveja,0,0.124,36,0,1,4,1,2021,Canada,1639,Estados Unidos,2553
2021-01-23,NotMilk,1085,1770,proteina de arveja,0,0.197,36,0,1,5,1,2021,Canada,1639,Estados Unidos,2553
2021-01-24,NotMilk,1122,1770,proteina de arveja,0,0.185,37,0,1,6,1,2021,Canada,1639,Estados Unidos,2553
2021-01-25,NotMilk,859,1770,proteina de arveja,0,0.216,34,0,1,0,1,2021,Canada,1639,Estados Unidos,2553
2021-01-26,NotMilk,876,1770,proteina de arveja,0,0.126,36,0,1,1,1,2021,Canada,1639,Estados Unidos,2553
2021-01-27,NotMilk,865,1770,proteina de arveja,0,0.165,34,0,1,2,1,2021,Canada,1639,Estados Unidos,2553
2021-01-28,NotMilk,1113,1770,proteina de arveja,0,0.093,36,0,1,3,1,2021,Canada,1639,Estados Unidos,2553
2021-01-29,NotMilk,1210,1770,proteina de arveja,0,0.194,34,0,1,4,1,2021,Canada,1639,Estados Unidos,2553
2021-01-30,NotMilk,1307,1770,proteina de arveja,0,0.183,36,0,1,5,1,2021,Canada,1639,Estados Unidos,2553
2021-01-31,NotMilk,1017,1770,proteina de arveja,0,0.18,37,0,1,6,1,2021,Canada,1639,Estados Unidos,2553
2021-02-01,NotMilk,956,1770,proteina de arveja,0,0.154,33,0,1,0,2,2021,Canada,1639,Estados Unidos,2553
2021-02-02,NotMilk,868,1770,proteina de arveja,0,0.174,35,0,1,1,2,2021,Canada,1639,Estados Unidos,2553
2021-02-03,NotMilk,1403,1770,proteina de arveja,1,0.232,37,0,1,2,2,2021,Canada,1639,Estados Unidos,2553
2021-02-04,NotMilk,1345,1770,proteina de arveja,1,0.137,33,0,1,3,2,2021,Canada,1639,Estados Unidos,2553
2021-02-05,NotMilk,1228,1770,proteina de arveja,0,0.157,31,0,1,4,2,2021,Canada,1639,Estados Unidos,2553
2021-02-06,NotMilk,1132,1770,proteina de arveja,0,0.096,37,20022,0,5,2,2021,Canada,1639,Estados Unidos,2553
2021-02-07,NotMilk,1036,1770,proteina de arveja,0,0.107,32,18890,0,6,2,2021,Canada,1639,Estados Unidos,2553
2021-02-08,NotMilk,923,1770,proteina de arveja,0,0.155,34,39104,0,0,2,2021,Canada,1639,Estados Unidos,2553
2021-02-09,NotMilk,886,1770,proteina de arveja,0,0.205,37,38181,0,1,2,2021,Canada,1639,Estados Unidos,2553
2021-02-10,NotMilk,928,1770,proteina de arveja,0,0.138,32,58545,0,2,2,2021,Canada,1639,Estados Unidos,2553
2021-02-11,NotMilk,1088,1770,proteina de arveja,0,0.14,32,57617,0,3,2,2021,Canada,1639,Estados Unidos,2553
2021-02-12,NotMilk,1315,1770,proteina de arveja,0,0.132,34,99029,0,4,2,2021,Canada,1639,Estados Unidos,2553
2021-02-13,NotMilk,1250,1770,proteina de arveja,0,0.127,30,118964,0,5,2,2021,Canada,1639,Estados Unidos,2553
2021-02-14,NotMilk,1122,1770,proteina de arveja,0,0.169,33,160214,0,6,2,2021,Canada,1639,Estados Unidos,2553
2021-02-15,NotMilk,889,1770,proteina de arveja,0,0.081,33,159092,0,0,2,2021,Canada,1639,Estados Unidos,2553
2021-02-16,NotMilk,812,1770,proteina de arveja,0,0.222,34,158203,0,1,2,2021,Canada,1639,Estados Unidos,2553
2021-02-17,NotMilk,1014,1770,proteina de arveja,0,0.126,30,199891,0,2,2,2021,Canada,1639,Estados Unidos,2553
2021-02-18,NotMilk,1151,1770,proteina de arveja,0,0.198,38,198877,0,3,2,2021,Canada,1639,Estados Unidos,2553
2021-02-19,NotMilk,1313,1770,proteina de arveja,0,0.1,33,218976,0,4,2,2021,Canada,1639,Estados Unidos,2553
2021-02-20,NotMilk,1450,1770,proteina de arveja,1,0.2,37,238913,0,5,2,2021,Canada,1639,Estados Unidos,2553
2021-02-21,NotMilk,1035,1770,proteina de arveja,0,0.203,34,279963,0,6,2,2021,Canada,1639,Estados Unidos,2553
2021-02-22,NotMilk,1047,1770,proteina de arveja,1,0.191,33,321428,0,0,2,2021,Canada,1639,Estados Unidos,2553
2021-02-23,NotMilk,850,1770,proteina de arveja,0,0.125,34,320381,0,1,2,2021,Canada,1639,Estados Unidos,2553
2021-02-24,NotMilk,1021,1770,proteina de arveja,0,0.191,34,340781,0,2,2,2021,Canada,1639,Estados Unidos,2553
2021-02-25,NotMilk,1390,1770,proteina de arveja,1,0.122,31,339760,0,3,2,2021,Canada,1639,Estados Unidos,2553
2021-02-26,NotMilk,1238,1770,proteina de arveja,0,0.172,37,338370,0,4,2,2021,Canada,1639,Estados Unidos,2553
2021-02-27,NotMilk,1150,1770,proteina de arveja,0,0.24,34,358382,0,5,2,2021,Canada,1639,Estados Unidos,2553
2021-02-28,NotMilk,1084,1770,proteina de arveja,0,0.232,31,399732,0,6,2,2021,Canada,1639,Estados Unidos,2553
2021-03-01,NotMilk,843,1770,proteina de arveja,0,0.197,37,398648,0,0,3,2021,Canada,1639,Estados Unidos,2553
2021-03-02,NotMilk,885,1770,proteina de arveja,0,0.152,33,440305,0,1,3,2021,Canada,1639,Estados Unidos,2553
2021-03-03,NotMilk,720,1770,proteina de arveja,0,0.237,34,460670,0,2,3,2021,Canada,1639,Estados Unidos,2553
2021-03-04,NotMilk,1064,1770,proteina de arveja,0,0.21,31,481200,0,3,3,2021,Canada,1639,Estados Unidos,2553
2021-03-05,NotMilk,1025,1770,proteina de arveja,0,0.098,37,501386,0,4,3,2021,Canada,1639,Estados Unidos,2553
2021-03-06,NotMilk,1280,1770,proteina de arveja,0,0.258,33,521611,0,5,3,2021,Canada,1639,Estados Unidos,2553
2021-03-07,NotMilk,1122,1770,proteina de arveja,0,0.222,35,541581,0,6,3,2021,Canada,1639,Estados Unidos,2553
2021-03-08,NotMilk,962,1770,proteina de arveja,0,0.289,37,561709,0,0,3,2021,Canada,1639,Estados Unidos,2553
2021-03-09,NotMilk,985,1770,proteina de arveja,0,0.179,35,624497,0,1,3,2021,Canada,1639,Estados Unidos,2553
2021-03-10,NotMilk,874,1770,proteina de arveja,0,0.08,33,623512,0,2,3,2021,Canada,1639,Estados Unidos,2553
2021-03-11,NotMilk,1611,1770,proteina de arveja,1,0.258,32,622638,0,3,3,2021,Canada,1639,Estados Unidos,2553
2021-03-12,NotMilk,1264,1770,proteina de arveja,0,0.264,34,642277,0,4,3,2021,Canada,1639,Estados Unidos,2553
2021-03-13,NotMilk,1143,1770,proteina de arveja,0,0.171,34,641013,0,5,3,2021,Canada,1639,Estados Unidos,2553
2021-03-14,NotMilk,1149,1770,proteina de arveja,0,0.212,33,639870,0,6,3,2021,Canada,1639,Estados Unidos,2553
2021-03-15,NotMilk,843,1770,proteina de arveja,0,0.404,37,638721,0,0,3,2021,Canada,1639,Estados Unidos,2553
2021-03-16,NotMilk,818,1770,proteina de arveja,0,0.257,36,637878,0,1,3,2021,Canada,1639,Estados Unidos,2553
2021-03-17,NotMilk,897,1770,proteina de arveja,0,0.314,38,637060,0,2,3,2021,Canada,1639,Estados Unidos,2553
2021-03-18,NotMilk,1029,1770,proteina de arveja,0,0.251,33,636163,0,3,3,2021,Canada,1639,Estados Unidos,2553
2021-03-19,NotMilk,1072,1770,proteina de arveja,0,0.185,39,635134,0,4,3,2021,Canada,1639,Estados Unidos,2553
2021-03-20,NotMilk,1273,1770,proteina de arveja,0,0.287,37,634062,0,5,3,2021,Canada,1639,Estados Unidos,2553
2021-03-21,NotMilk,1027,1770,proteina de arveja,0,0.288,35,632789,0,6,3,2021,Canada,1639,Estados Unidos,2553
2021-03-22,NotMilk,946,1770,proteina de arveja,0,0.287,38,631762,0,0,3,2021,Canada,1639,Estados Unidos,2553
2021-03-23,NotMilk,831,1770,proteina de arveja,0,0.308,40,630816,0,1,3,2021,Canada,1639,Estados Unidos,2553
2021-03-24,NotMilk,800,1770,proteina de arveja,0,0.332,33,629985,0,2,3,2021,Canada,1639,Estados Unidos,2553
2021-03-25,NotMilk,1091,1770,proteina de arveja,0,0.318,35,629185,0,3,3,2021,Canada,1639,Estados Unidos,2553
2021-03-26,NotMilk,985,1770,proteina de arveja,0,0.268,30,628094,0,4,3,2021,Canada,1639,Estados Unidos,2553
2021-03-27,NotMilk,1145,1770,proteina de arveja,0,0.362,37,627109,0,5,3,2021,Canada,1639,Estados Unidos,2553
2021-03-28,NotMilk,927,1770,proteina de arveja,0,0.246,36,625964,0,6,3,2021,Canada,1639,Estados Unidos,2553
2021-03-29,NotMilk,1058,1770,proteina de arveja,0,0.247,35,625037,0,0,3,2021,Canada,1639,Estados Unidos,2553
2021-03-30,NotMilk,927,1770,proteina de arveja,0,0.392,35,623979,0,1,3,2021,Canada,1639,Estados Unidos,2553
2021-03-31,NotMilk,937,1770,proteina de arveja,0,0.386,33,623052,0,2,3,2021,Canada,1639,Estados Unidos,2553
2021-04-01,NotMilk,1165,1770,proteina de arveja,0,0.364,37,622115,0,3,4,2021,Canada,1639,Estados Unidos,2553
2021-04-02,NotMilk,1075,1770,proteina de arveja,0,0.303,39,620950,0,4,4,2021,Canada,1639,Estados Unidos,2553
2021-04-03,NotMilk,1191,1770,proteina de arveja,0,0.343,35,619875,0,5,4,2021,Canada,1639,Estados Unidos,2553
2021-04-04,NotMilk,1047,1770,proteina de arveja,0,0.371,37,618684,0,6,4,2021,Canada,1639,Estados Unidos,2553
2021-04-05,NotMilk,923,1770,proteina de arveja,0,0.31,33,617637,0,0,4,2021,Canada,1639,Estados Unidos,2553
2021-04-06,NotMilk,942,1770,proteina de arveja,0,0.359,37,616714,0,1,4,2021,Canada,1639,Estados Unidos,2553
2021-04-07,NotMilk,973,1770,proteina de arveja,0,0.434,36,615772,0,2,4,2021,Canada,1639,Estados Unidos,2553
2021-04-08,NotMilk,1071,1770,proteina de arveja,0,0.478,36,614799,0,3,4,2021,Canada,1639,Estados Unidos,2553
2021-04-09,NotMilk,989,1770,proteina de arveja,0,0.391,35,613728,0,4,4,2021,Canada,1639,Estados Unidos,2553
2021-04-10,NotMilk,1042,1770,proteina de arveja,0,0.455,37,612739,0,5,4,2021,Canada,1639,Estados Unidos,2553
2021-04-11,NotMilk,1009,1770,proteina de arveja,0,0.326,37,611697,0,6,4,2021,Canada,1639,Estados Unidos,2553
2021-04-12,NotMilk,900,1770,proteina de arveja,0,0.46,35,610688,0,0,4,2021,Canada,1639,Estados Unidos,2553
2021-04-13,NotMilk,768,1770,proteina de arveja,0,0.391,36,609788,0,1,4,2021,Canada,1639,Estados Unidos,2553
2021-04-14,NotMilk,1083,1770,proteina de arveja,0,0.452,37,609020,0,2,4,2021,Canada,1639,Estados Unidos,2553
2021-04-15,NotMilk,1159,1770,proteina de arveja,0,0.429,35,607937,0,3,4,2021,Canada,1639,Estados Unidos,2553
2021-04-16,NotMilk,1180,1770,proteina de arveja,0,0.511,42,606778,0,4,4,2021,Canada,1639,Estados Unidos,2553
2021-04-17,NotMilk,1120,1770,proteina de arveja,0,0.406,35,605598,0,5,4,2021,Canada,1639,Estados Unidos,2553
2021-04-18,NotMilk,988,1770,proteina de arveja,0,0.485,36,604478,0,6,4,2021,Canada,1639,Estados Unidos,2553
2021-04-19,NotMilk,814,1770,proteina de arveja,0,0.444,35,603490,0,0,4,2021,Canada,1639,Estados Unidos,2553
2021-04-20,NotMilk,838,1770,proteina de arveja,0,0.454,41,602676,0,1,4,2021,Canada,1639,Estados Unidos,2553
2021-04-21,NotMilk,913,1770,proteina de arveja,0,0.456,39,601838,0,2,4,2021,Canada,1639,Estados Unidos,2553
2021-04-22,NotMilk,917,1770,proteina de arveja,0,0.427,35,600925,0,3,4,2021,Canada,1639,Estados Unidos,2553
2021-04-23,NotMilk,1554,1770,proteina de arveja,1,0.471,40,600008,0,4,4,2021,Canada,1639,Estados Unidos,2553
2021-04-24,NotMilk,1083,1770,proteina de arveja,0,0.472,38,598454,0,5,4,2021,Canada,1639,Estados Unidos,2553
2021-04-25,NotMilk,838,1770,proteina de arveja,0,0.49,38,597371,0,6,4,2021,Canada,1639,Estados Unidos,2553
2021-04-26,NotMilk,807,1770,proteina de arveja,0,0.485,37,596533,0,0,4,2021,Canada,1639,Estados Unidos,2553
2021-04-27,NotMilk,792,1770,proteina de arveja,0,0.524,37,595726,0,1,4,2021,Canada,1639,Estados Unidos,2553
2021-04-28,NotMilk,1013,1770,proteina de arveja,0,0.532,39,594934,0,2,4,2021,Canada,1639,Estados Unidos,2553
2021-04-29,NotMilk,1046,1770,proteina de arveja,0,0.436,36,593921,0,3,4,2021,Canada,1639,Estados Unidos,2553
2021-04-30,NotMilk,974,1770,proteina de arveja,0,0.534,42,592875,0,4,4,2021,Canada,1639,Estados Unidos,2553
2021-05-01,NotMilk,1120,1770,proteina de arveja,0,0.433,35,591901,0,5,5,2021,Canada,1639,Estados Unidos,2553
2021-05-02,NotMilk,852,1770,proteina de arveja,0,0.523,41,590781,0,6,5,2021,Canada,1639,Estados Unidos,2553
2021-05-03,NotMilk,926,1770,proteina de arveja,0,0.526,38,589929,0,0,5,2021,Canada,1639,Estados Unidos,2553
2021-05-04,NotMilk,775,1770,proteina de arveja,0,0.401,37,589003,0,1,5,2021,Canada,1639,Estados Unidos,2553
2021-05-05,NotMilk,858,1770,proteina de arveja,0,0.502,40,588228,0,2,5,2021,Canada,1639,Estados Unidos,2553
2021-05-06,NotMilk,1088,1770,proteina de arveja,0,0.475,36,587370,0,3,5,2021,Canada,1639,Estados Unidos,2553
2021-05-07,NotMilk,960,1770,proteina de arveja,0,0.461,39,586282,0,4,5,2021,Canada,1639,Estados Unidos,2553
2021-05-08,NotMilk,939,1770,proteina de arveja,0,0.567,33,585322,0,5,5,2021,Canada,1639,Estados Unidos,2553
2021-05-09,NotMilk,909,1770,proteina de arveja,0,0.467,36,584383,0,6,5,2021,Canada,1639,Estados Unidos,2553
2021-05-10,NotMilk,905,1770,proteina de arveja,0,0.46,36,583474,0,0,5,2021,Canada,1639,Estados Unidos,2553
2021-05-11,NotMilk,693,1770,proteina de arveja,0,0.504,36,582569,0,1,5,2021,Canada,1639,Estados Unidos,2553
2021-05-12,NotMilk,656,1770,proteina de arveja,0,0.534,38,581876,0,2,5,2021,Canada,1639,Estados Unidos,2553
2021-05-13,NotMilk,929,1770,proteina de arveja,0,0.492,39,581220,0,3,5,2021,Canada,1639,Estados Unidos,2553
2021-05-14,NotMilk,1095,1770,proteina de arveja,0,0.556,40,580291,0,4,5,2021,Canada,1639,Estados Unidos,2553
2021-05-15,NotMilk,1542,1770,proteina de arveja,1,0.524,39,579196,0,5,5,2021,Canada,1639,Estados Unidos,2553
2021-05-16,NotMilk,900,1770,proteina de arveja,0,0.387,35,577654,0,6,5,2021,Canada,1639,Estados Unidos,2553
2021-05-17,NotMilk,792,1770,proteina de arveja,0,0.468,38,576754,0,0,5,2021,Canada,1639,Estados Unidos,2553
2021-05-18,NotMilk,845,1770,proteina de arveja,0,0.465,38,575962,0,1,5,2021,Canada,1639,Estados Unidos,2553
2021-05-19,NotMilk,706,1770,proteina de arveja,0,0.515,40,575117,0,2,5,2021,Canada,1639,Estados Unidos,2553
2021-05-20,NotMilk,1202,1770,proteina de arveja,1,0.358,38,574411,0,3,5,2021,Canada,1639,Estados Unidos,2553
2021-05-21,NotMilk,1374,1770,proteina de arveja,1,0.614,39,573209,0,4,5,2021,Canada,1639,Estados Unidos,2553
2021-05-22,NotMilk,1051,1770,proteina de arveja,0,0.511,36,571835,0,5,5,2021,Canada,1639,Estados Unidos,2553
2021-05-23,NotMilk,878,1770,proteina de arveja,0,0.489,37,570784,0,6,5,2021,Canada,1639,Estados Unidos,2553
2021-05-24,NotMilk,803,1770,proteina de arveja,0,0.538,37,569906,0,0,5,2021,Canada,1639,Estados Unidos,2553
2021-05-25,NotMilk,606,1770,proteina de arveja,0,0.593,38,569103,0,1,5,2021,Canada,1639,Estados Unidos,2553
2021-05-26,NotMilk,770,1770,proteina de arveja,0,0.516,39,568497,0,2,5,2021,Canada,1639,Estados Unidos,2553
2021-05-27,NotMilk,957,1770,proteina de arveja,0,0.517,40,567727,0,3,5,2021,Canada,1639,Estados Unidos,2553
2021-05-28,NotMilk,926,1770,proteina de arveja,0,0.473,38,566770,0,4,5,2021,Canada,1639,Estados Unidos,2553
2021-05-29,NotMilk,997,1770,proteina de arveja,0,0.455,37,565844,0,5,5,2021,Canada,1639,Estados Unidos,2553
2021-05-30,NotMilk,927,1770,proteina de arveja,0,0.435,38,564847,0,6,5,2021,Canada,1639,Estados Unidos,2553
2021-05-31,NotMilk,762,1770,proteina de arveja,0,0.413,36,563920,0,0,5,2021,Canada,1639,Estados Unidos,2553
2021-06-01,NotMilk,750,1770,proteina de arveja,0,0.416,35,563158,0,1,6,2021,Canada,1639,Estados Unidos,2553
2021-06-02,NotMilk,733,1770,proteina de arveja,0,0.379,33,562408,0,2,6,2021,Canada,1639,Estados Unidos,2553
2021-06-03,NotMilk,888,1770,proteina de arveja,0,0.438,36,561675,0,3,6,2021,Canada,1639,Estados Unidos,2553
2021-06-04,NotMilk,1409,1770,proteina de arveja,1,0.353,37,560787,0,4,6,2021,Canada,1639,Estados Unidos,2553
2021-06-05,NotMilk,982,1770,proteina de arveja,0,0.442,36,559378,0,5,6,2021,Canada,1639,Estados Unidos,2553
2021-06-06,NotMilk,834,1770,proteina de arveja,0,0.426,37,558396,0,6,6,2021,Canada,1639,Estados Unidos,2553
2021-06-07,NotMilk,779,1770,proteina de arveja,0,0.43,38,557562,0,0,6,2021,Canada,1639,Estados Unidos,2553
2021-06-08,NotMilk,764,1770,proteina de arveja,0,0.392,38,556783,0,1,6,2021,Canada,1639,Estados Unidos,2553
2021-06-09,NotMilk,649,1770,proteina de arveja,0,0.567,37,556019,0,2,6,2021,Canada,1639,Estados Unidos,2553
2021-06-10,NotMilk,964,1770,proteina de arveja,0,0.475,40,555370,0,3,6,2021,Canada,1639,Estados Unidos,2553
2021-06-11,NotMilk,934,1770,proteina de arveja,0,0.34,38,554406,0,4,6,2021,Canada,1639,Estados Unidos,2553
2021-06-12,NotMilk,980,1770,proteina de arveja,0,0.408,35,553472,0,5,6,2021,Canada,1639,Estados Unidos,2553
2021-06-13,NotMilk,937,1770,proteina de arveja,0,0.361,35,552492,0,6,6,2021,Canada,1639,Estados Unidos,2553
2021-06-14,NotMilk,666,1770,proteina de arveja,0,0.335,38,551555,0,0,6,2021,Canada,1639,Estados Unidos,2553
2021-06-15,NotMilk,667,1770,proteina de arveja,0,0.313,35,550889,0,1,6,2021,Canada,1639,Estados Unidos,2553
2021-06-16,NotMilk,741,1770,proteina de arveja,0,0.396,32,550222,0,2,6,2021,Canada,1639,Estados Unidos,2553
2021-06-17,NotMilk,808,1770,proteina de arveja,0,0.334,33,549481,0,3,6,2021,Canada,1639,Estados Unidos,2553
2021-06-18,NotMilk,1068,1770,proteina de arveja,0,0.411,36,548673,0,4,6,2021,Canada,1639,Estados Unidos,2553
2021-06-19,NotMilk,863,1770,proteina de arveja,0,0.406,35,547605,0,5,6,2021,Canada,1639,Estados Unidos,2553
2021-06-20,NotMilk,798,1770,proteina de arveja,0,0.419,36,546742,0,6,6,2021,Canada,1639,Estados Unidos,2553
2021-06-21,NotMilk,743,1770,proteina de arveja,0,0.302,36,545944,0,0,6,2021,Canada,1639,Estados Unidos,2553
2021-06-22,NotMilk,624,1770,proteina de arveja,0,0.362,39,545201,0,1,6,2021,Canada,1639,Estados Unidos,2553
2021-06-23,NotMilk,718,1770,proteina de arveja,0,0.364,36,544577,0,2,6,2021,Canada,1639,Estados Unidos,2553
2021-06-24,NotMilk,865,1770,proteina de arveja,0,0.303,38,543859,0,3,6,2021,Canada,1639,Estados Unidos,2553
2021-06-25,NotMilk,893,1770,proteina de arveja,0,0.282,38,542994,0,4,6,2021,Canada,1639,Estados Unidos,2553
2021-06-26,NotMilk,899,1770,proteina de arveja,0,0.395,40,542101,0,5,6,2021,Canada,1639,Estados Unidos,2553
2021-06-27,NotMilk,782,1770,proteina de arveja,0,0.32,36,541202,0,6,6,2021,Canada,1639,Estados Unidos,2553
2021-06-28,NotMilk,786,1770,proteina de arveja,1,0.334,32,540420,0,0,6,2021,Canada,1639,Estados Unidos,2553
2021-06-29,NotMilk,693,1770,proteina de arveja,0,0.256,36,539634,0,1,6,2021,Canada,1639,Estados Unidos,2553
2021-06-30,NotMilk,827,1770,proteina de arveja,0,0.23,37,538941,0,2,6,2021,Canada,1639,Estados Unidos,2553
2021-07-01,NotMilk,826,1770,proteina de arveja,0,0.256,35,538114,0,3,7,2021,Canada,1639,Estados Unidos,2553
2021-07-02,NotMilk,1238,1770,proteina de arveja,1,0.273,39,537288,0,4,7,2021,Canada,1639,Estados Unidos,2553
2021-07-03,NotMilk,936,1770,proteina de arveja,0,0.22,36,536050,0,5,7,2021,Canada,1639,Estados Unidos,2553
2021-07-04,NotMilk,719,1770,proteina de arveja,0,0.267,36,535114,0,6,7,2021,Canada,1639,Estados Unidos,2553
2021-07-05,NotMilk,796,1770,proteina de arveja,0,0.177,36,534395,0,0,7,2021,Canada,1639,Estados Unidos,2553
2021-07-06,NotMilk,673,1770,proteina de arveja,0,0.2,35,533599,0,1,7,2021,Canada,1639,Estados Unidos,2553
2021-07-07,NotMilk,804,1770,proteina de arveja,0,0.284,30,532926,0,2,7,2021,Canada,1639,Estados Unidos,2553
2021-07-08,NotMilk,761,1770,proteina de arveja,0,0.276,34,532122,0,3,7,2021,Canada,1639,Estados Unidos,2553
2021-07-09,NotMilk,1007,1770,proteina de arveja,0,0.22,37,531361,0,4,7,2021,Canada,1639,Estados Unidos,2553
2021-07-10,NotMilk,923,1770,proteina de arveja,0,0.184,33,530354,0,5,7,2021,Canada,1639,Estados Unidos,2553
2021-07-11,NotMilk,819,1770,proteina de arveja,0,0.178,34,529431,0,6,7,2021,Canada,1639,Estados Unidos,2553
2021-07-12,NotMilk,700,1770,proteina de arveja,0,0.206,32,528612,0,0,7,2021,Canada,1639,Estados Unidos,2553
2021-07-13,NotMilk,636,1770,proteina de arveja,0,0.252,39,527912,0,1,7,2021,Canada,1639,Estados Unidos,2553
2021-07-14,NotMilk,764,1770,proteina de arveja,0,0.262,39,527276,0,2,7,2021,Canada,1639,Estados Unidos,2553
2021-07-15,NotMilk,802,1770,proteina de arveja,0,0.186,32,526512,0,3,7,2021,Canada,1639,Estados Unidos,2553
2021-07-16,NotMilk,728,1770,proteina de arveja,0,0.148,34,525710,0,4,7,2021,Canada,1639,Estados Unidos,2553
2021-07-17,NotMilk,777,1770,proteina de arveja,0,0.215,33,524982,0,5,7,2021,Canada,1639,Estados Unidos,2553
2021-07-18,NotMilk,759,1770,proteina de arveja,0,0.156,35,524205,0,6,7,2021,Canada,1639,Estados Unidos,2553
2021-07-19,NotMilk,692,1770,proteina de arveja,0,0.167,35,523446,0,0,7,2021,Canada,1639,Estados Unidos,2553
2021-07-20,NotMilk,635,1770,proteina de arveja,0,0.256,37,522754,0,1,7,2021,Canada,1639,Estados Unidos,2553
2021-07-21,NotMilk,752,1770,proteina de arveja,0,0.227,35,522119,0,2,7,2021,Canada,1639,Estados Unidos,2553
2021-07-22,NotMilk,658,1770,proteina de arveja,0,0.19,40,521367,0,3,7,2021,Canada,1639,Estados Unidos,2553
2021-07-23,NotMilk,859,1770,proteina de arveja,0,0.115,31,520709,0,4,7,2021,Canada,1639,Estados Unidos,2553
2021-07-24,NotMilk,718,1770,proteina de arveja,0,0.186,31,519850,0,5,7,2021,Canada,1639,Estados Unidos,2553
2021-07-25,NotMilk,804,1770,proteina de arveja,0,0.226,34,519132,0,6,7,2021,Canada,1639,Estados Unidos,2553
2021-07-26,NotMilk,660,1770,proteina de arveja,0,0.151,31,518328,0,0,7,2021,Canada,1639,Estados Unidos,2553
2021-07-27,NotMilk,650,1770,proteina de arveja,0,0.235,32,517668,0,1,7,2021,Canada,1639,Estados Unidos,2553
2021-07-28,NotMilk,629,1770,proteina de arveja,0,0.229,33,517018,0,2,7,2021,Canada,1639,Estados Unidos,2553
2021-07-29,NotMilk,848,1770,proteina de arveja,0,0.245,33,516389,0,3,7,2021,Canada,1639,Estados Unidos,2553
2021-07-30,NotMilk,907,1770,proteina de arveja,0,0.175,32,515541,0,4,7,2021,Canada,1639,Estados Unidos,2553
2021-07-31,NotMilk,867,1770,proteina de arveja,0,0.188,35,514634,0,5,7,2021,Canada,1639,Estados Unidos,2553
2021-08-01,NotMilk,741,1770,proteina de arveja,0,0.227,34,513767,0,6,8,2021,Canada,1639,Estados Unidos,2553
2021-08-02,NotMilk,687,1770,proteina de arveja,0,0.177,34,513026,0,0,8,2021,Canada,1639,Estados Unidos,2553
2021-08-03,NotMilk,586,1770,proteina de arveja,0,0.129,35,512339,0,1,8,2021,Canada,1639,Estados Unidos,2553
2021-08-04,NotMilk,713,1770,proteina de arveja,0,0.13,32,511753,0,2,8,2021,Canada,1639,Estados Unidos,2553
2021-08-05,NotMilk,861,1770,proteina de arveja,0,0.164,33,511040,0,3,8,2021,Canada,1639,Estados Unidos,2553
2021-08-06,NotMilk,900,1770,proteina de arveja,0,0.086,34,510179,0,4,8,2021,Canada,1639,Estados Unidos,2553
2021-08-07,NotMilk,772,1770,proteina de arveja,0,0.143,30,509279,0,5,8,2021,Canada,1639,Estados Unidos,2553
2021-08-08,NotMilk,762,1770,proteina de arveja,0,0.205,30,508507,0,6,8,2021,Canada,1639,Estados Unidos,2553
2021-08-09,NotMilk,583,1770,proteina de arveja,0,0.04,33,507745,0,0,8,2021,Canada,1639,Estados Unidos,2553
2021-08-10,NotMilk,643,1770,proteina de arveja,0,0.227,36,507162,0,1,8,2021,Canada,1639,Estados Unidos,2553
2021-08-11,NotMilk,686,1770,proteina de arveja,0,0.207,39,506519,0,2,8,2021,Canada,1639,Estados Unidos,2553
2021-08-12,NotMilk,641,1770,proteina de arveja,0,0.128,34,505833,0,3,8,2021,Canada,1639,Estados Unidos,2553
2021-08-13,NotMilk,746,1770,proteina de arveja,0,0.179,36,505192,0,4,8,2021,Canada,1639,Estados Unidos,2553
2021-08-14,NotMilk,796,1770,proteina de arveja,0,0.153,33,504446,0,5,8,2021,Canada,1639,Estados Unidos,2553
2021-08-15,NotMilk,931,1770,proteina de arveja,1,0.215,35,503650,0,6,8,2021,Canada,1639,Estados Unidos,2553
2021-08-16,NotMilk,583,1770,proteina de arveja,0,0.204,38,502719,0,0,8,2021,Canada,1639,Estados Unidos,2553
2021-08-17,NotMilk,631,1770,proteina de arveja,0,0.087,29,502136,0,1,8,2021,Canada,1639,Estados Unidos,2553
2021-08-18,NotMilk,672,1770,proteina de arveja,0,0.188,35,501505,0,2,8,2021,Canada,1639,Estados Unidos,2553
2021-08-19,NotMilk,739,1770,proteina de arveja,0,0.15,38,500833,0,3,8,2021,Canada,1639,Estados Unidos,2553
2021-08-20,NotMilk,769,1770,proteina de arveja,0,0.167,35,500094,0,4,8,2021,Canada,1639,Estados Unidos,2553
2021-08-21,NotMilk,879,1770,proteina de arveja,0,0.128,37,499325,0,5,8,2021,Canada,1639,Estados Unidos,2553
2021-08-22,NotMilk,831,1770,proteina de arveja,0,0.255,34,498446,0,6,8,2021,Canada,1639,Estados Unidos,2553
2021-08-23,NotMilk,619,1770,proteina de arveja,0,0.222,35,497615,0,0,8,2021,Canada,1639,Estados Unidos,2553
2021-08-24,NotMilk,580,1770,proteina de arveja,0,0.136,34,496996,0,1,8,2021,Canada,1639,Estados Unidos,2553
2021-08-25,NotMilk,683,1770,proteina de arveja,0,0.109,29,496416,0,2,8,2021,Canada,1639,Estados Unidos,2553
2021-08-26,NotMilk,728,1770,proteina de arveja,0,0.16,32,495733,0,3,8,2021,Canada,1639,Estados Unidos,2553
2021-08-27,NotMilk,809,1770,proteina de arveja,0,0.204,32,495005,0,4,8,2021,Canada,1639,Estados Unidos,2553
2021-08-28,NotMilk,859,1770,proteina de arveja,0,0.198,36,494196,0,5,8,2021,Canada,1639,Estados Unidos,2553
2021-08-29,NotMilk,844,1770,proteina de arveja,1,0.253,37,493337,0,6,8,2021,Canada,1639,Estados Unidos,2553
2021-08-30,NotMilk,884,1770,proteina de arveja,1,0.234,35,492493,0,0,8,2021,Canada,1639,Estados Unidos,2553
2021-08-31,NotMilk,615,1770,proteina de arveja,0,0.247,37,491609,0,1,8,2021,Canada,1639,Estados Unidos,2553
2021-09-01,NotMilk,637,1770,proteina de arveja,0,0.219,34,490994,0,2,9,2021,Canada,1639,Estados Unidos,2553
2021-09-02,NotMilk,746,1770,proteina de arveja,0,0.137,36,490357,0,3,9,2021,Canada,1639,Estados Unidos,2553
2021-09-03,NotMilk,1105,1770,proteina de arveja,1,0.201,34,489611,0,4,9,2021,Canada,1639,Estados Unidos,2553
2021-09-04,NotMilk,701,1770,proteina de arveja,0,0.269,35,488506,0,5,9,2021,Canada,1639,Estados Unidos,2553
2021-09-05,NotMilk,1023,1770,proteina de arveja,1,0.218,34,487805,0,6,9,2021,Canada,1639,Estados Unidos,2553
2021-09-06,NotMilk,893,1770,proteina de arveja,1,0.251,36,486782,0,0,9,2021,Canada,1639,Estados Unidos,2553
2021-09-07,NotMilk,636,1770,proteina de arveja,0,0.215,34,485889,0,1,9,2021,Canada,1639,Estados Unidos,2553
2021-09-08,NotMilk,712,1770,proteina de arveja,0,0.184,36,485253,0,2,9,2021,Canada,1639,Estados Unidos,2553
2021-09-09,NotMilk,694,1770,proteina de arveja,0,0.235,33,484541,0,3,9,2021,Canada,1639,Estados Unidos,2553
2021-09-10,NotMilk,857,1770,proteina de arveja,0,0.262,33,483847,0,4,9,2021,Canada,1639,Estados Unidos,2553
2021-09-11,NotMilk,802,1770,proteina de arveja,0,0.219,36,482990,0,5,9,2021,Canada,1639,Estados Unidos,2553
2021-09-12,NotMilk,792,1770,proteina de arveja,0,0.245,35,482188,0,6,9,2021,Canada,1639,Estados Unidos,2553
2021-09-13,NotMilk,541,1770,proteina de arveja,0,0.216,34,481396,0,0,9,2021,Canada,1639,Estados Unidos,2553
2021-09-14,NotMilk,745,1770,proteina de arveja,1,0.324,38,480855,0,1,9,2021,Canada,1639,Estados Unidos,2553
2021-09-15,NotMilk,636,1770,proteina de arveja,0,0.259,34,480110,0,2,9,2021,Canada,1639,Estados Unidos,2553
2021-09-16,NotMilk,789,1770,proteina de arveja,0,0.353,36,479474,0,3,9,2021,Canada,1639,Estados Unidos,2553
2021-09-17,NotMilk,865,1770,proteina de arveja,0,0.362,39,478685,0,4,9,2021,Canada,1639,Estados Unidos,2553
2021-09-18,NotMilk,781,1770,proteina de arveja,0,0.288,39,477820,0,5,9,2021,Canada,1639,Estados Unidos,2553
2021-09-19,NotMilk,864,1770,proteina de arveja,1,0.247,38,477039,0,6,9,2021,Canada,1639,Estados Unidos,2553
2021-09-20,NotMilk,654,1770,proteina de arveja,0,0.199,34,476175,0,0,9,2021,Canada,1639,Estados Unidos,2553
2021-09-21,NotMilk,581,1770,proteina de arveja,0,0.236,37,475521,0,1,9,2021,Canada,1639,Estados Unidos,2553
2021-09-22,NotMilk,721,1770,proteina de arveja,0,0.247,33,474940,0,2,9,2021,Canada,1639,Estados Unidos,2553
2021-09-23,NotMilk,750,1770,proteina de arveja,0,0.39,35,474219,0,3,9,2021,Canada,1639,Estados Unidos,2553
2021-09-24,NotMilk,648,1770,proteina de arveja,0,0.333,31,473469,0,4,9,2021,Canada,1639,Estados Unidos,2553
2021-09-25,NotMilk,814,1770,proteina de arveja,0,0.353,40,472821,0,5,9,2021,Canada,1639,Estados Unidos,2553
2021-09-26,NotMilk,697,1770,proteina de arveja,0,0.229,33,472007,0,6,9,2021,Canada,1639,Estados Unidos,2553
2021-09-27,NotMilk,582,1770,proteina de arveja,0,0.286,35,471310,0,0,9,2021,Canada,1639,Estados Unidos,2553
2021-09-28,NotMilk,573,1770,proteina de arveja,0,0.396,35,470728,0,1,9,2021,Canada,1639,Estados Unidos,2553
2021-09-29,NotMilk,692,1770,proteina de arveja,0,0.372,38,470155,0,2,9,2021,Canada,1639,Estados Unidos,2553
2021-09-30,NotMilk,868,1770,proteina de arveja,0,0.356,36,469463,0,3,9,2021,Canada,1639,Estados Unidos,2553
2021-10-01,NotMilk,880,1770,proteina de arveja,0,0.397,34,468595,0,4,10,2021,Canada,1639,Estados Unidos,2553
2021-10-02,NotMilk,811,1770,proteina de arveja,0,0.457,38,467715,0,5,10,2021,Canada,1639,Estados Unidos,2553
2021-10-03,NotMilk,802,1770,proteina de arveja,0,0.37,34,466904,0,6,10,2021,Canada,1639,Estados Unidos,2553
2021-10-04,NotMilk,656,1770,proteina de arveja,0,0.39,35,466102,0,0,10,2021,Canada,1639,Estados Unidos,2553
2021-10-05,NotMilk,611,1770,proteina de arveja,0,0.402,33,465446,0,1,10,2021,Canada,1639,Estados Unidos,2553
2021-10-06,NotMilk,634,1770,proteina de arveja,0,0.517,35,464835,0,2,10,2021,Canada,1639,Estados Unidos,2553
2021-10-07,NotMilk,687,1770,proteina de arveja,0,0.298,36,464201,0,3,10,2021,Canada,1639,Estados Unidos,2553
2021-10-08,NotMilk,847,1770,proteina de arveja,0,0.442,33,463514,0,4,10,2021,Canada,1639,Estados Unidos,2553
2021-10-09,NotMilk,880,1770,proteina de arveja,0,0.408,34,462667,0,5,10,2021,Canada,1639,Estados Unidos,2553
2021-10-10,NotMilk,782,1770,proteina de arveja,0,0.447,37,461787,0,6,10,2021,Canada,1639,Estados Unidos,2553
2021-10-11,NotMilk,672,1770,proteina de arveja,0,0.391,36,461005,0,0,10,2021,Canada,1639,Estados Unidos,2553
2021-10-12,NotMilk,610,1770,proteina de arveja,0,0.426,41,460333,0,1,10,2021,Canada,1639,Estados Unidos,2553
2021-10-13,NotMilk,748,1770,proteina de arveja,0,0.469,41,459723,0,2,10,2021,Canada,1639,Estados Unidos,2553
2021-10-14,NotMilk,730,1770,proteina de arveja,0,0.594,37,458975,0,3,10,2021,Canada,1639,Estados Unidos,2553
2021-10-15,NotMilk,948,1770,proteina de arveja,0,0.483,39,458245,0,4,10,2021,Canada,1639,Estados Unidos,2553
2021-10-16,NotMilk,817,1770,proteina de arveja,0,0.405,38,457297,0,5,10,2021,Canada,1639,Estados Unidos,2553
2021-10-17,NotMilk,757,1770,proteina de arveja,0,0.43,36,456480,0,6,10,2021,Canada,1639,Estados Unidos,2553
2021-10-18,NotMilk,627,1770,proteina de arveja,0,0.433,34,455723,0,0,10,2021,Canada,1639,Estados Unidos,2553
2021-10-19,NotMilk,648,1770,proteina de arveja,0,0.369,36,455096,0,1,10,2021,Canada,1639,Estados Unidos,2553
2021-10-20,NotMilk,786,1770,proteina de arveja,0,0.447,37,454448,0,2,10,2021,Canada,1639,Estados Unidos,2553
2021-10-21,NotMilk,869,1770,proteina de arveja,0,0.503,37,453662,0,3,10,2021,Canada,1639,Estados Unidos,2553
2021-10-22,NotMilk,985,1770,proteina de arveja,0,0.406,38,452793,0,4,10,2021,Canada,1639,Estados Unidos,2553
2021-10-23,NotMilk,947,1770,proteina de arveja,0,0.526,37,451808,0,5,10,2021,Canada,1639,Estados Unidos,2553
2021-10-24,NotMilk,752,1770,proteina de arveja,0,0.501,36,450861,0,6,10,2021,Canada,1639,Estados Unidos,2553
2021-10-25,NotMilk,708,1770,proteina de arveja,0,0.443,38,450109,0,0,10,2021,Canada,1639,Estados Unidos,2553
2021-10-26,NotMilk,648,1770,proteina de arveja,0,0.475,38,449401,0,1,10,2021,Canada,1639,Estados Unidos,2553
2021-10-27,NotMilk,826,1770,proteina de arveja,0,0.565,36,448753,0,2,10,2021,Canada,1639,Estados Unidos,2553
2021-10-28,NotMilk,773,1770,proteina de arveja,0,0.524,40,447927,0,3,10,2021,Canada,1639,Estados Unidos,2553
2021-10-29,NotMilk,1003,1770,proteina de arveja,0,0.49,34,447154,0,4,10,2021,Canada,1639,Estados Unidos,2553
2021-10-30,NotMilk,998,1770,proteina de arveja,0,0.479,37,446151,0,5,10,2021,Canada,1639,Estados Unidos,2553
2021-10-31,NotMilk,969,1770,proteina de arveja,0,0.497,37,445153,0,6,10,2021,Canada,1639,Estados Unidos,2553
2021-11-01,NotMilk,721,1770,proteina de arveja,0,0.469,36,444184,0,0,11,2021,Canada,1639,Estados Unidos,2553
2021-11-02,NotMilk,923,1770,proteina de arveja,1,0.391,36,443463,0,1,11,2021,Canada,1639,Estados Unidos,2553
2021-11-03,NotMilk,906,1770,proteina de arveja,0,0.599,43,442540,0,2,11,2021,Canada,1639,Estados Unidos,2553
2021-11-04,NotMilk,833,1770,proteina de arveja,0,0.506,36,441634,0,3,11,2021,Canada,1639,Estados Unidos,2553
2021-11-05,NotMilk,842,1770,proteina de arveja,0,0.519,43,440801,0,4,11,2021,Canada,1639,Estados Unidos,2553
2021-11-06,NotMilk,811,1770,proteina de arveja,0,0.497,39,439959,0,5,11,2021,Canada,1639,Estados Unidos,2553
2021-11-07,NotMilk,917,1770,proteina de arveja,0,0.463,38,439148,0,6,11,2021,Canada,1639,Estados Unidos,2553
2021-11-08,NotMilk,649,1770,proteina de arveja,0,0.491,39,438231,0,0,11,2021,Canada,1639,Estados Unidos,2553
2021-11-09,NotMilk,705,1770,proteina de arveja,0,0.42,42,437582,0,1,11,2021,Canada,1639,Estados Unidos,2553
2021-11-10,NotMilk,1007,1770,proteina de arveja,1,0.614,37,436877,0,2,11,2021,Canada,1639,Estados Unidos,2553
2021-11-11,NotMilk,913,1770,proteina de arveja,0,0.437,35,435870,0,3,11,2021,Canada,1639,Estados Unidos,2553
2021-11-12,NotMilk,1019,1770,proteina de arveja,0,0.447,36,434957,0,4,11,2021,Canada,1639,Estados Unidos,2553
2021-11-13,NotMilk,998,1770,proteina de arveja,0,0.476,38,433938,0,5,11,2021,Canada,1639,Estados Unidos,2553
2021-11-14,NotMilk,981,1770,proteina de arveja,0,0.561,35,432940,0,6,11,2021,Canada,1639,Estados Unidos,2553
2021-11-15,NotMilk,725,1770,proteina de arveja,0,0.496,38,431959,0,0,11,2021,Canada,1639,Estados Unidos,2553
2021-11-16,NotMilk,706,1770,proteina de arveja,0,0.432,41,431234,0,1,11,2021,Canada,1639,Estados Unidos,2553
2021-11-17,NotMilk,757,1770,proteina de arveja,0,0.555,39,430528,0,2,11,2021,Canada,1639,Estados Unidos,2553
2021-11-18,NotMilk,985,1770,proteina de arveja,0,0.527,38,429771,0,3,11,2021,Canada,1639,Estados Unidos,2553
2021-11-19,NotMilk,1084,1770,proteina de arveja,0,0.515,37,428786,0,4,11,2021,Canada,1639,Estados Unidos,2553
2021-11-20,NotMilk,1042,1770,proteina de arveja,0,0.522,40,427702,0,5,11,2021,Canada,1639,Estados Unidos,2553
2021-11-21,NotMilk,1366,1770,proteina de arveja,1,0.603,38,426660,0,6,11,2021,Canada,1639,Estados Unidos,2553
2021-11-22,NotMilk,729,1770,proteina de arveja,0,0.59,43,425294,0,0,11,2021,Canada,1639,Estados Unidos,2553
2021-11-23,NotMilk,868,1770,proteina de arveja,0,0.444,41,424565,0,1,11,2021,Canada,1639,Estados Unidos,2553
2021-11-24,NotMilk,929,1770,proteina de arveja,0,0.556,39,423697,0,2,11,2021,Canada,1639,Estados Unidos,2553
2021-11-25,NotMilk,1003,1770,proteina de arveja,0,0.491,38,422768,0,3,11,2021,Canada,1639,Estados Unidos,2553
2021-11-26,NotMilk,1186,1770,proteina de arveja,0,0.493,40,421765,0,4,11,2021,Canada,1639,Estados Unidos,2553
2021-11-27,NotMilk,896,1770,proteina de arveja,0,0.38,39,420579,0,5,11,2021,Canada,1639,Estados Unidos,2553
2021-11-28,NotMilk,898,1770,proteina de arveja,0,0.453,36,419683,0,6,11,2021,Canada,1639,Estados Unidos,2553
2021-11-29,NotMilk,778,1770,proteina de arveja,0,0.417,36,418785,0,0,11,2021,Canada,1639,Estados Unidos,2553
2021-11-30,NotMilk,831,1770,proteina de arveja,0,0.495,35,418007,0,1,11,2021,Canada,1639,Estados Unidos,2553
2021-12-01,NotMilk,778,1770,proteina de arveja,0,0.503,39,417176,0,2,12,2021,Canada,1639,Estados Unidos,2553
2021-12-02,NotMilk,1031,1770,proteina de arveja,0,0.341,37,416398,0,3,12,2021,Canada,1639,Estados Unidos,2553
2021-12-03,NotMilk,1181,1770,proteina de arveja,0,0.439,35,415367,0,4,12,2021,Canada,1639,Estados Unidos,2553
2021-12-04,NotMilk,1118,1770,proteina de arveja,0,0.492,37,414186,0,5,12,2021,Canada,1639,Estados Unidos,2553
2021-12-05,NotMilk,983,1770,proteina de arveja,0,0.422,34,413068,0,6,12,2021,Canada,1639,Estados Unidos,2553
2021-12-06,NotMilk,780,1770,proteina de arveja,0,0.462,36,412085,0,0,12,2021,Canada,1639,Estados Unidos,2553
2021-12-07,NotMilk,751,1770,proteina de arveja,0,0.439,38,411305,0,1,12,2021,Canada,1639,Estados Unidos,2553
2021-12-08,NotMilk,958,1770,proteina de arveja,0,0.433,36,410554,0,2,12,2021,Canada,1639,Estados Unidos,2553
2021-12-09,NotMilk,1059,1770,proteina de arveja,0,0.397,36,409596,0,3,12,2021,Canada,1639,Estados Unidos,2553
2021-12-10,NotMilk,1088,1770,proteina de arveja,0,0.345,33,408537,0,4,12,2021,Canada,1639,Estados Unidos,2553
2021-12-11,NotMilk,1049,1770,proteina de arveja,0,0.344,37,407449,0,5,12,2021,Canada,1639,Estados Unidos,2553
2021-12-12,NotMilk,825,1770,proteina de arveja,0,0.43,37,406400,0,6,12,2021,Canada,1639,Estados Unidos,2553
2021-12-13,NotMilk,794,1770,proteina de arveja,0,0.39,35,405575,0,0,12,2021,Canada,1639,Estados Unidos,2553
2021-12-14,NotMilk,951,1770,proteina de arveja,0,0.376,36,404781,0,1,12,2021,Canada,1639,Estados Unidos,2553
2021-12-15,NotMilk,800,1770,proteina de arveja,0,0.357,37,403830,0,2,12,2021,Canada,1639,Estados Unidos,2553
2021-12-16,NotMilk,1036,1770,proteina de arveja,0,0.357,35,403030,0,3,12,2021,Canada,1639,Estados Unidos,2553
2021-12-17,NotMilk,1207,1770,proteina de arveja,0,0.418,34,401994,0,4,12,2021,Canada,1639,Estados Unidos,2553
2021-12-18,NotMilk,999,1770,proteina de arveja,0,0.343,40,400787,0,5,12,2021,Canada,1639,Estados Unidos,2553
2021-12-19,NotMilk,1023,1770,proteina de arveja,0,0.287,34,399788,0,6,12,2021,Canada,1639,Estados Unidos,2553
2021-12-20,NotMilk,955,1770,proteina de arveja,0,0.386,36,398765,0,0,12,2021,Canada,1639,Estados Unidos,2553
2021-12-21,NotMilk,845,1770,proteina de arveja,0,0.332,38,397810,0,1,12,2021,Canada,1639,Estados Unidos,2553
2021-12-22,NotMilk,1121,1770,proteina de arveja,0,0.338,43,396965,0,2,12,2021,Canada,1639,Estados Unidos,2553
2021-12-23,NotMilk,904,1770,proteina de arveja,0,0.411,34,395844,0,3,12,2021,Canada,1639,Estados Unidos,2553
2021-12-24,NotMilk,1239,1770,proteina de arveja,0,0.323,37,394940,0,4,12,2021,Canada,1639,Estados Unidos,2553
2021-12-25,NotMilk,1411,1770,proteina de arveja,1,0.333,35,393701,0,5,12,2021,Canada,1639,Estados Unidos,2553
2021-12-26,NotMilk,1093,1770,proteina de arveja,0,0.253,34,392290,0,6,12,2021,Canada,1639,Estados Unidos,2553
2021-12-27,NotMilk,939,1770,proteina de arveja,0,0.295,34,391197,0,0,12,2021,Canada,1639,Estados Unidos,2553
2021-12-28,NotMilk,812,1770,proteina de arveja,0,0.331,34,390258,0,1,12,2021,Canada,1639,Estados Unidos,2553
2021-12-29,NotMilk,948,1770,proteina de arveja,0,0.217,35,389446,0,2,12,2021,Canada,1639,Estados Unidos,2553
2021-12-30,NotMilk,907,1770,proteina de arveja,0,0.299,33,388498,0,3,12,2021,Canada,1639,Estados Unidos,2553
2021-12-31,NotMilk,1629,1770,proteina de arveja,1,0.288,37,387591,0,4,12,2021,Canada,1639,Estados Unidos,2553
2022-01-01,NotMilk,1186,1933,proteina de arveja,0,0.279,35,385962,0,5,1,2022,Canada,1639,Estados Unidos,2553
2022-01-02,NotMilk,1526,1933,proteina de arveja,1,0.323,37,384776,0,6,1,2022,Canada,1639,Estados Unidos,2553
2022-01-03,NotMilk,1004,1933,proteina de arveja,0,0.282,34,383250,0,0,1,2022,Canada,1639,Estados Unidos,2553
2022-01-04,NotMilk,905,1933,proteina de arveja,0,0.334,35,382246,0,1,1,2022,Canada,1639,Estados Unidos,2553
2022-01-05,NotMilk,961,1933,proteina de arveja,0,0.205,35,381341,0,2,1,2022,Canada,1639,Estados Unidos,2553
2022-01-06,NotMilk,1009,1933,proteina de arveja,0,0.256,33,380380,0,3,1,2022,Canada,1639,Estados Unidos,2553
2022-01-07,NotMilk,1120,1933,proteina de arveja,0,0.248,34,379371,0,4,1,2022,Canada,1639,Estados Unidos,2553
2022-01-08,NotMilk,1292,1933,proteina de arveja,0,0.185,32,378251,0,5,1,2022,Canada,1639,Estados Unidos,2553
2022-01-09,NotMilk,1193,1933,proteina de arveja,0,0.281,34,376959,0,6,1,2022,Canada,1639,Estados Unidos,2553
2022-01-10,NotMilk,924,1933,proteina de arveja,0,0.344,32,375766,0,0,1,2022,Canada,1639,Estados Unidos,2553
2022-01-11,NotMilk,898,1933,proteina de arveja,0,0.222,37,374842,0,1,1,2022,Canada,1639,Estados Unidos,2553
2022-01-12,NotMilk,896,1933,proteina de arveja,0,0.243,34,373944,0,2,1,2022,Canada,1639,Estados Unidos,2553
2022-01-13,NotMilk,1208,1933,proteina de arveja,0,0.218,37,373048,0,3,1,2022,Canada,1639,Estados Unidos,2553
2022-01-14,NotMilk,1272,1933,proteina de arveja,0,0.173,36,371840,0,4,1,2022,Canada,1639,Estados Unidos,2553
2022-01-15,NotMilk,1386,1933,proteina de arveja,0,0.113,31,370568,0,5,1,2022,Canada,1639,Estados Unidos,2553
2022-01-16,NotMilk,1011,1933,proteina de arveja,0,0.165,32,369182,0,6,1,2022,Canada,1639,Estados Unidos,2553
2022-01-17,NotMilk,928,1933,proteina de arveja,0,0.126,39,368171,0,0,1,2022,Canada,1639,Estados Unidos,2553
2022-01-18,NotMilk,926,1933,proteina de arveja,0,0.277,39,367243,0,1,1,2022,Canada,1639,Estados Unidos,2553
2022-01-19,NotMilk,1032,1933,proteina de arveja,0,0.182,34,366317,0,2,1,2022,Canada,1639,Estados Unidos,2553
2022-01-20,NotMilk,1102,1933,proteina de arveja,0,0.167,35,365285,0,3,1,2022,Canada,1639,Estados Unidos,2553
2022-01-21,NotMilk,1140,1933,proteina de arveja,0,0.225,33,364183,0,4,1,2022,Canada,1639,Estados Unidos,2553
2022-01-22,NotMilk,1303,1933,proteina de arveja,0,0.122,34,363043,0,5,1,2022,Canada,1639,Estados Unidos,2553
2022-01-23,NotMilk,1167,1933,proteina de arveja,0,0.136,32,361740,0,6,1,2022,Canada,1639,Estados Unidos,2553
2022-01-24,NotMilk,900,1933,proteina de arveja,0,0.175,30,360573,0,0,1,2022,Canada,1639,Estados Unidos,2553
2022-01-25,NotMilk,1021,1933,proteina de arveja,0,0.22,32,359673,0,1,1,2022,Canada,1639,Estados Unidos,2553
2022-01-26,NotMilk,1371,1933,proteina de arveja,1,0.191,34,358652,0,2,1,2022,Canada,1639,Estados Unidos,2553
2022-01-27,NotMilk,1148,1933,proteina de arveja,0,0.176,32,357281,0,3,1,2022,Canada,1639,Estados Unidos,2553
2022-01-28,NotMilk,1249,1933,proteina de arveja,0,0.165,34,356133,0,4,1,2022,Canada,1639,Estados Unidos,2553
2022-01-29,NotMilk,1287,1933,proteina de arveja,0,0.179,32,354884,0,5,1,2022,Canada,1639,Estados Unidos,2553
2022-01-30,NotMilk,1039,1933,proteina de arveja,0,0.168,32,353597,0,6,1,2022,Canada,1639,Estados Unidos,2553
2022-01-31,NotMilk,1320,1933,proteina de arveja,1,0.104,35,352558,0,0,1,2022,Canada,1639,Estados Unidos,2553
2022-02-01,NotMilk,771,1933,proteina de arveja,0,0.157,34,351238,0,1,2,2022,Canada,1639,Estados Unidos,2553
2022-02-02,NotMilk,1076,1933,proteina de arveja,0,0.099,33,350467,0,2,2,2022,Canada,1639,Estados Unidos,2553
2022-02-03,NotMilk,1005,1933,proteina de arveja,0,0.156,36,349391,0,3,2,2022,Canada,1639,Estados Unidos,2553
2022-02-04,NotMilk,1405,1933,proteina de arveja,0,0.127,34,348386,0,4,2,2022,Canada,1639,Estados Unidos,2553
2022-02-05,NotMilk,1212,1933,proteina de arveja,0,0.278,38,346981,0,5,2,2022,Canada,1639,Estados Unidos,2553
2022-02-06,NotMilk,1108,1933,proteina de arveja,0,0.148,33,345769,0,6,2,2022,Canada,1639,Estados Unidos,2553
2022-02-07,NotMilk,942,1933,proteina de arveja,0,0.08,32,344661,0,0,2,2022,Canada,1639,Estados Unidos,2553
2022-02-08,NotMilk,919,1933,proteina de arveja,0,0.143,31,343719,0,1,2,2022,Canada,1639,Estados Unidos,2553
2022-02-09,NotMilk,1129,1933,proteina de arveja,0,0.176,33,342800,0,2,2,2022,Canada,1639,Estados Unidos,2553
2022-02-10,NotMilk,927,1933,proteina de arveja,0,0.234,37,341671,0,3,2,2022,Canada,1639,Estados Unidos,2553
2022-02-11,NotMilk,1394,1933,proteina de arveja,0,0.122,36,340744,0,4,2,2022,Canada,1639,Estados Unidos,2553
2022-02-12,NotMilk,1288,1933,proteina de arveja,0,0.073,35,339350,0,5,2,2022,Canada,1639,Estados Unidos,2553
2022-02-13,NotMilk,1026,1933,proteina de arveja,0,0.194,31,338062,0,6,2,2022,Canada,1639,Estados Unidos,2553
2022-02-14,NotMilk,913,1933,proteina de arveja,0,0.085,35,337036,0,0,2,2022,Canada,1639,Estados Unidos,2553
2022-02-15,NotMilk,1074,1933,proteina de arveja,0,0.134,30,336123,0,1,2,2022,Canada,1639,Estados Unidos,2553
2022-02-16,NotMilk,1300,1933,proteina de arveja,1,0.144,36,335049,0,2,2,2022,Canada,1639,Estados Unidos,2553
2022-02-17,NotMilk,1308,1933,proteina de arveja,1,0.156,33,333749,0,3,2,2022,Canada,1639,Estados Unidos,2553
2022-02-18,NotMilk,1387,1933,proteina de arveja,0,0.196,36,332441,0,4,2,2022,Canada,1639,Estados Unidos,2553
2022-02-19,NotMilk,1295,1933,proteina de arveja,0,0.129,31,331054,0,5,2,2022,Canada,1639,Estados Unidos,2553
2022-02-20,NotMilk,1056,1933,proteina de arveja,0,0.152,36,329759,0,6,2,2022,Canada,1639,Estados Unidos,2553
2022-02-21,NotMilk,1020,1933,proteina de arveja,0,0.168,31,328703,0,0,2,2022,Canada,1639,Estados Unidos,2553
2022-02-22,NotMilk,873,1933,proteina de arveja,0,0.179,33,327683,0,1,2,2022,Canada,1639,Estados Unidos,2553
2022-02-23,NotMilk,1115,1933,proteina de arveja,0,0.179,32,326810,0,2,2,2022,Canada,1639,Estados Unidos,2553
2022-02-24,NotMilk,1268,1933,proteina de arveja,0,0.199,31,325695,0,3,2,2022,Canada,1639,Estados Unidos,2553
2022-02-25,NotMilk,1330,1933,proteina de arveja,0,0.223,35,324427,0,4,2,2022,Canada,1639,Estados Unidos,2553
2022-02-26,NotMilk,1301,1933,proteina de arveja,0,0.204,38,323097,0,5,2,2022,Canada,1639,Estados Unidos,2553
2022-02-27,NotMilk,1306,1933,proteina de arveja,0,0.21,40,321796,0,6,2,2022,Canada,1639,Estados Unidos,2553
2022-02-28,NotMilk,1005,1933,proteina de arveja,0,0.112,34,320490,0,0,2,2022,Canada,1639,Estados Unidos,2553
2022-03-01,NotMilk,863,1933,proteina de arveja,0,0.198,37,319485,0,1,3,2022,Canada,1639,Estados Unidos,2553
2022-03-02,NotMilk,1063,1933,proteina de arveja,0,0.224,35,318622,0,2,3,2022,Canada,1639,Estados Unidos,2553
2022-03-03,NotMilk,1366,1933,proteina de arveja,0,0.24,36,317559,0,3,3,2022,Canada,1639,Estados Unidos,2553
2022-03-04,NotMilk,1173,1933,proteina de arveja,0,0.174,33,316193,0,4,3,2022,Canada,1639,Estados Unidos,2553
2022-03-05,NotMilk,1229,1933,proteina de arveja,0,0.18,35,315020,0,5,3,2022,Canada,1639,Estados Unidos,2553
2022-03-06,NotMilk,1183,1933,proteina de arveja,0,0.189,35,313791,0,6,3,2022,Canada,1639,Estados Unidos,2553
2022-03-07,NotMilk,1001,1933,proteina de arveja,0,0.249,34,312608,0,0,3,2022,Canada,1639,Estados Unidos,2553
2022-03-08,NotMilk,877,1933,proteina de arveja,0,0.279,35,311607,0,1,3,2022,Canada,1639,Estados Unidos,2553
2022-03-09,NotMilk,1117,1933,proteina de arveja,0,0.212,34,310730,0,2,3,2022,Canada,1639,Estados Unidos,2553
2022-03-10,NotMilk,1386,1933,proteina de arveja,0,0.283,37,309613,0,3,3,2022,Canada,1639,Estados Unidos,2553
2022-03-11,NotMilk,1295,1933,proteina de arveja,0,0.249,33,308227,0,4,3,2022,Canada,1639,Estados Unidos,2553
2022-03-12,NotMilk,1172,1933,proteina de arveja,0,0.242,35,306932,0,5,3,2022,Canada,1639,Estados Unidos,2553
2022-03-13,NotMilk,1000,1933,proteina de arveja,0,0.243,39,305760,0,6,3,2022,Canada,1639,Estados Unidos,2553
2022-03-14,NotMilk,1023,1933,proteina de arveja,0,0.297,38,304760,0,0,3,2022,Canada,1639,Estados Unidos,2553
2022-03-15,NotMilk,1033,1933,proteina de arveja,0,0.281,38,303737,0,1,3,2022,Canada,1639,Estados Unidos,2553
2022-03-16,NotMilk,1061,1933,proteina de arveja,0,0.384,37,302704,0,2,3,2022,Canada,1639,Estados Unidos,2553
2022-03-17,NotMilk,1164,1933,proteina de arveja,0,0.234,35,301643,0,3,3,2022,Canada,1639,Estados Unidos,2553
2022-03-18,NotMilk,1595,1933,proteina de arveja,1,0.308,38,300479,0,4,3,2022,Canada,1639,Estados Unidos,2553
2022-03-19,NotMilk,1148,1933,proteina de arveja,0,0.261,38,298884,0,5,3,2022,Canada,1639,Estados Unidos,2553
2022-03-20,NotMilk,1213,1933,proteina de arveja,0,0.25,31,297736,0,6,3,2022,Canada,1639,Estados Unidos,2553
2022-03-21,NotMilk,1071,1933,proteina de arveja,0,0.299,33,296523,0,0,3,2022,Canada,1639,Estados Unidos,2553
2022-03-22,NotMilk,1010,1933,proteina de arveja,1,0.313,38,295452,0,1,3,2022,Canada,1639,Estados Unidos,2553
2022-03-23,NotMilk,1462,1933,proteina de arveja,1,0.458,37,294442,0,2,3,2022,Canada,1639,Estados Unidos,2553
2022-03-24,NotMilk,1211,1933,proteina de arveja,0,0.309,34,292980,0,3,3,2022,Canada,1639,Estados Unidos,2553
2022-03-25,NotMilk,1403,1933,proteina de arveja,0,0.267,33,291769,0,4,3,2022,Canada,1639,Estados Unidos,2553
2022-03-26,NotMilk,1115,1933,proteina de arveja,0,0.343,35,290366,0,5,3,2022,Canada,1639,Estados Unidos,2553
2022-03-27,NotMilk,1005,1933,proteina de arveja,0,0.232,32,289251,0,6,3,2022,Canada,1639,Estados Unidos,2553
2022-03-28,NotMilk,979,1933,proteina de arveja,0,0.337,40,288246,0,0,3,2022,Canada,1639,Estados Unidos,2553
2022-03-29,NotMilk,975,1933,proteina de arveja,0,0.349,36,287267,0,1,3,2022,Canada,1639,Estados Unidos,2553
2022-03-30,NotMilk,1153,1933,proteina de arveja,0,0.393,37,286292,0,2,3,2022,Canada,1639,Estados Unidos,2553
2022-03-31,NotMilk,1213,1933,proteina de arveja,0,0.408,38,285139,0,3,3,2022,Canada,1639,Estados Unidos,2553
2022-04-01,NotMilk,1227,1933,proteina de arveja,0,0.34,38,283926,0,4,4,2022,Canada,1639,Estados Unidos,2553
2022-04-02,NotMilk,1136,1933,proteina de arveja,0,0.364,38,282699,0,5,4,2022,Canada,1639,Estados Unidos,2553
2022-04-03,NotMilk,1228,1933,proteina de arveja,0,0.339,38,281563,0,6,4,2022,Canada,1639,Estados Unidos,2553
2022-04-04,NotMilk,905,1933,proteina de arveja,0,0.326,35,280335,0,0,4,2022,Canada,1639,Estados Unidos,2553
2022-04-05,NotMilk,1049,1933,proteina de arveja,0,0.404,36,279430,0,1,4,2022,Canada,1639,Estados Unidos,2553
2022-04-06,NotMilk,975,1933,proteina de arveja,0,0.33,38,278381,0,2,4,2022,Canada,1639,Estados Unidos,2553
2022-04-07,NotMilk,1281,1933,proteina de arveja,0,0.379,35,277406,0,3,4,2022,Canada,1639,Estados Unidos,2553
2022-04-08,NotMilk,1305,1933,proteina de arveja,0,0.355,36,276125,0,4,4,2022,Canada,1639,Estados Unidos,2553
2022-04-09,NotMilk,1211,1933,proteina de arveja,0,0.438,38,274820,0,5,4,2022,Canada,1639,Estados Unidos,2553
2022-04-10,NotMilk,1313,1933,proteina de arveja,1,0.506,40,273609,0,6,4,2022,Canada,1639,Estados Unidos,2553
2022-04-11,NotMilk,943,1933,proteina de arveja,0,0.356,33,272296,0,0,4,2022,Canada,1639,Estados Unidos,2553
2022-04-12,NotMilk,948,1933,proteina de arveja,0,0.333,37,271353,0,1,4,2022,Canada,1639,Estados Unidos,2553
2022-04-13,NotMilk,992,1933,proteina de arveja,0,0.424,37,270405,0,2,4,2022,Canada,1639,Estados Unidos,2553
2022-04-14,NotMilk,1069,1933,proteina de arveja,0,0.436,39,269413,0,3,4,2022,Canada,1639,Estados Unidos,2553
2022-04-15,NotMilk,1448,1933,proteina de arveja,1,0.451,39,268344,0,4,4,2022,Canada,1639,Estados Unidos,2553
2022-04-16,NotMilk,1216,1933,proteina de arveja,0,0.422,40,266896,0,5,4,2022,Canada,1639,Estados Unidos,2553
2022-04-17,NotMilk,1126,1933,proteina de arveja,1,0.439,40,265680,0,6,4,2022,Canada,1639,Estados Unidos,2553
2022-04-18,NotMilk,991,1933,proteina de arveja,0,0.471,40,264554,0,0,4,2022,Canada,1639,Estados Unidos,2553
2022-04-19,NotMilk,833,1933,proteina de arveja,0,0.509,41,263563,0,1,4,2022,Canada,1639,Estados Unidos,2553
2022-04-20,NotMilk,882,1933,proteina de arveja,0,0.363,37,262730,0,2,4,2022,Canada,1639,Estados Unidos,2553
2022-04-21,NotMilk,1301,1933,proteina de arveja,1,0.446,37,261848,0,3,4,2022,Canada,1639,Estados Unidos,2553
2022-04-22,NotMilk,1031,1933,proteina de arveja,0,0.479,39,260547,0,4,4,2022,Canada,1639,Estados Unidos,2553
2022-04-23,NotMilk,1061,1933,proteina de arveja,0,0.425,39,259516,0,5,4,2022,Canada,1639,Estados Unidos,2553
2022-04-24,NotMilk,1275,1933,proteina de arveja,1,0.561,38,258455,0,6,4,2022,Canada,1639,Estados Unidos,2553
2022-04-25,NotMilk,1088,1933,proteina de arveja,0,0.446,38,257180,0,0,4,2022,Canada,1639,Estados Unidos,2553
2022-04-26,NotMilk,852,1933,proteina de arveja,0,0.478,38,256092,0,1,4,2022,Canada,1639,Estados Unidos,2553
2022-04-27,NotMilk,969,1933,proteina de arveja,0,0.511,36,255240,0,2,4,2022,Canada,1639,Estados Unidos,2553
2022-04-28,NotMilk,1122,1933,proteina de arveja,0,0.456,40,254271,0,3,4,2022,Canada,1639,Estados Unidos,2553
2022-04-29,NotMilk,1196,1933,proteina de arveja,0,0.396,37,253149,0,4,4,2022,Canada,1639,Estados Unidos,2553
2022-04-30,NotMilk,1163,1933,proteina de arveja,0,0.469,42,251953,0,5,4,2022,Canada,1639,Estados Unidos,2553
2022-05-01,NotMilk,955,1933,proteina de arveja,0,0.543,35,250790,0,6,5,2022,Canada,1639,Estados Unidos,2553
2022-05-02,NotMilk,1032,1933,proteina de arveja,0,0.477,37,249835,0,0,5,2022,Canada,1639,Estados Unidos,2553
2022-05-03,NotMilk,1000,1933,proteina de arveja,0,0.453,37,248803,0,1,5,2022,Canada,1639,Estados Unidos,2553
2022-05-04,NotMilk,1089,1933,proteina de arveja,1,0.543,41,247803,0,2,5,2022,Canada,1639,Estados Unidos,2553
2022-05-05,NotMilk,980,1933,proteina de arveja,0,0.481,39,246714,0,3,5,2022,Canada,1639,Estados Unidos,2553
2022-05-06,NotMilk,1136,1933,proteina de arveja,0,0.473,38,245734,0,4,5,2022,Canada,1639,Estados Unidos,2553
2022-05-07,NotMilk,1060,1933,proteina de arveja,0,0.507,36,244598,0,5,5,2022,Canada,1639,Estados Unidos,2553
2022-05-08,NotMilk,1078,1933,proteina de arveja,0,0.538,36,243538,0,6,5,2022,Canada,1639,Estados Unidos,2553
2022-05-09,NotMilk,855,1933,proteina de arveja,0,0.619,40,242460,0,0,5,2022,Canada,1639,Estados Unidos,2553
2022-05-10,NotMilk,1006,1933,proteina de arveja,0,0.541,36,241605,0,1,5,2022,Canada,1639,Estados Unidos,2553
2022-05-11,NotMilk,1008,1933,proteina de arveja,0,0.558,38,240599,0,2,5,2022,Canada,1639,Estados Unidos,2553
2022-05-12,NotMilk,1065,1933,proteina de arveja,0,0.474,39,239591,0,3,5,2022,Canada,1639,Estados Unidos,2553
2022-05-13,NotMilk,1233,1933,proteina de arveja,0,0.448,35,238526,0,4,5,2022,Canada,1639,Estados Unidos,2553
2022-05-14,NotMilk,1546,1933,proteina de arveja,1,0.501,41,237293,0,5,5,2022,Canada,1639,Estados Unidos,2553
2022-05-15,NotMilk,1323,1933,proteina de arveja,1,0.503,40,235747,0,6,5,2022,Canada,1639,Estados Unidos,2553
2022-05-16,NotMilk,831,1933,proteina de arveja,0,0.442,34,234424,0,0,5,2022,Canada,1639,Estados Unidos,2553
2022-05-17,NotMilk,845,1933,proteina de arveja,0,0.486,36,233593,0,1,5,2022,Canada,1639,Estados Unidos,2553
2022-05-18,NotMilk,964,1933,proteina de arveja,0,0.513,34,232748,0,2,5,2022,Canada,1639,Estados Unidos,2553
2022-05-19,NotMilk,1037,1933,proteina de arveja,0,0.509,37,231784,0,3,5,2022,Canada,1639,Estados Unidos,2553
2022-05-20,NotMilk,975,1933,proteina de arveja,0,0.515,40,230747,0,4,5,2022,Canada,1639,Estados Unidos,2553
2022-05-21,NotMilk,1031,1933,proteina de arveja,0,0.502,37,229772,0,5,5,2022,Canada,1639,Estados Unidos,2553
2022-05-22,NotMilk,988,1933,proteina de arveja,0,0.46,38,228741,0,6,5,2022,Canada,1639,Estados Unidos,2553
2022-05-23,NotMilk,865,1933,proteina de arveja,0,0.457,34,227753,0,0,5,2022,Canada,1639,Estados Unidos,2553
2022-05-24,NotMilk,1273,1933,proteina de arveja,1,0.42,39,226888,0,1,5,2022,Canada,1639,Estados Unidos,2553
2022-05-25,NotMilk,785,1933,proteina de arveja,0,0.566,38,225615,0,2,5,2022,Canada,1639,Estados Unidos,2553
2022-05-26,NotMilk,1044,1933,proteina de arveja,0,0.474,38,224830,0,3,5,2022,Canada,1639,Estados Unidos,2553
2022-05-27,NotMilk,1221,1933,proteina de arveja,0,0.459,37,223786,0,4,5,2022,Canada,1639,Estados Unidos,2553
2022-05-28,NotMilk,1623,1933,proteina de arveja,1,0.421,35,222565,0,5,5,2022,Canada,1639,Estados Unidos,2553
2022-05-29,NotMilk,940,1933,proteina de arveja,0,0.61,37,220942,0,6,5,2022,Canada,1639,Estados Unidos,2553
2022-05-30,NotMilk,884,1933,proteina de arveja,0,0.406,39,220002,0,0,5,2022,Canada,1639,Estados Unidos,2553
2022-05-31,NotMilk,840,1933,proteina de arveja,0,0.434,38,219118,0,1,5,2022,Canada,1639,Estados Unidos,2553
2022-06-01,NotMilk,876,1933,proteina de arveja,0,0.472,40,218278,0,2,6,2022,Canada,1639,Estados Unidos,2553
2022-06-02,NotMilk,973,1933,proteina de arveja,0,0.477,38,217402,0,3,6,2022,Canada,1639,Estados Unidos,2553
2022-06-03,NotMilk,1403,1933,proteina de arveja,1,0.491,38,216429,0,4,6,2022,Canada,1639,Estados Unidos,2553
2022-06-04,NotMilk,840,1933,proteina de arveja,0,0.529,35,215026,0,5,6,2022,Canada,1639,Estados Unidos,2553
2022-06-05,NotMilk,1002,1933,proteina de arveja,0,0.459,37,214186,0,6,6,2022,Canada,1639,Estados Unidos,2553
2022-06-06,NotMilk,840,1933,proteina de arveja,0,0.376,36,213184,0,0,6,2022,Canada,1639,Estados Unidos,2553
2022-06-07,NotMilk,982,1933,proteina de arveja,1,0.411,41,212344,0,1,6,2022,Canada,1639,Estados Unidos,2553
2022-06-08,NotMilk,981,1933,proteina de arveja,0,0.435,39,211362,0,2,6,2022,Canada,1639,Estados Unidos,2553
2022-06-09,NotMilk,907,1933,proteina de arveja,0,0.517,41,210381,0,3,6,2022,Canada,1639,Estados Unidos,2553
2022-06-10,NotMilk,1009,1933,proteina de arveja,0,0.339,37,209474,0,4,6,2022,Canada,1639,Estados Unidos,2553
2022-06-11,NotMilk,1194,1933,proteina de arveja,0,0.464,36,208465,0,5,6,2022,Canada,1639,Estados Unidos,2553
2022-06-12,NotMilk,866,1933,proteina de arveja,0,0.407,37,207271,0,6,6,2022,Canada,1639,Estados Unidos,2553
2022-06-13,NotMilk,777,1933,proteina de arveja,0,0.434,38,206405,0,0,6,2022,Canada,1639,Estados Unidos,2553
2022-06-14,NotMilk,758,1933,proteina de arveja,0,0.382,35,205628,0,1,6,2022,Canada,1639,Estados Unidos,2553
2022-06-15,NotMilk,879,1933,proteina de arveja,0,0.339,35,204870,0,2,6,2022,Canada,1639,Estados Unidos,2553
2022-06-16,NotMilk,1314,1933,proteina de arveja,1,0.413,37,203991,0,3,6,2022,Canada,1639,Estados Unidos,2553
2022-06-17,NotMilk,1108,1933,proteina de arveja,1,0.402,40,202677,0,4,6,2022,Canada,1639,Estados Unidos,2553
2022-06-18,NotMilk,963,1933,proteina de arveja,0,0.413,33,201569,0,5,6,2022,Canada,1639,Estados Unidos,2553
2022-06-19,NotMilk,863,1933,proteina de arveja,0,0.357,39,200606,0,6,6,2022,Canada,1639,Estados Unidos,2553
2022-06-20,NotMilk,949,1933,proteina de arveja,1,0.322,34,199743,0,0,6,2022,Canada,1639,Estados Unidos,2553
2022-06-21,NotMilk,776,1933,proteina de arveja,0,0.268,32,198794,0,1,6,2022,Canada,1639,Estados Unidos,2553
2022-06-22,NotMilk,832,1933,proteina de arveja,0,0.381,39,198018,0,2,6,2022,Canada,1639,Estados Unidos,2553
2022-06-23,NotMilk,785,1933,proteina de arveja,0,0.355,38,197186,0,3,6,2022,Canada,1639,Estados Unidos,2553
2022-06-24,NotMilk,1080,1933,proteina de arveja,0,0.28,38,196401,0,4,6,2022,Canada,1639,Estados Unidos,2553
2022-06-25,NotMilk,1213,1933,proteina de arveja,1,0.295,37,195321,0,5,6,2022,Canada,1639,Estados Unidos,2553
2022-06-26,NotMilk,985,1933,proteina de arveja,0,0.293,40,194108,0,6,6,2022,Canada,1639,Estados Unidos,2553
2022-06-27,NotMilk,804,1933,proteina de arveja,0,0.236,36,193123,0,0,6,2022,Canada,1639,Estados Unidos,2553
2022-06-28,NotMilk,798,1933,proteina de arveja,0,0.263,35,192319,0,1,6,2022,Canada,1639,Estados Unidos,2553
2022-06-29,NotMilk,817,1933,proteina de arveja,0,0.241,36,191521,0,2,6,2022,Canada,1639,Estados Unidos,2553
2022-06-30,NotMilk,992,1933,proteina de arveja,0,0.272,38,190704,0,3,6,2022,Canada,1639,Estados Unidos,2553
2022-07-01,NotMilk,1015,1933,proteina de arveja,0,0.249,33,189712,0,4,7,2022,Canada,1639,Estados Unidos,2553
2022-07-02,NotMilk,955,1933,proteina de arveja,0,0.199,33,188697,0,5,7,2022,Canada,1639,Estados Unidos,2553
2022-07-03,NotMilk,1026,1933,proteina de arveja,0,0.376,36,187742,0,6,7,2022,Canada,1639,Estados Unidos,2553
2022-07-04,NotMilk,814,1933,proteina de arveja,0,0.332,32,186716,0,0,7,2022,Canada,1639,Estados Unidos,2553
2022-07-05,NotMilk,751,1933,proteina de arveja,0,0.224,35,185902,0,1,7,2022,Canada,1639,Estados Unidos,2553
2022-07-06,NotMilk,692,1933,proteina de arveja,0,0.271,31,185151,0,2,7,2022,Canada,1639,Estados Unidos,2553
2022-07-07,NotMilk,787,1933,proteina de arveja,0,0.273,35,184459,0,3,7,2022,Canada,1639,Estados Unidos,2553
2022-07-08,NotMilk,977,1933,proteina de arveja,0,0.306,37,183672,0,4,7,2022,Canada,1639,Estados Unidos,2553
2022-07-09,NotMilk,954,1933,proteina de arveja,0,0.2,33,182695,0,5,7,2022,Canada,1639,Estados Unidos,2553
2022-07-10,NotMilk,809,1933,proteina de arveja,0,0.291,39,181741,0,6,7,2022,Canada,1639,Estados Unidos,2553
2022-07-11,NotMilk,754,1933,proteina de arveja,0,0.204,32,180932,0,0,7,2022,Canada,1639,Estados Unidos,2553
2022-07-12,NotMilk,794,1933,proteina de arveja,0,0.159,36,180178,0,1,7,2022,Canada,1639,Estados Unidos,2553
2022-07-13,NotMilk,798,1933,proteina de arveja,0,0.257,36,179384,0,2,7,2022,Canada,1639,Estados Unidos,2553
2022-07-14,NotMilk,782,1933,proteina de arveja,0,0.281,32,178586,0,3,7,2022,Canada,1639,Estados Unidos,2553
2022-07-15,NotMilk,928,1933,proteina de arveja,0,0.341,42,177804,0,4,7,2022,Canada,1639,Estados Unidos,2553
2022-07-16,NotMilk,866,1933,proteina de arveja,0,0.147,34,176876,0,5,7,2022,Canada,1639,Estados Unidos,2553
2022-07-17,NotMilk,809,1933,proteina de arveja,0,0.238,33,176010,0,6,7,2022,Canada,1639,Estados Unidos,2553
2022-07-18,NotMilk,708,1933,proteina de arveja,0,0.178,31,175201,0,0,7,2022,Canada,1639,Estados Unidos,2553
2022-07-19,NotMilk,665,1933,proteina de arveja,0,0.234,34,174493,0,1,7,2022,Canada,1639,Estados Unidos,2553
2022-07-20,NotMilk,669,1933,proteina de arveja,0,0.117,33,173828,0,2,7,2022,Canada,1639,Estados Unidos,2553
2022-07-21,NotMilk,837,1933,proteina de arveja,0,0.124,34,173159,0,3,7,2022,Canada,1639,Estados Unidos,2553
2022-07-22,NotMilk,879,1933,proteina de arveja,0,0.144,33,172322,0,4,7,2022,Canada,1639,Estados Unidos,2553
2022-07-23,NotMilk,697,1933,proteina de arveja,0,0.184,35,171443,0,5,7,2022,Canada,1639,Estados Unidos,2553
2022-07-24,NotMilk,957,1933,proteina de arveja,0,0.144,33,170746,0,6,7,2022,Canada,1639,Estados Unidos,2553
2022-07-25,NotMilk,783,1933,proteina de arveja,0,0.206,31,169789,0,0,7,2022,Canada,1639,Estados Unidos,2553
2022-07-26,NotMilk,661,1933,proteina de arveja,0,0.222,34,169006,0,1,7,2022,Canada,1639,Estados Unidos,2553
2022-07-27,NotMilk,733,1933,proteina de arveja,0,0.198,30,168345,0,2,7,2022,Canada,1639,Estados Unidos,2553
2022-07-28,NotMilk,755,1933,proteina de arveja,0,0.246,36,167612,0,3,7,2022,Canada,1639,Estados Unidos,2553
2022-07-29,NotMilk,1031,1933,proteina de arveja,0,0.184,32,166857,0,4,7,2022,Canada,1639,Estados Unidos,2553
2022-07-30,NotMilk,1311,1933,proteina de arveja,1,0.1,34,165826,0,5,7,2022,Canada,1639,Estados Unidos,2553
2022-07-31,NotMilk,821,1933,proteina de arveja,0,0.227,37,164515,0,6,7,2022,Canada,1639,Estados Unidos,2553
2022-08-01,NotMilk,986,1933,proteina de arveja,1,0.127,32,163694,0,0,8,2022,Canada,1639,Estados Unidos,2553
2022-08-02,NotMilk,682,1933,proteina de arveja,0,0.201,37,162708,0,1,8,2022,Canada,1639,Estados Unidos,2553
2022-08-03,NotMilk,646,1933,proteina de arveja,0,0.233,34,162026,0,2,8,2022,Canada,1639,Estados Unidos,2553
2022-08-04,NotMilk,796,1933,proteina de arveja,0,0.176,38,161380,0,3,8,2022,Canada,1639,Estados Unidos,2553
2022-08-05,NotMilk,1154,1933,proteina de arveja,1,0.077,32,160584,0,4,8,2022,Canada,1639,Estados Unidos,2553
2022-08-06,NotMilk,855,1933,proteina de arveja,0,0.105,32,159430,0,5,8,2022,Canada,1639,Estados Unidos,2553
2022-08-07,NotMilk,788,1933,proteina de arveja,0,0.217,36,158575,0,6,8,2022,Canada,1639,Estados Unidos,2553
2022-08-08,NotMilk,698,1933,proteina de arveja,0,0.142,33,157787,0,0,8,2022,Canada,1639,Estados Unidos,2553
2022-08-09,NotMilk,661,1933,proteina de arveja,0,0.154,32,157089,0,1,8,2022,Canada,1639,Estados Unidos,2553
2022-08-10,NotMilk,719,1933,proteina de arveja,0,0.188,33,156428,0,2,8,2022,Canada,1639,Estados Unidos,2553
2022-08-11,NotMilk,747,1933,proteina de arveja,0,0.185,34,155709,0,3,8,2022,Canada,1639,Estados Unidos,2553
2022-08-12,NotMilk,838,1933,proteina de arveja,0,0.165,37,154962,0,4,8,2022,Canada,1639,Estados Unidos,2553
2022-08-13,NotMilk,790,1933,proteina de arveja,0,0.141,30,154124,0,5,8,2022,Canada,1639,Estados Unidos,2553
2022-08-14,NotMilk,858,1933,proteina de arveja,0,0.137,34,153334,0,6,8,2022,Canada,1639,Estados Unidos,2553
2022-08-15,NotMilk,581,1933,proteina de arveja,0,0.196,36,152476,0,0,8,2022,Canada,1639,Estados Unidos,2553
2022-08-16,NotMilk,722,1933,proteina de arveja,0,0.182,35,151895,0,1,8,2022,Canada,1639,Estados Unidos,2553
2022-08-17,NotMilk,791,1933,proteina de arveja,0,0.143,36,151173,0,2,8,2022,Canada,1639,Estados Unidos,2553
2022-08-18,NotMilk,792,1933,proteina de arveja,0,0.212,34,150382,0,3,8,2022,Canada,1639,Estados Unidos,2553
2022-08-19,NotMilk,701,1933,proteina de arveja,0,0.153,33,149590,0,4,8,2022,Canada,1639,Estados Unidos,2553
2022-08-20,NotMilk,851,1933,proteina de arveja,0,0.119,35,148889,0,5,8,2022,Canada,1639,Estados Unidos,2553
2022-08-21,NotMilk,789,1933,proteina de arveja,0,0.126,34,148038,0,6,8,2022,Canada,1639,Estados Unidos,2553
2022-08-22,NotMilk,640,1933,proteina de arveja,0,0.118,33,147249,0,0,8,2022,Canada,1639,Estados Unidos,2553
2022-08-23,NotMilk,632,1933,proteina de arveja,0,0.156,35,146609,0,1,8,2022,Canada,1639,Estados Unidos,2553
2022-08-24,NotMilk,797,1933,proteina de arveja,0,0.234,34,145977,0,2,8,2022,Canada,1639,Estados Unidos,2553
2022-08-25,NotMilk,853,1933,proteina de arveja,0,0.135,32,145180,0,3,8,2022,Canada,1639,Estados Unidos,2553
2022-08-26,NotMilk,818,1933,proteina de arveja,0,0.188,33,144327,0,4,8,2022,Canada,1639,Estados Unidos,2553
2022-08-27,NotMilk,764,1933,proteina de arveja,0,0.149,36,143509,0,5,8,2022,Canada,1639,Estados Unidos,2553
2022-08-28,NotMilk,771,1933,proteina de arveja,0,0.172,28,142745,0,6,8,2022,Canada,1639,Estados Unidos,2553
2022-08-29,NotMilk,684,1933,proteina de arveja,0,0.114,34,141974,0,0,8,2022,Canada,1639,Estados Unidos,2553
2022-08-30,NotMilk,686,1933,proteina de arveja,0,0.182,34,141290,0,1,8,2022,Canada,1639,Estados Unidos,2553
2022-08-31,NotMilk,680,1933,proteina de arveja,0,0.187,31,140604,0,2,8,2022,Canada,1639,Estados Unidos,2553
2022-09-01,NotMilk,844,1933,proteina de arveja,0,0.228,35,139924,0,3,9,2022,Canada,1639,Estados Unidos,2553
2022-09-02,NotMilk,1022,1933,proteina de arveja,0,0.217,36,139080,0,4,9,2022,Canada,1639,Estados Unidos,2553
2022-09-03,NotMilk,935,1933,proteina de arveja,0,0.15,35,138058,0,5,9,2022,Canada,1639,Estados Unidos,2553
2022-09-04,NotMilk,792,1933,proteina de arveja,0,0.269,30,137123,0,6,9,2022,Canada,1639,Estados Unidos,2553
2022-09-05,NotMilk,688,1933,proteina de arveja,0,0.23,37,136331,0,0,9,2022,Canada,1639,Estados Unidos,2553
2022-09-06,NotMilk,643,1933,proteina de arveja,0,0.234,33,135643,0,1,9,2022,Canada,1639,Estados Unidos,2553
2022-09-07,NotMilk,781,1933,proteina de arveja,0,0.229,36,135000,0,2,9,2022,Canada,1639,Estados Unidos,2553
2022-09-08,NotMilk,1015,1933,proteina de arveja,1,0.208,36,134219,0,3,9,2022,Canada,1639,Estados Unidos,2553
2022-09-09,NotMilk,893,1933,proteina de arveja,0,0.25,33,133204,0,4,9,2022,Canada,1639,Estados Unidos,2553
2022-09-10,NotMilk,887,1933,proteina de arveja,0,0.269,37,132311,0,5,9,2022,Canada,1639,Estados Unidos,2553
2022-09-11,NotMilk,768,1933,proteina de arveja,0,0.163,33,131424,0,6,9,2022,Canada,1639,Estados Unidos,2553
2022-09-12,NotMilk,626,1933,proteina de arveja,0,0.229,31,130656,0,0,9,2022,Canada,1639,Estados Unidos,2553
2022-09-13,NotMilk,685,1933,proteina de arveja,0,0.249,37,130030,0,1,9,2022,Canada,1639,Estados Unidos,2553
2022-09-14,NotMilk,716,1933,proteina de arveja,0,0.28,34,129345,0,2,9,2022,Canada,1639,Estados Unidos,2553
2022-09-15,NotMilk,855,1933,proteina de arveja,0,0.332,34,128629,0,3,9,2022,Canada,1639,Estados Unidos,2553
2022-09-16,NotMilk,860,1933,proteina de arveja,0,0.24,34,127774,0,4,9,2022,Canada,1639,Estados Unidos,2553
2022-09-17,NotMilk,979,1933,proteina de arveja,0,0.259,36,126914,0,5,9,2022,Canada,1639,Estados Unidos,2553
2022-09-18,NotMilk,751,1933,proteina de arveja,0,0.265,35,125935,0,6,9,2022,Canada,1639,Estados Unidos,2553
2022-09-19,NotMilk,808,1933,proteina de arveja,0,0.256,36,125184,0,0,9,2022,Canada,1639,Estados Unidos,2553
2022-09-20,NotMilk,581,1933,proteina de arveja,0,0.285,33,124376,0,1,9,2022,Canada,1639,Estados Unidos,2553
2022-09-21,NotMilk,753,1933,proteina de arveja,0,0.347,35,123795,0,2,9,2022,Canada,1639,Estados Unidos,2553
2022-09-22,NotMilk,864,1933,proteina de arveja,0,0.261,35,123042,0,3,9,2022,Canada,1639,Estados Unidos,2553
2022-09-23,NotMilk,852,1933,proteina de arveja,0,0.341,40,122178,0,4,9,2022,Canada,1639,Estados Unidos,2553
2022-09-24,NotMilk,934,1933,proteina de arveja,0,0.241,35,121326,0,5,9,2022,Canada,1639,Estados Unidos,2553
2022-09-25,NotMilk,903,1933,proteina de arveja,0,0.304,38,120392,0,6,9,2022,Canada,1639,Estados Unidos,2553
2022-09-26,NotMilk,593,1933,proteina de arveja,0,0.322,36,119489,0,0,9,2022,Canada,1639,Estados Unidos,2553
2022-09-27,NotMilk,712,1933,proteina de arveja,0,0.428,36,118896,0,1,9,2022,Canada,1639,Estados Unidos,2553
2022-09-28,NotMilk,591,1933,proteina de arveja,0,0.336,36,118184,0,2,9,2022,Canada,1639,Estados Unidos,2553
2022-09-29,NotMilk,779,1933,proteina de arveja,0,0.246,35,117593,0,3,9,2022,Canada,1639,Estados Unidos,2553
2022-09-30,NotMilk,1044,1933,proteina de arveja,0,0.262,36,116814,0,4,9,2022,Canada,1639,Estados Unidos,2553
2022-10-01,NotMilk,875,1933,proteina de arveja,0,0.369,39,115770,0,5,10,2022,Canada,1639,Estados Unidos,2553
2022-10-02,NotMilk,754,1933,proteina de arveja,0,0.404,38,114895,0,6,10,2022,Canada,1639,Estados Unidos,2553
2022-10-03,NotMilk,721,1933,proteina de arveja,0,0.398,39,114141,0,0,10,2022,Canada,1639,Estados Unidos,2553
2022-10-04,NotMilk,811,1933,proteina de arveja,0,0.393,35,113420,0,1,10,2022,Canada,1639,Estados Unidos,2553
2022-10-05,NotMilk,642,1933,proteina de arveja,0,0.449,37,112609,0,2,10,2022,Canada,1639,Estados Unidos,2553
2022-10-06,NotMilk,788,1933,proteina de arveja,0,0.369,35,111967,0,3,10,2022,Canada,1639,Estados Unidos,2553
2022-10-07,NotMilk,1053,1933,proteina de arveja,0,0.446,38,111179,0,4,10,2022,Canada,1639,Estados Unidos,2553
2022-10-08,NotMilk,1074,1933,proteina de arveja,0,0.325,35,110126,0,5,10,2022,Canada,1639,Estados Unidos,2553
2022-10-09,NotMilk,841,1933,proteina de arveja,0,0.367,38,109052,0,6,10,2022,Canada,1639,Estados Unidos,2553
2022-10-10,NotMilk,673,1933,proteina de arveja,0,0.327,34,108211,0,0,10,2022,Canada,1639,Estados Unidos,2553
2022-10-11,NotMilk,829,1933,proteina de arveja,0,0.409,37,107538,0,1,10,2022,Canada,1639,Estados Unidos,2553
2022-10-12,NotMilk,865,1933,proteina de arveja,0,0.425,38,106709,0,2,10,2022,Canada,1639,Estados Unidos,2553
2022-10-13,NotMilk,925,1933,proteina de arveja,0,0.438,33,105844,0,3,10,2022,Canada,1639,Estados Unidos,2553
2022-10-14,NotMilk,898,1933,proteina de arveja,0,0.44,42,104919,0,4,10,2022,Canada,1639,Estados Unidos,2553
2022-10-15,NotMilk,951,1933,proteina de arveja,0,0.395,36,104021,0,5,10,2022,Canada,1639,Estados Unidos,2553
2022-10-16,NotMilk,855,1933,proteina de arveja,0,0.436,33,103070,0,6,10,2022,Canada,1639,Estados Unidos,2553
2022-10-17,NotMilk,784,1933,proteina de arveja,0,0.375,37,102215,0,0,10,2022,Canada,1639,Estados Unidos,2553
2022-10-18,NotMilk,810,1933,proteina de arveja,0,0.522,38,101431,0,1,10,2022,Canada,1639,Estados Unidos,2553
2022-10-19,NotMilk,839,1933,proteina de arveja,0,0.443,37,100621,0,2,10,2022,Canada,1639,Estados Unidos,2553
2022-10-20,NotMilk,820,1933,proteina de arveja,0,0.438,39,99782,0,3,10,2022,Canada,1639,Estados Unidos,2553
2022-10-21,NotMilk,1090,1933,proteina de arveja,0,0.545,40,98962,0,4,10,2022,Canada,1639,Estados Unidos,2553
2022-10-22,NotMilk,1001,1933,proteina de arveja,0,0.407,37,97872,0,5,10,2022,Canada,1639,Estados Unidos,2553
2022-10-23,NotMilk,935,1933,proteina de arveja,0,0.416,38,96871,0,6,10,2022,Canada,1639,Estados Unidos,2553
2022-10-24,NotMilk,1132,1933,proteina de arveja,1,0.421,37,95936,0,0,10,2022,Canada,1639,Estados Unidos,2553
2022-10-25,NotMilk,677,1933,proteina de arveja,0,0.475,41,94804,0,1,10,2022,Canada,1639,Estados Unidos,2553
2022-10-26,NotMilk,800,1933,proteina de arveja,0,0.503,35,94127,0,2,10,2022,Canada,1639,Estados Unidos,2553
2022-10-27,NotMilk,880,1933,proteina de arveja,0,0.521,39,93327,0,3,10,2022,Canada,1639,Estados Unidos,2553
2022-10-28,NotMilk,880,1933,proteina de arveja,0,0.615,40,92447,0,4,10,2022,Canada,1639,Estados Unidos,2553
2022-10-29,NotMilk,1028,1933,proteina de arveja,0,0.376,38,91567,0,5,10,2022,Canada,1639,Estados Unidos,2553
2022-10-30,NotMilk,1091,1933,proteina de arveja,0,0.521,37,90539,0,6,10,2022,Canada,1639,Estados Unidos,2553
2022-10-31,NotMilk,683,1933,proteina de arveja,0,0.465,34,89448,0,0,10,2022,Canada,1639,Estados Unidos,2553
2022-11-01,NotMilk,759,1933,proteina de arveja,0,0.465,38,88765,0,1,11,2022,Canada,1639,Estados Unidos,2553
2022-11-02,NotMilk,865,1933,proteina de arveja,0,0.465,38,88006,0,2,11,2022,Canada,1639,Estados Unidos,2553
2022-11-03,NotMilk,951,1933,proteina de arveja,0,0.451,40,87141,0,3,11,2022,Canada,1639,Estados Unidos,2553
2022-11-04,NotMilk,1022,1933,proteina de arveja,0,0.582,36,86190,0,4,11,2022,Canada,1639,Estados Unidos,2553
2022-11-05,NotMilk,919,1933,proteina de arveja,0,0.541,41,85168,0,5,11,2022,Canada,1639,Estados Unidos,2553
2022-11-06,NotMilk,949,1933,proteina de arveja,0,0.501,43,84249,0,6,11,2022,Canada,1639,Estados Unidos,2553
2022-11-07,NotMilk,1053,1933,proteina de arveja,1,0.567,38,83300,0,0,11,2022,Canada,1639,Estados Unidos,2553
2022-11-08,NotMilk,644,1933,proteina de arveja,0,0.424,35,82247,0,1,11,2022,Canada,1639,Estados Unidos,2553
2022-11-09,NotMilk,925,1933,proteina de arveja,0,0.433,36,81603,0,2,11,2022,Canada,1639,Estados Unidos,2553
2022-11-10,NotMilk,1447,1933,proteina de arveja,1,0.391,37,80678,0,3,11,2022,Canada,1639,Estados Unidos,2553
2022-11-11,NotMilk,1063,1933,proteina de arveja,0,0.464,39,79231,0,4,11,2022,Canada,1639,Estados Unidos,2553
2022-11-12,NotMilk,1072,1933,proteina de arveja,0,0.507,37,78168,0,5,11,2022,Canada,1639,Estados Unidos,2553
2022-11-13,NotMilk,1038,1933,proteina de arveja,0,0.503,41,77096,0,6,11,2022,Canada,1639,Estados Unidos,2553
2022-11-14,NotMilk,858,1933,proteina de arveja,0,0.504,36,76058,0,0,11,2022,Canada,1639,Estados Unidos,2553
2022-11-15,NotMilk,859,1933,proteina de arveja,0,0.425,34,75200,0,1,11,2022,Canada,1639,Estados Unidos,2553
2022-11-16,NotMilk,1166,1933,proteina de arveja,1,0.534,41,74341,0,2,11,2022,Canada,1639,Estados Unidos,2553
2022-11-17,NotMilk,1096,1933,proteina de arveja,0,0.505,34,73175,0,3,11,2022,Canada,1639,Estados Unidos,2553
2022-11-18,NotMilk,1114,1933,proteina de arveja,0,0.527,38,72079,0,4,11,2022,Canada,1639,Estados Unidos,2553
2022-11-19,NotMilk,1097,1933,proteina de arveja,0,0.394,43,70965,0,5,11,2022,Canada,1639,Estados Unidos,2553
2022-11-20,NotMilk,881,1933,proteina de arveja,0,0.502,38,69868,0,6,11,2022,Canada,1639,Estados Unidos,2553
2022-11-21,NotMilk,885,1933,proteina de arveja,0,0.425,35,68987,0,0,11,2022,Canada,1639,Estados Unidos,2553
2022-11-22,NotMilk,768,1933,proteina de arveja,0,0.462,37,68102,0,1,11,2022,Canada,1639,Estados Unidos,2553
2022-11-23,NotMilk,844,1933,proteina de arveja,0,0.505,38,67334,0,2,11,2022,Canada,1639,Estados Unidos,2553
2022-11-24,NotMilk,951,1933,proteina de arveja,0,0.48,38,66490,0,3,11,2022,Canada,1639,Estados Unidos,2553
2022-11-25,NotMilk,1019,1933,proteina de arveja,0,0.43,38,65539,0,4,11,2022,Canada,1639,Estados Unidos,2553
2022-11-26,NotMilk,1297,1933,proteina de arveja,0,0.469,36,64520,0,5,11,2022,Canada,1639,Estados Unidos,2553
2022-11-27,NotMilk,1114,1933,proteina de arveja,0,0.389,40,63223,0,6,11,2022,Canada,1639,Estados Unidos,2553
2022-11-28,NotMilk,1024,1933,proteina de arveja,0,0.52,39,62109,0,0,11,2022,Canada,1639,Estados Unidos,2553
2022-11-29,NotMilk,761,1933,proteina de arveja,0,0.448,39,61085,0,1,11,2022,Canada,1639,Estados Unidos,2553
2022-11-30,NotMilk,917,1933,proteina de arveja,0,0.51,37,60324,0,2,11,2022,Canada,1639,Estados Unidos,2553
2022-12-01,NotMilk,936,1933,proteina de arveja,0,0.424,40,59407,0,3,12,2022,Canada,1639,Estados Unidos,2553
2022-12-02,NotMilk,1079,1933,proteina de arveja,0,0.42,37,58471,0,4,12,2022,Canada,1639,Estados Unidos,2553
2022-12-03,NotMilk,1053,1933,proteina de arveja,0,0.403,37,57392,0,5,12,2022,Canada,1639,Estados Unidos,2553
2022-12-04,NotMilk,1134,1933,proteina de arveja,0,0.481,36,56339,0,6,12,2022,Canada,1639,Estados Unidos,2553
2022-12-05,NotMilk,881,1933,proteina de arveja,0,0.397,35,55205,0,0,12,2022,Canada,1639,Estados Unidos,2553
2022-12-06,NotMilk,939,1933,proteina de arveja,0,0.459,39,54324,0,1,12,2022,Canada,1639,Estados Unidos,2553
2022-12-07,NotMilk,1309,1933,proteina de arveja,1,0.403,36,53385,0,2,12,2022,Canada,1639,Estados Unidos,2553
2022-12-08,NotMilk,1267,1933,proteina de arveja,0,0.318,34,52076,0,3,12,2022,Canada,1639,Estados Unidos,2553
2022-12-09,NotMilk,1033,1933,proteina de arveja,0,0.384,35,50809,0,4,12,2022,Canada,1639,Estados Unidos,2553
2022-12-10,NotMilk,1282,1933,proteina de arveja,0,0.348,38,49776,0,5,12,2022,Canada,1639,Estados Unidos,2553
2022-12-11,NotMilk,1155,1933,proteina de arveja,0,0.403,36,48494,0,6,12,2022,Canada,1639,Estados Unidos,2553
2022-12-12,NotMilk,860,1933,proteina de arveja,0,0.336,36,47339,0,0,12,2022,Canada,1639,Estados Unidos,2553
2022-12-13,NotMilk,958,1933,proteina de arveja,0,0.437,37,46479,0,1,12,2022,Canada,1639,Estados Unidos,2553
2022-12-14,NotMilk,983,1933,proteina de arveja,0,0.38,33,45521,0,2,12,2022,Canada,1639,Estados Unidos,2553
2022-12-15,NotMilk,1076,1933,proteina de arveja,0,0.37,34,44538,0,3,12,2022,Canada,1639,Estados Unidos,2553
2022-12-16,NotMilk,1120,1933,proteina de arveja,0,0.406,38,43462,0,4,12,2022,Canada,1639,Estados Unidos,2553
2022-12-17,NotMilk,1497,1933,proteina de arveja,1,0.416,36,42342,0,5,12,2022,Canada,1639,Estados Unidos,2553
2022-12-18,NotMilk,1260,1933,proteina de arveja,0,0.361,38,40845,0,6,12,2022,Canada,1639,Estados Unidos,2553
2022-12-19,NotMilk,1306,1933,proteina de arveja,1,0.317,38,39585,0,0,12,2022,Canada,1639,Estados Unidos,2553
2022-12-20,NotMilk,963,1933,proteina de arveja,0,0.261,37,38279,0,1,12,2022,Canada,1639,Estados Unidos,2553
2022-12-21,NotMilk,917,1933,proteina de arveja,0,0.31,39,37316,0,2,12,2022,Canada,1639,Estados Unidos,2553
2022-12-22,NotMilk,1363,1933,proteina de arveja,1,0.307,36,36399,0,3,12,2022,Canada,1639,Estados Unidos,2553
2022-12-23,NotMilk,1333,1933,proteina de arveja,0,0.337,37,35036,0,4,12,2022,Canada,1639,Estados Unidos,2553
2022-12-24,NotMilk,1088,1933,proteina de arveja,0,0.309,35,33703,0,5,12,2022,Canada,1639,Estados Unidos,2553
2022-12-25,NotMilk,1070,1933,proteina de arveja,0,0.354,41,32615,0,6,12,2022,Canada,1639,Estados Unidos,2553
2022-12-26,NotMilk,977,1933,proteina de arveja,0,0.283,39,31545,0,0,12,2022,Canada,1639,Estados Unidos,2553
2022-12-27,NotMilk,934,1933,proteina de arveja,0,0.305,36,30568,0,1,12,2022,Canada,1639,Estados Unidos,2553
2022-12-28,NotMilk,986,1933,proteina de arveja,0,0.361,37,29634,0,2,12,2022,Canada,1639,Estados Unidos,2553
2022-12-29,NotMilk,1181,1933,proteina de arveja,0,0.313,38,28648,0,3,12,2022,Canada,1639,Estados Unidos,2553
2022-12-30,NotMilk,1322,1933,proteina de arveja,0,0.287,35,27467,0,4,12,2022,Canada,1639,Estados Unidos,2553
2022-12-31,NotMilk,1318,1933,proteina de arveja,0,0.254,34,26145,0,5,12,2022,Canada,1639,Estados Unidos,2553
2023-01-01,NotMilk,1040,2180,proteina de arveja,0,0.247,37,24827,0,6,1,2023,Canada,1639,Estados Unidos,2553
2023-01-02,NotMilk,972,2180,proteina de arveja,0,0.23,35,23787,0,0,1,2023,Canada,1639,Estados Unidos,2553
2023-01-03,NotMilk,1035,2180,proteina de arveja,0,0.24,35,22815,0,1,1,2023,Canada,1639,Estados Unidos,2553
2023-01-04,NotMilk,1093,2180,proteina de arveja,0,0.299,34,21780,0,2,1,2023,Canada,1639,Estados Unidos,2553
2023-01-05,NotMilk,1038,2180,proteina de arveja,0,0.244,31,20687,0,3,1,2023,Canada,1639,Estados Unidos,2553
2023-01-06,NotMilk,1312,2180,proteina de arveja,0,0.183,35,19649,0,4,1,2023,Canada,1639,Estados Unidos,2553
2023-01-07,NotMilk,1067,2180,proteina de arveja,0,0.333,38,18337,0,5,1,2023,Canada,1639,Estados Unidos,2553
2023-01-08,NotMilk,1154,2180,proteina de arveja,0,0.255,35,17270,0,6,1,2023,Canada,1639,Estados Unidos,2553
2023-01-09,NotMilk,1166,2180,proteina de arveja,0,0.164,37,16116,0,0,1,2023,Canada,1639,Estados Unidos,2553
2023-01-10,NotMilk,889,2180,proteina de arveja,0,0.207,33,14950,0,1,1,2023,Canada,1639,Estados Unidos,2553
2023-01-11,NotMilk,969,2180,proteina de arveja,0,0.23,33,14061,0,2,1,2023,Canada,1639,Estados Unidos,2553
2023-01-12,NotMilk,1260,2180,proteina de arveja,0,0.304,36,13092,0,3,1,2023,Canada,1639,Estados Unidos,2553
2023-01-13,NotMilk,1138,2180,proteina de arveja,0,0.159,34,11832,0,4,1,2023,Canada,1639,Estados Unidos,2553
2023-01-14,NotMilk,1224,2180,proteina de arveja,0,0.259,37,10694,0,5,1,2023,Canada,1639,Estados Unidos,2553
2023-01-15,NotMilk,1225,2180,proteina de arveja,0,0.275,34,9470,0,6,1,2023,Canada,1639,Estados Unidos,2553
2023-01-16,NotMilk,977,2180,proteina de arveja,0,0.17,37,8245,0,0,1,2023,Canada,1639,Estados Unidos,2553
2023-01-17,NotMilk,959,2180,proteina de arveja,0,0.183,38,7268,0,1,1,2023,Canada,1639,Estados Unidos,2553
2023-01-18,NotMilk,1117,2180,proteina de arveja,0,0.141,34,6309,0,2,1,2023,Canada,1639,Estados Unidos,2553
2023-01-19,NotMilk,1246,2180,proteina de arveja,0,0.179,37,5192,0,3,1,2023,Canada,1639,Estados Unidos,2553
2023-01-20,NotMilk,1346,2180,proteina de arveja,0,0.184,32,3946,0,4,1,2023,Canada,1639,Estados Unidos,2553
2023-01-21,NotMilk,1273,2180,proteina de arveja,0,0.215,37,2600,0,5,1,2023,Canada,1639,Estados Unidos,2553
2023-01-22,NotMilk,1705,2180,proteina de arveja,1,0.233,37,1327,0,6,1,2023,Canada,1639,Estados Unidos,2553
2023-01-23,NotMilk,1034,2180,proteina de arveja,0,0.138,35,0,1,0,1,2023,Canada,1639,Estados Unidos,2553
2023-01-24,NotMilk,1027,2180,proteina de arveja,0,0.074,33,0,1,1,1,2023,Canada,1639,Estados Unidos,2553
2023-01-25,NotMilk,1026,2180,proteina de arveja,0,0.168,28,0,1,2,1,2023,Canada,1639,Estados Unidos,2553
2023-01-26,NotMilk,1204,2180,proteina de arveja,0,0.181,33,0,1,3,1,2023,Canada,1639,Estados Unidos,2553
2023-01-27,NotMilk,1229,2180,proteina de arveja,0,0.177,33,0,1,4,1,2023,Canada,1639,Estados Unidos,2553
2023-01-28,NotMilk,1322,2180,proteina de arveja,0,0.146,32,0,1,5,1,2023,Canada,1639,Estados Unidos,2553
2023-01-29,NotMilk,1123,2180,proteina de arveja,0,0.166,34,0,1,6,1,2023,Canada,1639,Estados Unidos,2553
2023-01-30,NotMilk,962,2180,proteina de arveja,0,0.234,34,0,1,0,1,2023,Canada,1639,Estados Unidos,2553
2023-01-31,NotMilk,1023,2180,proteina de arveja,0,0.175,32,0,1,1,1,2023,Canada,1639,Estados Unidos,2553
2023-02-01,NotMilk,1100,2180,proteina de arveja,0,0.136,32,0,1,2,2,2023,Canada,1639,Estados Unidos,2553
2023-02-02,NotMilk,1312,2180,proteina de arveja,0,0.128,32,0,1,3,2,2023,Canada,1639,Estados Unidos,2553
2023-02-03,NotMilk,1303,2180,proteina de arveja,0,0.144,36,0,1,4,2,2023,Canada,1639,Estados Unidos,2553
2023-02-04,NotMilk,1383,2180,proteina de arveja,0,0.233,33,0,1,5,2,2023,Canada,1639,Estados Unidos,2553
2023-02-05,NotMilk,1266,2180,proteina de arveja,0,0.142,33,0,1,6,2,2023,Canada,1639,Estados Unidos,2553
2023-02-06,NotMilk,1105,2180,proteina de arveja,0,0.149,33,0,1,0,2,2023,Canada,1639,Estados Unidos,2553
2023-02-07,NotMilk,945,2180,proteina de arveja,0,0.126,34,0,1,1,2,2023,Canada,1639,Estados Unidos,2553
2023-02-08,NotMilk,1104,2180,proteina de arveja,0,0.205,35,0,1,2,2,2023,Canada,1639,Estados Unidos,2553
2023-02-09,NotMilk,1282,2180,proteina de arveja,0,0.248,29,0,1,3,2,2023,Canada,1639,Estados Unidos,2553
2023-02-10,NotMilk,1361,2180,proteina de arveja,0,0.173,36,0,1,4,2,2023,Canada,1639,Estados Unidos,2553
2023-02-11,NotMilk,1125,2180,proteina de arveja,0,0.155,37,0,1,5,2,2023,Canada,1639,Estados Unidos,2553
2023-02-12,NotMilk,1238,2180,proteina de arveja,0,0.154,32,0,1,6,2,2023,Canada,1639,Estados Unidos,2553
2023-02-13,NotMilk,1265,2180,proteina de arveja,0,0.034,30,0,1,0,2,2023,Canada,1639,Estados Unidos,2553
2023-02-14,NotMilk,990,2180,proteina de arveja,0,0.191,33,0,1,1,2,2023,Canada,1639,Estados Unidos,2553
2023-02-15,NotMilk,1034,2180,proteina de arveja,0,0.162,32,0,1,2,2,2023,Canada,1639,Estados Unidos,2553
2023-02-16,NotMilk,1291,2180,proteina de arveja,0,0.178,35,20216,0,3,2,2023,Canada,1639,Estados Unidos,2553
2023-02-17,NotMilk,1403,2180,proteina de arveja,0,0.123,30,18925,0,4,2,2023,Canada,1639,Estados Unidos,2553
2023-02-18,NotMilk,1487,2180,proteina de arveja,0,0.141,31,38772,0,5,2,2023,Canada,1639,Estados Unidos,2553
2023-02-19,NotMilk,1105,2180,proteina de arveja,0,0.142,37,37285,0,6,2,2023,Canada,1639,Estados Unidos,2553
2023-02-20,NotMilk,1143,2180,proteina de arveja,0,0.216,33,57430,0,0,2,2023,Canada,1639,Estados Unidos,2553
2023-02-21,NotMilk,1072,2180,proteina de arveja,0,0.149,36,98787,0,1,2,2023,Canada,1639,Estados Unidos,2553
2023-02-22,NotMilk,1090,2180,proteina de arveja,0,0.275,36,140215,0,2,2,2023,Canada,1639,Estados Unidos,2553
2023-02-23,NotMilk,1293,2180,proteina de arveja,0,0.195,31,139125,0,3,2,2023,Canada,1639,Estados Unidos,2553
2023-02-24,NotMilk,1487,2180,proteina de arveja,0,0.113,35,159082,0,4,2,2023,Canada,1639,Estados Unidos,2553
2023-02-25,NotMilk,1457,2180,proteina de arveja,0,0.173,34,178845,0,5,2,2023,Canada,1639,Estados Unidos,2553
2023-02-26,NotMilk,1120,2180,proteina de arveja,0,0.151,33,198638,0,6,2,2023,Canada,1639,Estados Unidos,2553
2023-02-27,NotMilk,1154,2180,proteina de arveja,0,0.077,33,240018,0,0,2,2023,Canada,1639,Estados Unidos,2553
2023-02-28,NotMilk,1021,2180,proteina de arveja,0,0.271,36,281364,0,1,2,2023,Canada,1639,Estados Unidos,2553
2023-03-01,NotMilk,1404,2180,proteina de arveja,1,0.23,36,322843,0,2,3,2023,Canada,1639,Estados Unidos,2553
2023-03-02,NotMilk,1268,2180,proteina de arveja,0,0.225,37,321439,0,3,3,2023,Canada,1639,Estados Unidos,2553
2023-03-03,NotMilk,1359,2180,proteina de arveja,0,0.211,35,320171,0,4,3,2023,Canada,1639,Estados Unidos,2553
2023-03-04,NotMilk,1493,2180,proteina de arveja,0,0.138,31,361312,0,5,3,2023,Canada,1639,Estados Unidos,2553
2023-03-05,NotMilk,1225,2180,proteina de arveja,0,0.188,33,402319,0,6,3,2023,Canada,1639,Estados Unidos,2553
2023-03-06,NotMilk,986,2180,proteina de arveja,0,0.259,41,422344,0,0,3,2023,Canada,1639,Estados Unidos,2553
2023-03-07,NotMilk,993,2180,proteina de arveja,0,0.169,35,421358,0,1,3,2023,Canada,1639,Estados Unidos,2553
2023-03-08,NotMilk,1544,2180,proteina de arveja,1,0.1,38,420365,0,2,3,2023,Canada,1639,Estados Unidos,2553
2023-03-09,NotMilk,1383,2180,proteina de arveja,0,0.22,37,440071,0,3,3,2023,Canada,1639,Estados Unidos,2553
2023-03-10,NotMilk,1440,2180,proteina de arveja,0,0.229,35,481188,0,4,3,2023,Canada,1639,Estados Unidos,2553
2023-03-11,NotMilk,1618,2180,proteina de arveja,1,0.248,36,522248,0,5,3,2023,Canada,1639,Estados Unidos,2553
2023-03-12,NotMilk,1475,2180,proteina de arveja,0,0.283,35,520630,0,6,3,2023,Canada,1639,Estados Unidos,2553
2023-03-13,NotMilk,1103,2180,proteina de arveja,0,0.284,32,540405,0,0,3,2023,Canada,1639,Estados Unidos,2553
2023-03-14,NotMilk,1127,2180,proteina de arveja,0,0.271,35,539302,0,1,3,2023,Canada,1639,Estados Unidos,2553
2023-03-15,NotMilk,1088,2180,proteina de arveja,0,0.323,38,580675,0,2,3,2023,Canada,1639,Estados Unidos,2553
2023-03-16,NotMilk,1309,2180,proteina de arveja,0,0.193,33,600837,0,3,3,2023,Canada,1639,Estados Unidos,2553
2023-03-17,NotMilk,1461,2180,proteina de arveja,0,0.3,36,599528,0,4,3,2023,Canada,1639,Estados Unidos,2553
2023-03-18,NotMilk,1994,2180,proteina de arveja,1,0.312,37,619317,0,5,3,2023,Canada,1639,Estados Unidos,2553
2023-03-19,NotMilk,1596,2180,proteina de arveja,1,0.224,33,659823,0,6,3,2023,Canada,1639,Estados Unidos,2553
2023-03-20,NotMilk,1150,2180,proteina de arveja,0,0.217,34,679477,0,0,3,2023,Canada,1639,Estados Unidos,2553
2023-03-21,NotMilk,992,2180,proteina de arveja,0,0.261,33,678327,0,1,3,2023,Canada,1639,Estados Unidos,2553
2023-03-22,NotMilk,1394,2180,proteina de arveja,1,0.271,34,677335,0,2,3,2023,Canada,1639,Estados Unidos,2553
2023-03-23,NotMilk,1281,2180,proteina de arveja,0,0.348,34,675941,0,3,3,2023,Canada,1639,Estados Unidos,2553
2023-03-24,NotMilk,1462,2180,proteina de arveja,0,0.286,34,674660,0,4,3,2023,Canada,1639,Estados Unidos,2553
2023-03-25,NotMilk,1839,2180,proteina de arveja,1,0.279,38,673198,0,5,3,2023,Canada,1639,Estados Unidos,2553
2023-03-26,NotMilk,1321,2180,proteina de arveja,0,0.298,34,671359,0,6,3,2023,Canada,1639,Estados Unidos,2553
2023-03-27,NotMilk,1192,2180,proteina de arveja,0,0.39,37,670038,0,0,3,2023,Canada,1639,Estados Unidos,2553
2023-03-28,NotMilk,936,2180,proteina de arveja,0,0.341,35,668846,0,1,3,2023,Canada,1639,Estados Unidos,2553
2023-03-29,NotMilk,1014,2180,proteina de arveja,0,0.337,38,667910,0,2,3,2023,Canada,1639,Estados Unidos,2553
2023-03-30,NotMilk,1224,2180,proteina de arveja,0,0.347,39,666896,0,3,3,2023,Canada,1639,Estados Unidos,2553
2023-03-31,NotMilk,1382,2180,proteina de arveja,0,0.423,39,665672,0,4,3,2023,Canada,1639,Estados Unidos,2553
2023-04-01,NotMilk,1279,2180,proteina de arveja,0,0.327,37,664290,0,5,4,2023,Canada,1639,Estados Unidos,2553
2023-04-02,NotMilk,1337,2180,proteina de arveja,0,0.436,37,663011,0,6,4,2023,Canada,1639,Estados Unidos,2553
2023-04-03,NotMilk,1094,2180,proteina de arveja,0,0.386,34,661674,0,0,4,2023,Canada,1639,Estados Unidos,2553
2023-04-04,NotMilk,1004,2180,proteina de arveja,0,0.373,40,660580,0,1,4,2023,Canada,1639,Estados Unidos,2553
2023-04-05,NotMilk,953,2180,proteina de arveja,0,0.512,37,659576,0,2,4,2023,Canada,1639,Estados Unidos,2553
2023-04-06,NotMilk,1097,2180,proteina de arveja,0,0.34,37,658623,0,3,4,2023,Canada,1639,Estados Unidos,2553
2023-04-07,NotMilk,1365,2180,proteina de arveja,0,0.381,39,657526,0,4,4,2023,Canada,1639,Estados Unidos,2553
2023-04-08,NotMilk,1096,2180,proteina de arveja,0,0.342,35,656161,0,5,4,2023,Canada,1639,Estados Unidos,2553
2023-04-09,NotMilk,1290,2180,proteina de arveja,0,0.457,40,655065,0,6,4,2023,Canada,1639,Estados Unidos,2553
2023-04-10,NotMilk,1033,2180,proteina de arveja,0,0.499,40,653775,0,0,4,2023,Canada,1639,Estados Unidos,2553
2023-04-11,NotMilk,1246,2180,proteina de arveja,0,0.503,41,652742,0,1,4,2023,Canada,1639,Estados Unidos,2553
2023-04-12,NotMilk,1260,2180,proteina de arveja,0,0.486,37,651496,0,2,4,2023,Canada,1639,Estados Unidos,2553
2023-04-13,NotMilk,1193,2180,proteina de arveja,0,0.419,34,650236,0,3,4,2023,Canada,1639,Estados Unidos,2553
2023-04-14,NotMilk,1307,2180,proteina de arveja,0,0.416,36,649043,0,4,4,2023,Canada,1639,Estados Unidos,2553
2023-04-15,NotMilk,1408,2180,proteina de arveja,0,0.355,37,647736,0,5,4,2023,Canada,1639,Estados Unidos,2553
2023-04-16,NotMilk,1338,2180,proteina de arveja,0,0.545,39,646328,0,6,4,2023,Canada,1639,Estados Unidos,2553
2023-04-17,NotMilk,897,2180,proteina de arveja,0,0.471,37,644990,0,0,4,2023,Canada,1639,Estados Unidos,2553
2023-04-18,NotMilk,836,2180,proteina de arveja,0,0.427,33,644093,0,1,4,2023,Canada,1639,Estados Unidos,2553
2023-04-19,NotMilk,996,2180,proteina de arveja,0,0.522,39,643257,0,2,4,2023,Canada,1639,Estados Unidos,2553
2023-04-20,NotMilk,1249,2180,proteina de arveja,0,0.411,41,642261,0,3,4,2023,Canada,1639,Estados Unidos,2553
2023-04-21,NotMilk,1351,2180,proteina de arveja,0,0.484,39,641012,0,4,4,2023,Canada,1639,Estados Unidos,2553
2023-04-22,NotMilk,1395,2180,proteina de arveja,0,0.458,39,639661,0,5,4,2023,Canada,1639,Estados Unidos,2553
2023-04-23,NotMilk,1048,2180,proteina de arveja,0,0.502,39,638266,0,6,4,2023,Canada,1639,Estados Unidos,2553
2023-04-24,NotMilk,1116,2180,proteina de arveja,1,0.471,38,637218,0,0,4,2023,Canada,1639,Estados Unidos,2553
2023-04-25,NotMilk,1026,2180,proteina de arveja,0,0.404,39,636102,0,1,4,2023,Canada,1639,Estados Unidos,2553
2023-04-26,NotMilk,963,2180,proteina de arveja,0,0.484,39,635076,0,2,4,2023,Canada,1639,Estados Unidos,2553
2023-04-27,NotMilk,984,2180,proteina de arveja,0,0.535,38,634113,0,3,4,2023,Canada,1639,Estados Unidos,2553
2023-04-28,NotMilk,1736,2180,proteina de arveja,1,0.484,36,633129,0,4,4,2023,Canada,1639,Estados Unidos,2553
2023-04-29,NotMilk,1343,2180,proteina de arveja,0,0.526,38,631393,0,5,4,2023,Canada,1639,Estados Unidos,2553
2023-04-30,NotMilk,1129,2180,proteina de arveja,0,0.437,38,630050,0,6,4,2023,Canada,1639,Estados Unidos,2553
2023-05-01,NotMilk,962,2180,proteina de arveja,0,0.49,37,628921,0,0,5,2023,Canada,1639,Estados Unidos,2553
2023-05-02,NotMilk,932,2180,proteina de arveja,0,0.462,38,627959,0,1,5,2023,Canada,1639,Estados Unidos,2553
2023-05-03,NotMilk,984,2180,proteina de arveja,0,0.532,39,627027,0,2,5,2023,Canada,1639,Estados Unidos,2553
2023-05-04,NotMilk,1029,2180,proteina de arveja,0,0.498,40,626043,0,3,5,2023,Canada,1639,Estados Unidos,2553
2023-05-05,NotMilk,1183,2180,proteina de arveja,0,0.532,41,625014,0,4,5,2023,Canada,1639,Estados Unidos,2553
2023-05-06,NotMilk,1292,2180,proteina de arveja,0,0.553,39,623831,0,5,5,2023,Canada,1639,Estados Unidos,2553
2023-05-07,NotMilk,1148,2180,proteina de arveja,0,0.534,36,622539,0,6,5,2023,Canada,1639,Estados Unidos,2553
2023-05-08,NotMilk,993,2180,proteina de arveja,0,0.513,37,621391,0,0,5,2023,Canada,1639,Estados Unidos,2553
2023-05-09,NotMilk,852,2180,proteina de arveja,0,0.45,37,620398,0,1,5,2023,Canada,1639,Estados Unidos,2553
2023-05-10,NotMilk,980,2180,proteina de arveja,0,0.5,34,619546,0,2,5,2023,Canada,1639,Estados Unidos,2553
2023-05-11,NotMilk,934,2180,proteina de arveja,0,0.473,40,618566,0,3,5,2023,Canada,1639,Estados Unidos,2553
2023-05-12,NotMilk,1248,2180,proteina de arveja,0,0.482,38,617632,0,4,5,2023,Canada,1639,Estados Unidos,2553
2023-05-13,NotMilk,1355,2180,proteina de arveja,0,0.48,39,616384,0,5,5,2023,Canada,1639,Estados Unidos,2553
2023-05-14,NotMilk,967,2180,proteina de arveja,0,0.449,40,615029,0,6,5,2023,Canada,1639,Estados Unidos,2553
2023-05-15,NotMilk,915,2180,proteina de arveja,0,0.4,36,614062,0,0,5,2023,Canada,1639,Estados Unidos,2553
2023-05-16,NotMilk,931,2180,proteina de arveja,0,0.463,39,613147,0,1,5,2023,Canada,1639,Estados Unidos,2553
2023-05-17,NotMilk,1072,2180,proteina de arveja,0,0.505,38,612216,0,2,5,2023,Canada,1639,Estados Unidos,2553
2023-05-18,NotMilk,1068,2180,proteina de arveja,0,0.426,37,611144,0,3,5,2023,Canada,1639,Estados Unidos,2553
2023-05-19,NotMilk,1138,2180,proteina de arveja,0,0.493,36,610076,0,4,5,2023,Canada,1639,Estados Unidos,2553
2023-05-20,NotMilk,1397,2180,proteina de arveja,1,0.585,42,608938,0,5,5,2023,Canada,1639,Estados Unidos,2553
2023-05-21,NotMilk,1082,2180,proteina de arveja,0,0.539,38,607541,0,6,5,2023,Canada,1639,Estados Unidos,2553
2023-05-22,NotMilk,1093,2180,proteina de arveja,0,0.568,40,606459,0,0,5,2023,Canada,1639,Estados Unidos,2553
2023-05-23,NotMilk,907,2180,proteina de arveja,0,0.503,34,605366,0,1,5,2023,Canada,1639,Estados Unidos,2553
2023-05-24,NotMilk,951,2180,proteina de arveja,0,0.539,41,604459,0,2,5,2023,Canada,1639,Estados Unidos,2553
2023-05-25,NotMilk,1111,2180,proteina de arveja,0,0.441,39,603508,0,3,5,2023,Canada,1639,Estados Unidos,2553
2023-05-26,NotMilk,1177,2180,proteina de arveja,0,0.442,38,602397,0,4,5,2023,Canada,1639,Estados Unidos,2553
2023-05-27,NotMilk,1088,2180,proteina de arveja,0,0.334,36,601220,0,5,5,2023,Canada,1639,Estados Unidos,2553
2023-05-28,NotMilk,1119,2180,proteina de arveja,0,0.527,39,600132,0,6,5,2023,Canada,1639,Estados Unidos,2553
2023-05-29,NotMilk,936,2180,proteina de arveja,0,0.541,43,599013,0,0,5,2023,Canada,1639,Estados Unidos,2553
2023-05-30,NotMilk,869,2180,proteina de arveja,0,0.433,34,598077,0,1,5,2023,Canada,1639,Estados Unidos,2553
2023-05-31,NotMilk,859,2180,proteina de arveja,0,0.444,39,597208,0,2,5,2023,Canada,1639,Estados Unidos,2553
2023-06-01,NotMilk,1170,2180,proteina de arveja,0,0.415,35,596349,0,3,6,2023,Canada,1639,Estados Unidos,2553
2023-06-02,NotMilk,1213,2180,proteina de arveja,0,0.468,38,595179,0,4,6,2023,Canada,1639,Estados Unidos,2553
2023-06-03,NotMilk,1088,2180,proteina de arveja,0,0.5,38,593966,0,5,6,2023,Canada,1639,Estados Unidos,2553
2023-06-04,NotMilk,1108,2180,proteina de arveja,0,0.353,35,592878,0,6,6,2023,Canada,1639,Estados Unidos,2553
2023-06-05,NotMilk,862,2180,proteina de arveja,0,0.456,37,591770,0,0,6,2023,Canada,1639,Estados Unidos,2553
2023-06-06,NotMilk,795,2180,proteina de arveja,0,0.416,35,590908,0,1,6,2023,Canada,1639,Estados Unidos,2553
2023-06-07,NotMilk,855,2180,proteina de arveja,0,0.431,39,590113,0,2,6,2023,Canada,1639,Estados Unidos,2553
2023-06-08,NotMilk,888,2180,proteina de arveja,0,0.443,34,589258,0,3,6,2023,Canada,1639,Estados Unidos,2553
2023-06-09,NotMilk,1168,2180,proteina de arveja,0,0.406,38,588370,0,4,6,2023,Canada,1639,Estados Unidos,2553
2023-06-10,NotMilk,949,2180,proteina de arveja,0,0.405,36,587202,0,5,6,2023,Canada,1639,Estados Unidos,2553
2023-06-11,NotMilk,904,2180,proteina de arveja,0,0.394,34,586253,0,6,6,2023,Canada,1639,Estados Unidos,2553
2023-06-12,NotMilk,732,2180,proteina de arveja,0,0.448,38,585349,0,0,6,2023,Canada,1639,Estados Unidos,2553
2023-06-13,NotMilk,823,2180,proteina de arveja,0,0.415,34,584617,0,1,6,2023,Canada,1639,Estados Unidos,2553
2023-06-14,NotMilk,879,2180,proteina de arveja,0,0.399,37,583794,0,2,6,2023,Canada,1639,Estados Unidos,2553
2023-06-15,NotMilk,985,2180,proteina de arveja,0,0.319,33,582915,0,3,6,2023,Canada,1639,Estados Unidos,2553
2023-06-16,NotMilk,1008,2180,proteina de arveja,0,0.358,37,581930,0,4,6,2023,Canada,1639,Estados Unidos,2553
2023-06-17,NotMilk,985,2180,proteina de arveja,0,0.416,35,580922,0,5,6,2023,Canada,1639,Estados Unidos,2553
2023-06-18,NotMilk,1016,2180,proteina de arveja,0,0.367,36,579937,0,6,6,2023,Canada,1639,Estados Unidos,2553
2023-06-19,NotMilk,820,2180,proteina de arveja,0,0.392,37,578921,0,0,6,2023,Canada,1639,Estados Unidos,2553
2023-06-20,NotMilk,830,2180,proteina de arveja,0,0.442,36,578101,0,1,6,2023,Canada,1639,Estados Unidos,2553
2023-06-21,NotMilk,808,2180,proteina de arveja,0,0.4,37,577271,0,2,6,2023,Canada,1639,Estados Unidos,2553
2023-06-22,NotMilk,1003,2180,proteina de arveja,0,0.346,33,576463,0,3,6,2023,Canada,1639,Estados Unidos,2553
2023-06-23,NotMilk,1187,2180,proteina de arveja,0,0.31,37,575460,0,4,6,2023,Canada,1639,Estados Unidos,2553
2023-06-24,NotMilk,1112,2180,proteina de arveja,0,0.202,38,574273,0,5,6,2023,Canada,1639,Estados Unidos,2553
2023-06-25,NotMilk,926,2180,proteina de arveja,0,0.315,41,573161,0,6,6,2023,Canada,1639,Estados Unidos,2553
2023-06-26,NotMilk,856,2180,proteina de arveja,0,0.301,36,572235,0,0,6,2023,Canada,1639,Estados Unidos,2553
2023-06-27,NotMilk,777,2180,proteina de arveja,0,0.331,38,571379,0,1,6,2023,Canada,1639,Estados Unidos,2553
2023-06-28,NotMilk,851,2180,proteina de arveja,0,0.298,32,570602,0,2,6,2023,Canada,1639,Estados Unidos,2553
2023-06-29,NotMilk,941,2180,proteina de arveja,0,0.284,38,569751,0,3,6,2023,Canada,1639,Estados Unidos,2553
2023-06-30,NotMilk,1038,2180,proteina de arveja,0,0.205,36,568810,0,4,6,2023,Canada,1639,Estados Unidos,2553
2023-07-01,NotMilk,1056,2180,proteina de arveja,0,0.241,34,567772,0,5,7,2023,Canada,1639,Estados Unidos,2553
2023-07-02,NotMilk,862,2180,proteina de arveja,0,0.306,38,566716,0,6,7,2023,Canada,1639,Estados Unidos,2553
2023-07-03,NotMilk,754,2180,proteina de arveja,0,0.362,36,565854,0,0,7,2023,Canada,1639,Estados Unidos,2553
2023-07-04,NotMilk,689,2180,proteina de arveja,0,0.265,34,565100,0,1,7,2023,Canada,1639,Estados Unidos,2553
2023-07-05,NotMilk,726,2180,proteina de arveja,0,0.281,36,564411,0,2,7,2023,Canada,1639,Estados Unidos,2553
2023-07-06,NotMilk,854,2180,proteina de arveja,0,0.307,34,563685,0,3,7,2023,Canada,1639,Estados Unidos,2553
2023-07-07,NotMilk,1292,2180,proteina de arveja,1,0.213,37,562831,0,4,7,2023,Canada,1639,Estados Unidos,2553
2023-07-08,NotMilk,945,2180,proteina de arveja,0,0.266,33,561539,0,5,7,2023,Canada,1639,Estados Unidos,2553
2023-07-09,NotMilk,955,2180,proteina de arveja,0,0.206,32,560594,0,6,7,2023,Canada,1639,Estados Unidos,2553
2023-07-10,NotMilk,806,2180,proteina de arveja,0,0.281,34,559639,0,0,7,2023,Canada,1639,Estados Unidos,2553
2023-07-11,NotMilk,640,2180,proteina de arveja,0,0.24,36,558833,0,1,7,2023,Canada,1639,Estados Unidos,2553
2023-07-12,NotMilk,859,2180,proteina de arveja,0,0.242,34,558193,0,2,7,2023,Canada,1639,Estados Unidos,2553
2023-07-13,NotMilk,988,2180,proteina de arveja,0,0.183,32,557334,0,3,7,2023,Canada,1639,Estados Unidos,2553
2023-07-14,NotMilk,929,2180,proteina de arveja,0,0.253,34,556346,0,4,7,2023,Canada,1639,Estados Unidos,2553
2023-07-15,NotMilk,1032,2180,proteina de arveja,0,0.317,36,555417,0,5,7,2023,Canada,1639,Estados Unidos,2553
2023-07-16,NotMilk,839,2180,proteina de arveja,0,0.158,32,554385,0,6,7,2023,Canada,1639,Estados Unidos,2553
2023-07-17,NotMilk,795,2180,proteina de arveja,0,0.187,32,553546,0,0,7,2023,Canada,1639,Estados Unidos,2553
2023-07-18,NotMilk,670,2180,proteina de arveja,0,0.211,39,552751,0,1,7,2023,Canada,1639,Estados Unidos,2553
2023-07-19,NotMilk,686,2180,proteina de arveja,0,0.235,33,552081,0,2,7,2023,Canada,1639,Estados Unidos,2553
2023-07-20,NotMilk,884,2180,proteina de arveja,0,0.163,33,551395,0,3,7,2023,Canada,1639,Estados Unidos,2553
2023-07-21,NotMilk,983,2180,proteina de arveja,0,0.046,32,550511,0,4,7,2023,Canada,1639,Estados Unidos,2553
2023-07-22,NotMilk,1309,2180,proteina de arveja,1,0.252,34,549528,0,5,7,2023,Canada,1639,Estados Unidos,2553
2023-07-23,NotMilk,802,2180,proteina de arveja,0,0.219,36,548219,0,6,7,2023,Canada,1639,Estados Unidos,2553
2023-07-24,NotMilk,751,2180,proteina de arveja,0,0.09,35,547417,0,0,7,2023,Canada,1639,Estados Unidos,2553
2023-07-25,NotMilk,750,2180,proteina de arveja,0,0.144,33,546666,0,1,7,2023,Canada,1639,Estados Unidos,2553
2023-07-26,NotMilk,786,2180,proteina de arveja,0,0.25,33,545916,0,2,7,2023,Canada,1639,Estados Unidos,2553
2023-07-27,NotMilk,911,2180,proteina de arveja,0,0.241,37,545130,0,3,7,2023,Canada,1639,Estados Unidos,2553
2023-07-28,NotMilk,925,2180,proteina de arveja,0,0.213,34,544219,0,4,7,2023,Canada,1639,Estados Unidos,2553
2023-07-29,NotMilk,1058,2180,proteina de arveja,0,0.155,37,543294,0,5,7,2023,Canada,1639,Estados Unidos,2553
2023-07-30,NotMilk,791,2180,proteina de arveja,0,0.165,29,542236,0,6,7,2023,Canada,1639,Estados Unidos,2553
2023-07-31,NotMilk,795,2180,proteina de arveja,0,0.153,34,541445,0,0,7,2023,Canada,1639,Estados Unidos,2553
2023-08-01,NotMilk,793,2180,proteina de arveja,0,0.214,38,540650,0,1,8,2023,Canada,1639,Estados Unidos,2553
2023-08-02,NotMilk,808,2180,proteina de arveja,0,0.112,33,539857,0,2,8,2023,Canada,1639,Estados Unidos,2553
2023-08-03,NotMilk,872,2180,proteina de arveja,0,0.114,33,539049,0,3,8,2023,Canada,1639,Estados Unidos,2553
2023-08-04,NotMilk,925,2180,proteina de arveja,0,0.204,35,538177,0,4,8,2023,Canada,1639,Estados Unidos,2553
2023-08-05,NotMilk,1035,2180,proteina de arveja,0,0.15,33,537252,0,5,8,2023,Canada,1639,Estados Unidos,2553
2023-08-06,NotMilk,765,2180,proteina de arveja,0,0.22,34,536217,0,6,8,2023,Canada,1639,Estados Unidos,2553
2023-08-07,NotMilk,698,2180,proteina de arveja,0,0.117,33,535452,0,0,8,2023,Canada,1639,Estados Unidos,2553
2023-08-08,NotMilk,694,2180,proteina de arveja,0,0.147,33,534754,0,1,8,2023,Canada,1639,Estados Unidos,2553
2023-08-09,NotMilk,847,2180,proteina de arveja,0,0.104,36,534060,0,2,8,2023,Canada,1639,Estados Unidos,2553
2023-08-10,NotMilk,905,2180,proteina de arveja,0,0.15,35,533213,0,3,8,2023,Canada,1639,Estados Unidos,2553
2023-08-11,NotMilk,883,2180,proteina de arveja,0,0.076,33,532308,0,4,8,2023,Canada,1639,Estados Unidos,2553
2023-08-12,NotMilk,924,2180,proteina de arveja,0,0.126,35,531425,0,5,8,2023,Canada,1639,Estados Unidos,2553
2023-08-13,NotMilk,814,2180,proteina de arveja,0,0.08,32,530501,0,6,8,2023,Canada,1639,Estados Unidos,2553
2023-08-14,NotMilk,709,2180,proteina de arveja,0,0.187,33,529687,0,0,8,2023,Canada,1639,Estados Unidos,2553
2023-08-15,NotMilk,767,2180,proteina de arveja,0,0.189,33,528978,0,1,8,2023,Canada,1639,Estados Unidos,2553
2023-08-16,NotMilk,681,2180,proteina de arveja,0,0.068,33,528211,0,2,8,2023,Canada,1639,Estados Unidos,2553
2023-08-17,NotMilk,985,2180,proteina de arveja,0,0.223,33,527530,0,3,8,2023,Canada,1639,Estados Unidos,2553
2023-08-18,NotMilk,1014,2180,proteina de arveja,0,0.282,34,526545,0,4,8,2023,Canada,1639,Estados Unidos,2553
2023-08-19,NotMilk,1025,2180,proteina de arveja,0,0.162,33,525531,0,5,8,2023,Canada,1639,Estados Unidos,2553
2023-08-20,NotMilk,820,2180,proteina de arveja,0,0.129,38,524506,0,6,8,2023,Canada,1639,Estados Unidos,2553
2023-08-21,NotMilk,739,2180,proteina de arveja,0,0.305,30,523686,0,0,8,2023,Canada,1639,Estados Unidos,2553
2023-08-22,NotMilk,627,2180,proteina de arveja,0,0.1,33,522947,0,1,8,2023,Canada,1639,Estados Unidos,2553
2023-08-23,NotMilk,731,2180,proteina de arveja,0,0.17,37,522320,0,2,8,2023,Canada,1639,Estados Unidos,2553
2023-08-24,NotMilk,904,2180,proteina de arveja,0,0.181,34,521589,0,3,8,2023,Canada,1639,Estados Unidos,2553
2023-08-25,NotMilk,1048,2180,proteina de arveja,0,0.242,36,520685,0,4,8,2023,Canada,1639,Estados Unidos,2553
2023-08-26,NotMilk,857,2180,proteina de arveja,0,0.196,35,519637,0,5,8,2023,Canada,1639,Estados Unidos,2553
2023-08-27,NotMilk,826,2180,proteina de arveja,0,0.156,33,518780,0,6,8,2023,Canada,1639,Estados Unidos,2553
2023-08-28,NotMilk,739,2180,proteina de arveja,0,0.137,29,517954,0,0,8,2023,Canada,1639,Estados Unidos,2553
2023-08-29,NotMilk,629,2180,proteina de arveja,0,0.171,34,517215,0,1,8,2023,Canada,1639,Estados Unidos,2553
2023-08-30,NotMilk,971,2180,proteina de arveja,1,0.142,32,516586,0,2,8,2023,Canada,1639,Estados Unidos,2553
2023-08-31,NotMilk,820,2180,proteina de arveja,0,0.198,33,515615,0,3,8,2023,Canada,1639,Estados Unidos,2553
2023-09-01,NotMilk,936,2180,proteina de arveja,0,0.172,33,514795,0,4,9,2023,Canada,1639,Estados Unidos,2553
2023-09-02,NotMilk,908,2180,proteina de arveja,0,0.13,37,513859,0,5,9,2023,Canada,1639,Estados Unidos,2553
2023-09-03,NotMilk,799,2180,proteina de arveja,0,0.272,40,512951,0,6,9,2023,Canada,1639,Estados Unidos,2553
2023-09-04,NotMilk,749,2180,proteina de arveja,0,0.189,35,512152,0,0,9,2023,Canada,1639,Estados Unidos,2553
2023-09-05,NotMilk,699,2180,proteina de arveja,0,0.155,33,511403,0,1,9,2023,Canada,1639,Estados Unidos,2553
2023-09-06,NotMilk,743,2180,proteina de arveja,0,0.215,32,510704,0,2,9,2023,Canada,1639,Estados Unidos,2553
2023-09-07,NotMilk,824,2180,proteina de arveja,0,0.231,36,509961,0,3,9,2023,Canada,1639,Estados Unidos,2553
2023-09-08,NotMilk,979,2180,proteina de arveja,0,0.146,37,509137,0,4,9,2023,Canada,1639,Estados Unidos,2553
2023-09-09,NotMilk,1073,2180,proteina de arveja,0,0.255,35,508158,0,5,9,2023,Canada,1639,Estados Unidos,2553
2023-09-10,NotMilk,868,2180,proteina de arveja,0,0.191,30,507085,0,6,9,2023,Canada,1639,Estados Unidos,2553
2023-09-11,NotMilk,815,2180,proteina de arveja,0,0.334,37,506217,0,0,9,2023,Canada,1639,Estados Unidos,2553
2023-09-12,NotMilk,636,2180,proteina de arveja,0,0.281,37,505402,0,1,9,2023,Canada,1639,Estados Unidos,2553
2023-09-13,NotMilk,782,2180,proteina de arveja,0,0.24,32,504766,0,2,9,2023,Canada,1639,Estados Unidos,2553
2023-09-14,NotMilk,804,2180,proteina de arveja,0,0.228,35,503984,0,3,9,2023,Canada,1639,Estados Unidos,2553
2023-09-15,NotMilk,849,2180,proteina de arveja,0,0.266,36,503180,0,4,9,2023,Canada,1639,Estados Unidos,2553
2023-09-16,NotMilk,899,2180,proteina de arveja,0,0.308,36,502331,0,5,9,2023,Canada,1639,Estados Unidos,2553
2023-09-17,NotMilk,949,2180,proteina de arveja,0,0.282,34,501432,0,6,9,2023,Canada,1639,Estados Unidos,2553
2023-09-18,NotMilk,820,2180,proteina de arveja,0,0.278,37,500483,0,0,9,2023,Canada,1639,Estados Unidos,2553
2023-09-19,NotMilk,737,2180,proteina de arveja,0,0.298,35,499663,0,1,9,2023,Canada,1639,Estados Unidos,2553
2023-09-20,NotMilk,685,2180,proteina de arveja,0,0.27,32,498926,0,2,9,2023,Canada,1639,Estados Unidos,2553
2023-09-21,NotMilk,877,2180,proteina de arveja,0,0.289,31,498241,0,3,9,2023,Canada,1639,Estados Unidos,2553
2023-09-22,NotMilk,998,2180,proteina de arveja,0,0.208,37,497364,0,4,9,2023,Canada,1639,Estados Unidos,2553
2023-09-23,NotMilk,981,2180,proteina de arveja,0,0.367,38,496366,0,5,9,2023,Canada,1639,Estados Unidos,2553
2023-09-24,NotMilk,748,2180,proteina de arveja,0,0.339,36,495385,0,6,9,2023,Canada,1639,Estados Unidos,2553
2023-09-25,NotMilk,717,2180,proteina de arveja,0,0.292,35,494637,0,0,9,2023,Canada,1639,Estados Unidos,2553
2023-09-26,NotMilk,908,2180,proteina de arveja,1,0.432,36,493920,0,1,9,2023,Canada,1639,Estados Unidos,2553
2023-09-27,NotMilk,825,2180,proteina de arveja,0,0.347,34,493012,0,2,9,2023,Canada,1639,Estados Unidos,2553
2023-09-28,NotMilk,746,2180,proteina de arveja,0,0.297,35,492187,0,3,9,2023,Canada,1639,Estados Unidos,2553
2023-09-29,NotMilk,976,2180,proteina de arveja,0,0.397,33,491441,0,4,9,2023,Canada,1639,Estados Unidos,2553
2023-09-30,NotMilk,994,2180,proteina de arveja,0,0.38,35,490465,0,5,9,2023,Canada,1639,Estados Unidos,2553
2023-10-01,NotMilk,952,2180,proteina de arveja,0,0.386,36,489471,0,6,10,2023,Canada,1639,Estados Unidos,2553
2023-10-02,NotMilk,828,2180,proteina de arveja,0,0.351,37,488519,0,0,10,2023,Canada,1639,Estados Unidos,2553
2023-10-03,NotMilk,780,2180,proteina de arveja,0,0.4,37,487691,0,1,10,2023,Canada,1639,Estados Unidos,2553
2023-10-04,NotMilk,753,2180,proteina de arveja,0,0.37,38,486911,0,2,10,2023,Canada,1639,Estados Unidos,2553
2023-10-05,NotMilk,780,2180,proteina de arveja,0,0.417,40,486158,0,3,10,2023,Canada,1639,Estados Unidos,2553
2023-10-06,NotMilk,975,2180,proteina de arveja,0,0.3,38,485378,0,4,10,2023,Canada,1639,Estados Unidos,2553
2023-10-07,NotMilk,1081,2180,proteina de arveja,0,0.379,37,484403,0,5,10,2023,Canada,1639,Estados Unidos,2553
2023-10-08,NotMilk,1009,2180,proteina de arveja,0,0.492,38,483322,0,6,10,2023,Canada,1639,Estados Unidos,2553
2023-10-09,NotMilk,1182,2180,proteina de arveja,1,0.373,35,482313,0,0,10,2023,Canada,1639,Estados Unidos,2553
2023-10-10,NotMilk,950,2180,proteina de arveja,1,0.386,38,481131,0,1,10,2023,Canada,1639,Estados Unidos,2553
2023-10-11,NotMilk,845,2180,proteina de arveja,0,0.399,40,480181,0,2,10,2023,Canada,1639,Estados Unidos,2553
2023-10-12,NotMilk,897,2180,proteina de arveja,0,0.365,37,479336,0,3,10,2023,Canada,1639,Estados Unidos,2553
2023-10-13,NotMilk,1299,2180,proteina de arveja,1,0.321,40,478439,0,4,10,2023,Canada,1639,Estados Unidos,2553
2023-10-14,NotMilk,1157,2180,proteina de arveja,0,0.424,34,477140,0,5,10,2023,Canada,1639,Estados Unidos,2553
2023-10-15,NotMilk,857,2180,proteina de arveja,0,0.447,35,475983,0,6,10,2023,Canada,1639,Estados Unidos,2553
2023-10-16,NotMilk,922,2180,proteina de arveja,0,0.442,39,475126,0,0,10,2023,Canada,1639,Estados Unidos,2553
2023-10-17,NotMilk,756,2180,proteina de arveja,0,0.442,38,474204,0,1,10,2023,Canada,1639,Estados Unidos,2553
2023-10-18,NotMilk,927,2180,proteina de arveja,0,0.455,40,473448,0,2,10,2023,Canada,1639,Estados Unidos,2553
2023-10-19,NotMilk,851,2180,proteina de arveja,0,0.508,38,472521,0,3,10,2023,Canada,1639,Estados Unidos,2553
2023-10-20,NotMilk,1374,2180,proteina de arveja,1,0.452,36,471670,0,4,10,2023,Canada,1639,Estados Unidos,2553
2023-10-21,NotMilk,1290,2180,proteina de arveja,1,0.436,37,470296,0,5,10,2023,Canada,1639,Estados Unidos,2553
2023-10-22,NotMilk,1068,2180,proteina de arveja,1,0.454,34,469006,0,6,10,2023,Canada,1639,Estados Unidos,2553
2023-10-23,NotMilk,850,2180,proteina de arveja,0,0.501,36,467938,0,0,10,2023,Canada,1639,Estados Unidos,2553
2023-10-24,NotMilk,858,2180,proteina de arveja,0,0.546,40,467088,0,1,10,2023,Canada,1639,Estados Unidos,2553
2023-10-25,NotMilk,800,2180,proteina de arveja,0,0.447,39,466230,0,2,10,2023,Canada,1639,Estados Unidos,2553
2023-10-26,NotMilk,864,2180,proteina de arveja,0,0.486,39,465430,0,3,10,2023,Canada,1639,Estados Unidos,2553
2023-10-27,NotMilk,1067,2180,proteina de arveja,0,0.5,35,464566,0,4,10,2023,Canada,1639,Estados Unidos,2553
2023-10-28,NotMilk,1062,2180,proteina de arveja,0,0.436,37,463499,0,5,10,2023,Canada,1639,Estados Unidos,2553
2023-10-29,NotMilk,1013,2180,proteina de arveja,0,0.489,35,462437,0,6,10,2023,Canada,1639,Estados Unidos,2553
2023-10-30,NotMilk,920,2180,proteina de arveja,0,0.417,39,461424,0,0,10,2023,Canada,1639,Estados Unidos,2553
2023-10-31,NotMilk,810,2180,proteina de arveja,0,0.404,36,460504,0,1,10,2023,Canada,1639,Estados Unidos,2553
2023-11-01,NotMilk,1010,2180,proteina de arveja,0,0.512,36,459694,0,2,11,2023,Canada,1639,Estados Unidos,2553
2023-11-02,NotMilk,1024,2180,proteina de arveja,0,0.476,38,458684,0,3,11,2023,Canada,1639,Estados Unidos,2553
2023-11-03,NotMilk,1071,2180,proteina de arveja,0,0.507,37,457660,0,4,11,2023,Canada,1639,Estados Unidos,2553
2023-11-04,NotMilk,955,2180,proteina de arveja,0,0.497,41,456589,0,5,11,2023,Canada,1639,Estados Unidos,2553
2023-11-05,NotMilk,974,2180,proteina de arveja,0,0.45,36,455634,0,6,11,2023,Canada,1639,Estados Unidos,2553
2023-11-06,NotMilk,854,2180,proteina de arveja,0,0.497,35,454660,0,0,11,2023,Canada,1639,Estados Unidos,2553
2023-11-07,NotMilk,898,2180,proteina de arveja,0,0.438,33,453806,0,1,11,2023,Canada,1639,Estados Unidos,2553
2023-11-08,NotMilk,935,2180,proteina de arveja,0,0.569,39,452908,0,2,11,2023,Canada,1639,Estados Unidos,2553
2023-11-09,NotMilk,935,2180,proteina de arveja,0,0.432,36,451973,0,3,11,2023,Canada,1639,Estados Unidos,2553
2023-11-10,NotMilk,1146,2180,proteina de arveja,0,0.49,35,451038,0,4,11,2023,Canada,1639,Estados Unidos,2553
2023-11-11,NotMilk,1185,2180,proteina de arveja,0,0.447,40,449892,0,5,11,2023,Canada,1639,Estados Unidos,2553
2023-11-12,NotMilk,1146,2180,proteina de arveja,0,0.527,40,448707,0,6,11,2023,Canada,1639,Estados Unidos,2553
2023-11-13,NotMilk,964,2180,proteina de arveja,0,0.482,38,447561,0,0,11,2023,Canada,1639,Estados Unidos,2553
2023-11-14,NotMilk,908,2180,proteina de arveja,0,0.471,40,446597,0,1,11,2023,Canada,1639,Estados Unidos,2553
2023-11-15,NotMilk,930,2180,proteina de arveja,0,0.539,40,445689,0,2,11,2023,Canada,1639,Estados Unidos,2553
2023-11-16,NotMilk,1092,2180,proteina de arveja,0,0.496,36,444759,0,3,11,2023,Canada,1639,Estados Unidos,2553
2023-11-17,NotMilk,1276,2180,proteina de arveja,0,0.519,36,443667,0,4,11,2023,Canada,1639,Estados Unidos,2553
2023-11-18,NotMilk,1031,2180,proteina de arveja,0,0.442,39,442391,0,5,11,2023,Canada,1639,Estados Unidos,2553
2023-11-19,NotMilk,1264,2180,proteina de arveja,1,0.419,38,441360,0,6,11,2023,Canada,1639,Estados Unidos,2553
2023-11-20,NotMilk,867,2180,proteina de arveja,0,0.492,38,440096,0,0,11,2023,Canada,1639,Estados Unidos,2553
2023-11-21,NotMilk,1120,2180,proteina de arveja,1,0.469,36,439229,0,1,11,2023,Canada,1639,Estados Unidos,2553
2023-11-22,NotMilk,1043,2180,proteina de arveja,0,0.513,39,438109,0,2,11,2023,Canada,1639,Estados Unidos,2553
2023-11-23,NotMilk,1035,2180,proteina de arveja,0,0.475,36,437066,0,3,11,2023,Canada,1639,Estados Unidos,2553
2023-11-24,NotMilk,963,2180,proteina de arveja,0,0.487,38,436031,0,4,11,2023,Canada,1639,Estados Unidos,2553
2023-11-25,NotMilk,1145,2180,proteina de arveja,0,0.392,40,435068,0,5,11,2023,Canada,1639,Estados Unidos,2553
2023-11-26,NotMilk,1153,2180,proteina de arveja,0,0.564,37,433923,0,6,11,2023,Canada,1639,Estados Unidos,2553
2023-11-27,NotMilk,988,2180,proteina de arveja,0,0.458,34,432770,0,0,11,2023,Canada,1639,Estados Unidos,2553
2023-11-28,NotMilk,1213,2180,proteina de arveja,1,0.498,36,431782,0,1,11,2023,Canada,1639,Estados Unidos,2553
2023-11-29,NotMilk,952,2180,proteina de arveja,0,0.417,39,430569,0,2,11,2023,Canada,1639,Estados Unidos,2553
2023-11-30,NotMilk,1001,2180,proteina de arveja,0,0.471,38,429617,0,3,11,2023,Canada,1639,Estados Unidos,2553
2023-12-01,NotMilk,1271,2180,proteina de arveja,0,0.386,36,428616,0,4,12,2023,Canada,1639,Estados Unidos,2553
2023-12-02,NotMilk,1133,2180,proteina de arveja,0,0.469,37,427345,0,5,12,2023,Canada,1639,Estados Unidos,2553
2023-12-03,NotMilk,1295,2180,proteina de arveja,0,0.425,38,426212,0,6,12,2023,Canada,1639,Estados Unidos,2553
2023-12-04,NotMilk,1016,2180,proteina de arveja,0,0.439,36,424917,0,0,12,2023,Canada,1639,Estados Unidos,2553
2023-12-05,NotMilk,881,2180,proteina de arveja,0,0.468,38,423901,0,1,12,2023,Canada,1639,Estados Unidos,2553
2023-12-06,NotMilk,950,2180,proteina de arveja,0,0.367,35,423020,0,2,12,2023,Canada,1639,Estados Unidos,2553
2023-12-07,NotMilk,1134,2180,proteina de arveja,0,0.389,35,422070,0,3,12,2023,Canada,1639,Estados Unidos,2553
2023-12-08,NotMilk,1227,2180,proteina de arveja,0,0.441,36,420936,0,4,12,2023,Canada,1639,Estados Unidos,2553
2023-12-09,NotMilk,1356,2180,proteina de arveja,0,0.518,37,419709,0,5,12,2023,Canada,1639,Estados Unidos,2553
2023-12-10,NotMilk,1147,2180,proteina de arveja,0,0.401,37,418353,0,6,12,2023,Canada,1639,Estados Unidos,2553
2023-12-11,NotMilk,1132,2180,proteina de arveja,1,0.432,38,417206,0,0,12,2023,Canada,1639,Estados Unidos,2553
2023-12-12,NotMilk,1090,2180,proteina de arveja,0,0.392,29,416074,0,1,12,2023,Canada,1639,Estados Unidos,2553
2023-12-13,NotMilk,1027,2180,proteina de arveja,0,0.489,36,414984,0,2,12,2023,Canada,1639,Estados Unidos,2553
2023-12-14,NotMilk,1243,2180,proteina de arveja,0,0.299,35,413957,0,3,12,2023,Canada,1639,Estados Unidos,2553
2023-12-15,NotMilk,1219,2180,proteina de arveja,0,0.385,40,412714,0,4,12,2023,Canada,1639,Estados Unidos,2553
2023-12-16,NotMilk,1710,2180,proteina de arveja,1,0.294,33,411495,0,5,12,2023,Canada,1639,Estados Unidos,2553
2023-12-17,NotMilk,1185,2180,proteina de arveja,0,0.244,35,409785,0,6,12,2023,Canada,1639,Estados Unidos,2553
2023-12-18,NotMilk,865,2180,proteina de arveja,0,0.378,40,408600,0,0,12,2023,Canada,1639,Estados Unidos,2553
2023-12-19,NotMilk,1125,2180,proteina de arveja,0,0.364,34,407735,0,1,12,2023,Canada,1639,Estados Unidos,2553
2023-12-20,NotMilk,1154,2180,proteina de arveja,0,0.337,37,406610,0,2,12,2023,Canada,1639,Estados Unidos,2553
2023-12-21,NotMilk,1462,2180,proteina de arveja,1,0.34,34,405456,0,3,12,2023,Canada,1639,Estados Unidos,2553
2023-12-22,NotMilk,1195,2180,proteina de arveja,0,0.494,37,403994,0,4,12,2023,Canada,1639,Estados Unidos,2553
2023-12-23,NotMilk,1339,2180,proteina de arveja,0,0.32,34,402799,0,5,12,2023,Canada,1639,Estados Unidos,2553
2023-12-24,NotMilk,1190,2180,proteina de arveja,0,0.353,35,401460,0,6,12,2023,Canada,1639,Estados Unidos,2553
2023-12-25,NotMilk,1492,2180,proteina de arveja,1,0.289,41,400270,0,0,12,2023,Canada,1639,Estados Unidos,2553
2023-12-26,NotMilk,1005,2180,proteina de arveja,0,0.33,38,398778,0,1,12,2023,Canada,1639,Estados Unidos,2553
2023-12-27,NotMilk,1482,2180,proteina de arveja,1,0.297,38,397773,0,2,12,2023,Canada,1639,Estados Unidos,2553
2023-12-28,NotMilk,1364,2180,proteina de arveja,0,0.283,36,396291,0,3,12,2023,Canada,1639,Estados Unidos,2553
2023-12-29,NotMilk,1399,2180,proteina de arveja,0,0.388,33,394927,0,4,12,2023,Canada,1639,Estados Unidos,2553
2023-12-30,NotMilk,1218,2180,proteina de arveja,0,0.35,37,393528,0,5,12,2023,Canada,1639,Estados Unidos,2553
2023-12-31,NotMilk,1338,2180,proteina de arveja,0,0.292,38,392310,0,6,12,2023,Canada,1639,Estados Unidos,2553
2024-01-01,NotMilk,1202,2265,proteina de arveja,0,0.164,32,390972,0,0,1,2024,Canada,1639,Estados Unidos,2553
2024-01-02,NotMilk,1264,2265,proteina de arveja,0,0.256,37,389770,0,1,1,2024,Canada,1639,Estados Unidos,2553
2024-01-03,NotMilk,992,2265,proteina de arveja,0,0.403,38,388506,0,2,1,2024,Canada,1639,Estados Unidos,2553
2024-01-04,NotMilk,1271,2265,proteina de arveja,0,0.251,39,387514,0,3,1,2024,Canada,1639,Estados Unidos,2553
2024-01-05,NotMilk,1137,2265,proteina de arveja,0,0.312,35,386243,0,4,1,2024,Canada,1639,Estados Unidos,2553
2024-01-06,NotMilk,1415,2265,proteina de arveja,0,0.324,34,385106,0,5,1,2024,Canada,1639,Estados Unidos,2553
2024-01-07,NotMilk,1600,2265,proteina de arveja,1,0.257,34,383691,0,6,1,2024,Canada,1639,Estados Unidos,2553
2024-01-08,NotMilk,1249,2265,proteina de arveja,0,0.199,37,382091,0,0,1,2024,Canada,1639,Estados Unidos,2553
2024-01-09,NotMilk,1303,2265,proteina de arveja,1,0.114,30,380842,0,1,1,2024,Canada,1639,Estados Unidos,2553
2024-01-10,NotMilk,1227,2265,proteina de arveja,1,0.265,31,379539,0,2,1,2024,Canada,1639,Estados Unidos,2553
2024-01-11,NotMilk,1221,2265,proteina de arveja,0,0.185,34,378312,0,3,1,2024,Canada,1639,Estados Unidos,2553
2024-01-12,NotMilk,1169,2265,proteina de arveja,0,0.229,34,377091,0,4,1,2024,Canada,1639,Estados Unidos,2553
2024-01-13,NotMilk,1462,2265,proteina de arveja,0,0.153,34,375922,0,5,1,2024,Canada,1639,Estados Unidos,2553
2024-01-14,NotMilk,1044,2265,proteina de arveja,0,0.198,36,374460,0,6,1,2024,Canada,1639,Estados Unidos,2553
2024-01-15,NotMilk,1103,2265,proteina de arveja,0,0.208,33,373416,0,0,1,2024,Canada,1639,Estados Unidos,2553
2024-01-16,NotMilk,871,2265,proteina de arveja,0,0.216,31,372313,0,1,1,2024,Canada,1639,Estados Unidos,2553
2024-01-17,NotMilk,1099,2265,proteina de arveja,0,0.142,38,371442,0,2,1,2024,Canada,1639,Estados Unidos,2553
2024-01-18,NotMilk,1459,2265,proteina de arveja,0,0.254,33,370343,0,3,1,2024,Canada,1639,Estados Unidos,2553
2024-01-19,NotMilk,1450,2265,proteina de arveja,0,0.16,32,368884,0,4,1,2024,Canada,1639,Estados Unidos,2553
2024-01-20,NotMilk,1303,2265,proteina de arveja,0,0.103,35,367434,0,5,1,2024,Canada,1639,Estados Unidos,2553
2024-01-21,NotMilk,1265,2265,proteina de arveja,0,0.177,33,366131,0,6,1,2024,Canada,1639,Estados Unidos,2553
2024-01-22,NotMilk,1118,2265,proteina de arveja,0,0.181,34,364866,0,0,1,2024,Canada,1639,Estados Unidos,2553
2024-01-23,NotMilk,1100,2265,proteina de arveja,0,0.184,35,363748,0,1,1,2024,Canada,1639,Estados Unidos,2553
2024-01-24,NotMilk,1018,2265,proteina de arveja,0,0.241,37,362648,0,2,1,2024,Canada,1639,Estados Unidos,2553
2024-01-25,NotMilk,1369,2265,proteina de arveja,0,0.158,33,361630,0,3,1,2024,Canada,1639,Estados Unidos,2553
2024-01-26,NotMilk,1119,2265,proteina de arveja,0,0.161,37,360261,0,4,1,2024,Canada,1639,Estados Unidos,2553
2024-01-27,NotMilk,1754,2265,proteina de arveja,1,0.11,29,359142,0,5,1,2024,Canada,1639,Estados Unidos,2553
2024-01-28,NotMilk,1234,2265,proteina de arveja,0,0.204,36,357388,0,6,1,2024,Canada,1639,Estados Unidos,2553
2024-01-29,NotMilk,1188,2265,proteina de arveja,0,0.17,32,356154,0,0,1,2024,Canada,1639,Estados Unidos,2553
2024-01-30,NotMilk,1075,2265,proteina de arveja,0,0.137,36,354966,0,1,1,2024,Canada,1639,Estados Unidos,2553
2024-01-31,NotMilk,1027,2265,proteina de arveja,0,0.061,33,353891,0,2,1,2024,Canada,1639,Estados Unidos,2553
2024-02-01,NotMilk,1217,2265,proteina de arveja,0,0.227,33,352864,0,3,2,2024,Canada,1639,Estados Unidos,2553
2024-02-02,NotMilk,1467,2265,proteina de arveja,0,0.092,34,351647,0,4,2,2024,Canada,1639,Estados Unidos,2553
2024-02-03,NotMilk,1424,2265,proteina de arveja,0,0.123,35,350180,0,5,2,2024,Canada,1639,Estados Unidos,2553
2024-02-04,NotMilk,1238,2265,proteina de arveja,0,0.17,35,348756,0,6,2,2024,Canada,1639,Estados Unidos,2553
2024-02-05,NotMilk,1098,2265,proteina de arveja,0,0.091,31,347518,0,0,2,2024,Canada,1639,Estados Unidos,2553
2024-02-06,NotMilk,1143,2265,proteina de arveja,0,0.076,32,346420,0,1,2,2024,Canada,1639,Estados Unidos,2553
2024-02-07,NotMilk,1119,2265,proteina de arveja,0,0.044,33,345277,0,2,2,2024,Canada,1639,Estados Unidos,2553
2024-02-08,NotMilk,1324,2265,proteina de arveja,0,0.186,34,344158,0,3,2,2024,Canada,1639,Estados Unidos,2553
2024-02-09,NotMilk,1709,2265,proteina de arveja,0,0.123,35,342834,0,4,2,2024,Canada,1639,Estados Unidos,2553
2024-02-10,NotMilk,1280,2265,proteina de arveja,0,0.297,32,341125,0,5,2,2024,Canada,1639,Estados Unidos,2553
2024-02-11,NotMilk,1115,2265,proteina de arveja,0,0.101,34,339845,0,6,2,2024,Canada,1639,Estados Unidos,2553
2024-02-12,NotMilk,1223,2265,proteina de arveja,0,0.106,33,338730,0,0,2,2024,Canada,1639,Estados Unidos,2553
2024-02-13,NotMilk,1032,2265,proteina de arveja,0,0.124,32,337507,0,1,2,2024,Canada,1639,Estados Unidos,2553
2024-02-14,NotMilk,1146,2265,proteina de arveja,0,0.166,33,336475,0,2,2,2024,Canada,1639,Estados Unidos,2553
2024-02-15,NotMilk,1258,2265,proteina de arveja,0,0.131,33,335329,0,3,2,2024,Canada,1639,Estados Unidos,2553
2024-02-16,NotMilk,1435,2265,proteina de arveja,0,0.187,27,334071,0,4,2,2024,Canada,1639,Estados Unidos,2553
2024-02-17,NotMilk,1640,2265,proteina de arveja,0,0.109,32,332636,0,5,2,2024,Canada,1639,Estados Unidos,2553
2024-02-18,NotMilk,1400,2265,proteina de arveja,0,0.091,31,330996,0,6,2,2024,Canada,1639,Estados Unidos,2553
2024-02-19,NotMilk,1236,2265,proteina de arveja,0,0.072,34,329596,0,0,2,2024,Canada,1639,Estados Unidos,2553
2024-02-20,NotMilk,972,2265,proteina de arveja,0,0.053,31,328360,0,1,2,2024,Canada,1639,Estados Unidos,2553
2024-02-21,NotMilk,1073,2265,proteina de arveja,0,0.141,33,327388,0,2,2,2024,Canada,1639,Estados Unidos,2553
2024-02-22,NotMilk,1042,2265,proteina de arveja,0,0.155,37,326315,0,3,2,2024,Canada,1639,Estados Unidos,2553
2024-02-23,NotMilk,1376,2265,proteina de arveja,0,0.141,36,325273,0,4,2,2024,Canada,1639,Estados Unidos,2553
2024-02-24,NotMilk,1571,2265,proteina de arveja,0,0.238,37,323897,0,5,2,2024,Canada,1639,Estados Unidos,2553
2024-02-25,NotMilk,1375,2265,proteina de arveja,0,0.24,34,322326,0,6,2,2024,Canada,1639,Estados Unidos,2553
2024-02-26,NotMilk,1139,2265,proteina de arveja,0,0.166,35,320951,0,0,2,2024,Canada,1639,Estados Unidos,2553
2024-02-27,NotMilk,1097,2265,proteina de arveja,0,0.096,33,319812,0,1,2,2024,Canada,1639,Estados Unidos,2553
2024-02-28,NotMilk,1119,2265,proteina de arveja,0,0.161,34,318715,0,2,2,2024,Canada,1639,Estados Unidos,2553
2024-02-29,NotMilk,1373,2265,proteina de arveja,0,0.164,35,317596,0,3,2,2024,Canada,1639,Estados Unidos,2553
2024-03-01,NotMilk,1564,2265,proteina de arveja,0,0.165,33,316223,0,4,3,2024,Canada,1639,Estados Unidos,2553
2024-03-02,NotMilk,1272,2265,proteina de arveja,0,0.167,37,314659,0,5,3,2024,Canada,1639,Estados Unidos,2553
2024-03-03,NotMilk,1353,2265,proteina de arveja,0,0.173,34,313387,0,6,3,2024,Canada,1639,Estados Unidos,2553
2024-03-04,NotMilk,1247,2265,proteina de arveja,0,0.191,36,312034,0,0,3,2024,Canada,1639,Estados Unidos,2553
2024-03-05,NotMilk,1063,2265,proteina de arveja,0,0.183,37,310787,0,1,3,2024,Canada,1639,Estados Unidos,2553
2024-03-06,NotMilk,1250,2265,proteina de arveja,0,0.23,37,309724,0,2,3,2024,Canada,1639,Estados Unidos,2553
2024-03-07,NotMilk,1654,2265,proteina de arveja,0,0.243,32,308474,0,3,3,2024,Canada,1639,Estados Unidos,2553
2024-03-08,NotMilk,1460,2265,proteina de arveja,0,0.184,35,306820,0,4,3,2024,Canada,1639,Estados Unidos,2553
2024-03-09,NotMilk,1505,2265,proteina de arveja,0,0.299,37,305360,0,5,3,2024,Canada,1639,Estados Unidos,2553
2024-03-10,NotMilk,1241,2265,proteina de arveja,0,0.191,36,303855,0,6,3,2024,Canada,1639,Estados Unidos,2553
2024-03-11,NotMilk,1175,2265,proteina de arveja,0,0.165,32,302614,0,0,3,2024,Canada,1639,Estados Unidos,2553
2024-03-12,NotMilk,1137,2265,proteina de arveja,0,0.27,34,301439,0,1,3,2024,Canada,1639,Estados Unidos,2553
2024-03-13,NotMilk,1199,2265,proteina de arveja,0,0.216,37,300302,0,2,3,2024,Canada,1639,Estados Unidos,2553
2024-03-14,NotMilk,1236,2265,proteina de arveja,0,0.278,34,299103,0,3,3,2024,Canada,1639,Estados Unidos,2553
2024-03-15,NotMilk,1492,2265,proteina de arveja,0,0.147,33,297867,0,4,3,2024,Canada,1639,Estados Unidos,2553
2024-03-16,NotMilk,1624,2265,proteina de arveja,0,0.343,39,296375,0,5,3,2024,Canada,1639,Estados Unidos,2553
2024-03-17,NotMilk,1676,2265,proteina de arveja,1,0.313,36,294751,0,6,3,2024,Canada,1639,Estados Unidos,2553
2024-03-18,NotMilk,1242,2265,proteina de arveja,0,0.21,33,293075,0,0,3,2024,Canada,1639,Estados Unidos,2553
2024-03-19,NotMilk,1071,2265,proteina de arveja,0,0.217,33,291833,0,1,3,2024,Canada,1639,Estados Unidos,2553
2024-03-20,NotMilk,1245,2265,proteina de arveja,0,0.38,37,290762,0,2,3,2024,Canada,1639,Estados Unidos,2553
2024-03-21,NotMilk,1369,2265,proteina de arveja,0,0.266,33,289517,0,3,3,2024,Canada,1639,Estados Unidos,2553
2024-03-22,NotMilk,1348,2265,proteina de arveja,0,0.267,35,288148,0,4,3,2024,Canada,1639,Estados Unidos,2553
2024-03-23,NotMilk,1482,2265,proteina de arveja,0,0.201,35,286800,0,5,3,2024,Canada,1639,Estados Unidos,2553
2024-03-24,NotMilk,1202,2265,proteina de arveja,0,0.303,38,285318,0,6,3,2024,Canada,1639,Estados Unidos,2553
2024-03-25,NotMilk,1088,2265,proteina de arveja,0,0.315,37,284116,0,0,3,2024,Canada,1639,Estados Unidos,2553
2024-03-26,NotMilk,1504,2265,proteina de arveja,1,0.369,35,283028,0,1,3,2024,Canada,1639,Estados Unidos,2553
2024-03-27,NotMilk,1194,2265,proteina de arveja,0,0.269,38,281524,0,2,3,2024,Canada,1639,Estados Unidos,2553
2024-03-28,NotMilk,1202,2265,proteina de arveja,0,0.269,35,280330,0,3,3,2024,Canada,1639,Estados Unidos,2553
2024-03-29,NotMilk,2095,2265,proteina de arveja,1,0.373,34,279128,0,4,3,2024,Canada,1639,Estados Unidos,2553
2024-03-30,NotMilk,1498,2265,proteina de arveja,0,0.407,37,277033,0,5,3,2024,Canada,1639,Estados Unidos,2553
2024-03-31,NotMilk,1600,2265,proteina de arveja,1,0.284,38,275535,0,6,3,2024,Canada,1639,Estados Unidos,2553
2024-04-01,NotMilk,996,2265,proteina de arveja,0,0.423,37,273935,0,0,4,2024,Canada,1639,Estados Unidos,2553
2024-04-02,NotMilk,1062,2265,proteina de arveja,0,0.376,37,272939,0,1,4,2024,Canada,1639,Estados Unidos,2553
2024-04-03,NotMilk,1114,2265,proteina de arveja,0,0.435,40,271877,0,2,4,2024,Canada,1639,Estados Unidos,2553
2024-04-04,NotMilk,1327,2265,proteina de arveja,0,0.382,34,270763,0,3,4,2024,Canada,1639,Estados Unidos,2553
2024-04-05,NotMilk,1391,2265,proteina de arveja,0,0.265,33,269436,0,4,4,2024,Canada,1639,Estados Unidos,2553
2024-04-06,NotMilk,1190,2265,proteina de arveja,0,0.389,33,268045,0,5,4,2024,Canada,1639,Estados Unidos,2553
2024-04-07,NotMilk,1241,2265,proteina de arveja,0,0.455,38,266855,0,6,4,2024,Canada,1639,Estados Unidos,2553
2024-04-08,NotMilk,1095,2265,proteina de arveja,0,0.363,37,265614,0,0,4,2024,Canada,1639,Estados Unidos,2553
2024-04-09,NotMilk,1116,2265,proteina de arveja,0,0.394,40,264519,0,1,4,2024,Canada,1639,Estados Unidos,2553
2024-04-10,NotMilk,1078,2265,proteina de arveja,0,0.409,37,263403,0,2,4,2024,Canada,1639,Estados Unidos,2553
2024-04-11,NotMilk,1897,2265,proteina de arveja,1,0.278,35,262325,0,3,4,2024,Canada,1639,Estados Unidos,2553
2024-04-12,NotMilk,1603,2265,proteina de arveja,1,0.512,38,260428,0,4,4,2024,Canada,1639,Estados Unidos,2553
2024-04-13,NotMilk,1547,2265,proteina de arveja,0,0.388,37,258825,0,5,4,2024,Canada,1639,Estados Unidos,2553
2024-04-14,NotMilk,1241,2265,proteina de arveja,0,0.463,34,257278,0,6,4,2024,Canada,1639,Estados Unidos,2553
2024-04-15,NotMilk,1184,2265,proteina de arveja,0,0.438,43,256037,0,0,4,2024,Canada,1639,Estados Unidos,2553
2024-04-16,NotMilk,1054,2265,proteina de arveja,0,0.509,39,254853,0,1,4,2024,Canada,1639,Estados Unidos,2553
2024-04-17,NotMilk,1229,2265,proteina de arveja,0,0.471,38,253799,0,2,4,2024,Canada,1639,Estados Unidos,2553
2024-04-18,NotMilk,1242,2265,proteina de arveja,0,0.443,39,252570,0,3,4,2024,Canada,1639,Estados Unidos,2553
2024-04-19,NotMilk,1272,2265,proteina de arveja,0,0.414,38,251328,0,4,4,2024,Canada,1639,Estados Unidos,2553
2024-04-20,NotMilk,1536,2265,proteina de arveja,0,0.502,38,250056,0,5,4,2024,Canada,1639,Estados Unidos,2553
2024-04-21,NotMilk,1234,2265,proteina de arveja,0,0.373,35,248520,0,6,4,2024,Canada,1639,Estados Unidos,2553
2024-04-22,NotMilk,1111,2265,proteina de arveja,0,0.502,39,247286,0,0,4,2024,Canada,1639,Estados Unidos,2553
2024-04-23,NotMilk,1133,2265,proteina de arveja,0,0.418,38,246175,0,1,4,2024,Canada,1639,Estados Unidos,2553
2024-04-24,NotMilk,1277,2265,proteina de arveja,1,0.539,37,245042,0,2,4,2024,Canada,1639,Estados Unidos,2553
2024-04-25,NotMilk,1321,2265,proteina de arveja,0,0.487,41,243765,0,3,4,2024,Canada,1639,Estados Unidos,2553
2024-04-26,NotMilk,1308,2265,proteina de arveja,0,0.514,39,242444,0,4,4,2024,Canada,1639,Estados Unidos,2553
2024-04-27,NotMilk,1343,2265,proteina de arveja,0,0.489,39,241136,0,5,4,2024,Canada,1639,Estados Unidos,2553
2024-04-28,NotMilk,1231,2265,proteina de arveja,0,0.399,40,239793,0,6,4,2024,Canada,1639,Estados Unidos,2553
2024-04-29,NotMilk,944,2265,proteina de arveja,0,0.446,37,238562,0,0,4,2024,Canada,1639,Estados Unidos,2553
2024-04-30,NotMilk,951,2265,proteina de arveja,0,0.525,39,237618,0,1,4,2024,Canada,1639,Estados Unidos,2553
2024-05-01,NotMilk,1207,2265,proteina de arveja,0,0.501,40,236667,0,2,5,2024,Canada,1639,Estados Unidos,2553
2024-05-02,NotMilk,1327,2265,proteina de arveja,0,0.553,37,235460,0,3,5,2024,Canada,1639,Estados Unidos,2553
2024-05-03,NotMilk,1341,2265,proteina de arveja,0,0.516,38,234133,0,4,5,2024,Canada,1639,Estados Unidos,2553
2024-05-04,NotMilk,1358,2265,proteina de arveja,0,0.449,38,232792,0,5,5,2024,Canada,1639,Estados Unidos,2553
2024-05-05,NotMilk,1574,2265,proteina de arveja,1,0.458,36,231434,0,6,5,2024,Canada,1639,Estados Unidos,2553
2024-05-06,NotMilk,1167,2265,proteina de arveja,0,0.504,43,229860,0,0,5,2024,Canada,1639,Estados Unidos,2553
2024-05-07,NotMilk,979,2265,proteina de arveja,0,0.384,34,228693,0,1,5,2024,Canada,1639,Estados Unidos,2553
2024-05-08,NotMilk,1392,2265,proteina de arveja,1,0.583,36,227714,0,2,5,2024,Canada,1639,Estados Unidos,2553
2024-05-09,NotMilk,1326,2265,proteina de arveja,0,0.522,41,226322,0,3,5,2024,Canada,1639,Estados Unidos,2553
2024-05-10,NotMilk,1240,2265,proteina de arveja,0,0.561,40,224996,0,4,5,2024,Canada,1639,Estados Unidos,2553
2024-05-11,NotMilk,1469,2265,proteina de arveja,0,0.421,35,223756,0,5,5,2024,Canada,1639,Estados Unidos,2553
2024-05-12,NotMilk,1034,2265,proteina de arveja,0,0.562,40,222287,0,6,5,2024,Canada,1639,Estados Unidos,2553
2024-05-13,NotMilk,1467,2265,proteina de arveja,1,0.61,42,221253,0,0,5,2024,Canada,1639,Estados Unidos,2553
2024-05-14,NotMilk,946,2265,proteina de arveja,0,0.432,37,219786,0,1,5,2024,Canada,1639,Estados Unidos,2553
2024-05-15,NotMilk,1026,2265,proteina de arveja,0,0.535,44,218840,0,2,5,2024,Canada,1639,Estados Unidos,2553
2024-05-16,NotMilk,1010,2265,proteina de arveja,0,0.496,34,217814,0,3,5,2024,Canada,1639,Estados Unidos,2553
2024-05-17,NotMilk,1247,2265,proteina de arveja,0,0.417,38,216804,0,4,5,2024,Canada,1639,Estados Unidos,2553
2024-05-18,NotMilk,1173,2265,proteina de arveja,0,0.517,41,215557,0,5,5,2024,Canada,1639,Estados Unidos,2553
2024-05-19,NotMilk,1097,2265,proteina de arveja,0,0.532,40,214384,0,6,5,2024,Canada,1639,Estados Unidos,2553
2024-05-20,NotMilk,999,2265,proteina de arveja,0,0.458,37,213287,0,0,5,2024,Canada,1639,Estados Unidos,2553
2024-05-21,NotMilk,1027,2265,proteina de arveja,0,0.544,38,212288,0,1,5,2024,Canada,1639,Estados Unidos,2553
2024-05-22,NotMilk,1041,2265,proteina de arveja,0,0.4,38,211261,0,2,5,2024,Canada,1639,Estados Unidos,2553
2024-05-23,NotMilk,1581,2265,proteina de arveja,1,0.406,39,210220,0,3,5,2024,Canada,1639,Estados Unidos,2553
2024-05-24,NotMilk,1155,2265,proteina de arveja,0,0.485,39,208639,0,4,5,2024,Canada,1639,Estados Unidos,2553
2024-05-25,NotMilk,1163,2265,proteina de arveja,0,0.477,40,207484,0,5,5,2024,Canada,1639,Estados Unidos,2553
2024-05-26,NotMilk,1291,2265,proteina de arveja,0,0.436,35,206321,0,6,5,2024,Canada,1639,Estados Unidos,2553
2024-05-27,NotMilk,930,2265,proteina de arveja,0,0.509,38,205030,0,0,5,2024,Canada,1639,Estados Unidos,2553
2024-05-28,NotMilk,1056,2265,proteina de arveja,0,0.492,36,204100,0,1,5,2024,Canada,1639,Estados Unidos,2553
2024-05-29,NotMilk,982,2265,proteina de arveja,0,0.504,37,203044,0,2,5,2024,Canada,1639,Estados Unidos,2553
2024-05-30,NotMilk,1139,2265,proteina de arveja,0,0.452,39,202062,0,3,5,2024,Canada,1639,Estados Unidos,2553
2024-05-31,NotMilk,1344,2265,proteina de arveja,0,0.484,38,200923,0,4,5,2024,Canada,1639,Estados Unidos,2553
2024-06-01,NotMilk,1347,2265,proteina de arveja,0,0.427,42,199579,0,5,6,2024,Canada,1639,Estados Unidos,2553
2024-06-02,NotMilk,1371,2265,proteina de arveja,1,0.548,39,198232,0,6,6,2024,Canada,1639,Estados Unidos,2553
2024-06-03,NotMilk,935,2265,proteina de arveja,0,0.4,37,196861,0,0,6,2024,Canada,1639,Estados Unidos,2553
2024-06-04,NotMilk,908,2265,proteina de arveja,0,0.541,39,195926,0,1,6,2024,Canada,1639,Estados Unidos,2553
2024-06-05,NotMilk,1005,2265,proteina de arveja,0,0.433,36,195018,0,2,6,2024,Canada,1639,Estados Unidos,2553
2024-06-06,NotMilk,1192,2265,proteina de arveja,0,0.358,36,194013,0,3,6,2024,Canada,1639,Estados Unidos,2553
2024-06-07,NotMilk,1210,2265,proteina de arveja,0,0.49,40,192821,0,4,6,2024,Canada,1639,Estados Unidos,2553
2024-06-08,NotMilk,1254,2265,proteina de arveja,0,0.423,37,191611,0,5,6,2024,Canada,1639,Estados Unidos,2553
2024-06-09,NotMilk,1218,2265,proteina de arveja,0,0.454,36,190357,0,6,6,2024,Canada,1639,Estados Unidos,2553
2024-06-10,NotMilk,972,2265,proteina de arveja,0,0.467,36,189139,0,0,6,2024,Canada,1639,Estados Unidos,2553
2024-06-11,NotMilk,913,2265,proteina de arveja,0,0.418,36,188167,0,1,6,2024,Canada,1639,Estados Unidos,2553
2024-06-12,NotMilk,840,2265,proteina de arveja,0,0.366,37,187254,0,2,6,2024,Canada,1639,Estados Unidos,2553
2024-06-13,NotMilk,858,2265,proteina de arveja,0,0.439,40,186414,0,3,6,2024,Canada,1639,Estados Unidos,2553
2024-06-14,NotMilk,1219,2265,proteina de arveja,0,0.384,34,185556,0,4,6,2024,Canada,1639,Estados Unidos,2553
2024-06-15,NotMilk,1159,2265,proteina de arveja,0,0.413,36,184337,0,5,6,2024,Canada,1639,Estados Unidos,2553
2024-06-16,NotMilk,1009,2265,proteina de arveja,0,0.265,35,183178,0,6,6,2024,Canada,1639,Estados Unidos,2553
2024-06-17,NotMilk,939,2265,proteina de arveja,0,0.389,33,182169,0,0,6,2024,Canada,1639,Estados Unidos,2553
2024-06-18,NotMilk,866,2265,proteina de arveja,0,0.329,34,181230,0,1,6,2024,Canada,1639,Estados Unidos,2553
2024-06-19,NotMilk,1018,2265,proteina de arveja,0,0.438,36,180364,0,2,6,2024,Canada,1639,Estados Unidos,2553
2024-06-20,NotMilk,1069,2265,proteina de arveja,0,0.38,35,179346,0,3,6,2024,Canada,1639,Estados Unidos,2553
2024-06-21,NotMilk,1086,2265,proteina de arveja,0,0.355,37,178277,0,4,6,2024,Canada,1639,Estados Unidos,2553
2024-06-22,NotMilk,1231,2265,proteina de arveja,0,0.361,36,177191,0,5,6,2024,Canada,1639,Estados Unidos,2553
2024-06-23,NotMilk,1011,2265,proteina de arveja,0,0.281,34,175960,0,6,6,2024,Canada,1639,Estados Unidos,2553
2024-06-24,NotMilk,939,2265,proteina de arveja,0,0.406,38,174949,0,0,6,2024,Canada,1639,Estados Unidos,2553
2024-06-25,NotMilk,818,2265,proteina de arveja,0,0.419,40,174010,0,1,6,2024,Canada,1639,Estados Unidos,2553
2024-06-26,NotMilk,866,2265,proteina de arveja,0,0.333,39,173192,0,2,6,2024,Canada,1639,Estados Unidos,2553
2024-06-27,NotMilk,1045,2265,proteina de arveja,0,0.387,33,172326,0,3,6,2024,Canada,1639,Estados Unidos,2553
2024-06-28,NotMilk,1130,2265,proteina de arveja,0,0.273,36,171281,0,4,6,2024,Canada,1639,Estados Unidos,2553
2024-06-29,NotMilk,1159,2265,proteina de arveja,0,0.255,35,170151,0,5,6,2024,Canada,1639,Estados Unidos,2553
2024-06-30,NotMilk,985,2265,proteina de arveja,0,0.291,36,168992,0,6,6,2024,Canada,1639,Estados Unidos,2553
2024-07-01,NotMilk,1040,2265,proteina de arveja,1,0.305,35,168007,0,0,7,2024,Canada,1639,Estados Unidos,2553
2024-07-02,NotMilk,803,2265,proteina de arveja,0,0.258,35,166967,0,1,7,2024,Canada,1639,Estados Unidos,2553
2024-07-03,NotMilk,950,2265,proteina de arveja,0,0.299,36,166164,0,2,7,2024,Canada,1639,Estados Unidos,2553
2024-07-04,NotMilk,992,2265,proteina de arveja,0,0.281,34,165214,0,3,7,2024,Canada,1639,Estados Unidos,2553
2024-07-05,NotMilk,1084,2265,proteina de arveja,0,0.211,33,164222,0,4,7,2024,Canada,1639,Estados Unidos,2553
2024-07-06,NotMilk,1179,2265,proteina de arveja,0,0.281,34,163138,0,5,7,2024,Canada,1639,Estados Unidos,2553
2024-07-07,NotMilk,929,2265,proteina de arveja,0,0.293,36,161959,0,6,7,2024,Canada,1639,Estados Unidos,2553
2024-07-08,NotMilk,757,2265,proteina de arveja,0,0.253,36,161030,0,0,7,2024,Canada,1639,Estados Unidos,2553
2024-07-09,NotMilk,805,2265,proteina de arveja,0,0.296,37,160273,0,1,7,2024,Canada,1639,Estados Unidos,2553
2024-07-10,NotMilk,842,2265,proteina de arveja,0,0.173,33,159468,0,2,7,2024,Canada,1639,Estados Unidos,2553
2024-07-11,NotMilk,919,2265,proteina de arveja,0,0.252,36,158626,0,3,7,2024,Canada,1639,Estados Unidos,2553
2024-07-12,NotMilk,1069,2265,proteina de arveja,0,0.165,36,157707,0,4,7,2024,Canada,1639,Estados Unidos,2553
2024-07-13,NotMilk,1113,2265,proteina de arveja,0,0.163,36,156638,0,5,7,2024,Canada,1639,Estados Unidos,2553
2024-07-14,NotMilk,966,2265,proteina de arveja,0,0.182,34,155525,0,6,7,2024,Canada,1639,Estados Unidos,2553
2024-07-15,NotMilk,868,2265,proteina de arveja,0,0.162,34,154559,0,0,7,2024,Canada,1639,Estados Unidos,2553
2024-07-16,NotMilk,916,2265,proteina de arveja,0,0.177,35,153691,0,1,7,2024,Canada,1639,Estados Unidos,2553
2024-07-17,NotMilk,836,2265,proteina de arveja,0,0.19,32,152775,0,2,7,2024,Canada,1639,Estados Unidos,2553
2024-07-18,NotMilk,1000,2265,proteina de arveja,0,0.238,34,151939,0,3,7,2024,Canada,1639,Estados Unidos,2553
2024-07-19,NotMilk,1021,2265,proteina de arveja,0,0.176,36,150939,0,4,7,2024,Canada,1639,Estados Unidos,2553
2024-07-20,NotMilk,981,2265,proteina de arveja,0,0.109,35,149918,0,5,7,2024,Canada,1639,Estados Unidos,2553
2024-07-21,NotMilk,906,2265,proteina de arveja,0,0.242,34,148937,0,6,7,2024,Canada,1639,Estados Unidos,2553
2024-07-22,NotMilk,801,2265,proteina de arveja,0,0.14,34,148031,0,0,7,2024,Canada,1639,Estados Unidos,2553
2024-07-23,NotMilk,810,2265,proteina de arveja,0,0.175,32,147230,0,1,7,2024,Canada,1639,Estados Unidos,2553
2024-07-24,NotMilk,1005,2265,proteina de arveja,0,0.197,36,146420,0,2,7,2024,Canada,1639,Estados Unidos,2553
2024-07-25,NotMilk,1211,2265,proteina de arveja,1,0.182,34,145415,0,3,7,2024,Canada,1639,Estados Unidos,2553
2024-07-26,NotMilk,1013,2265,proteina de arveja,0,0.224,34,144204,0,4,7,2024,Canada,1639,Estados Unidos,2553
2024-07-27,NotMilk,1032,2265,proteina de arveja,0,0.19,34,143191,0,5,7,2024,Canada,1639,Estados Unidos,2553
2024-07-28,NotMilk,966,2265,proteina de arveja,0,0.121,33,142159,0,6,7,2024,Canada,1639,Estados Unidos,2553
2024-07-29,NotMilk,838,2265,proteina de arveja,0,0.271,34,141193,0,0,7,2024,Canada,1639,Estados Unidos,2553
2024-07-30,NotMilk,856,2265,proteina de arveja,0,0.169,35,140355,0,1,7,2024,Canada,1639,Estados Unidos,2553
2024-07-31,NotMilk,672,2265,proteina de arveja,0,0.15,33,139499,0,2,7,2024,Canada,1639,Estados Unidos,2553
2024-08-01,NotMilk,769,2265,proteina de arveja,0,0.204,38,138827,0,3,8,2024,Canada,1639,Estados Unidos,2553
2024-08-02,NotMilk,994,2265,proteina de arveja,0,0.167,37,138058,0,4,8,2024,Canada,1639,Estados Unidos,2553
2024-08-03,NotMilk,1114,2265,proteina de arveja,0,0.173,32,137064,0,5,8,2024,Canada,1639,Estados Unidos,2553
2024-08-04,NotMilk,809,2265,proteina de arveja,0,0.277,35,135950,0,6,8,2024,Canada,1639,Estados Unidos,2553
2024-08-05,NotMilk,616,2265,proteina de arveja,0,0.138,32,135141,0,0,8,2024,Canada,1639,Estados Unidos,2553
2024-08-06,NotMilk,803,2265,proteina de arveja,0,0.135,33,134525,0,1,8,2024,Canada,1639,Estados Unidos,2553
2024-08-07,NotMilk,842,2265,proteina de arveja,0,0.156,38,133722,0,2,8,2024,Canada,1639,Estados Unidos,2553
2024-08-08,NotMilk,858,2265,proteina de arveja,0,0.204,34,132880,0,3,8,2024,Canada,1639,Estados Unidos,2553
2024-08-09,NotMilk,944,2265,proteina de arveja,0,0.075,34,132022,0,4,8,2024,Canada,1639,Estados Unidos,2553
2024-08-10,NotMilk,936,2265,proteina de arveja,0,0.052,34,131078,0,5,8,2024,Canada,1639,Estados Unidos,2553
2024-08-11,NotMilk,925,2265,proteina de arveja,0,0.121,31,130142,0,6,8,2024,Canada,1639,Estados Unidos,2553
2024-08-12,NotMilk,764,2265,proteina de arveja,0,0.069,31,129217,0,0,8,2024,Canada,1639,Estados Unidos,2553
2024-08-13,NotMilk,792,2265,proteina de arveja,0,0.131,31,128453,0,1,8,2024,Canada,1639,Estados Unidos,2553
2024-08-14,NotMilk,632,2265,proteina de arveja,0,0.178,32,127661,0,2,8,2024,Canada,1639,Estados Unidos,2553
2024-08-15,NotMilk,870,2265,proteina de arveja,0,0.11,28,127029,0,3,8,2024,Canada,1639,Estados Unidos,2553
2024-08-16,NotMilk,926,2265,proteina de arveja,0,0.084,34,126159,0,4,8,2024,Canada,1639,Estados Unidos,2553
2024-08-17,NotMilk,1275,2265,proteina de arveja,1,0.161,38,125233,0,5,8,2024,Canada,1639,Estados Unidos,2553
2024-08-18,NotMilk,872,2265,proteina de arveja,0,0.202,35,123958,0,6,8,2024,Canada,1639,Estados Unidos,2553
2024-08-19,NotMilk,851,2265,proteina de arveja,0,0.076,30,123086,0,0,8,2024,Canada,1639,Estados Unidos,2553
2024-08-20,NotMilk,645,2265,proteina de arveja,0,0.204,33,122235,0,1,8,2024,Canada,1639,Estados Unidos,2553
2024-08-21,NotMilk,819,2265,proteina de arveja,0,0.206,34,121590,0,2,8,2024,Canada,1639,Estados Unidos,2553
2024-08-22,NotMilk,972,2265,proteina de arveja,0,0.216,33,120771,0,3,8,2024,Canada,1639,Estados Unidos,2553
2024-08-23,NotMilk,1166,2265,proteina de arveja,0,0.232,37,119799,0,4,8,2024,Canada,1639,Estados Unidos,2553
2024-08-24,NotMilk,967,2265,proteina de arveja,0,0.284,37,118633,0,5,8,2024,Canada,1639,Estados Unidos,2553
2024-08-25,NotMilk,933,2265,proteina de arveja,0,0.159,32,117666,0,6,8,2024,Canada,1639,Estados Unidos,2553
2024-08-26,NotMilk,933,2265,proteina de arveja,1,0.186,36,116733,0,0,8,2024,Canada,1639,Estados Unidos,2553
2024-08-27,NotMilk,771,2265,proteina de arveja,1,0.163,37,115800,0,1,8,2024,Canada,1639,Estados Unidos,2553
2024-08-28,NotMilk,871,2265,proteina de arveja,0,0.187,38,115029,0,2,8,2024,Canada,1639,Estados Unidos,2553
2024-08-29,NotMilk,930,2265,proteina de arveja,0,0.268,41,114158,0,3,8,2024,Canada,1639,Estados Unidos,2553
2024-08-30,NotMilk,1111,2265,proteina de arveja,0,0.128,32,113228,0,4,8,2024,Canada,1639,Estados Unidos,2553
2024-08-31,NotMilk,896,2265,proteina de arveja,0,0.156,40,112117,0,5,8,2024,Canada,1639,Estados Unidos,2553
2024-09-01,NotMilk,949,2265,proteina de arveja,0,0.272,35,111221,0,6,9,2024,Canada,1639,Estados Unidos,2553
2024-09-02,NotMilk,921,2265,proteina de arveja,0,0.259,34,110272,0,0,9,2024,Canada,1639,Estados Unidos,2553
2024-09-03,NotMilk,785,2265,proteina de arveja,0,0.194,35,109351,0,1,9,2024,Canada,1639,Estados Unidos,2553
2024-09-04,NotMilk,836,2265,proteina de arveja,0,0.26,34,108566,0,2,9,2024,Canada,1639,Estados Unidos,2553
2024-09-05,NotMilk,935,2265,proteina de arveja,0,0.239,36,107730,0,3,9,2024,Canada,1639,Estados Unidos,2553
2024-09-06,NotMilk,892,2265,proteina de arveja,0,0.302,33,106795,0,4,9,2024,Canada,1639,Estados Unidos,2553
2024-09-07,NotMilk,1121,2265,proteina de arveja,0,0.236,34,105903,0,5,9,2024,Canada,1639,Estados Unidos,2553
2024-09-08,NotMilk,871,2265,proteina de arveja,0,0.288,38,104782,0,6,9,2024,Canada,1639,Estados Unidos,2553
2024-09-09,NotMilk,838,2265,proteina de arveja,0,0.374,36,103911,0,0,9,2024,Canada,1639,Estados Unidos,2553
2024-09-10,NotMilk,824,2265,proteina de arveja,1,0.277,36,103073,0,1,9,2024,Canada,1639,Estados Unidos,2553
2024-09-11,NotMilk,746,2265,proteina de arveja,0,0.255,36,102249,0,2,9,2024,Canada,1639,Estados Unidos,2553
2024-09-12,NotMilk,1049,2265,proteina de arveja,0,0.295,38,101503,0,3,9,2024,Canada,1639,Estados Unidos,2553
2024-09-13,NotMilk,999,2265,proteina de arveja,0,0.246,32,100454,0,4,9,2024,Canada,1639,Estados Unidos,2553
2024-09-14,NotMilk,1139,2265,proteina de arveja,0,0.389,38,99455,0,5,9,2024,Canada,1639,Estados Unidos,2553
2024-09-15,NotMilk,918,2265,proteina de arveja,0,0.285,35,98316,0,6,9,2024,Canada,1639,Estados Unidos,2553
2024-09-16,NotMilk,693,2265,proteina de arveja,0,0.268,36,97398,0,0,9,2024,Canada,1639,Estados Unidos,2553
2024-09-17,NotMilk,826,2265,proteina de arveja,0,0.245,37,96705,0,1,9,2024,Canada,1639,Estados Unidos,2553
2024-09-18,NotMilk,793,2265,proteina de arveja,0,0.348,34,95879,0,2,9,2024,Canada,1639,Estados Unidos,2553
2024-09-19,NotMilk,1004,2265,proteina de arveja,0,0.342,34,95086,0,3,9,2024,Canada,1639,Estados Unidos,2553
2024-09-20,NotMilk,1041,2265,proteina de arveja,0,0.28,31,94082,0,4,9,2024,Canada,1639,Estados Unidos,2553
2024-09-21,NotMilk,904,2265,proteina de arveja,0,0.34,35,93041,0,5,9,2024,Canada,1639,Estados Unidos,2553
2024-09-22,NotMilk,947,2265,proteina de arveja,0,0.242,38,92137,0,6,9,2024,Canada,1639,Estados Unidos,2553
2024-09-23,NotMilk,968,2265,proteina de arveja,0,0.332,36,91190,0,0,9,2024,Canada,1639,Estados Unidos,2553
2024-09-24,NotMilk,812,2265,proteina de arveja,0,0.352,34,90222,0,1,9,2024,Canada,1639,Estados Unidos,2553
2024-09-25,NotMilk,839,2265,proteina de arveja,0,0.42,36,89410,0,2,9,2024,Canada,1639,Estados Unidos,2553
2024-09-26,NotMilk,1047,2265,proteina de arveja,0,0.303,33,88571,0,3,9,2024,Canada,1639,Estados Unidos,2553
2024-09-27,NotMilk,1072,2265,proteina de arveja,0,0.283,33,87524,0,4,9,2024,Canada,1639,Estados Unidos,2553
2024-09-28,NotMilk,1065,2265,proteina de arveja,0,0.308,36,86452,0,5,9,2024,Canada,1639,Estados Unidos,2553
2024-09-29,NotMilk,866,2265,proteina de arveja,0,0.292,33,85387,0,6,9,2024,Canada,1639,Estados Unidos,2553
2024-09-30,NotMilk,852,2265,proteina de arveja,0,0.432,39,84521,0,0,9,2024,Canada,1639,Estados Unidos,2553
2024-10-01,NotMilk,860,2265,proteina de arveja,0,0.448,37,83669,0,1,10,2024,Canada,1639,Estados Unidos,2553
2024-10-02,NotMilk,1041,2265,proteina de arveja,1,0.392,37,82809,0,2,10,2024,Canada,1639,Estados Unidos,2553
2024-10-03,NotMilk,1092,2265,proteina de arveja,0,0.443,37,81768,0,3,10,2024,Canada,1639,Estados Unidos,2553
2024-10-04,NotMilk,1064,2265,proteina de arveja,0,0.395,38,80676,0,4,10,2024,Canada,1639,Estados Unidos,2553
2024-10-05,NotMilk,990,2265,proteina de arveja,0,0.389,38,79612,0,5,10,2024,Canada,1639,Estados Unidos,2553
2024-10-06,NotMilk,1044,2265,proteina de arveja,0,0.382,37,78622,0,6,10,2024,Canada,1639,Estados Unidos,2553
2024-10-07,NotMilk,832,2265,proteina de arveja,0,0.389,38,77578,0,0,10,2024,Canada,1639,Estados Unidos,2553
2024-10-08,NotMilk,858,2265,proteina de arveja,0,0.332,36,76746,0,1,10,2024,Canada,1639,Estados Unidos,2553
2024-10-09,NotMilk,853,2265,proteina de arveja,0,0.428,38,75888,0,2,10,2024,Canada,1639,Estados Unidos,2553
2024-10-10,NotMilk,994,2265,proteina de arveja,0,0.418,36,75035,0,3,10,2024,Canada,1639,Estados Unidos,2553
2024-10-11,NotMilk,1136,2265,proteina de arveja,0,0.462,38,74041,0,4,10,2024,Canada,1639,Estados Unidos,2553
2024-10-12,NotMilk,1112,2265,proteina de arveja,0,0.435,37,72905,0,5,10,2024,Canada,1639,Estados Unidos,2553
2024-10-13,NotMilk,829,2265,proteina de arveja,0,0.426,36,71793,0,6,10,2024,Canada,1639,Estados Unidos,2553
2024-10-14,NotMilk,1067,2265,proteina de arveja,1,0.396,35,70964,0,0,10,2024,Canada,1639,Estados Unidos,2553
2024-10-15,NotMilk,887,2265,proteina de arveja,0,0.447,38,69897,0,1,10,2024,Canada,1639,Estados Unidos,2553
2024-10-16,NotMilk,883,2265,proteina de arveja,0,0.485,40,69010,0,2,10,2024,Canada,1639,Estados Unidos,2553
2024-10-17,NotMilk,978,2265,proteina de arveja,0,0.395,39,68127,0,3,10,2024,Canada,1639,Estados Unidos,2553
2024-10-18,NotMilk,996,2265,proteina de arveja,0,0.461,35,67149,0,4,10,2024,Canada,1639,Estados Unidos,2553
2024-10-19,NotMilk,1015,2265,proteina de arveja,0,0.472,40,66153,0,5,10,2024,Canada,1639,Estados Unidos,2553
2024-10-20,NotMilk,1131,2265,proteina de arveja,1,0.428,37,65138,0,6,10,2024,Canada,1639,Estados Unidos,2553
2024-10-21,NotMilk,881,2265,proteina de arveja,0,0.438,38,64007,0,0,10,2024,Canada,1639,Estados Unidos,2553
2024-10-22,NotMilk,804,2265,proteina de arveja,0,0.482,36,63126,0,1,10,2024,Canada,1639,Estados Unidos,2553
2024-10-23,NotMilk,842,2265,proteina de arveja,0,0.418,37,62322,0,2,10,2024,Canada,1639,Estados Unidos,2553
2024-10-24,NotMilk,1039,2265,proteina de arveja,0,0.495,39,61480,0,3,10,2024,Canada,1639,Estados Unidos,2553
2024-10-25,NotMilk,1177,2265,proteina de arveja,0,0.435,34,60441,0,4,10,2024,Canada,1639,Estados Unidos,2553
2024-10-26,NotMilk,1328,2265,proteina de arveja,0,0.536,40,59264,0,5,10,2024,Canada,1639,Estados Unidos,2553
2024-10-27,NotMilk,907,2265,proteina de arveja,0,0.602,42,57936,0,6,10,2024,Canada,1639,Estados Unidos,2553
2024-10-28,NotMilk,994,2265,proteina de arveja,0,0.445,37,57029,0,0,10,2024,Canada,1639,Estados Unidos,2553
2024-10-29,NotMilk,932,2265,proteina de arveja,0,0.516,41,56035,0,1,10,2024,Canada,1639,Estados Unidos,2553
2024-10-30,NotMilk,877,2265,proteina de arveja,0,0.455,37,55103,0,2,10,2024,Canada,1639,Estados Unidos,2553
2024-10-31,NotMilk,1088,2265,proteina de arveja,0,0.545,40,54226,0,3,10,2024,Canada,1639,Estados Unidos,2553
2024-11-01,NotMilk,1129,2265,proteina de arveja,0,0.432,33,53138,0,4,11,2024,Canada,1639,Estados Unidos,2553
2024-11-02,NotMilk,1183,2265,proteina de arveja,0,0.52,43,52009,0,5,11,2024,Canada,1639,Estados Unidos,2553
2024-11-03,NotMilk,1186,2265,proteina de arveja,0,0.454,40,50826,0,6,11,2024,Canada,1639,Estados Unidos,2553
2024-11-04,NotMilk,978,2265,proteina de arveja,0,0.488,37,49640,0,0,11,2024,Canada,1639,Estados Unidos,2553
2024-11-05,NotMilk,923,2265,proteina de arveja,0,0.448,33,48662,0,1,11,2024,Canada,1639,Estados Unidos,2553
2024-11-06,NotMilk,926,2265,proteina de arveja,0,0.541,39,47739,0,2,11,2024,Canada,1639,Estados Unidos,2553
2024-11-07,NotMilk,967,2265,proteina de arveja,0,0.458,35,46813,0,3,11,2024,Canada,1639,Estados Unidos,2553
2024-11-08,NotMilk,1182,2265,proteina de arveja,0,0.528,39,45846,0,4,11,2024,Canada,1639,Estados Unidos,2553
2024-11-09,NotMilk,1311,2265,proteina de arveja,0,0.483,39,44664,0,5,11,2024,Canada,1639,Estados Unidos,2553
2024-11-10,NotMilk,953,2265,proteina de arveja,0,0.494,36,43353,0,6,11,2024,Canada,1639,Estados Unidos,2553
2024-11-11,NotMilk,876,2265,proteina de arveja,0,0.506,40,42400,0,0,11,2024,Canada,1639,Estados Unidos,2553
2024-11-12,NotMilk,919,2265,proteina de arveja,0,0.46,39,41524,0,1,11,2024,Canada,1639,Estados Unidos,2553
2024-11-13,NotMilk,906,2265,proteina de arveja,0,0.508,40,40605,0,2,11,2024,Canada,1639,Estados Unidos,2553
2024-11-14,NotMilk,1055,2265,proteina de arveja,0,0.573,39,39699,0,3,11,2024,Canada,1639,Estados Unidos,2553
2024-11-15,NotMilk,1191,2265,proteina de arveja,0,0.456,35,38644,0,4,11,2024,Canada,1639,Estados Unidos,2553
2024-11-16,NotMilk,1402,2265,proteina de arveja,1,0.552,41,37453,0,5,11,2024,Canada,1639,Estados Unidos,2553
2024-11-17,NotMilk,1027,2265,proteina de arveja,0,0.567,38,36051,0,6,11,2024,Canada,1639,Estados Unidos,2553
2024-11-18,NotMilk,1037,2265,proteina de arveja,0,0.449,35,35024,0,0,11,2024,Canada,1639,Estados Unidos,2553
2024-11-19,NotMilk,836,2265,proteina de arveja,0,0.415,40,33987,0,1,11,2024,Canada,1639,Estados Unidos,2553
2024-11-20,NotMilk,1180,2265,proteina de arveja,1,0.5,42,33151,0,2,11,2024,Canada,1639,Estados Unidos,2553
2024-11-21,NotMilk,1097,2265,proteina de arveja,0,0.455,37,31971,0,3,11,2024,Canada,1639,Estados Unidos,2553
2024-11-22,NotMilk,1340,2265,proteina de arveja,0,0.573,43,30874,0,4,11,2024,Canada,1639,Estados Unidos,2553
2024-11-23,NotMilk,1239,2265,proteina de arveja,0,0.479,38,29534,0,5,11,2024,Canada,1639,Estados Unidos,2553
2024-11-24,NotMilk,1100,2265,proteina de arveja,0,0.434,36,28295,0,6,11,2024,Canada,1639,Estados Unidos,2553
2024-11-25,NotMilk,1341,2265,proteina de arveja,1,0.414,36,27195,0,0,11,2024,Canada,1639,Estados Unidos,2553
2024-11-26,NotMilk,1077,2265,proteina de arveja,1,0.522,42,25854,0,1,11,2024,Canada,1639,Estados Unidos,2553
2024-11-27,NotMilk,1077,2265,proteina de arveja,0,0.435,36,24777,0,2,11,2024,Canada,1639,Estados Unidos,2553
2024-11-28,NotMilk,1614,2265,proteina de arveja,1,0.462,39,23700,0,3,11,2024,Canada,1639,Estados Unidos,2553
2024-11-29,NotMilk,1255,2265,proteina de arveja,0,0.504,37,22086,0,4,11,2024,Canada,1639,Estados Unidos,2553
2024-11-30,NotMilk,1395,2265,proteina de arveja,0,0.428,36,20831,0,5,11,2024,Canada,1639,Estados Unidos,2553
2024-12-01,NotMilk,1066,2265,proteina de arveja,0,0.446,39,19436,0,6,12,2024,Canada,1639,Estados Unidos,2553
2024-12-02,NotMilk,1126,2265,proteina de arveja,0,0.443,37,18370,0,0,12,2024,Canada,1639,Estados Unidos,2553
2024-12-03,NotMilk,995,2265,proteina de arveja,0,0.473,37,17244,0,1,12,2024,Canada,1639,Estados Unidos,2553
2024-12-04,NotMilk,1033,2265,proteina de arveja,0,0.464,40,16249,0,2,12,2024,Canada,1639,Estados Unidos,2553
2024-12-05,NotMilk,1213,2265,proteina de arveja,0,0.419,40,15216,0,3,12,2024,Canada,1639,Estados Unidos,2553
2024-12-06,NotMilk,1319,2265,proteina de arveja,0,0.428,38,14003,0,4,12,2024,Canada,1639,Estados Unidos,2553
2024-12-07,NotMilk,1452,2265,proteina de arveja,0,0.401,36,12684,0,5,12,2024,Canada,1639,Estados Unidos,2553
2024-12-08,NotMilk,1098,2265,proteina de arveja,0,0.341,35,11232,0,6,12,2024,Canada,1639,Estados Unidos,2553
2024-12-09,NotMilk,994,2265,proteina de arveja,0,0.422,37,10134,0,0,12,2024,Canada,1639,Estados Unidos,2553
2024-12-10,NotMilk,1090,2265,proteina de arveja,0,0.499,39,9140,0,1,12,2024,Canada,1639,Estados Unidos,2553
2024-12-11,NotMilk,1257,2265,proteina de arveja,1,0.355,34,8050,0,2,12,2024,Canada,1639,Estados Unidos,2553
2024-12-12,NotMilk,1334,2265,proteina de arveja,0,0.355,38,6793,0,3,12,2024,Canada,1639,Estados Unidos,2553
2024-12-13,NotMilk,1548,2265,proteina de arveja,0,0.344,36,5459,0,4,12,2024,Canada,1639,Estados Unidos,2553
2024-12-14,NotMilk,1311,2265,proteina de arveja,0,0.418,34,3911,0,5,12,2024,Canada,1639,Estados Unidos,2553
2024-12-15,NotMilk,1297,2265,proteina de arveja,0,0.399,35,2600,0,6,12,2024,Canada,1639,Estados Unidos,2553
2024-12-16,NotMilk,984,2265,proteina de arveja,0,0.363,35,1303,0,0,12,2024,Canada,1639,Estados Unidos,2553
2024-12-17,NotMilk,1092,2265,proteina de arveja,0,0.319,36,319,0,1,12,2024,Canada,1639,Estados Unidos,2553
2024-12-18,NotMilk,1131,2265,proteina de arveja,0,0.363,40,0,1,2,12,2024,Canada,1639,Estados Unidos,2553
2024-12-19,NotMilk,1727,2265,proteina de arveja,1,0.275,36,0,1,3,12,2024,Canada,1639,Estados Unidos,2553
2024-12-20,NotMilk,1322,2265,proteina de arveja,0,0.354,35,0,1,4,12,2024,Canada,1639,Estados Unidos,2553
2024-12-21,NotMilk,1201,2265,proteina de arveja,0,0.384,37,0,1,5,12,2024,Canada,1639,Estados Unidos,2553
2024-12-22,NotMilk,1308,2265,proteina de arveja,0,0.272,35,0,1,6,12,2024,Canada,1639,Estados Unidos,2553
2024-12-23,NotMilk,925,2265,proteina de arveja,0,0.252,36,0,1,0,12,2024,Canada,1639,Estados Unidos,2553
2024-12-24,NotMilk,1026,2265,proteina de arveja,0,0.402,38,0,1,1,12,2024,Canada,1639,Estados Unidos,2553
2024-12-25,NotMilk,1223,2265,proteina de arveja,0,0.286,38,0,1,2,12,2024,Canada,1639,Estados Unidos,2553
2024-12-26,NotMilk,1704,2265,proteina de arveja,1,0.368,36,0,1,3,12,2024,Canada,1639,Estados Unidos,2553
2024-12-27,NotMilk,1645,2265,proteina de arveja,0,0.297,39,0,1,4,12,2024,Canada,1639,Estados Unidos,2553
2024-12-28,NotMilk,1531,2265,proteina de arveja,0,0.291,37,0,1,5,12,2024,Canada,1639,Estados Unidos,2553
2024-12-29,NotMilk,1216,2265,proteina de arveja,0,0.315,34,0,1,6,12,2024,Canada,1639,Estados Unidos,2553
2024-12-30,NotMilk,1133,2265,proteina de arveja,0,0.243,39,0,1,0,12,2024,Canada,1639,Estados Unidos,2553
2024-12-31,NotMilk,1070,2265,proteina de arveja,0,0.288,36,0,1,1,12,2024,Canada,1639,Estados Unidos,2553
2025-01-01,NotMilk,1013,2367,proteina de arveja,0,0.256,33,0,1,2,1,2025,Canada,1639,Estados Unidos,2553
2025-01-02,NotMilk,1227,2367,proteina de arveja,0,0.204,38,0,1,3,1,2025,Canada,1639,Estados Unidos,2553
2025-01-03,NotMilk,1386,2367,proteina de arveja,0,0.281,40,0,1,4,1,2025,Canada,1639,Estados Unidos,2553
2025-01-04,NotMilk,1498,2367,proteina de arveja,1,0.245,35,0,1,5,1,2025,Canada,1639,Estados Unidos,2553
2025-01-05,NotMilk,1313,2367,proteina de arveja,0,0.245,34,0,1,6,1,2025,Canada,1639,Estados Unidos,2553
2025-01-06,NotMilk,1553,2367,proteina de arveja,1,0.187,34,0,1,0,1,2025,Canada,1639,Estados Unidos,2553
2025-01-07,NotMilk,948,2367,proteina de arveja,0,0.322,37,0,1,1,1,2025,Canada,1639,Estados Unidos,2553
2025-01-08,NotMilk,1219,2367,proteina de arveja,0,0.281,38,0,1,2,1,2025,Canada,1639,Estados Unidos,2553
2025-01-09,NotMilk,1428,2367,proteina de arveja,0,0.28,36,0,1,3,1,2025,Canada,1639,Estados Unidos,2553
2025-01-10,NotMilk,1504,2367,proteina de arveja,0,0.211,35,0,1,4,1,2025,Canada,1639,Estados Unidos,2553
2025-01-11,NotMilk,1429,2367,proteina de arveja,0,0.135,37,0,1,5,1,2025,Canada,1639,Estados Unidos,2553
2025-01-12,NotMilk,1393,2367,proteina de arveja,0,0.315,35,41071,0,6,1,2025,Canada,1639,Estados Unidos,2553
2025-01-13,NotMilk,1235,2367,proteina de arveja,0,0.209,37,39678,0,0,1,2025,Canada,1639,Estados Unidos,2553
2025-01-14,NotMilk,1140,2367,proteina de arveja,0,0.17,33,59693,0,1,1,2025,Canada,1639,Estados Unidos,2553
2025-01-15,NotMilk,1121,2367,proteina de arveja,0,0.224,36,79803,0,2,1,2025,Canada,1639,Estados Unidos,2553
2025-01-16,NotMilk,1403,2367,proteina de arveja,0,0.257,35,78682,0,3,1,2025,Canada,1639,Estados Unidos,2553
2025-01-17,NotMilk,1644,2367,proteina de arveja,0,0.194,34,98529,0,4,1,2025,Canada,1639,Estados Unidos,2553
2025-01-18,NotMilk,1419,2367,proteina de arveja,0,0.255,34,139385,0,5,1,2025,Canada,1639,Estados Unidos,2553
2025-01-19,NotMilk,1577,2367,proteina de arveja,0,0.241,38,180466,0,6,1,2025,Canada,1639,Estados Unidos,2553
2025-01-20,NotMilk,1139,2367,proteina de arveja,0,0.13,32,200139,0,0,1,2025,Canada,1639,Estados Unidos,2553
2025-01-21,NotMilk,1131,2367,proteina de arveja,0,0.146,32,199000,0,1,1,2025,Canada,1639,Estados Unidos,2553
2025-01-22,NotMilk,1152,2367,proteina de arveja,0,0.225,39,219119,0,2,1,2025,Canada,1639,Estados Unidos,2553
2025-01-23,NotMilk,1416,2367,proteina de arveja,0,0.038,34,217967,0,3,1,2025,Canada,1639,Estados Unidos,2553
2025-01-24,NotMilk,1309,2367,proteina de arveja,0,0.163,29,259051,0,4,1,2025,Canada,1639,Estados Unidos,2553
2025-01-25,NotMilk,1444,2367,proteina de arveja,0,0.096,32,257742,0,5,1,2025,Canada,1639,Estados Unidos,2553
2025-01-26,NotMilk,1249,2367,proteina de arveja,0,0.142,30,277548,0,6,1,2025,Canada,1639,Estados Unidos,2553
2025-01-27,NotMilk,1217,2367,proteina de arveja,0,0.148,32,318799,0,0,1,2025,Canada,1639,Estados Unidos,2553
2025-01-28,NotMilk,1233,2367,proteina de arveja,0,0.143,27,338832,0,1,1,2025,Canada,1639,Estados Unidos,2553
2025-01-29,NotMilk,1296,2367,proteina de arveja,0,0.131,33,337599,0,2,1,2025,Canada,1639,Estados Unidos,2553
2025-01-30,NotMilk,1141,2367,proteina de arveja,0,0.102,31,336303,0,3,1,2025,Canada,1639,Estados Unidos,2553
2025-01-31,NotMilk,1789,2367,proteina de arveja,0,0.27,35,377662,0,4,1,2025,Canada,1639,Estados Unidos,2553
2025-02-01,NotMilk,1563,2367,proteina de arveja,0,0.247,32,418373,0,5,2,2025,Canada,1639,Estados Unidos,2553
2025-02-02,NotMilk,1297,2367,proteina de arveja,0,0.095,33,416810,0,6,2,2025,Canada,1639,Estados Unidos,2553
2025-02-03,NotMilk,1232,2367,proteina de arveja,0,0.231,34,458013,0,0,2,2025,Canada,1639,Estados Unidos,2553
2025-02-04,NotMilk,1170,2367,proteina de arveja,0,0.131,37,478031,0,1,2,2025,Canada,1639,Estados Unidos,2553
2025-02-05,NotMilk,1178,2367,proteina de arveja,0,0.157,37,498111,0,2,2,2025,Canada,1639,Estados Unidos,2553
2025-02-06,NotMilk,1443,2367,proteina de arveja,0,0.147,35,496933,0,3,2,2025,Canada,1639,Estados Unidos,2553
2025-02-07,NotMilk,1477,2367,proteina de arveja,0,0.117,33,516740,0,4,2,2025,Canada,1639,Estados Unidos,2553
2025-02-08,NotMilk,1490,2367,proteina de arveja,0,0.199,38,557763,0,5,2,2025,Canada,1639,Estados Unidos,2553
2025-02-09,NotMilk,1318,2367,proteina de arveja,0,0.157,31,598773,0,6,2,2025,Canada,1639,Estados Unidos,2553
2025-02-10,NotMilk,1086,2367,proteina de arveja,0,0.127,31,597455,0,0,2,2025,Canada,1639,Estados Unidos,2553
2025-02-11,NotMilk,1176,2367,proteina de arveja,0,0.086,33,596369,0,1,2,2025,Canada,1639,Estados Unidos,2553
2025-02-12,NotMilk,1312,2367,proteina de arveja,0,0.108,38,616443,0,2,2,2025,Canada,1639,Estados Unidos,2553
2025-02-13,NotMilk,1490,2367,proteina de arveja,0,0.071,32,636381,0,3,2,2025,Canada,1639,Estados Unidos,2553
2025-02-14,NotMilk,1665,2367,proteina de arveja,0,0.155,33,677391,0,4,2,2025,Canada,1639,Estados Unidos,2553
2025-02-15,NotMilk,1590,2367,proteina de arveja,0,0.096,30,696976,0,5,2,2025,Canada,1639,Estados Unidos,2553
2025-02-16,NotMilk,1343,2367,proteina de arveja,0,0.145,36,695386,0,6,2,2025,Canada,1639,Estados Unidos,2553
2025-02-17,NotMilk,1316,2367,proteina de arveja,0,0.228,37,715293,0,0,2,2025,Canada,1639,Estados Unidos,2553
2025-02-18,NotMilk,1042,2367,proteina de arveja,0,0.222,36,713977,0,1,2,2025,Canada,1639,Estados Unidos,2553
2025-02-19,NotMilk,1169,2367,proteina de arveja,0,0.162,33,712935,0,2,2,2025,Canada,1639,Estados Unidos,2553
2025-02-20,NotMilk,1327,2367,proteina de arveja,0,0.162,33,711766,0,3,2,2025,Canada,1639,Estados Unidos,2553
2025-02-21,NotMilk,2304,2367,proteina de arveja,1,0.263,33,710439,0,4,2,2025,Canada,1639,Estados Unidos,2553
2025-02-22,NotMilk,1673,2367,proteina de arveja,0,0.198,35,708135,0,5,2,2025,Canada,1639,Estados Unidos,2553
2025-02-23,NotMilk,1463,2367,proteina de arveja,0,0.159,32,706462,0,6,2,2025,Canada,1639,Estados Unidos,2553
2025-02-24,NotMilk,1343,2367,proteina de arveja,0,0.107,31,704999,0,0,2,2025,Canada,1639,Estados Unidos,2553
2025-02-25,NotMilk,1090,2367,proteina de arveja,0,0.201,34,703656,0,1,2,2025,Canada,1639,Estados Unidos,2553
2025-02-26,NotMilk,1298,2367,proteina de arveja,0,0.226,34,702566,0,2,2,2025,Canada,1639,Estados Unidos,2553
2025-02-27,NotMilk,1426,2367,proteina de arveja,0,0.157,33,701268,0,3,2,2025,Canada,1639,Estados Unidos,2553
2025-02-28,NotMilk,2173,2367,proteina de arveja,1,0.207,35,699842,0,4,2,2025,Canada,1639,Estados Unidos,2553
2025-03-01,NotMilk,1544,2367,proteina de arveja,0,0.178,34,697669,0,5,3,2025,Canada,1639,Estados Unidos,2553
2025-03-02,NotMilk,1713,2367,proteina de arveja,1,0.192,34,696125,0,6,3,2025,Canada,1639,Estados Unidos,2553
2025-03-03,NotMilk,1292,2367,proteina de arveja,0,0.081,33,694412,0,0,3,2025,Canada,1639,Estados Unidos,2553
2025-03-04,NotMilk,1255,2367,proteina de arveja,0,0.198,32,693120,0,1,3,2025,Canada,1639,Estados Unidos,2553
2025-03-05,NotMilk,1196,2367,proteina de arveja,0,0.263,35,691865,0,2,3,2025,Canada,1639,Estados Unidos,2553
2025-03-06,NotMilk,1433,2367,proteina de arveja,0,0.187,35,690669,0,3,3,2025,Canada,1639,Estados Unidos,2553
2025-03-07,NotMilk,1438,2367,proteina de arveja,0,0.226,32,689236,0,4,3,2025,Canada,1639,Estados Unidos,2553
2025-03-08,NotMilk,1246,2367,proteina de arveja,0,0.191,36,687798,0,5,3,2025,Canada,1639,Estados Unidos,2553
2025-03-09,NotMilk,1430,2367,proteina de arveja,0,0.252,33,686552,0,6,3,2025,Canada,1639,Estados Unidos,2553
2025-03-10,NotMilk,1296,2367,proteina de arveja,0,0.228,35,685122,0,0,3,2025,Canada,1639,Estados Unidos,2553
2025-03-11,NotMilk,1195,2367,proteina de arveja,0,0.197,37,683826,0,1,3,2025,Canada,1639,Estados Unidos,2553
2025-03-12,NotMilk,1064,2367,proteina de arveja,0,0.316,38,682631,0,2,3,2025,Canada,1639,Estados Unidos,2553
2025-03-13,NotMilk,1396,2367,proteina de arveja,0,0.301,36,681567,0,3,3,2025,Canada,1639,Estados Unidos,2553
2025-03-14,NotMilk,1289,2367,proteina de arveja,0,0.23,34,680171,0,4,3,2025,Canada,1639,Estados Unidos,2553
2025-03-15,NotMilk,1722,2367,proteina de arveja,0,0.291,37,678882,0,5,3,2025,Canada,1639,Estados Unidos,2553
2025-03-16,NotMilk,1281,2367,proteina de arveja,0,0.299,37,677160,0,6,3,2025,Canada,1639,Estados Unidos,2553
2025-03-17,NotMilk,1355,2367,proteina de arveja,0,0.31,34,675879,0,0,3,2025,Canada,1639,Estados Unidos,2553
2025-03-18,NotMilk,1254,2367,proteina de arveja,0,0.199,33,674524,0,1,3,2025,Canada,1639,Estados Unidos,2553
2025-03-19,NotMilk,1164,2367,proteina de arveja,0,0.34,32,673270,0,2,3,2025,Canada,1639,Estados Unidos,2553
2025-03-20,NotMilk,1300,2367,proteina de arveja,0,0.267,36,672106,0,3,3,2025,Canada,1639,Estados Unidos,2553
2025-03-21,NotMilk,1602,2367,proteina de arveja,0,0.283,35,670806,0,4,3,2025,Canada,1639,Estados Unidos,2553
2025-03-22,NotMilk,1439,2367,proteina de arveja,0,0.439,40,669204,0,5,3,2025,Canada,1639,Estados Unidos,2553
2025-03-23,NotMilk,1406,2367,proteina de arveja,0,0.328,37,667765,0,6,3,2025,Canada,1639,Estados Unidos,2553
2025-03-24,NotMilk,1176,2367,proteina de arveja,0,0.3,38,666359,0,0,3,2025,Canada,1639,Estados Unidos,2553
2025-03-25,NotMilk,1329,2367,proteina de arveja,1,0.215,33,665183,0,1,3,2025,Canada,1639,Estados Unidos,2553
2025-03-26,NotMilk,1023,2367,proteina de arveja,0,0.401,39,663854,0,2,3,2025,Canada,1639,Estados Unidos,2553
2025-03-27,NotMilk,1445,2367,proteina de arveja,0,0.27,34,662831,0,3,3,2025,Canada,1639,Estados Unidos,2553
2025-03-28,NotMilk,1477,2367,proteina de arveja,0,0.293,37,661386,0,4,3,2025,Canada,1639,Estados Unidos,2553
2025-03-29,NotMilk,1463,2367,proteina de arveja,0,0.333,33,659909,0,5,3,2025,Canada,1639,Estados Unidos,2553
2025-03-30,NotMilk,1460,2367,proteina de arveja,0,0.426,38,658446,0,6,3,2025,Canada,1639,Estados Unidos,2553
2025-03-31,NotMilk,1799,2367,proteina de arveja,1,0.4,33,656986,0,0,3,2025,Canada,1639,Estados Unidos,2553
2025-04-01,NotMilk,1123,2367,proteina de arveja,0,0.359,36,655187,0,1,4,2025,Canada,1639,Estados Unidos,2553
2025-04-02,NotMilk,1200,2367,proteina de arveja,0,0.388,38,654064,0,2,4,2025,Canada,1639,Estados Unidos,2553
2025-04-03,NotMilk,1462,2367,proteina de arveja,0,0.349,35,652864,0,3,4,2025,Canada,1639,Estados Unidos,2553
2025-04-04,NotMilk,1365,2367,proteina de arveja,0,0.391,35,651402,0,4,4,2025,Canada,1639,Estados Unidos,2553
2025-04-05,NotMilk,1542,2367,proteina de arveja,0,0.394,38,650037,0,5,4,2025,Canada,1639,Estados Unidos,2553
2025-04-06,NotMilk,1429,2367,proteina de arveja,0,0.444,37,648495,0,6,4,2025,Canada,1639,Estados Unidos,2553
2025-04-07,NotMilk,1265,2367,proteina de arveja,0,0.449,36,647066,0,0,4,2025,Canada,1639,Estados Unidos,2553
2025-04-08,NotMilk,959,2367,proteina de arveja,0,0.431,37,645801,0,1,4,2025,Canada,1639,Estados Unidos,2553
2025-04-09,NotMilk,1146,2367,proteina de arveja,0,0.393,42,644842,0,2,4,2025,Canada,1639,Estados Unidos,2553
2025-04-10,NotMilk,1291,2367,proteina de arveja,0,0.454,40,643696,0,3,4,2025,Canada,1639,Estados Unidos,2553
2025-04-11,NotMilk,1525,2367,proteina de arveja,0,0.417,39,642405,0,4,4,2025,Canada,1639,Estados Unidos,2553
2025-04-12,NotMilk,1554,2367,proteina de arveja,0,0.373,37,640880,0,5,4,2025,Canada,1639,Estados Unidos,2553
2025-04-13,NotMilk,1513,2367,proteina de arveja,0,0.411,37,639326,0,6,4,2025,Canada,1639,Estados Unidos,2553
2025-04-14,NotMilk,1138,2367,proteina de arveja,0,0.441,32,637813,0,0,4,2025,Canada,1639,Estados Unidos,2553
2025-04-15,NotMilk,1075,2367,proteina de arveja,0,0.486,36,636675,0,1,4,2025,Canada,1639,Estados Unidos,2553
2025-04-16,NotMilk,1314,2367,proteina de arveja,0,0.436,36,635600,0,2,4,2025,Canada,1639,Estados Unidos,2553
2025-04-17,NotMilk,1402,2367,proteina de arveja,0,0.389,33,634286,0,3,4,2025,Canada,1639,Estados Unidos,2553
2025-04-18,NotMilk,1643,2367,proteina de arveja,0,0.457,35,632884,0,4,4,2025,Canada,1639,Estados Unidos,2553
2025-04-19,NotMilk,1509,2367,proteina de arveja,0,0.463,34,631241,0,5,4,2025,Canada,1639,Estados Unidos,2553
2025-04-20,NotMilk,1208,2367,proteina de arveja,0,0.471,38,629732,0,6,4,2025,Canada,1639,Estados Unidos,2553
2025-04-21,NotMilk,1042,2367,proteina de arveja,0,0.511,40,628524,0,0,4,2025,Canada,1639,Estados Unidos,2553
2025-04-22,NotMilk,966,2367,proteina de arveja,0,0.52,40,627482,0,1,4,2025,Canada,1639,Estados Unidos,2553
2025-04-23,NotMilk,1248,2367,proteina de arveja,0,0.442,38,626516,0,2,4,2025,Canada,1639,Estados Unidos,2553
2025-04-24,NotMilk,1477,2367,proteina de arveja,0,0.445,35,625268,0,3,4,2025,Canada,1639,Estados Unidos,2553
2025-04-25,NotMilk,1685,2367,proteina de arveja,0,0.426,33,623791,0,4,4,2025,Canada,1639,Estados Unidos,2553
2025-04-26,NotMilk,1549,2367,proteina de arveja,0,0.516,35,622106,0,5,4,2025,Canada,1639,Estados Unidos,2553
2025-04-27,NotMilk,1431,2367,proteina de arveja,0,0.556,36,620557,0,6,4,2025,Canada,1639,Estados Unidos,2553
2025-04-28,NotMilk,1094,2367,proteina de arveja,0,0.47,36,619126,0,0,4,2025,Canada,1639,Estados Unidos,2553
2025-04-29,NotMilk,984,2367,proteina de arveja,0,0.476,37,618032,0,1,4,2025,Canada,1639,Estados Unidos,2553
2025-04-30,NotMilk,1244,2367,proteina de arveja,0,0.564,37,617048,0,2,4,2025,Canada,1639,Estados Unidos,2553
2025-05-01,NotMilk,1369,2367,proteina de arveja,0,0.518,39,615804,0,3,5,2025,Canada,1639,Estados Unidos,2553
2025-05-02,NotMilk,1454,2367,proteina de arveja,0,0.516,38,614435,0,4,5,2025,Canada,1639,Estados Unidos,2553
2025-05-03,NotMilk,1469,2367,proteina de arveja,0,0.436,37,612981,0,5,5,2025,Canada,1639,Estados Unidos,2553
2025-05-04,NotMilk,1593,2367,proteina de arveja,1,0.531,41,611512,0,6,5,2025,Canada,1639,Estados Unidos,2553
2025-05-05,NotMilk,1242,2367,proteina de arveja,0,0.451,35,609919,0,0,5,2025,Canada,1639,Estados Unidos,2553
2025-05-06,NotMilk,1174,2367,proteina de arveja,0,0.442,38,608677,0,1,5,2025,Canada,1639,Estados Unidos,2553
2025-05-07,NotMilk,1193,2367,proteina de arveja,0,0.482,38,607503,0,2,5,2025,Canada,1639,Estados Unidos,2553
2025-05-08,NotMilk,1388,2367,proteina de arveja,0,0.47,37,606310,0,3,5,2025,Canada,1639,Estados Unidos,2553
2025-05-09,NotMilk,1472,2367,proteina de arveja,0,0.489,40,604922,0,4,5,2025,Canada,1639,Estados Unidos,2553
2025-05-10,NotMilk,1346,2367,proteina de arveja,0,0.428,39,603450,0,5,5,2025,Canada,1639,Estados Unidos,2553
2025-05-11,NotMilk,1688,2367,proteina de arveja,1,0.548,37,602104,0,6,5,2025,Canada,1639,Estados Unidos,2553
2025-05-12,NotMilk,981,2367,proteina de arveja,0,0.556,38,600416,0,0,5,2025,Canada,1639,Estados Unidos,2553
2025-05-13,NotMilk,1131,2367,proteina de arveja,0,0.401,37,599435,0,1,5,2025,Canada,1639,Estados Unidos,2553
2025-05-14,NotMilk,1013,2367,proteina de arveja,0,0.547,38,598304,0,2,5,2025,Canada,1639,Estados Unidos,2553
2025-05-15,NotMilk,1303,2367,proteina de arveja,0,0.456,39,597291,0,3,5,2025,Canada,1639,Estados Unidos,2553
2025-05-16,NotMilk,1291,2367,proteina de arveja,0,0.539,39,595988,0,4,5,2025,Canada,1639,Estados Unidos,2553
2025-05-17,NotMilk,1429,2367,proteina de arveja,0,0.491,42,594697,0,5,5,2025,Canada,1639,Estados Unidos,2553
2025-05-18,NotMilk,1231,2367,proteina de arveja,0,0.494,35,593268,0,6,5,2025,Canada,1639,Estados Unidos,2553
2025-05-19,NotMilk,943,2367,proteina de arveja,0,0.482,38,592037,0,0,5,2025,Canada,1639,Estados Unidos,2553
2025-05-20,NotMilk,1055,2367,proteina de arveja,0,0.55,37,591094,0,1,5,2025,Canada,1639,Estados Unidos,2553
2025-05-21,NotMilk,1045,2367,proteina de arveja,0,0.425,38,590039,0,2,5,2025,Canada,1639,Estados Unidos,2553
2025-05-22,NotMilk,1334,2367,proteina de arveja,0,0.515,35,588994,0,3,5,2025,Canada,1639,Estados Unidos,2553
2025-05-23,NotMilk,1355,2367,proteina de arveja,0,0.537,39,587660,0,4,5,2025,Canada,1639,Estados Unidos,2553
2025-05-24,NotMilk,1381,2367,proteina de arveja,0,0.515,37,586305,0,5,5,2025,Canada,1639,Estados Unidos,2553
2025-05-25,NotMilk,1115,2367,proteina de arveja,0,0.592,38,584924,0,6,5,2025,Canada,1639,Estados Unidos,2553
2025-05-26,NotMilk,1007,2367,proteina de arveja,0,0.446,34,583809,0,0,5,2025,Canada,1639,Estados Unidos,2553
2025-05-27,NotMilk,962,2367,proteina de arveja,0,0.517,37,582802,0,1,5,2025,Canada,1639,Estados Unidos,2553
2025-05-28,NotMilk,1145,2367,proteina de arveja,0,0.461,40,581840,0,2,5,2025,Canada,1639,Estados Unidos,2553
2025-05-29,NotMilk,1382,2367,proteina de arveja,0,0.524,38,580695,0,3,5,2025,Canada,1639,Estados Unidos,2553
2025-05-30,NotMilk,1239,2367,proteina de arveja,0,0.458,39,579313,0,4,5,2025,Canada,1639,Estados Unidos,2553
2025-05-31,NotMilk,1421,2367,proteina de arveja,0,0.435,41,578074,0,5,5,2025,Canada,1639,Estados Unidos,2553
2025-06-01,NotMilk,975,2367,proteina de arveja,0,0.516,39,576653,0,6,6,2025,Canada,1639,Estados Unidos,2553
2025-06-02,NotMilk,934,2367,proteina de arveja,0,0.422,36,575678,0,0,6,2025,Canada,1639,Estados Unidos,2553
2025-06-03,NotMilk,901,2367,proteina de arveja,0,0.371,37,574744,0,1,6,2025,Canada,1639,Estados Unidos,2553
2025-06-04,NotMilk,934,2367,proteina de arveja,0,0.412,36,573843,0,2,6,2025,Canada,1639,Estados Unidos,2553
2025-06-05,NotMilk,1357,2367,proteina de arveja,1,0.464,37,572909,0,3,6,2025,Canada,1639,Estados Unidos,2553
2025-06-06,NotMilk,1337,2367,proteina de arveja,0,0.497,35,571552,0,4,6,2025,Canada,1639,Estados Unidos,2553
2025-06-07,NotMilk,1257,2367,proteina de arveja,0,0.429,39,570215,0,5,6,2025,Canada,1639,Estados Unidos,2553
2025-06-08,NotMilk,1188,2367,proteina de arveja,0,0.484,37,568958,0,6,6,2025,Canada,1639,Estados Unidos,2553
2025-06-09,NotMilk,1065,2367,proteina de arveja,0,0.345,37,567770,0,0,6,2025,Canada,1639,Estados Unidos,2553
2025-06-10,NotMilk,973,2367,proteina de arveja,0,0.385,35,566705,0,1,6,2025,Canada,1639,Estados Unidos,2553
2025-06-11,NotMilk,1077,2367,proteina de arveja,0,0.388,38,565732,0,2,6,2025,Canada,1639,Estados Unidos,2553
2025-06-12,NotMilk,1525,2367,proteina de arveja,1,0.391,35,564655,0,3,6,2025,Canada,1639,Estados Unidos,2553
2025-06-13,NotMilk,1144,2367,proteina de arveja,0,0.395,36,563130,0,4,6,2025,Canada,1639,Estados Unidos,2553
2025-06-14,NotMilk,1355,2367,proteina de arveja,0,0.42,39,561986,0,5,6,2025,Canada,1639,Estados Unidos,2553
2025-06-15,NotMilk,1073,2367,proteina de arveja,0,0.358,38,560631,0,6,6,2025,Canada,1639,Estados Unidos,2553
2025-06-16,NotMilk,912,2367,proteina de arveja,0,0.381,37,559558,0,0,6,2025,Canada,1639,Estados Unidos,2553
2025-06-17,NotMilk,918,2367,proteina de arveja,0,0.366,33,558646,0,1,6,2025,Canada,1639,Estados Unidos,2553
2025-06-18,NotMilk,926,2367,proteina de arveja,0,0.316,42,557728,0,2,6,2025,Canada,1639,Estados Unidos,2553
2025-06-19,NotMilk,1098,2367,proteina de arveja,0,0.351,40,556802,0,3,6,2025,Canada,1639,Estados Unidos,2553
2025-06-20,NotMilk,1270,2367,proteina de arveja,0,0.343,38,555704,0,4,6,2025,Canada,1639,Estados Unidos,2553
2025-06-21,NotMilk,1255,2367,proteina de arveja,0,0.336,35,554434,0,5,6,2025,Canada,1639,Estados Unidos,2553
2025-06-22,NotMilk,1021,2367,proteina de arveja,0,0.34,36,553179,0,6,6,2025,Canada,1639,Estados Unidos,2553
2025-06-23,NotMilk,1231,2367,proteina de arveja,1,0.336,35,552158,0,0,6,2025,Canada,1639,Estados Unidos,2553
2025-06-24,NotMilk,988,2367,proteina de arveja,0,0.305,38,550927,0,1,6,2025,Canada,1639,Estados Unidos,2553
2025-06-25,NotMilk,1016,2367,proteina de arveja,0,0.384,37,549939,0,2,6,2025,Canada,1639,Estados Unidos,2553
2025-06-26,NotMilk,1295,2367,proteina de arveja,0,0.256,34,548923,0,3,6,2025,Canada,1639,Estados Unidos,2553
2025-06-27,NotMilk,1745,2367,proteina de arveja,1,0.273,34,547628,0,4,6,2025,Canada,1639,Estados Unidos,2553
2025-06-28,NotMilk,1610,2367,proteina de arveja,1,0.442,40,545883,0,5,6,2025,Canada,1639,Estados Unidos,2553
2025-06-29,NotMilk,957,2367,proteina de arveja,0,0.245,38,544273,0,6,6,2025,Canada,1639,Estados Unidos,2553
2025-06-30,NotMilk,1000,2367,proteina de arveja,0,0.223,38,543316,0,0,6,2025,Canada,1639,Estados Unidos,2553
2025-07-01,NotMilk,886,2367,proteina de arveja,0,0.322,37,542316,0,1,7,2025,Canada,1639,Estados Unidos,2553
2025-07-02,NotMilk,914,2367,proteina de arveja,0,0.175,34,541430,0,2,7,2025,Canada,1639,Estados Unidos,2553
2025-07-03,NotMilk,1101,2367,proteina de arveja,0,0.261,29,540516,0,3,7,2025,Canada,1639,Estados Unidos,2553
2025-07-04,NotMilk,1271,2367,proteina de arveja,0,0.375,37,539415,0,4,7,2025,Canada,1639,Estados Unidos,2553
2025-07-05,NotMilk,1215,2367,proteina de arveja,0,0.185,34,538144,0,5,7,2025,Canada,1639,Estados Unidos,2553
2025-07-06,NotMilk,979,2367,proteina de arveja,0,0.157,34,536929,0,6,7,2025,Canada,1639,Estados Unidos,2553
2025-07-07,NotMilk,978,2367,proteina de arveja,0,0.176,34,535950,0,0,7,2025,Canada,1639,Estados Unidos,2553
2025-07-08,NotMilk,827,2367,proteina de arveja,0,0.29,33,534972,0,1,7,2025,Canada,1639,Estados Unidos,2553
2025-07-09,NotMilk,952,2367,proteina de arveja,0,0.296,37,534145,0,2,7,2025,Canada,1639,Estados Unidos,2553
2025-07-10,NotMilk,1039,2367,proteina de arveja,0,0.209,36,533193,0,3,7,2025,Canada,1639,Estados Unidos,2553
2025-07-11,NotMilk,1138,2367,proteina de arveja,0,0.264,37,532154,0,4,7,2025,Canada,1639,Estados Unidos,2553
2025-07-12,NotMilk,1215,2367,proteina de arveja,0,0.294,37,531016,0,5,7,2025,Canada,1639,Estados Unidos,2553
2025-07-13,NotMilk,947,2367,proteina de arveja,0,0.309,37,529801,0,6,7,2025,Canada,1639,Estados Unidos,2553
2025-07-14,NotMilk,1287,2367,proteina de arveja,1,0.203,34,528854,0,0,7,2025,Canada,1639,Estados Unidos,2553
2025-07-15,NotMilk,731,2367,proteina de arveja,0,0.095,33,527567,0,1,7,2025,Canada,1639,Estados Unidos,2553
2025-07-16,NotMilk,875,2367,proteina de arveja,0,0.165,34,526836,0,2,7,2025,Canada,1639,Estados Unidos,2553
2025-07-17,NotMilk,1076,2367,proteina de arveja,0,0.18,34,525961,0,3,7,2025,Canada,1639,Estados Unidos,2553
2025-07-18,NotMilk,1191,2367,proteina de arveja,0,0.185,36,524885,0,4,7,2025,Canada,1639,Estados Unidos,2553
2025-07-19,NotMilk,1116,2367,proteina de arveja,0,0.184,35,523694,0,5,7,2025,Canada,1639,Estados Unidos,2553
2025-07-20,NotMilk,1010,2367,proteina de arveja,0,0.245,39,522578,0,6,7,2025,Canada,1639,Estados Unidos,2553
2025-07-21,NotMilk,919,2367,proteina de arveja,0,0.25,39,521568,0,0,7,2025,Canada,1639,Estados Unidos,2553
2025-07-22,NotMilk,825,2367,proteina de arveja,0,0.174,34,520649,0,1,7,2025,Canada,1639,Estados Unidos,2553
2025-07-23,NotMilk,1290,2367,proteina de arveja,1,0.234,27,519824,0,2,7,2025,Canada,1639,Estados Unidos,2553
2025-07-24,NotMilk,1097,2367,proteina de arveja,0,0.193,37,518534,0,3,7,2025,Canada,1639,Estados Unidos,2553
2025-07-25,NotMilk,1197,2367,proteina de arveja,0,0.176,33,517437,0,4,7,2025,Canada,1639,Estados Unidos,2553
2025-07-26,NotMilk,1406,2367,proteina de arveja,1,0.215,33,516240,0,5,7,2025,Canada,1639,Estados Unidos,2553
2025-07-27,NotMilk,993,2367,proteina de arveja,0,0.171,33,514834,0,6,7,2025,Canada,1639,Estados Unidos,2553
2025-07-28,NotMilk,855,2367,proteina de arveja,0,0.267,34,513841,0,0,7,2025,Canada,1639,Estados Unidos,2553
2025-07-29,NotMilk,762,2367,proteina de arveja,0,0.09,34,512986,0,1,7,2025,Canada,1639,Estados Unidos,2553
2025-07-30,NotMilk,916,2367,proteina de arveja,0,0.134,30,512224,0,2,7,2025,Canada,1639,Estados Unidos,2553
2025-07-31,NotMilk,970,2367,proteina de arveja,0,0.152,32,511308,0,3,7,2025,Canada,1639,Estados Unidos,2553
2025-08-01,NotMilk,1162,2367,proteina de arveja,0,0.178,35,510338,0,4,8,2025,Canada,1639,Estados Unidos,2553
2025-08-02,NotMilk,999,2367,proteina de arveja,0,0.218,36,509176,0,5,8,2025,Canada,1639,Estados Unidos,2553
2025-08-03,NotMilk,1123,2367,proteina de arveja,0,0.152,35,508177,0,6,8,2025,Canada,1639,Estados Unidos,2553
2025-08-04,NotMilk,803,2367,proteina de arveja,0,0.081,31,507054,0,0,8,2025,Canada,1639,Estados Unidos,2553
2025-08-05,NotMilk,833,2367,proteina de arveja,0,0.194,32,506251,0,1,8,2025,Canada,1639,Estados Unidos,2553
2025-08-06,NotMilk,936,2367,proteina de arveja,0,0.189,33,505418,0,2,8,2025,Canada,1639,Estados Unidos,2553
2025-08-07,NotMilk,957,2367,proteina de arveja,0,0.053,33,504482,0,3,8,2025,Canada,1639,Estados Unidos,2553
2025-08-08,NotMilk,1167,2367,proteina de arveja,0,0.15,37,503525,0,4,8,2025,Canada,1639,Estados Unidos,2553
2025-08-09,NotMilk,1360,2367,proteina de arveja,1,0.07,29,502358,0,5,8,2025,Canada,1639,Estados Unidos,2553
2025-08-10,NotMilk,1091,2367,proteina de arveja,0,0.117,33,500998,0,6,8,2025,Canada,1639,Estados Unidos,2553
2025-08-11,NotMilk,859,2367,proteina de arveja,0,0.105,31,499907,0,0,8,2025,Canada,1639,Estados Unidos,2553
2025-08-12,NotMilk,773,2367,proteina de arveja,0,0.191,31,499048,0,1,8,2025,Canada,1639,Estados Unidos,2553
2025-08-13,NotMilk,852,2367,proteina de arveja,0,0.158,36,498275,0,2,8,2025,Canada,1639,Estados Unidos,2553
2025-08-14,NotMilk,1286,2367,proteina de arveja,1,0.088,34,497423,0,3,8,2025,Canada,1639,Estados Unidos,2553
2025-08-15,NotMilk,1034,2367,proteina de arveja,0,0.198,35,496137,0,4,8,2025,Canada,1639,Estados Unidos,2553
2025-08-16,NotMilk,1010,2367,proteina de arveja,0,0.083,35,495103,0,5,8,2025,Canada,1639,Estados Unidos,2553
2025-08-17,NotMilk,954,2367,proteina de arveja,0,0.173,33,494093,0,6,8,2025,Canada,1639,Estados Unidos,2553
2025-08-18,NotMilk,772,2367,proteina de arveja,0,0.118,33,493139,0,0,8,2025,Canada,1639,Estados Unidos,2553
2025-08-19,NotMilk,925,2367,proteina de arveja,0,0.142,38,492367,0,1,8,2025,Canada,1639,Estados Unidos,2553
2025-08-20,NotMilk,830,2367,proteina de arveja,0,0.188,34,491442,0,2,8,2025,Canada,1639,Estados Unidos,2553
2025-08-21,NotMilk,1057,2367,proteina de arveja,0,0.191,36,490612,0,3,8,2025,Canada,1639,Estados Unidos,2553
2025-08-22,NotMilk,1099,2367,proteina de arveja,0,0.234,35,489555,0,4,8,2025,Canada,1639,Estados Unidos,2553
2025-08-23,NotMilk,987,2367,proteina de arveja,0,0.166,30,488456,0,5,8,2025,Canada,1639,Estados Unidos,2553
2025-08-24,NotMilk,968,2367,proteina de arveja,0,0.188,30,487469,0,6,8,2025,Canada,1639,Estados Unidos,2553
2025-08-25,NotMilk,904,2367,proteina de arveja,0,0.154,33,486501,0,0,8,2025,Canada,1639,Estados Unidos,2553
2025-08-26,NotMilk,969,2367,proteina de arveja,1,0.188,36,485597,0,1,8,2025,Canada,1639,Estados Unidos,2553
2025-08-27,NotMilk,951,2367,proteina de arveja,0,0.205,36,484628,0,2,8,2025,Canada,1639,Estados Unidos,2553
2025-08-28,NotMilk,1317,2367,proteina de arveja,1,0.181,36,483677,0,3,8,2025,Canada,1639,Estados Unidos,2553
2025-08-29,NotMilk,1160,2367,proteina de arveja,0,0.1,31,482360,0,4,8,2025,Canada,1639,Estados Unidos,2553
2025-08-30,NotMilk,1032,2367,proteina de arveja,0,0.211,38,481200,0,5,8,2025,Canada,1639,Estados Unidos,2553
2025-08-31,NotMilk,886,2367,proteina de arveja,0,0.216,33,480168,0,6,8,2025,Canada,1639,Estados Unidos,2553
2025-09-01,NotMilk,810,2367,proteina de arveja,0,0.168,34,479282,0,0,9,2025,Canada,1639,Estados Unidos,2553
2025-09-02,NotMilk,820,2367,proteina de arveja,0,0.142,34,478472,0,1,9,2025,Canada,1639,Estados Unidos,2553
2025-09-03,NotMilk,908,2367,proteina de arveja,0,0.285,35,477652,0,2,9,2025,Canada,1639,Estados Unidos,2553
2025-09-04,NotMilk,821,2367,proteina de arveja,0,0.24,38,476744,0,3,9,2025,Canada,1639,Estados Unidos,2553
2025-09-05,NotMilk,1084,2367,proteina de arveja,0,0.209,33,475923,0,4,9,2025,Canada,1639,Estados Unidos,2553
2025-09-06,NotMilk,1089,2367,proteina de arveja,0,0.169,31,474839,0,5,9,2025,Canada,1639,Estados Unidos,2553
2025-09-07,NotMilk,952,2367,proteina de arveja,0,0.189,34,473750,0,6,9,2025,Canada,1639,Estados Unidos,2553
2025-09-08,NotMilk,945,2367,proteina de arveja,0,0.301,35,472798,0,0,9,2025,Canada,1639,Estados Unidos,2553
2025-09-09,NotMilk,840,2367,proteina de arveja,0,0.248,42,471853,0,1,9,2025,Canada,1639,Estados Unidos,2553
2025-09-10,NotMilk,967,2367,proteina de arveja,0,0.219,36,471013,0,2,9,2025,Canada,1639,Estados Unidos,2553
2025-09-11,NotMilk,983,2367,proteina de arveja,0,0.277,35,470046,0,3,9,2025,Canada,1639,Estados Unidos,2553
2025-09-12,NotMilk,1458,2367,proteina de arveja,1,0.216,32,469063,0,4,9,2025,Canada,1639,Estados Unidos,2553
2025-09-13,NotMilk,1226,2367,proteina de arveja,0,0.338,32,467605,0,5,9,2025,Canada,1639,Estados Unidos,2553
2025-09-14,NotMilk,1085,2367,proteina de arveja,0,0.336,34,466379,0,6,9,2025,Canada,1639,Estados Unidos,2553
2025-09-15,NotMilk,1000,2367,proteina de arveja,1,0.251,35,465294,0,0,9,2025,Canada,1639,Estados Unidos,2553
2025-09-16,NotMilk,803,2367,proteina de arveja,0,0.248,38,464294,0,1,9,2025,Canada,1639,Estados Unidos,2553
2025-09-17,NotMilk,860,2367,proteina de arveja,0,0.155,36,463491,0,2,9,2025,Canada,1639,Estados Unidos,2553
2025-09-18,NotMilk,1049,2367,proteina de arveja,0,0.218,35,462631,0,3,9,2025,Canada,1639,Estados Unidos,2553
2025-09-19,NotMilk,1164,2367,proteina de arveja,0,0.231,34,461582,0,4,9,2025,Canada,1639,Estados Unidos,2553
2025-09-20,NotMilk,1022,2367,proteina de arveja,0,0.31,36,460418,0,5,9,2025,Canada,1639,Estados Unidos,2553
2025-09-21,NotMilk,998,2367,proteina de arveja,0,0.293,34,459396,0,6,9,2025,Canada,1639,Estados Unidos,2553
2025-09-22,NotMilk,733,2367,proteina de arveja,0,0.248,38,458398,0,0,9,2025,Canada,1639,Estados Unidos,2553
2025-09-23,NotMilk,925,2367,proteina de arveja,0,0.307,35,457665,0,1,9,2025,Canada,1639,Estados Unidos,2553
2025-09-24,NotMilk,1130,2367,proteina de arveja,1,0.353,36,456740,0,2,9,2025,Canada,1639,Estados Unidos,2553
2025-09-25,NotMilk,1028,2367,proteina de arveja,0,0.36,32,455610,0,3,9,2025,Canada,1639,Estados Unidos,2553
2025-09-26,NotMilk,1091,2367,proteina de arveja,0,0.245,35,454582,0,4,9,2025,Canada,1639,Estados Unidos,2553
2025-09-27,NotMilk,1213,2367,proteina de arveja,0,0.339,38,453491,0,5,9,2025,Canada,1639,Estados Unidos,2553
2025-09-28,NotMilk,779,2367,proteina de arveja,0,0.282,33,452278,0,6,9,2025,Canada,1639,Estados Unidos,2553
2025-09-29,NotMilk,886,2367,proteina de arveja,0,0.403,35,451499,0,0,9,2025,Canada,1639,Estados Unidos,2553
2025-09-30,NotMilk,835,2367,proteina de arveja,0,0.403,38,450613,0,1,9,2025,Canada,1639,Estados Unidos,2553
2025-10-01,NotMilk,876,2367,proteina de arveja,0,0.324,33,449778,0,2,10,2025,Canada,1639,Estados Unidos,2553
2025-10-02,NotMilk,1183,2367,proteina de arveja,0,0.337,38,448902,0,3,10,2025,Canada,1639,Estados Unidos,2553
2025-10-03,NotMilk,1057,2367,proteina de arveja,0,0.358,35,447719,0,4,10,2025,Canada,1639,Estados Unidos,2553
2025-10-04,NotMilk,1200,2367,proteina de arveja,0,0.274,35,446662,0,5,10,2025,Canada,1639,Estados Unidos,2553
2025-10-05,NotMilk,1054,2367,proteina de arveja,0,0.409,35,445462,0,6,10,2025,Canada,1639,Estados Unidos,2553
2025-10-06,NotMilk,994,2367,proteina de arveja,0,0.384,37,444408,0,0,10,2025,Canada,1639,Estados Unidos,2553
2025-10-07,NotMilk,812,2367,proteina de arveja,0,0.451,42,443414,0,1,10,2025,Canada,1639,Estados Unidos,2553
2025-10-08,NotMilk,872,2367,proteina de arveja,0,0.353,38,442602,0,2,10,2025,Canada,1639,Estados Unidos,2553
2025-10-09,NotMilk,1152,2367,proteina de arveja,0,0.383,35,441730,0,3,10,2025,Canada,1639,Estados Unidos,2553
2025-10-10,NotMilk,1199,2367,proteina de arveja,0,0.343,38,440578,0,4,10,2025,Canada,1639,Estados Unidos,2553
2025-10-11,NotMilk,1010,2367,proteina de arveja,0,0.374,36,439379,0,5,10,2025,Canada,1639,Estados Unidos,2553
2025-10-12,NotMilk,1000,2367,proteina de arveja,0,0.37,39,438369,0,6,10,2025,Canada,1639,Estados Unidos,2553
2025-10-13,NotMilk,950,2367,proteina de arveja,0,0.483,39,437369,0,0,10,2025,Canada,1639,Estados Unidos,2553
2025-10-14,NotMilk,934,2367,proteina de arveja,0,0.403,31,436419,0,1,10,2025,Canada,1639,Estados Unidos,2553
2025-10-15,NotMilk,894,2367,proteina de arveja,0,0.449,35,435485,0,2,10,2025,Canada,1639,Estados Unidos,2553
2025-10-16,NotMilk,830,2367,proteina de arveja,0,0.428,39,434591,0,3,10,2025,Canada,1639,Estados Unidos,2553
2025-10-17,NotMilk,1234,2367,proteina de arveja,0,0.388,37,433761,0,4,10,2025,Canada,1639,Estados Unidos,2553
2025-10-18,NotMilk,1062,2367,proteina de arveja,0,0.447,35,432527,0,5,10,2025,Canada,1639,Estados Unidos,2553
2025-10-19,NotMilk,896,2367,proteina de arveja,0,0.489,37,431465,0,6,10,2025,Canada,1639,Estados Unidos,2553
2025-10-20,NotMilk,728,2367,proteina de arveja,0,0.403,33,430569,0,0,10,2025,Canada,1639,Estados Unidos,2553
2025-10-21,NotMilk,1238,2367,proteina de arveja,1,0.507,38,429841,0,1,10,2025,Canada,1639,Estados Unidos,2553
2025-10-22,NotMilk,977,2367,proteina de arveja,0,0.428,42,428603,0,2,10,2025,Canada,1639,Estados Unidos,2553
2025-10-23,NotMilk,1486,2367,proteina de arveja,1,0.449,39,427626,0,3,10,2025,Canada,1639,Estados Unidos,2553
2025-10-24,NotMilk,1346,2367,proteina de arveja,0,0.503,42,426140,0,4,10,2025,Canada,1639,Estados Unidos,2553
2025-10-25,NotMilk,1266,2367,proteina de arveja,0,0.446,39,424794,0,5,10,2025,Canada,1639,Estados Unidos,2553
2025-10-26,NotMilk,1235,2367,proteina de arveja,0,0.484,40,423528,0,6,10,2025,Canada,1639,Estados Unidos,2553
2025-10-27,NotMilk,857,2367,proteina de arveja,0,0.469,42,422293,0,0,10,2025,Canada,1639,Estados Unidos,2553
2025-10-28,NotMilk,914,2367,proteina de arveja,0,0.494,39,421436,0,1,10,2025,Canada,1639,Estados Unidos,2553
2025-10-29,NotMilk,862,2367,proteina de arveja,0,0.37,36,420522,0,2,10,2025,Canada,1639,Estados Unidos,2553
2025-10-30,NotMilk,1113,2367,proteina de arveja,0,0.4,39,419660,0,3,10,2025,Canada,1639,Estados Unidos,2553
2025-10-31,NotMilk,1217,2367,proteina de arveja,0,0.524,41,418547,0,4,10,2025,Canada,1639,Estados Unidos,2553
2025-11-01,NotMilk,1297,2367,proteina de arveja,0,0.546,38,417330,0,5,11,2025,Canada,1639,Estados Unidos,2553
2025-11-02,NotMilk,1125,2367,proteina de arveja,0,0.45,36,416033,0,6,11,2025,Canada,1639,Estados Unidos,2553
2025-11-03,NotMilk,1037,2367,proteina de arveja,0,0.485,38,414908,0,0,11,2025,Canada,1639,Estados Unidos,2553
2025-11-04,NotMilk,992,2367,proteina de arveja,0,0.513,40,413871,0,1,11,2025,Canada,1639,Estados Unidos,2553
2025-11-05,NotMilk,1191,2367,proteina de arveja,0,0.534,40,412879,0,2,11,2025,Canada,1639,Estados Unidos,2553
2025-11-06,NotMilk,1133,2367,proteina de arveja,0,0.398,34,411688,0,3,11,2025,Canada,1639,Estados Unidos,2553
2025-11-07,NotMilk,1177,2367,proteina de arveja,0,0.456,41,410555,0,4,11,2025,Canada,1639,Estados Unidos,2553
2025-11-08,NotMilk,1291,2367,proteina de arveja,0,0.483,37,409378,0,5,11,2025,Canada,1639,Estados Unidos,2553
2025-11-09,NotMilk,1371,2367,proteina de arveja,1,0.535,38,408087,0,6,11,2025,Canada,1639,Estados Unidos,2553
2025-11-10,NotMilk,1134,2367,proteina de arveja,0,0.625,38,406716,0,0,11,2025,Canada,1639,Estados Unidos,2553
2025-11-11,NotMilk,942,2367,proteina de arveja,0,0.488,43,405582,0,1,11,2025,Canada,1639,Estados Unidos,2553
2025-11-12,NotMilk,995,2367,proteina de arveja,0,0.428,38,404640,0,2,11,2025,Canada,1639,Estados Unidos,2553
2025-11-13,NotMilk,1148,2367,proteina de arveja,0,0.518,37,403645,0,3,11,2025,Canada,1639,Estados Unidos,2553
2025-11-14,NotMilk,1381,2367,proteina de arveja,0,0.563,40,402497,0,4,11,2025,Canada,1639,Estados Unidos,2553
2025-11-15,NotMilk,1283,2367,proteina de arveja,0,0.501,40,401116,0,5,11,2025,Canada,1639,Estados Unidos,2553
2025-11-16,NotMilk,1119,2367,proteina de arveja,0,0.448,37,399833,0,6,11,2025,Canada,1639,Estados Unidos,2553
2025-11-17,NotMilk,1178,2367,proteina de arveja,0,0.54,40,398714,0,0,11,2025,Canada,1639,Estados Unidos,2553
2025-11-18,NotMilk,921,2367,proteina de arveja,0,0.523,37,397536,0,1,11,2025,Canada,1639,Estados Unidos,2553
2025-11-19,NotMilk,1072,2367,proteina de arveja,0,0.437,36,396615,0,2,11,2025,Canada,1639,Estados Unidos,2553
2025-11-20,NotMilk,1287,2367,proteina de arveja,0,0.505,34,395543,0,3,11,2025,Canada,1639,Estados Unidos,2553
2025-11-21,NotMilk,1165,2367,proteina de arveja,0,0.533,36,394256,0,4,11,2025,Canada,1639,Estados Unidos,2553
2025-11-22,NotMilk,1384,2367,proteina de arveja,0,0.54,42,393091,0,5,11,2025,Canada,1639,Estados Unidos,2553
2025-11-23,NotMilk,1108,2367,proteina de arveja,0,0.475,41,391707,0,6,11,2025,Canada,1639,Estados Unidos,2553
2025-11-24,NotMilk,1137,2367,proteina de arveja,0,0.457,38,390599,0,0,11,2025,Canada,1639,Estados Unidos,2553
2025-11-25,NotMilk,936,2367,proteina de arveja,0,0.533,42,389462,0,1,11,2025,Canada,1639,Estados Unidos,2553
2025-11-26,NotMilk,1157,2367,proteina de arveja,0,0.408,37,388526,0,2,11,2025,Canada,1639,Estados Unidos,2553
2025-11-27,NotMilk,1366,2367,proteina de arveja,0,0.487,37,387369,0,3,11,2025,Canada,1639,Estados Unidos,2553
2025-11-28,NotMilk,1469,2367,proteina de arveja,0,0.393,37,386003,0,4,11,2025,Canada,1639,Estados Unidos,2553
2025-11-29,NotMilk,1395,2367,proteina de arveja,0,0.51,38,384534,0,5,11,2025,Canada,1639,Estados Unidos,2553
2025-11-30,NotMilk,1218,2367,proteina de arveja,0,0.44,37,383139,0,6,11,2025,Canada,1639,Estados Unidos,2553
2025-12-01,NotMilk,1044,2367,proteina de arveja,0,0.512,40,381921,0,0,12,2025,Canada,1639,Estados Unidos,2553
2025-12-02,NotMilk,1163,2367,proteina de arveja,0,0.469,38,380877,0,1,12,2025,Canada,1639,Estados Unidos,2553
2025-12-03,NotMilk,1061,2367,proteina de arveja,0,0.379,38,379714,0,2,12,2025,Canada,1639,Estados Unidos,2553
2025-12-04,NotMilk,1180,2367,proteina de arveja,0,0.507,40,378653,0,3,12,2025,Canada,1639,Estados Unidos,2553
2025-12-05,NotMilk,1484,2367,proteina de arveja,0,0.508,39,377473,0,4,12,2025,Canada,1639,Estados Unidos,2553
2025-12-06,NotMilk,1644,2367,proteina de arveja,1,0.47,36,375989,0,5,12,2025,Canada,1639,Estados Unidos,2553
2025-12-07,NotMilk,1175,2367,proteina de arveja,0,0.383,34,374345,0,6,12,2025,Canada,1639,Estados Unidos,2553
2025-12-08,NotMilk,992,2367,proteina de arveja,0,0.401,37,373170,0,0,12,2025,Canada,1639,Estados Unidos,2553
2025-12-09,NotMilk,1025,2367,proteina de arveja,0,0.418,37,372178,0,1,12,2025,Canada,1639,Estados Unidos,2553
2025-12-10,NotMilk,1144,2367,proteina de arveja,0,0.37,37,371153,0,2,12,2025,Canada,1639,Estados Unidos,2553
2025-12-11,NotMilk,1344,2367,proteina de arveja,0,0.485,38,370009,0,3,12,2025,Canada,1639,Estados Unidos,2553
2025-12-12,NotMilk,1553,2367,proteina de arveja,0,0.402,42,368665,0,4,12,2025,Canada,1639,Estados Unidos,2553
2025-12-13,NotMilk,1495,2367,proteina de arveja,0,0.254,32,367112,0,5,12,2025,Canada,1639,Estados Unidos,2553
2025-12-14,NotMilk,1282,2367,proteina de arveja,0,0.4,33,365617,0,6,12,2025,Canada,1639,Estados Unidos,2553
2025-12-15,NotMilk,1130,2367,proteina de arveja,0,0.36,37,364335,0,0,12,2025,Canada,1639,Estados Unidos,2553
2025-12-16,NotMilk,1135,2367,proteina de arveja,0,0.368,36,363205,0,1,12,2025,Canada,1639,Estados Unidos,2553
2025-12-17,NotMilk,1299,2367,proteina de arveja,0,0.348,37,362070,0,2,12,2025,Canada,1639,Estados Unidos,2553
2025-12-18,NotMilk,1362,2367,proteina de arveja,0,0.401,38,360771,0,3,12,2025,Canada,1639,Estados Unidos,2553
2025-12-19,NotMilk,1421,2367,proteina de arveja,0,0.41,39,359409,0,4,12,2025,Canada,1639,Estados Unidos,2553
2025-12-20,NotMilk,1351,2367,proteina de arveja,0,0.363,33,357988,0,5,12,2025,Canada,1639,Estados Unidos,2553
2025-12-21,NotMilk,1469,2367,proteina de arveja,1,0.325,35,356637,0,6,12,2025,Canada,1639,Estados Unidos,2553
2025-12-22,NotMilk,1236,2367,proteina de arveja,0,0.334,37,355168,0,0,12,2025,Canada,1639,Estados Unidos,2553
2025-12-23,NotMilk,1167,2367,proteina de arveja,0,0.331,38,353932,0,1,12,2025,Canada,1639,Estados Unidos,2553
2025-12-24,NotMilk,1260,2367,proteina de arveja,0,0.284,40,352765,0,2,12,2025,Canada,1639,Estados Unidos,2553
2025-12-25,NotMilk,1364,2367,proteina de arveja,0,0.347,38,351505,0,3,12,2025,Canada,1639,Estados Unidos,2553
2025-12-26,NotMilk,1678,2367,proteina de arveja,0,0.335,36,350141,0,4,12,2025,Canada,1639,Estados Unidos,2553
2025-12-27,NotMilk,1441,2367,proteina de arveja,0,0.383,35,348463,0,5,12,2025,Canada,1639,Estados Unidos,2553
2025-12-28,NotMilk,1464,2367,proteina de arveja,0,0.363,35,347022,0,6,12,2025,Canada,1639,Estados Unidos,2553
2025-12-29,NotMilk,1194,2367,proteina de arveja,0,0.26,34,345558,0,0,12,2025,Canada,1639,Estados Unidos,2553
2025-12-30,NotMilk,1083,2367,proteina de arveja,0,0.33,37,344364,0,1,12,2025,Canada,1639,Estados Unidos,2553
2021-01-01,NotBurger,912,1149,proteina de arveja,0,0.289,35,12400,0,4,1,2021,Canada,1639,Estados Unidos,2553
2021-01-02,NotBurger,900,1149,proteina de arveja,0,0.292,35,11488,0,5,1,2021,Canada,1639,Estados Unidos,2553
2021-01-03,NotBurger,751,1149,proteina de arveja,0,0.299,32,10588,0,6,1,2021,Canada,1639,Estados Unidos,2553
2021-01-04,NotBurger,668,1149,proteina de arveja,0,0.281,33,9837,0,0,1,2021,Canada,1639,Estados Unidos,2553
2021-01-05,NotBurger,541,1149,proteina de arveja,0,0.253,31,9169,0,1,1,2021,Canada,1639,Estados Unidos,2553
2021-01-06,NotBurger,700,1149,proteina de arveja,0,0.216,31,8628,0,2,1,2021,Canada,1639,Estados Unidos,2553
2021-01-07,NotBurger,790,1149,proteina de arveja,0,0.262,34,7928,0,3,1,2021,Canada,1639,Estados Unidos,2553
2021-01-08,NotBurger,854,1149,proteina de arveja,0,0.33,33,7138,0,4,1,2021,Canada,1639,Estados Unidos,2553
2021-01-09,NotBurger,957,1149,proteina de arveja,0,0.283,33,6284,0,5,1,2021,Canada,1639,Estados Unidos,2553
2021-01-10,NotBurger,757,1149,proteina de arveja,0,0.253,30,5327,0,6,1,2021,Canada,1639,Estados Unidos,2553
2021-01-11,NotBurger,654,1149,proteina de arveja,0,0.273,36,4570,0,0,1,2021,Canada,1639,Estados Unidos,2553
2021-01-12,NotBurger,442,1149,proteina de arveja,0,0.198,33,3916,0,1,1,2021,Canada,1639,Estados Unidos,2553
2021-01-13,NotBurger,861,1149,proteina de arveja,1,0.187,34,3474,0,2,1,2021,Canada,1639,Estados Unidos,2553
2021-01-14,NotBurger,785,1149,proteina de arveja,0,0.17,35,2613,0,3,1,2021,Canada,1639,Estados Unidos,2553
2021-01-15,NotBurger,859,1149,proteina de arveja,0,0.197,31,1828,0,4,1,2021,Canada,1639,Estados Unidos,2553
2021-01-16,NotBurger,887,1149,proteina de arveja,0,0.178,31,969,0,5,1,2021,Canada,1639,Estados Unidos,2553
2021-01-17,NotBurger,757,1149,proteina de arveja,0,0.255,29,82,0,6,1,2021,Canada,1639,Estados Unidos,2553
2021-01-18,NotBurger,634,1149,proteina de arveja,0,0.167,38,0,1,0,1,2021,Canada,1639,Estados Unidos,2553
2021-01-19,NotBurger,515,1149,proteina de arveja,0,0.147,31,0,1,1,1,2021,Canada,1639,Estados Unidos,2553
2021-01-20,NotBurger,681,1149,proteina de arveja,0,0.281,35,0,1,2,1,2021,Canada,1639,Estados Unidos,2553
2021-01-21,NotBurger,1164,1149,proteina de arveja,1,0.158,29,0,1,3,1,2021,Canada,1639,Estados Unidos,2553
2021-01-22,NotBurger,979,1149,proteina de arveja,0,0.184,34,0,1,4,1,2021,Canada,1639,Estados Unidos,2553
2021-01-23,NotBurger,1008,1149,proteina de arveja,0,0.196,36,0,1,5,1,2021,Canada,1639,Estados Unidos,2553
2021-01-24,NotBurger,879,1149,proteina de arveja,0,0.114,31,0,1,6,1,2021,Canada,1639,Estados Unidos,2553
2021-01-25,NotBurger,713,1149,proteina de arveja,0,0.23,31,0,1,0,1,2021,Canada,1639,Estados Unidos,2553
2021-01-26,NotBurger,677,1149,proteina de arveja,0,0.197,32,0,1,1,1,2021,Canada,1639,Estados Unidos,2553
2021-01-27,NotBurger,649,1149,proteina de arveja,0,0.241,28,0,1,2,1,2021,Canada,1639,Estados Unidos,2553
2021-01-28,NotBurger,798,1149,proteina de arveja,0,0.127,31,0,1,3,1,2021,Canada,1639,Estados Unidos,2553
2021-01-29,NotBurger,1034,1149,proteina de arveja,0,0.164,34,0,1,4,1,2021,Canada,1639,Estados Unidos,2553
2021-01-30,NotBurger,1016,1149,proteina de arveja,0,0.159,32,0,1,5,1,2021,Canada,1639,Estados Unidos,2553
2021-01-31,NotBurger,872,1149,proteina de arveja,0,0.169,31,0,1,6,1,2021,Canada,1639,Estados Unidos,2553
2021-02-01,NotBurger,936,1149,proteina de arveja,1,0.081,32,0,1,0,2,2021,Canada,1639,Estados Unidos,2553
2021-02-02,NotBurger,598,1149,proteina de arveja,0,0.158,33,0,1,1,2,2021,Canada,1639,Estados Unidos,2553
2021-02-03,NotBurger,709,1149,proteina de arveja,0,0.081,28,0,1,2,2,2021,Canada,1639,Estados Unidos,2553
2021-02-04,NotBurger,791,1149,proteina de arveja,0,0.169,32,0,1,3,2,2021,Canada,1639,Estados Unidos,2553
2021-02-05,NotBurger,1155,1149,proteina de arveja,0,0.044,35,14709,0,4,2,2021,Canada,1639,Estados Unidos,2553
2021-02-06,NotBurger,948,1149,proteina de arveja,0,0.058,28,29054,0,5,2,2021,Canada,1639,Estados Unidos,2553
2021-02-07,NotBurger,811,1149,proteina de arveja,0,0.191,32,28106,0,6,2,2021,Canada,1639,Estados Unidos,2553
2021-02-08,NotBurger,648,1149,proteina de arveja,0,0.123,35,27295,0,0,2,2021,Canada,1639,Estados Unidos,2553
2021-02-09,NotBurger,751,1149,proteina de arveja,1,0.101,33,42147,0,1,2,2021,Canada,1639,Estados Unidos,2553
2021-02-10,NotBurger,653,1149,proteina de arveja,0,0.214,32,72396,0,2,2,2021,Canada,1639,Estados Unidos,2553
2021-02-11,NotBurger,831,1149,proteina de arveja,0,0.168,32,87243,0,3,2,2021,Canada,1639,Estados Unidos,2553
2021-02-12,NotBurger,888,1149,proteina de arveja,0,0.196,32,86412,0,4,2,2021,Canada,1639,Estados Unidos,2553
2021-02-13,NotBurger,922,1149,proteina de arveja,0,0.145,30,85524,0,5,2,2021,Canada,1639,Estados Unidos,2553
2021-02-14,NotBurger,1229,1149,proteina de arveja,1,0.289,33,100102,0,6,2,2021,Canada,1639,Estados Unidos,2553
2021-02-15,NotBurger,712,1149,proteina de arveja,0,0.126,31,129873,0,0,2,2021,Canada,1639,Estados Unidos,2553
2021-02-16,NotBurger,831,1149,proteina de arveja,1,0.245,33,175661,0,1,2,2021,Canada,1639,Estados Unidos,2553
2021-02-17,NotBurger,764,1149,proteina de arveja,0,0.157,30,174830,0,2,2,2021,Canada,1639,Estados Unidos,2553
2021-02-18,NotBurger,1002,1149,proteina de arveja,0,0.079,28,189566,0,3,2,2021,Canada,1639,Estados Unidos,2553
2021-02-19,NotBurger,861,1149,proteina de arveja,0,0.188,32,219564,0,4,2,2021,Canada,1639,Estados Unidos,2553
2021-02-20,NotBurger,893,1149,proteina de arveja,0,0.182,36,218703,0,5,2,2021,Canada,1639,Estados Unidos,2553
2021-02-21,NotBurger,1079,1149,proteina de arveja,1,0.117,32,217810,0,6,2,2021,Canada,1639,Estados Unidos,2553
2021-02-22,NotBurger,651,1149,proteina de arveja,0,0.126,31,216731,0,0,2,2021,Canada,1639,Estados Unidos,2553
2021-02-23,NotBurger,598,1149,proteina de arveja,0,0.174,34,216080,0,1,2,2021,Canada,1639,Estados Unidos,2553
2021-02-24,NotBurger,676,1149,proteina de arveja,0,0.196,32,261982,0,2,2,2021,Canada,1639,Estados Unidos,2553
2021-02-25,NotBurger,892,1149,proteina de arveja,0,0.058,34,307806,0,3,2,2021,Canada,1639,Estados Unidos,2553
2021-02-26,NotBurger,1010,1149,proteina de arveja,0,0.238,33,306914,0,4,2,2021,Canada,1639,Estados Unidos,2553
2021-02-27,NotBurger,936,1149,proteina de arveja,0,0.164,33,321404,0,5,2,2021,Canada,1639,Estados Unidos,2553
2021-02-28,NotBurger,699,1149,proteina de arveja,0,0.126,30,351468,0,6,2,2021,Canada,1639,Estados Unidos,2553
2021-03-01,NotBurger,624,1149,proteina de arveja,0,0.244,34,350769,0,0,3,2021,Canada,1639,Estados Unidos,2553
2021-03-02,NotBurger,586,1149,proteina de arveja,0,0.2,33,350145,0,1,3,2021,Canada,1639,Estados Unidos,2553
2021-03-03,NotBurger,688,1149,proteina de arveja,0,0.266,33,396059,0,2,3,2021,Canada,1639,Estados Unidos,2553
2021-03-04,NotBurger,798,1149,proteina de arveja,0,0.231,32,410871,0,3,3,2021,Canada,1639,Estados Unidos,2553
2021-03-05,NotBurger,967,1149,proteina de arveja,0,0.214,31,425573,0,4,3,2021,Canada,1639,Estados Unidos,2553
2021-03-06,NotBurger,903,1149,proteina de arveja,0,0.211,33,424606,0,5,3,2021,Canada,1639,Estados Unidos,2553
2021-03-07,NotBurger,837,1149,proteina de arveja,0,0.248,34,439203,0,6,3,2021,Canada,1639,Estados Unidos,2553
2021-03-08,NotBurger,619,1149,proteina de arveja,0,0.208,32,453866,0,0,3,2021,Canada,1639,Estados Unidos,2553
2021-03-09,NotBurger,571,1149,proteina de arveja,0,0.191,33,453247,0,1,3,2021,Canada,1639,Estados Unidos,2553
2021-03-10,NotBurger,627,1149,proteina de arveja,0,0.269,33,452676,0,2,3,2021,Canada,1639,Estados Unidos,2553
2021-03-11,NotBurger,864,1149,proteina de arveja,0,0.237,33,452049,0,3,3,2021,Canada,1639,Estados Unidos,2553
2021-03-12,NotBurger,934,1149,proteina de arveja,0,0.251,33,451185,0,4,3,2021,Canada,1639,Estados Unidos,2553
2021-03-13,NotBurger,1061,1149,proteina de arveja,0,0.31,34,450251,0,5,3,2021,Canada,1639,Estados Unidos,2553
2021-03-14,NotBurger,870,1149,proteina de arveja,0,0.255,38,449190,0,6,3,2021,Canada,1639,Estados Unidos,2553
2021-03-15,NotBurger,670,1149,proteina de arveja,0,0.267,34,448320,0,0,3,2021,Canada,1639,Estados Unidos,2553
2021-03-16,NotBurger,570,1149,proteina de arveja,0,0.242,34,447650,0,1,3,2021,Canada,1639,Estados Unidos,2553
2021-03-17,NotBurger,718,1149,proteina de arveja,0,0.299,34,447080,0,2,3,2021,Canada,1639,Estados Unidos,2553
2021-03-18,NotBurger,918,1149,proteina de arveja,0,0.301,33,446362,0,3,3,2021,Canada,1639,Estados Unidos,2553
2021-03-19,NotBurger,1344,1149,proteina de arveja,1,0.334,37,445444,0,4,3,2021,Canada,1639,Estados Unidos,2553
2021-03-20,NotBurger,1108,1149,proteina de arveja,0,0.266,33,444100,0,5,3,2021,Canada,1639,Estados Unidos,2553
2021-03-21,NotBurger,867,1149,proteina de arveja,0,0.278,35,442992,0,6,3,2021,Canada,1639,Estados Unidos,2553
2021-03-22,NotBurger,717,1149,proteina de arveja,0,0.347,33,442125,0,0,3,2021,Canada,1639,Estados Unidos,2553
2021-03-23,NotBurger,610,1149,proteina de arveja,0,0.326,32,441408,0,1,3,2021,Canada,1639,Estados Unidos,2553
2021-03-24,NotBurger,728,1149,proteina de arveja,0,0.274,34,440798,0,2,3,2021,Canada,1639,Estados Unidos,2553
2021-03-25,NotBurger,807,1149,proteina de arveja,0,0.391,32,440070,0,3,3,2021,Canada,1639,Estados Unidos,2553
2021-03-26,NotBurger,951,1149,proteina de arveja,0,0.246,34,439263,0,4,3,2021,Canada,1639,Estados Unidos,2553
2021-03-27,NotBurger,999,1149,proteina de arveja,0,0.377,32,438312,0,5,3,2021,Canada,1639,Estados Unidos,2553
2021-03-28,NotBurger,850,1149,proteina de arveja,0,0.28,33,437313,0,6,3,2021,Canada,1639,Estados Unidos,2553
2021-03-29,NotBurger,688,1149,proteina de arveja,0,0.444,32,436463,0,0,3,2021,Canada,1639,Estados Unidos,2553
2021-03-30,NotBurger,908,1149,proteina de arveja,1,0.278,39,435775,0,1,3,2021,Canada,1639,Estados Unidos,2553
2021-03-31,NotBurger,605,1149,proteina de arveja,0,0.419,32,434867,0,2,3,2021,Canada,1639,Estados Unidos,2553
2021-04-01,NotBurger,785,1149,proteina de arveja,0,0.363,34,434262,0,3,4,2021,Canada,1639,Estados Unidos,2553
2021-04-02,NotBurger,992,1149,proteina de arveja,0,0.355,37,433477,0,4,4,2021,Canada,1639,Estados Unidos,2553
2021-04-03,NotBurger,1237,1149,proteina de arveja,1,0.388,37,432485,0,5,4,2021,Canada,1639,Estados Unidos,2553
2021-04-04,NotBurger,1036,1149,proteina de arveja,0,0.416,37,431248,0,6,4,2021,Canada,1639,Estados Unidos,2553
2021-04-05,NotBurger,678,1149,proteina de arveja,0,0.345,34,430212,0,0,4,2021,Canada,1639,Estados Unidos,2553
2021-04-06,NotBurger,584,1149,proteina de arveja,0,0.355,37,429534,0,1,4,2021,Canada,1639,Estados Unidos,2553
2021-04-07,NotBurger,644,1149,proteina de arveja,0,0.433,37,428950,0,2,4,2021,Canada,1639,Estados Unidos,2553
2021-04-08,NotBurger,806,1149,proteina de arveja,0,0.321,34,428306,0,3,4,2021,Canada,1639,Estados Unidos,2553
2021-04-09,NotBurger,961,1149,proteina de arveja,0,0.382,35,427500,0,4,4,2021,Canada,1639,Estados Unidos,2553
2021-04-10,NotBurger,1259,1149,proteina de arveja,1,0.569,36,426539,0,5,4,2021,Canada,1639,Estados Unidos,2553
2021-04-11,NotBurger,773,1149,proteina de arveja,0,0.373,33,425280,0,6,4,2021,Canada,1639,Estados Unidos,2553
2021-04-12,NotBurger,626,1149,proteina de arveja,0,0.484,38,424507,0,0,4,2021,Canada,1639,Estados Unidos,2553
2021-04-13,NotBurger,640,1149,proteina de arveja,0,0.402,37,423881,0,1,4,2021,Canada,1639,Estados Unidos,2553
2021-04-14,NotBurger,733,1149,proteina de arveja,0,0.462,34,423241,0,2,4,2021,Canada,1639,Estados Unidos,2553
2021-04-15,NotBurger,839,1149,proteina de arveja,0,0.474,35,422508,0,3,4,2021,Canada,1639,Estados Unidos,2553
2021-04-16,NotBurger,840,1149,proteina de arveja,0,0.502,36,421669,0,4,4,2021,Canada,1639,Estados Unidos,2553
2021-04-17,NotBurger,965,1149,proteina de arveja,0,0.44,35,420829,0,5,4,2021,Canada,1639,Estados Unidos,2553
2021-04-18,NotBurger,884,1149,proteina de arveja,0,0.553,37,419864,0,6,4,2021,Canada,1639,Estados Unidos,2553
2021-04-19,NotBurger,935,1149,proteina de arveja,1,0.428,37,418980,0,0,4,2021,Canada,1639,Estados Unidos,2553
2021-04-20,NotBurger,599,1149,proteina de arveja,0,0.473,34,418045,0,1,4,2021,Canada,1639,Estados Unidos,2553
2021-04-21,NotBurger,876,1149,proteina de arveja,1,0.478,34,417446,0,2,4,2021,Canada,1639,Estados Unidos,2553
2021-04-22,NotBurger,808,1149,proteina de arveja,0,0.413,37,416570,0,3,4,2021,Canada,1639,Estados Unidos,2553
2021-04-23,NotBurger,966,1149,proteina de arveja,0,0.458,35,415762,0,4,4,2021,Canada,1639,Estados Unidos,2553
2021-04-24,NotBurger,855,1149,proteina de arveja,0,0.483,33,414796,0,5,4,2021,Canada,1639,Estados Unidos,2553
2021-04-25,NotBurger,786,1149,proteina de arveja,0,0.457,35,413941,0,6,4,2021,Canada,1639,Estados Unidos,2553
2021-04-26,NotBurger,678,1149,proteina de arveja,0,0.603,37,413155,0,0,4,2021,Canada,1639,Estados Unidos,2553
2021-04-27,NotBurger,526,1149,proteina de arveja,0,0.442,38,412477,0,1,4,2021,Canada,1639,Estados Unidos,2553
2021-04-28,NotBurger,587,1149,proteina de arveja,0,0.545,38,411951,0,2,4,2021,Canada,1639,Estados Unidos,2553
2021-04-29,NotBurger,791,1149,proteina de arveja,0,0.531,39,411364,0,3,4,2021,Canada,1639,Estados Unidos,2553
2021-04-30,NotBurger,881,1149,proteina de arveja,0,0.49,38,410573,0,4,4,2021,Canada,1639,Estados Unidos,2553
2021-05-01,NotBurger,928,1149,proteina de arveja,0,0.449,37,409692,0,5,5,2021,Canada,1639,Estados Unidos,2553
2021-05-02,NotBurger,722,1149,proteina de arveja,0,0.456,34,408764,0,6,5,2021,Canada,1639,Estados Unidos,2553
2021-05-03,NotBurger,679,1149,proteina de arveja,0,0.47,35,408042,0,0,5,2021,Canada,1639,Estados Unidos,2553
2021-05-04,NotBurger,483,1149,proteina de arveja,0,0.407,33,407363,0,1,5,2021,Canada,1639,Estados Unidos,2553
2021-05-05,NotBurger,675,1149,proteina de arveja,0,0.448,35,406880,0,2,5,2021,Canada,1639,Estados Unidos,2553
2021-05-06,NotBurger,717,1149,proteina de arveja,0,0.425,36,406205,0,3,5,2021,Canada,1639,Estados Unidos,2553
2021-05-07,NotBurger,748,1149,proteina de arveja,0,0.567,37,405488,0,4,5,2021,Canada,1639,Estados Unidos,2553
2021-05-08,NotBurger,874,1149,proteina de arveja,0,0.531,39,404740,0,5,5,2021,Canada,1639,Estados Unidos,2553
2021-05-09,NotBurger,713,1149,proteina de arveja,0,0.539,34,403866,0,6,5,2021,Canada,1639,Estados Unidos,2553
2021-05-10,NotBurger,528,1149,proteina de arveja,0,0.529,37,403153,0,0,5,2021,Canada,1639,Estados Unidos,2553
2021-05-11,NotBurger,452,1149,proteina de arveja,0,0.508,34,402625,0,1,5,2021,Canada,1639,Estados Unidos,2553
2021-05-12,NotBurger,596,1149,proteina de arveja,0,0.572,37,402173,0,2,5,2021,Canada,1639,Estados Unidos,2553
2021-05-13,NotBurger,800,1149,proteina de arveja,0,0.468,37,401577,0,3,5,2021,Canada,1639,Estados Unidos,2553
2021-05-14,NotBurger,887,1149,proteina de arveja,0,0.503,36,400777,0,4,5,2021,Canada,1639,Estados Unidos,2553
2021-05-15,NotBurger,836,1149,proteina de arveja,0,0.534,38,399890,0,5,5,2021,Canada,1639,Estados Unidos,2553
2021-05-16,NotBurger,733,1149,proteina de arveja,0,0.43,33,399054,0,6,5,2021,Canada,1639,Estados Unidos,2553
2021-05-17,NotBurger,561,1149,proteina de arveja,0,0.649,34,398321,0,0,5,2021,Canada,1639,Estados Unidos,2553
2021-05-18,NotBurger,449,1149,proteina de arveja,0,0.494,37,397760,0,1,5,2021,Canada,1639,Estados Unidos,2553
2021-05-19,NotBurger,512,1149,proteina de arveja,0,0.498,39,397311,0,2,5,2021,Canada,1639,Estados Unidos,2553
2021-05-20,NotBurger,707,1149,proteina de arveja,0,0.552,35,396799,0,3,5,2021,Canada,1639,Estados Unidos,2553
2021-05-21,NotBurger,810,1149,proteina de arveja,0,0.532,39,396092,0,4,5,2021,Canada,1639,Estados Unidos,2553
2021-05-22,NotBurger,861,1149,proteina de arveja,0,0.486,36,395282,0,5,5,2021,Canada,1639,Estados Unidos,2553
2021-05-23,NotBurger,725,1149,proteina de arveja,0,0.488,33,394421,0,6,5,2021,Canada,1639,Estados Unidos,2553
2021-05-24,NotBurger,571,1149,proteina de arveja,0,0.404,33,393696,0,0,5,2021,Canada,1639,Estados Unidos,2553
2021-05-25,NotBurger,479,1149,proteina de arveja,0,0.448,35,393125,0,1,5,2021,Canada,1639,Estados Unidos,2553
2021-05-26,NotBurger,497,1149,proteina de arveja,0,0.499,35,392646,0,2,5,2021,Canada,1639,Estados Unidos,2553
2021-05-27,NotBurger,718,1149,proteina de arveja,0,0.492,33,392149,0,3,5,2021,Canada,1639,Estados Unidos,2553
2021-05-28,NotBurger,827,1149,proteina de arveja,0,0.527,33,391431,0,4,5,2021,Canada,1639,Estados Unidos,2553
2021-05-29,NotBurger,630,1149,proteina de arveja,0,0.456,34,390604,0,5,5,2021,Canada,1639,Estados Unidos,2553
2021-05-30,NotBurger,616,1149,proteina de arveja,0,0.389,35,389974,0,6,5,2021,Canada,1639,Estados Unidos,2553
2021-05-31,NotBurger,497,1149,proteina de arveja,0,0.508,36,389358,0,0,5,2021,Canada,1639,Estados Unidos,2553
2021-06-01,NotBurger,478,1149,proteina de arveja,0,0.522,35,388861,0,1,6,2021,Canada,1639,Estados Unidos,2553
2021-06-02,NotBurger,505,1149,proteina de arveja,0,0.491,36,388383,0,2,6,2021,Canada,1639,Estados Unidos,2553
2021-06-03,NotBurger,669,1149,proteina de arveja,0,0.434,37,387878,0,3,6,2021,Canada,1639,Estados Unidos,2553
2021-06-04,NotBurger,753,1149,proteina de arveja,0,0.49,37,387209,0,4,6,2021,Canada,1639,Estados Unidos,2553
2021-06-05,NotBurger,742,1149,proteina de arveja,0,0.604,37,386456,0,5,6,2021,Canada,1639,Estados Unidos,2553
2021-06-06,NotBurger,601,1149,proteina de arveja,0,0.434,37,385714,0,6,6,2021,Canada,1639,Estados Unidos,2553
2021-06-07,NotBurger,482,1149,proteina de arveja,0,0.357,32,385113,0,0,6,2021,Canada,1639,Estados Unidos,2553
2021-06-08,NotBurger,418,1149,proteina de arveja,0,0.389,34,384631,0,1,6,2021,Canada,1639,Estados Unidos,2553
2021-06-09,NotBurger,537,1149,proteina de arveja,0,0.444,35,384213,0,2,6,2021,Canada,1639,Estados Unidos,2553
2021-06-10,NotBurger,677,1149,proteina de arveja,0,0.327,31,383676,0,3,6,2021,Canada,1639,Estados Unidos,2553
2021-06-11,NotBurger,694,1149,proteina de arveja,0,0.411,34,382999,0,4,6,2021,Canada,1639,Estados Unidos,2553
2021-06-12,NotBurger,814,1149,proteina de arveja,0,0.416,31,382305,0,5,6,2021,Canada,1639,Estados Unidos,2553
2021-06-13,NotBurger,600,1149,proteina de arveja,0,0.468,39,381491,0,6,6,2021,Canada,1639,Estados Unidos,2553
2021-06-14,NotBurger,550,1149,proteina de arveja,0,0.451,34,380891,0,0,6,2021,Canada,1639,Estados Unidos,2553
2021-06-15,NotBurger,418,1149,proteina de arveja,0,0.423,38,380341,0,1,6,2021,Canada,1639,Estados Unidos,2553
2021-06-16,NotBurger,421,1149,proteina de arveja,0,0.266,33,379923,0,2,6,2021,Canada,1639,Estados Unidos,2553
2021-06-17,NotBurger,645,1149,proteina de arveja,0,0.414,36,379502,0,3,6,2021,Canada,1639,Estados Unidos,2553
2021-06-18,NotBurger,727,1149,proteina de arveja,0,0.398,34,378857,0,4,6,2021,Canada,1639,Estados Unidos,2553
2021-06-19,NotBurger,701,1149,proteina de arveja,0,0.369,35,378130,0,5,6,2021,Canada,1639,Estados Unidos,2553
2021-06-20,NotBurger,563,1149,proteina de arveja,0,0.264,34,377429,0,6,6,2021,Canada,1639,Estados Unidos,2553
2021-06-21,NotBurger,471,1149,proteina de arveja,0,0.306,35,376866,0,0,6,2021,Canada,1639,Estados Unidos,2553
2021-06-22,NotBurger,408,1149,proteina de arveja,0,0.28,35,376395,0,1,6,2021,Canada,1639,Estados Unidos,2553
2021-06-23,NotBurger,473,1149,proteina de arveja,0,0.232,32,375987,0,2,6,2021,Canada,1639,Estados Unidos,2553
2021-06-24,NotBurger,643,1149,proteina de arveja,0,0.326,33,375514,0,3,6,2021,Canada,1639,Estados Unidos,2553
2021-06-25,NotBurger,698,1149,proteina de arveja,0,0.281,30,374871,0,4,6,2021,Canada,1639,Estados Unidos,2553
2021-06-26,NotBurger,913,1149,proteina de arveja,1,0.446,36,374173,0,5,6,2021,Canada,1639,Estados Unidos,2553
2021-06-27,NotBurger,562,1149,proteina de arveja,0,0.3,36,373260,0,6,6,2021,Canada,1639,Estados Unidos,2553
2021-06-28,NotBurger,443,1149,proteina de arveja,0,0.367,38,372698,0,0,6,2021,Canada,1639,Estados Unidos,2553
2021-06-29,NotBurger,372,1149,proteina de arveja,0,0.218,33,372255,0,1,6,2021,Canada,1639,Estados Unidos,2553
2021-06-30,NotBurger,454,1149,proteina de arveja,0,0.264,32,371883,0,2,6,2021,Canada,1639,Estados Unidos,2553
2021-07-01,NotBurger,427,1149,proteina de arveja,0,0.29,30,371429,0,3,7,2021,Canada,1639,Estados Unidos,2553
2021-07-02,NotBurger,633,1149,proteina de arveja,0,0.234,35,371002,0,4,7,2021,Canada,1639,Estados Unidos,2553
2021-07-03,NotBurger,647,1149,proteina de arveja,0,0.252,29,370369,0,5,7,2021,Canada,1639,Estados Unidos,2553
2021-07-04,NotBurger,578,1149,proteina de arveja,0,0.257,32,369722,0,6,7,2021,Canada,1639,Estados Unidos,2553
2021-07-05,NotBurger,431,1149,proteina de arveja,0,0.25,33,369144,0,0,7,2021,Canada,1639,Estados Unidos,2553
2021-07-06,NotBurger,407,1149,proteina de arveja,0,0.349,34,368713,0,1,7,2021,Canada,1639,Estados Unidos,2553
2021-07-07,NotBurger,373,1149,proteina de arveja,0,0.27,33,368306,0,2,7,2021,Canada,1639,Estados Unidos,2553
2021-07-08,NotBurger,559,1149,proteina de arveja,0,0.269,34,367933,0,3,7,2021,Canada,1639,Estados Unidos,2553
2021-07-09,NotBurger,556,1149,proteina de arveja,0,0.267,28,367374,0,4,7,2021,Canada,1639,Estados Unidos,2553
2021-07-10,NotBurger,569,1149,proteina de arveja,0,0.265,33,366818,0,5,7,2021,Canada,1639,Estados Unidos,2553
2021-07-11,NotBurger,527,1149,proteina de arveja,0,0.226,28,366249,0,6,7,2021,Canada,1639,Estados Unidos,2553
2021-07-12,NotBurger,469,1149,proteina de arveja,0,0.209,34,365722,0,0,7,2021,Canada,1639,Estados Unidos,2553
2021-07-13,NotBurger,395,1149,proteina de arveja,0,0.228,32,365253,0,1,7,2021,Canada,1639,Estados Unidos,2553
2021-07-14,NotBurger,438,1149,proteina de arveja,0,0.273,29,364858,0,2,7,2021,Canada,1639,Estados Unidos,2553
2021-07-15,NotBurger,544,1149,proteina de arveja,0,0.267,32,364420,0,3,7,2021,Canada,1639,Estados Unidos,2553
2021-07-16,NotBurger,587,1149,proteina de arveja,0,0.194,31,363876,0,4,7,2021,Canada,1639,Estados Unidos,2553
2021-07-17,NotBurger,585,1149,proteina de arveja,0,0.24,35,363289,0,5,7,2021,Canada,1639,Estados Unidos,2553
2021-07-18,NotBurger,536,1149,proteina de arveja,0,0.188,33,362704,0,6,7,2021,Canada,1639,Estados Unidos,2553
2021-07-19,NotBurger,483,1149,proteina de arveja,1,0.195,33,362168,0,0,7,2021,Canada,1639,Estados Unidos,2553
2021-07-20,NotBurger,526,1149,proteina de arveja,1,0.166,34,361685,0,1,7,2021,Canada,1639,Estados Unidos,2553
2021-07-21,NotBurger,412,1149,proteina de arveja,0,0.177,32,361159,0,2,7,2021,Canada,1639,Estados Unidos,2553
2021-07-22,NotBurger,564,1149,proteina de arveja,0,0.249,34,360747,0,3,7,2021,Canada,1639,Estados Unidos,2553
2021-07-23,NotBurger,652,1149,proteina de arveja,0,0.183,34,360183,0,4,7,2021,Canada,1639,Estados Unidos,2553
2021-07-24,NotBurger,515,1149,proteina de arveja,0,0.182,30,359531,0,5,7,2021,Canada,1639,Estados Unidos,2553
2021-07-25,NotBurger,481,1149,proteina de arveja,0,0.1,34,359016,0,6,7,2021,Canada,1639,Estados Unidos,2553
2021-07-26,NotBurger,375,1149,proteina de arveja,0,0.154,29,358535,0,0,7,2021,Canada,1639,Estados Unidos,2553
2021-07-27,NotBurger,311,1149,proteina de arveja,0,0.155,34,358160,0,1,7,2021,Canada,1639,Estados Unidos,2553
2021-07-28,NotBurger,380,1149,proteina de arveja,0,0.123,28,357849,0,2,7,2021,Canada,1639,Estados Unidos,2553
2021-07-29,NotBurger,617,1149,proteina de arveja,0,0.163,33,357469,0,3,7,2021,Canada,1639,Estados Unidos,2553
2021-07-30,NotBurger,619,1149,proteina de arveja,0,0.139,35,356852,0,4,7,2021,Canada,1639,Estados Unidos,2553
2021-07-31,NotBurger,670,1149,proteina de arveja,0,0.162,32,356233,0,5,7,2021,Canada,1639,Estados Unidos,2553
2021-08-01,NotBurger,526,1149,proteina de arveja,0,0.163,31,355563,0,6,8,2021,Canada,1639,Estados Unidos,2553
2021-08-02,NotBurger,370,1149,proteina de arveja,0,0.107,33,355037,0,0,8,2021,Canada,1639,Estados Unidos,2553
2021-08-03,NotBurger,345,1149,proteina de arveja,0,0.134,31,354667,0,1,8,2021,Canada,1639,Estados Unidos,2553
2021-08-04,NotBurger,425,1149,proteina de arveja,0,0.156,36,354322,0,2,8,2021,Canada,1639,Estados Unidos,2553
2021-08-05,NotBurger,524,1149,proteina de arveja,0,0.211,33,353897,0,3,8,2021,Canada,1639,Estados Unidos,2553
2021-08-06,NotBurger,552,1149,proteina de arveja,0,0.164,31,353373,0,4,8,2021,Canada,1639,Estados Unidos,2553
2021-08-07,NotBurger,622,1149,proteina de arveja,1,0.117,30,352821,0,5,8,2021,Canada,1639,Estados Unidos,2553
2021-08-08,NotBurger,612,1149,proteina de arveja,0,0.17,30,352199,0,6,8,2021,Canada,1639,Estados Unidos,2553
2021-08-09,NotBurger,383,1149,proteina de arveja,0,0.235,32,351587,0,0,8,2021,Canada,1639,Estados Unidos,2553
2021-08-10,NotBurger,340,1149,proteina de arveja,0,0.196,32,351204,0,1,8,2021,Canada,1639,Estados Unidos,2553
2021-08-11,NotBurger,403,1149,proteina de arveja,0,0.178,31,350864,0,2,8,2021,Canada,1639,Estados Unidos,2553
2021-08-12,NotBurger,614,1149,proteina de arveja,1,0.187,31,350461,0,3,8,2021,Canada,1639,Estados Unidos,2553
2021-08-13,NotBurger,577,1149,proteina de arveja,0,0.224,37,349847,0,4,8,2021,Canada,1639,Estados Unidos,2553
2021-08-14,NotBurger,620,1149,proteina de arveja,0,0.206,30,349270,0,5,8,2021,Canada,1639,Estados Unidos,2553
2021-08-15,NotBurger,474,1149,proteina de arveja,0,0.182,32,348650,0,6,8,2021,Canada,1639,Estados Unidos,2553
2021-08-16,NotBurger,347,1149,proteina de arveja,0,0.209,34,348176,0,0,8,2021,Canada,1639,Estados Unidos,2553
2021-08-17,NotBurger,341,1149,proteina de arveja,0,0.103,32,347829,0,1,8,2021,Canada,1639,Estados Unidos,2553
2021-08-18,NotBurger,381,1149,proteina de arveja,0,0.083,31,347488,0,2,8,2021,Canada,1639,Estados Unidos,2553
2021-08-19,NotBurger,550,1149,proteina de arveja,0,0.168,32,347107,0,3,8,2021,Canada,1639,Estados Unidos,2553
2021-08-20,NotBurger,776,1149,proteina de arveja,1,0.166,33,346557,0,4,8,2021,Canada,1639,Estados Unidos,2553
2021-08-21,NotBurger,563,1149,proteina de arveja,0,0.138,32,345781,0,5,8,2021,Canada,1639,Estados Unidos,2553
2021-08-22,NotBurger,427,1149,proteina de arveja,0,0.209,32,345218,0,6,8,2021,Canada,1639,Estados Unidos,2553
2021-08-23,NotBurger,343,1149,proteina de arveja,0,0.077,28,344791,0,0,8,2021,Canada,1639,Estados Unidos,2553
2021-08-24,NotBurger,344,1149,proteina de arveja,0,0.146,31,344448,0,1,8,2021,Canada,1639,Estados Unidos,2553
2021-08-25,NotBurger,404,1149,proteina de arveja,0,0.152,30,344104,0,2,8,2021,Canada,1639,Estados Unidos,2553
2021-08-26,NotBurger,477,1149,proteina de arveja,0,0.098,30,343700,0,3,8,2021,Canada,1639,Estados Unidos,2553
2021-08-27,NotBurger,543,1149,proteina de arveja,0,0.258,33,343223,0,4,8,2021,Canada,1639,Estados Unidos,2553
2021-08-28,NotBurger,531,1149,proteina de arveja,0,0.118,32,342680,0,5,8,2021,Canada,1639,Estados Unidos,2553
2021-08-29,NotBurger,474,1149,proteina de arveja,0,0.161,35,342149,0,6,8,2021,Canada,1639,Estados Unidos,2553
2021-08-30,NotBurger,308,1149,proteina de arveja,0,0.239,32,341675,0,0,8,2021,Canada,1639,Estados Unidos,2553
2021-08-31,NotBurger,314,1149,proteina de arveja,0,0.23,34,341367,0,1,8,2021,Canada,1639,Estados Unidos,2553
2021-09-01,NotBurger,375,1149,proteina de arveja,0,0.147,32,341053,0,2,9,2021,Canada,1639,Estados Unidos,2553
2021-09-02,NotBurger,655,1149,proteina de arveja,1,0.241,35,340678,0,3,9,2021,Canada,1639,Estados Unidos,2553
2021-09-03,NotBurger,530,1149,proteina de arveja,0,0.226,34,340023,0,4,9,2021,Canada,1639,Estados Unidos,2553
2021-09-04,NotBurger,568,1149,proteina de arveja,0,0.332,32,339493,0,5,9,2021,Canada,1639,Estados Unidos,2553
2021-09-05,NotBurger,486,1149,proteina de arveja,0,0.241,29,338925,0,6,9,2021,Canada,1639,Estados Unidos,2553
2021-09-06,NotBurger,422,1149,proteina de arveja,0,0.218,33,338439,0,0,9,2021,Canada,1639,Estados Unidos,2553
2021-09-07,NotBurger,382,1149,proteina de arveja,0,0.188,31,338017,0,1,9,2021,Canada,1639,Estados Unidos,2553
2021-09-08,NotBurger,396,1149,proteina de arveja,0,0.198,30,337635,0,2,9,2021,Canada,1639,Estados Unidos,2553
2021-09-09,NotBurger,479,1149,proteina de arveja,0,0.2,30,337239,0,3,9,2021,Canada,1639,Estados Unidos,2553
2021-09-10,NotBurger,542,1149,proteina de arveja,0,0.315,34,336760,0,4,9,2021,Canada,1639,Estados Unidos,2553
2021-09-11,NotBurger,555,1149,proteina de arveja,0,0.253,36,336218,0,5,9,2021,Canada,1639,Estados Unidos,2553
2021-09-12,NotBurger,466,1149,proteina de arveja,0,0.285,33,335663,0,6,9,2021,Canada,1639,Estados Unidos,2553
2021-09-13,NotBurger,404,1149,proteina de arveja,0,0.338,35,335197,0,0,9,2021,Canada,1639,Estados Unidos,2553
2021-09-14,NotBurger,503,1149,proteina de arveja,1,0.15,32,334793,0,1,9,2021,Canada,1639,Estados Unidos,2553
2021-09-15,NotBurger,423,1149,proteina de arveja,0,0.338,31,334290,0,2,9,2021,Canada,1639,Estados Unidos,2553
2021-09-16,NotBurger,556,1149,proteina de arveja,0,0.283,35,333867,0,3,9,2021,Canada,1639,Estados Unidos,2553
2021-09-17,NotBurger,668,1149,proteina de arveja,0,0.307,32,333311,0,4,9,2021,Canada,1639,Estados Unidos,2553
2021-09-18,NotBurger,581,1149,proteina de arveja,0,0.25,33,332643,0,5,9,2021,Canada,1639,Estados Unidos,2553
2021-09-19,NotBurger,705,1149,proteina de arveja,1,0.26,32,332062,0,6,9,2021,Canada,1639,Estados Unidos,2553
2021-09-20,NotBurger,383,1149,proteina de arveja,0,0.328,36,331357,0,0,9,2021,Canada,1639,Estados Unidos,2553
2021-09-21,NotBurger,392,1149,proteina de arveja,0,0.429,33,330974,0,1,9,2021,Canada,1639,Estados Unidos,2553
2021-09-22,NotBurger,446,1149,proteina de arveja,0,0.366,35,330582,0,2,9,2021,Canada,1639,Estados Unidos,2553
2021-09-23,NotBurger,557,1149,proteina de arveja,0,0.385,33,330136,0,3,9,2021,Canada,1639,Estados Unidos,2553
2021-09-24,NotBurger,598,1149,proteina de arveja,0,0.318,33,329579,0,4,9,2021,Canada,1639,Estados Unidos,2553
2021-09-25,NotBurger,556,1149,proteina de arveja,0,0.304,26,328981,0,5,9,2021,Canada,1639,Estados Unidos,2553
2021-09-26,NotBurger,447,1149,proteina de arveja,0,0.301,38,328425,0,6,9,2021,Canada,1639,Estados Unidos,2553
2021-09-27,NotBurger,402,1149,proteina de arveja,0,0.321,35,327978,0,0,9,2021,Canada,1639,Estados Unidos,2553
2021-09-28,NotBurger,412,1149,proteina de arveja,0,0.249,31,327576,0,1,9,2021,Canada,1639,Estados Unidos,2553
2021-09-29,NotBurger,411,1149,proteina de arveja,0,0.321,32,327164,0,2,9,2021,Canada,1639,Estados Unidos,2553
2021-09-30,NotBurger,562,1149,proteina de arveja,0,0.335,33,326753,0,3,9,2021,Canada,1639,Estados Unidos,2553
2021-10-01,NotBurger,651,1149,proteina de arveja,0,0.36,36,326191,0,4,10,2021,Canada,1639,Estados Unidos,2553
2021-10-02,NotBurger,590,1149,proteina de arveja,0,0.382,31,325540,0,5,10,2021,Canada,1639,Estados Unidos,2553
2021-10-03,NotBurger,701,1149,proteina de arveja,1,0.399,35,324950,0,6,10,2021,Canada,1639,Estados Unidos,2553
2021-10-04,NotBurger,318,1149,proteina de arveja,0,0.386,38,324249,0,0,10,2021,Canada,1639,Estados Unidos,2553
2021-10-05,NotBurger,340,1149,proteina de arveja,0,0.363,32,323931,0,1,10,2021,Canada,1639,Estados Unidos,2553
2021-10-06,NotBurger,402,1149,proteina de arveja,0,0.299,34,323591,0,2,10,2021,Canada,1639,Estados Unidos,2553
2021-10-07,NotBurger,509,1149,proteina de arveja,0,0.374,39,323189,0,3,10,2021,Canada,1639,Estados Unidos,2553
2021-10-08,NotBurger,645,1149,proteina de arveja,0,0.36,36,322680,0,4,10,2021,Canada,1639,Estados Unidos,2553
2021-10-09,NotBurger,637,1149,proteina de arveja,0,0.437,35,322035,0,5,10,2021,Canada,1639,Estados Unidos,2553
2021-10-10,NotBurger,550,1149,proteina de arveja,0,0.464,37,321398,0,6,10,2021,Canada,1639,Estados Unidos,2553
2021-10-11,NotBurger,449,1149,proteina de arveja,0,0.471,35,320848,0,0,10,2021,Canada,1639,Estados Unidos,2553
2021-10-12,NotBurger,360,1149,proteina de arveja,0,0.466,38,320399,0,1,10,2021,Canada,1639,Estados Unidos,2553
2021-10-13,NotBurger,405,1149,proteina de arveja,0,0.427,34,320039,0,2,10,2021,Canada,1639,Estados Unidos,2553
2021-10-14,NotBurger,581,1149,proteina de arveja,0,0.412,31,319634,0,3,10,2021,Canada,1639,Estados Unidos,2553
2021-10-15,NotBurger,617,1149,proteina de arveja,0,0.405,34,319053,0,4,10,2021,Canada,1639,Estados Unidos,2553
2021-10-16,NotBurger,563,1149,proteina de arveja,0,0.372,33,318436,0,5,10,2021,Canada,1639,Estados Unidos,2553
2021-10-17,NotBurger,594,1149,proteina de arveja,0,0.501,35,317873,0,6,10,2021,Canada,1639,Estados Unidos,2553
2021-10-18,NotBurger,493,1149,proteina de arveja,0,0.447,35,317279,0,0,10,2021,Canada,1639,Estados Unidos,2553
2021-10-19,NotBurger,454,1149,proteina de arveja,0,0.397,37,316786,0,1,10,2021,Canada,1639,Estados Unidos,2553
2021-10-20,NotBurger,471,1149,proteina de arveja,0,0.422,36,316332,0,2,10,2021,Canada,1639,Estados Unidos,2553
2021-10-21,NotBurger,613,1149,proteina de arveja,0,0.423,36,315861,0,3,10,2021,Canada,1639,Estados Unidos,2553
2021-10-22,NotBurger,747,1149,proteina de arveja,0,0.472,36,315248,0,4,10,2021,Canada,1639,Estados Unidos,2553
2021-10-23,NotBurger,633,1149,proteina de arveja,0,0.527,34,314501,0,5,10,2021,Canada,1639,Estados Unidos,2553
2021-10-24,NotBurger,623,1149,proteina de arveja,0,0.459,31,313868,0,6,10,2021,Canada,1639,Estados Unidos,2553
2021-10-25,NotBurger,470,1149,proteina de arveja,0,0.367,35,313245,0,0,10,2021,Canada,1639,Estados Unidos,2553
2021-10-26,NotBurger,449,1149,proteina de arveja,0,0.473,37,312775,0,1,10,2021,Canada,1639,Estados Unidos,2553
2021-10-27,NotBurger,489,1149,proteina de arveja,0,0.477,36,312326,0,2,10,2021,Canada,1639,Estados Unidos,2553
2021-10-28,NotBurger,669,1149,proteina de arveja,0,0.476,35,311837,0,3,10,2021,Canada,1639,Estados Unidos,2553
2021-10-29,NotBurger,712,1149,proteina de arveja,0,0.458,36,311168,0,4,10,2021,Canada,1639,Estados Unidos,2553
2021-10-30,NotBurger,611,1149,proteina de arveja,0,0.502,36,310456,0,5,10,2021,Canada,1639,Estados Unidos,2553
2021-10-31,NotBurger,663,1149,proteina de arveja,0,0.496,39,309845,0,6,10,2021,Canada,1639,Estados Unidos,2553
2021-11-01,NotBurger,442,1149,proteina de arveja,0,0.493,38,309182,0,0,11,2021,Canada,1639,Estados Unidos,2553
2021-11-02,NotBurger,479,1149,proteina de arveja,0,0.517,38,308740,0,1,11,2021,Canada,1639,Estados Unidos,2553
2021-11-03,NotBurger,498,1149,proteina de arveja,0,0.476,37,308261,0,2,11,2021,Canada,1639,Estados Unidos,2553
2021-11-04,NotBurger,689,1149,proteina de arveja,0,0.474,33,307763,0,3,11,2021,Canada,1639,Estados Unidos,2553
2021-11-05,NotBurger,793,1149,proteina de arveja,0,0.568,38,307074,0,4,11,2021,Canada,1639,Estados Unidos,2553
2021-11-06,NotBurger,746,1149,proteina de arveja,0,0.527,37,306281,0,5,11,2021,Canada,1639,Estados Unidos,2553
2021-11-07,NotBurger,643,1149,proteina de arveja,0,0.541,38,305535,0,6,11,2021,Canada,1639,Estados Unidos,2553
2021-11-08,NotBurger,514,1149,proteina de arveja,0,0.561,38,304892,0,0,11,2021,Canada,1639,Estados Unidos,2553
2021-11-09,NotBurger,380,1149,proteina de arveja,0,0.526,37,304378,0,1,11,2021,Canada,1639,Estados Unidos,2553
2021-11-10,NotBurger,526,1149,proteina de arveja,0,0.546,42,303998,0,2,11,2021,Canada,1639,Estados Unidos,2553
2021-11-11,NotBurger,597,1149,proteina de arveja,0,0.42,35,303472,0,3,11,2021,Canada,1639,Estados Unidos,2553
2021-11-12,NotBurger,766,1149,proteina de arveja,0,0.509,38,302875,0,4,11,2021,Canada,1639,Estados Unidos,2553
2021-11-13,NotBurger,681,1149,proteina de arveja,0,0.489,35,302109,0,5,11,2021,Canada,1639,Estados Unidos,2553
2021-11-14,NotBurger,582,1149,proteina de arveja,0,0.58,39,301428,0,6,11,2021,Canada,1639,Estados Unidos,2553
2021-11-15,NotBurger,584,1149,proteina de arveja,0,0.542,38,300846,0,0,11,2021,Canada,1639,Estados Unidos,2553
2021-11-16,NotBurger,511,1149,proteina de arveja,0,0.462,36,300262,0,1,11,2021,Canada,1639,Estados Unidos,2553
2021-11-17,NotBurger,542,1149,proteina de arveja,0,0.511,39,299751,0,2,11,2021,Canada,1639,Estados Unidos,2553
2021-11-18,NotBurger,691,1149,proteina de arveja,0,0.499,34,299209,0,3,11,2021,Canada,1639,Estados Unidos,2553
2021-11-19,NotBurger,771,1149,proteina de arveja,0,0.511,35,298518,0,4,11,2021,Canada,1639,Estados Unidos,2553
2021-11-20,NotBurger,815,1149,proteina de arveja,0,0.435,36,297747,0,5,11,2021,Canada,1639,Estados Unidos,2553
2021-11-21,NotBurger,632,1149,proteina de arveja,0,0.501,38,296932,0,6,11,2021,Canada,1639,Estados Unidos,2553
2021-11-22,NotBurger,580,1149,proteina de arveja,0,0.469,36,296300,0,0,11,2021,Canada,1639,Estados Unidos,2553
2021-11-23,NotBurger,479,1149,proteina de arveja,0,0.492,38,295720,0,1,11,2021,Canada,1639,Estados Unidos,2553
2021-11-24,NotBurger,545,1149,proteina de arveja,0,0.439,34,295241,0,2,11,2021,Canada,1639,Estados Unidos,2553
2021-11-25,NotBurger,709,1149,proteina de arveja,0,0.442,33,294696,0,3,11,2021,Canada,1639,Estados Unidos,2553
2021-11-26,NotBurger,778,1149,proteina de arveja,0,0.527,37,293987,0,4,11,2021,Canada,1639,Estados Unidos,2553
2021-11-27,NotBurger,831,1149,proteina de arveja,0,0.412,35,293209,0,5,11,2021,Canada,1639,Estados Unidos,2553
2021-11-28,NotBurger,664,1149,proteina de arveja,0,0.412,36,292378,0,6,11,2021,Canada,1639,Estados Unidos,2553
2021-11-29,NotBurger,579,1149,proteina de arveja,0,0.455,35,291714,0,0,11,2021,Canada,1639,Estados Unidos,2553
2021-11-30,NotBurger,558,1149,proteina de arveja,0,0.415,34,291135,0,1,11,2021,Canada,1639,Estados Unidos,2553
2021-12-01,NotBurger,551,1149,proteina de arveja,0,0.405,35,290577,0,2,12,2021,Canada,1639,Estados Unidos,2553
2021-12-02,NotBurger,727,1149,proteina de arveja,0,0.45,35,290026,0,3,12,2021,Canada,1639,Estados Unidos,2553
2021-12-03,NotBurger,879,1149,proteina de arveja,0,0.365,34,289299,0,4,12,2021,Canada,1639,Estados Unidos,2553
2021-12-04,NotBurger,811,1149,proteina de arveja,0,0.385,34,288420,0,5,12,2021,Canada,1639,Estados Unidos,2553
2021-12-05,NotBurger,747,1149,proteina de arveja,0,0.534,36,287609,0,6,12,2021,Canada,1639,Estados Unidos,2553
2021-12-06,NotBurger,605,1149,proteina de arveja,0,0.449,37,286862,0,0,12,2021,Canada,1639,Estados Unidos,2553
2021-12-07,NotBurger,573,1149,proteina de arveja,0,0.384,35,286257,0,1,12,2021,Canada,1639,Estados Unidos,2553
2021-12-08,NotBurger,577,1149,proteina de arveja,0,0.437,40,285684,0,2,12,2021,Canada,1639,Estados Unidos,2553
2021-12-09,NotBurger,704,1149,proteina de arveja,0,0.439,36,285107,0,3,12,2021,Canada,1639,Estados Unidos,2553
2021-12-10,NotBurger,1059,1149,proteina de arveja,1,0.455,34,284403,0,4,12,2021,Canada,1639,Estados Unidos,2553
2021-12-11,NotBurger,803,1149,proteina de arveja,0,0.394,40,283344,0,5,12,2021,Canada,1639,Estados Unidos,2553
2021-12-12,NotBurger,1008,1149,proteina de arveja,1,0.443,36,282541,0,6,12,2021,Canada,1639,Estados Unidos,2553
2021-12-13,NotBurger,544,1149,proteina de arveja,0,0.287,35,281533,0,0,12,2021,Canada,1639,Estados Unidos,2553
2021-12-14,NotBurger,647,1149,proteina de arveja,0,0.331,35,280989,0,1,12,2021,Canada,1639,Estados Unidos,2553
2021-12-15,NotBurger,693,1149,proteina de arveja,0,0.386,36,280342,0,2,12,2021,Canada,1639,Estados Unidos,2553
2021-12-16,NotBurger,789,1149,proteina de arveja,0,0.388,36,279649,0,3,12,2021,Canada,1639,Estados Unidos,2553
2021-12-17,NotBurger,972,1149,proteina de arveja,0,0.321,32,278860,0,4,12,2021,Canada,1639,Estados Unidos,2553
2021-12-18,NotBurger,782,1149,proteina de arveja,0,0.373,35,277888,0,5,12,2021,Canada,1639,Estados Unidos,2553
2021-12-19,NotBurger,926,1149,proteina de arveja,0,0.323,31,277106,0,6,12,2021,Canada,1639,Estados Unidos,2553
2021-12-20,NotBurger,590,1149,proteina de arveja,0,0.335,34,276180,0,0,12,2021,Canada,1639,Estados Unidos,2553
2021-12-21,NotBurger,558,1149,proteina de arveja,0,0.394,33,275590,0,1,12,2021,Canada,1639,Estados Unidos,2553
2021-12-22,NotBurger,552,1149,proteina de arveja,0,0.382,35,275032,0,2,12,2021,Canada,1639,Estados Unidos,2553
2021-12-23,NotBurger,845,1149,proteina de arveja,0,0.281,34,274480,0,3,12,2021,Canada,1639,Estados Unidos,2553
2021-12-24,NotBurger,855,1149,proteina de arveja,0,0.271,34,273635,0,4,12,2021,Canada,1639,Estados Unidos,2553
2021-12-25,NotBurger,936,1149,proteina de arveja,0,0.298,34,272780,0,5,12,2021,Canada,1639,Estados Unidos,2553
2021-12-26,NotBurger,760,1149,proteina de arveja,0,0.311,33,271844,0,6,12,2021,Canada,1639,Estados Unidos,2553
2021-12-27,NotBurger,584,1149,proteina de arveja,0,0.273,33,271084,0,0,12,2021,Canada,1639,Estados Unidos,2553
2021-12-28,NotBurger,543,1149,proteina de arveja,0,0.352,36,270500,0,1,12,2021,Canada,1639,Estados Unidos,2553
2021-12-29,NotBurger,680,1149,proteina de arveja,0,0.312,36,269957,0,2,12,2021,Canada,1639,Estados Unidos,2553
2021-12-30,NotBurger,752,1149,proteina de arveja,0,0.309,31,269277,0,3,12,2021,Canada,1639,Estados Unidos,2553
2021-12-31,NotBurger,907,1149,proteina de arveja,0,0.219,30,268525,0,4,12,2021,Canada,1639,Estados Unidos,2553
2022-01-01,NotBurger,1006,1254,proteina de arveja,0,0.335,33,267618,0,5,1,2022,Canada,1639,Estados Unidos,2553
2022-01-02,NotBurger,988,1254,proteina de arveja,0,0.13,34,266612,0,6,1,2022,Canada,1639,Estados Unidos,2553
2022-01-03,NotBurger,930,1254,proteina de arveja,1,0.307,36,265624,0,0,1,2022,Canada,1639,Estados Unidos,2553
2022-01-04,NotBurger,553,1254,proteina de arveja,0,0.306,32,264694,0,1,1,2022,Canada,1639,Estados Unidos,2553
2022-01-05,NotBurger,666,1254,proteina de arveja,0,0.233,33,264141,0,2,1,2022,Canada,1639,Estados Unidos,2553
2022-01-06,NotBurger,862,1254,proteina de arveja,0,0.312,37,263475,0,3,1,2022,Canada,1639,Estados Unidos,2553
2022-01-07,NotBurger,963,1254,proteina de arveja,0,0.24,34,262613,0,4,1,2022,Canada,1639,Estados Unidos,2553
2022-01-08,NotBurger,1274,1254,proteina de arveja,1,0.241,36,261650,0,5,1,2022,Canada,1639,Estados Unidos,2553
2022-01-09,NotBurger,853,1254,proteina de arveja,0,0.25,35,260376,0,6,1,2022,Canada,1639,Estados Unidos,2553
2022-01-10,NotBurger,722,1254,proteina de arveja,0,0.387,33,259523,0,0,1,2022,Canada,1639,Estados Unidos,2553
2022-01-11,NotBurger,596,1254,proteina de arveja,0,0.29,33,258801,0,1,1,2022,Canada,1639,Estados Unidos,2553
2022-01-12,NotBurger,777,1254,proteina de arveja,0,0.253,33,258205,0,2,1,2022,Canada,1639,Estados Unidos,2553
2022-01-13,NotBurger,869,1254,proteina de arveja,0,0.168,32,257428,0,3,1,2022,Canada,1639,Estados Unidos,2553
2022-01-14,NotBurger,935,1254,proteina de arveja,0,0.216,34,256559,0,4,1,2022,Canada,1639,Estados Unidos,2553
2022-01-15,NotBurger,1178,1254,proteina de arveja,0,0.164,33,255624,0,5,1,2022,Canada,1639,Estados Unidos,2553
2022-01-16,NotBurger,732,1254,proteina de arveja,0,0.241,27,254446,0,6,1,2022,Canada,1639,Estados Unidos,2553
2022-01-17,NotBurger,647,1254,proteina de arveja,0,0.203,30,253714,0,0,1,2022,Canada,1639,Estados Unidos,2553
2022-01-18,NotBurger,593,1254,proteina de arveja,0,0.136,27,253067,0,1,1,2022,Canada,1639,Estados Unidos,2553
2022-01-19,NotBurger,861,1254,proteina de arveja,0,0.192,33,252474,0,2,1,2022,Canada,1639,Estados Unidos,2553
2022-01-20,NotBurger,1029,1254,proteina de arveja,0,0.142,32,251613,0,3,1,2022,Canada,1639,Estados Unidos,2553
2022-01-21,NotBurger,1158,1254,proteina de arveja,0,0.188,33,250584,0,4,1,2022,Canada,1639,Estados Unidos,2553
2022-01-22,NotBurger,996,1254,proteina de arveja,0,0.135,30,249426,0,5,1,2022,Canada,1639,Estados Unidos,2553
2022-01-23,NotBurger,1044,1254,proteina de arveja,0,0.176,33,248430,0,6,1,2022,Canada,1639,Estados Unidos,2553
2022-01-24,NotBurger,722,1254,proteina de arveja,0,0.209,34,247386,0,0,1,2022,Canada,1639,Estados Unidos,2553
2022-01-25,NotBurger,686,1254,proteina de arveja,0,0.166,29,246664,0,1,1,2022,Canada,1639,Estados Unidos,2553
2022-01-26,NotBurger,741,1254,proteina de arveja,0,0.147,29,245978,0,2,1,2022,Canada,1639,Estados Unidos,2553
2022-01-27,NotBurger,911,1254,proteina de arveja,0,0.174,32,245237,0,3,1,2022,Canada,1639,Estados Unidos,2553
2022-01-28,NotBurger,1351,1254,proteina de arveja,1,0.196,36,244326,0,4,1,2022,Canada,1639,Estados Unidos,2553
2022-01-29,NotBurger,1023,1254,proteina de arveja,0,0.104,35,242975,0,5,1,2022,Canada,1639,Estados Unidos,2553
2022-01-30,NotBurger,932,1254,proteina de arveja,0,0.171,33,241952,0,6,1,2022,Canada,1639,Estados Unidos,2553
2022-01-31,NotBurger,733,1254,proteina de arveja,0,0.222,31,241020,0,0,1,2022,Canada,1639,Estados Unidos,2553
2022-02-01,NotBurger,644,1254,proteina de arveja,0,0.183,34,240287,0,1,2,2022,Canada,1639,Estados Unidos,2553
2022-02-02,NotBurger,831,1254,proteina de arveja,0,0.156,31,239643,0,2,2,2022,Canada,1639,Estados Unidos,2553
2022-02-03,NotBurger,708,1254,proteina de arveja,0,0.184,31,238812,0,3,2,2022,Canada,1639,Estados Unidos,2553
2022-02-04,NotBurger,1110,1254,proteina de arveja,0,0.174,28,238104,0,4,2,2022,Canada,1639,Estados Unidos,2553
2022-02-05,NotBurger,1115,1254,proteina de arveja,0,0.188,32,236994,0,5,2,2022,Canada,1639,Estados Unidos,2553
2022-02-06,NotBurger,1248,1254,proteina de arveja,1,0.049,29,235879,0,6,2,2022,Canada,1639,Estados Unidos,2553
2022-02-07,NotBurger,717,1254,proteina de arveja,0,0.072,31,234631,0,0,2,2022,Canada,1639,Estados Unidos,2553
2022-02-08,NotBurger,665,1254,proteina de arveja,0,0.2,28,233914,0,1,2,2022,Canada,1639,Estados Unidos,2553
2022-02-09,NotBurger,809,1254,proteina de arveja,0,0.075,31,233249,0,2,2,2022,Canada,1639,Estados Unidos,2553
2022-02-10,NotBurger,1050,1254,proteina de arveja,0,0.171,27,232440,0,3,2,2022,Canada,1639,Estados Unidos,2553
2022-02-11,NotBurger,1052,1254,proteina de arveja,0,0.134,34,231390,0,4,2,2022,Canada,1639,Estados Unidos,2553
2022-02-12,NotBurger,1088,1254,proteina de arveja,0,0.102,32,230338,0,5,2,2022,Canada,1639,Estados Unidos,2553
2022-02-13,NotBurger,1319,1254,proteina de arveja,1,0.171,31,229250,0,6,2,2022,Canada,1639,Estados Unidos,2553
2022-02-14,NotBurger,604,1254,proteina de arveja,0,0.164,33,227931,0,0,2,2022,Canada,1639,Estados Unidos,2553
2022-02-15,NotBurger,623,1254,proteina de arveja,0,0.261,31,227327,0,1,2,2022,Canada,1639,Estados Unidos,2553
2022-02-16,NotBurger,1158,1254,proteina de arveja,1,0.126,32,226704,0,2,2,2022,Canada,1639,Estados Unidos,2553
2022-02-17,NotBurger,1028,1254,proteina de arveja,0,0.231,34,225546,0,3,2,2022,Canada,1639,Estados Unidos,2553
2022-02-18,NotBurger,1461,1254,proteina de arveja,1,0.179,26,224518,0,4,2,2022,Canada,1639,Estados Unidos,2553
2022-02-19,NotBurger,1034,1254,proteina de arveja,0,0.13,31,223057,0,5,2,2022,Canada,1639,Estados Unidos,2553
2022-02-20,NotBurger,1096,1254,proteina de arveja,1,0.206,32,222023,0,6,2,2022,Canada,1639,Estados Unidos,2553
2022-02-21,NotBurger,698,1254,proteina de arveja,0,0.197,32,220927,0,0,2,2022,Canada,1639,Estados Unidos,2553
2022-02-22,NotBurger,745,1254,proteina de arveja,0,0.173,35,220229,0,1,2,2022,Canada,1639,Estados Unidos,2553
2022-02-23,NotBurger,722,1254,proteina de arveja,0,0.187,30,219484,0,2,2,2022,Canada,1639,Estados Unidos,2553
2022-02-24,NotBurger,958,1254,proteina de arveja,0,0.147,31,218762,0,3,2,2022,Canada,1639,Estados Unidos,2553
2022-02-25,NotBurger,1025,1254,proteina de arveja,0,0.139,28,217804,0,4,2,2022,Canada,1639,Estados Unidos,2553
2022-02-26,NotBurger,1148,1254,proteina de arveja,0,0.222,36,216779,0,5,2,2022,Canada,1639,Estados Unidos,2553
2022-02-27,NotBurger,878,1254,proteina de arveja,0,0.177,32,215631,0,6,2,2022,Canada,1639,Estados Unidos,2553
2022-02-28,NotBurger,728,1254,proteina de arveja,0,0.188,31,214753,0,0,2,2022,Canada,1639,Estados Unidos,2553
2022-03-01,NotBurger,575,1254,proteina de arveja,0,0.21,32,214025,0,1,3,2022,Canada,1639,Estados Unidos,2553
2022-03-02,NotBurger,663,1254,proteina de arveja,0,0.213,34,213450,0,2,3,2022,Canada,1639,Estados Unidos,2553
2022-03-03,NotBurger,952,1254,proteina de arveja,0,0.132,32,212787,0,3,3,2022,Canada,1639,Estados Unidos,2553
2022-03-04,NotBurger,975,1254,proteina de arveja,0,0.273,39,211835,0,4,3,2022,Canada,1639,Estados Unidos,2553
2022-03-05,NotBurger,1257,1254,proteina de arveja,0,0.219,34,210860,0,5,3,2022,Canada,1639,Estados Unidos,2553
2022-03-06,NotBurger,766,1254,proteina de arveja,0,0.207,32,209603,0,6,3,2022,Canada,1639,Estados Unidos,2553
2022-03-07,NotBurger,686,1254,proteina de arveja,0,0.244,32,208837,0,0,3,2022,Canada,1639,Estados Unidos,2553
2022-03-08,NotBurger,842,1254,proteina de arveja,1,0.239,32,208151,0,1,3,2022,Canada,1639,Estados Unidos,2553
2022-03-09,NotBurger,737,1254,proteina de arveja,0,0.271,30,207309,0,2,3,2022,Canada,1639,Estados Unidos,2553
2022-03-10,NotBurger,865,1254,proteina de arveja,0,0.264,33,206572,0,3,3,2022,Canada,1639,Estados Unidos,2553
2022-03-11,NotBurger,1286,1254,proteina de arveja,1,0.279,35,205707,0,4,3,2022,Canada,1639,Estados Unidos,2553
2022-03-12,NotBurger,988,1254,proteina de arveja,0,0.316,33,204421,0,5,3,2022,Canada,1639,Estados Unidos,2553
2022-03-13,NotBurger,893,1254,proteina de arveja,0,0.298,32,203433,0,6,3,2022,Canada,1639,Estados Unidos,2553
2022-03-14,NotBurger,844,1254,proteina de arveja,0,0.251,36,202540,0,0,3,2022,Canada,1639,Estados Unidos,2553
2022-03-15,NotBurger,821,1254,proteina de arveja,1,0.209,30,201696,0,1,3,2022,Canada,1639,Estados Unidos,2553
2022-03-16,NotBurger,827,1254,proteina de arveja,0,0.354,30,200875,0,2,3,2022,Canada,1639,Estados Unidos,2553
2022-03-17,NotBurger,982,1254,proteina de arveja,0,0.264,31,200048,0,3,3,2022,Canada,1639,Estados Unidos,2553
2022-03-18,NotBurger,1178,1254,proteina de arveja,0,0.258,30,199066,0,4,3,2022,Canada,1639,Estados Unidos,2553
2022-03-19,NotBurger,827,1254,proteina de arveja,0,0.201,33,197888,0,5,3,2022,Canada,1639,Estados Unidos,2553
2022-03-20,NotBurger,885,1254,proteina de arveja,0,0.311,33,197061,0,6,3,2022,Canada,1639,Estados Unidos,2553
2022-03-21,NotBurger,801,1254,proteina de arveja,0,0.307,33,196176,0,0,3,2022,Canada,1639,Estados Unidos,2553
2022-03-22,NotBurger,625,1254,proteina de arveja,0,0.23,35,195375,0,1,3,2022,Canada,1639,Estados Unidos,2553
2022-03-23,NotBurger,855,1254,proteina de arveja,0,0.334,33,194750,0,2,3,2022,Canada,1639,Estados Unidos,2553
2022-03-24,NotBurger,1046,1254,proteina de arveja,0,0.293,35,193895,0,3,3,2022,Canada,1639,Estados Unidos,2553
2022-03-25,NotBurger,1031,1254,proteina de arveja,0,0.458,39,192849,0,4,3,2022,Canada,1639,Estados Unidos,2553
2022-03-26,NotBurger,1013,1254,proteina de arveja,0,0.301,33,191818,0,5,3,2022,Canada,1639,Estados Unidos,2553
2022-03-27,NotBurger,1024,1254,proteina de arveja,1,0.314,35,190805,0,6,3,2022,Canada,1639,Estados Unidos,2553
2022-03-28,NotBurger,681,1254,proteina de arveja,0,0.298,33,189781,0,0,3,2022,Canada,1639,Estados Unidos,2553
2022-03-29,NotBurger,584,1254,proteina de arveja,0,0.412,37,189100,0,1,3,2022,Canada,1639,Estados Unidos,2553
2022-03-30,NotBurger,1004,1254,proteina de arveja,1,0.335,31,188516,0,2,3,2022,Canada,1639,Estados Unidos,2553
2022-03-31,NotBurger,816,1254,proteina de arveja,0,0.323,31,187512,0,3,3,2022,Canada,1639,Estados Unidos,2553
2022-04-01,NotBurger,1109,1254,proteina de arveja,0,0.401,34,186696,0,4,4,2022,Canada,1639,Estados Unidos,2553
2022-04-02,NotBurger,1094,1254,proteina de arveja,0,0.302,32,185587,0,5,4,2022,Canada,1639,Estados Unidos,2553
2022-04-03,NotBurger,768,1254,proteina de arveja,0,0.408,34,184493,0,6,4,2022,Canada,1639,Estados Unidos,2553
2022-04-04,NotBurger,795,1254,proteina de arveja,0,0.472,35,183725,0,0,4,2022,Canada,1639,Estados Unidos,2553
2022-04-05,NotBurger,665,1254,proteina de arveja,0,0.417,36,182930,0,1,4,2022,Canada,1639,Estados Unidos,2553
2022-04-06,NotBurger,774,1254,proteina de arveja,0,0.426,34,182265,0,2,4,2022,Canada,1639,Estados Unidos,2553
2022-04-07,NotBurger,855,1254,proteina de arveja,0,0.443,34,181491,0,3,4,2022,Canada,1639,Estados Unidos,2553
2022-04-08,NotBurger,1093,1254,proteina de arveja,0,0.49,35,180636,0,4,4,2022,Canada,1639,Estados Unidos,2553
2022-04-09,NotBurger,1117,1254,proteina de arveja,0,0.471,34,179543,0,5,4,2022,Canada,1639,Estados Unidos,2553
2022-04-10,NotBurger,864,1254,proteina de arveja,0,0.437,33,178426,0,6,4,2022,Canada,1639,Estados Unidos,2553
2022-04-11,NotBurger,807,1254,proteina de arveja,0,0.466,32,177562,0,0,4,2022,Canada,1639,Estados Unidos,2553
2022-04-12,NotBurger,630,1254,proteina de arveja,0,0.381,35,176755,0,1,4,2022,Canada,1639,Estados Unidos,2553
2022-04-13,NotBurger,782,1254,proteina de arveja,0,0.469,34,176125,0,2,4,2022,Canada,1639,Estados Unidos,2553
2022-04-14,NotBurger,914,1254,proteina de arveja,0,0.385,37,175343,0,3,4,2022,Canada,1639,Estados Unidos,2553
2022-04-15,NotBurger,1070,1254,proteina de arveja,0,0.421,32,174429,0,4,4,2022,Canada,1639,Estados Unidos,2553
2022-04-16,NotBurger,871,1254,proteina de arveja,0,0.29,32,173359,0,5,4,2022,Canada,1639,Estados Unidos,2553
2022-04-17,NotBurger,880,1254,proteina de arveja,0,0.469,39,172488,0,6,4,2022,Canada,1639,Estados Unidos,2553
2022-04-18,NotBurger,641,1254,proteina de arveja,0,0.421,33,171608,0,0,4,2022,Canada,1639,Estados Unidos,2553
2022-04-19,NotBurger,573,1254,proteina de arveja,0,0.512,36,170967,0,1,4,2022,Canada,1639,Estados Unidos,2553
2022-04-20,NotBurger,800,1254,proteina de arveja,0,0.48,33,170394,0,2,4,2022,Canada,1639,Estados Unidos,2553
2022-04-21,NotBurger,859,1254,proteina de arveja,0,0.521,34,169594,0,3,4,2022,Canada,1639,Estados Unidos,2553
2022-04-22,NotBurger,1214,1254,proteina de arveja,1,0.414,38,168735,0,4,4,2022,Canada,1639,Estados Unidos,2553
2022-04-23,NotBurger,955,1254,proteina de arveja,0,0.523,37,167521,0,5,4,2022,Canada,1639,Estados Unidos,2553
2022-04-24,NotBurger,748,1254,proteina de arveja,0,0.58,37,166566,0,6,4,2022,Canada,1639,Estados Unidos,2553
2022-04-25,NotBurger,742,1254,proteina de arveja,0,0.516,33,165818,0,0,4,2022,Canada,1639,Estados Unidos,2553
2022-04-26,NotBurger,567,1254,proteina de arveja,0,0.52,37,165076,0,1,4,2022,Canada,1639,Estados Unidos,2553
2022-04-27,NotBurger,715,1254,proteina de arveja,0,0.492,38,164509,0,2,4,2022,Canada,1639,Estados Unidos,2553
2022-04-28,NotBurger,946,1254,proteina de arveja,0,0.459,38,163794,0,3,4,2022,Canada,1639,Estados Unidos,2553
2022-04-29,NotBurger,937,1254,proteina de arveja,0,0.526,38,162848,0,4,4,2022,Canada,1639,Estados Unidos,2553
2022-04-30,NotBurger,1000,1254,proteina de arveja,0,0.415,33,161911,0,5,4,2022,Canada,1639,Estados Unidos,2553
2022-05-01,NotBurger,747,1254,proteina de arveja,0,0.471,36,160911,0,6,5,2022,Canada,1639,Estados Unidos,2553
2022-05-02,NotBurger,1009,1254,proteina de arveja,1,0.405,36,160164,0,0,5,2022,Canada,1639,Estados Unidos,2553
2022-05-03,NotBurger,629,1254,proteina de arveja,0,0.46,32,159155,0,1,5,2022,Canada,1639,Estados Unidos,2553
2022-05-04,NotBurger,657,1254,proteina de arveja,0,0.529,34,158526,0,2,5,2022,Canada,1639,Estados Unidos,2553
2022-05-05,NotBurger,780,1254,proteina de arveja,0,0.523,38,157869,0,3,5,2022,Canada,1639,Estados Unidos,2553
2022-05-06,NotBurger,941,1254,proteina de arveja,0,0.501,38,157089,0,4,5,2022,Canada,1639,Estados Unidos,2553
2022-05-07,NotBurger,908,1254,proteina de arveja,0,0.508,33,156148,0,5,5,2022,Canada,1639,Estados Unidos,2553
2022-05-08,NotBurger,916,1254,proteina de arveja,0,0.405,36,155240,0,6,5,2022,Canada,1639,Estados Unidos,2553
2022-05-09,NotBurger,569,1254,proteina de arveja,0,0.481,36,154324,0,0,5,2022,Canada,1639,Estados Unidos,2553
2022-05-10,NotBurger,575,1254,proteina de arveja,0,0.466,37,153755,0,1,5,2022,Canada,1639,Estados Unidos,2553
2022-05-11,NotBurger,833,1254,proteina de arveja,1,0.467,34,153180,0,2,5,2022,Canada,1639,Estados Unidos,2553
2022-05-12,NotBurger,799,1254,proteina de arveja,0,0.53,38,152347,0,3,5,2022,Canada,1639,Estados Unidos,2553
2022-05-13,NotBurger,914,1254,proteina de arveja,0,0.456,37,151548,0,4,5,2022,Canada,1639,Estados Unidos,2553
2022-05-14,NotBurger,897,1254,proteina de arveja,0,0.468,35,150634,0,5,5,2022,Canada,1639,Estados Unidos,2553
2022-05-15,NotBurger,822,1254,proteina de arveja,0,0.393,35,149737,0,6,5,2022,Canada,1639,Estados Unidos,2553
2022-05-16,NotBurger,642,1254,proteina de arveja,0,0.481,34,148915,0,0,5,2022,Canada,1639,Estados Unidos,2553
2022-05-17,NotBurger,570,1254,proteina de arveja,0,0.44,39,148273,0,1,5,2022,Canada,1639,Estados Unidos,2553
2022-05-18,NotBurger,476,1254,proteina de arveja,0,0.497,36,147703,0,2,5,2022,Canada,1639,Estados Unidos,2553
2022-05-19,NotBurger,801,1254,proteina de arveja,0,0.444,33,147227,0,3,5,2022,Canada,1639,Estados Unidos,2553
2022-05-20,NotBurger,775,1254,proteina de arveja,0,0.495,35,146426,0,4,5,2022,Canada,1639,Estados Unidos,2553
2022-05-21,NotBurger,922,1254,proteina de arveja,0,0.48,36,145651,0,5,5,2022,Canada,1639,Estados Unidos,2553
2022-05-22,NotBurger,832,1254,proteina de arveja,0,0.569,38,144729,0,6,5,2022,Canada,1639,Estados Unidos,2553
2022-05-23,NotBurger,549,1254,proteina de arveja,0,0.507,33,143897,0,0,5,2022,Canada,1639,Estados Unidos,2553
2022-05-24,NotBurger,523,1254,proteina de arveja,0,0.388,38,143348,0,1,5,2022,Canada,1639,Estados Unidos,2553
2022-05-25,NotBurger,579,1254,proteina de arveja,0,0.414,36,142825,0,2,5,2022,Canada,1639,Estados Unidos,2553
2022-05-26,NotBurger,831,1254,proteina de arveja,0,0.476,37,142246,0,3,5,2022,Canada,1639,Estados Unidos,2553
2022-05-27,NotBurger,870,1254,proteina de arveja,0,0.424,35,141415,0,4,5,2022,Canada,1639,Estados Unidos,2553
2022-05-28,NotBurger,1288,1254,proteina de arveja,1,0.319,34,140545,0,5,5,2022,Canada,1639,Estados Unidos,2553
2022-05-29,NotBurger,743,1254,proteina de arveja,0,0.531,36,139257,0,6,5,2022,Canada,1639,Estados Unidos,2553
2022-05-30,NotBurger,584,1254,proteina de arveja,0,0.496,38,138514,0,0,5,2022,Canada,1639,Estados Unidos,2553
2022-05-31,NotBurger,518,1254,proteina de arveja,0,0.482,36,137930,0,1,5,2022,Canada,1639,Estados Unidos,2553
2022-06-01,NotBurger,626,1254,proteina de arveja,0,0.421,37,137412,0,2,6,2022,Canada,1639,Estados Unidos,2553
2022-06-02,NotBurger,629,1254,proteina de arveja,0,0.469,35,136786,0,3,6,2022,Canada,1639,Estados Unidos,2553
2022-06-03,NotBurger,840,1254,proteina de arveja,0,0.408,35,136157,0,4,6,2022,Canada,1639,Estados Unidos,2553
2022-06-04,NotBurger,814,1254,proteina de arveja,0,0.449,34,135317,0,5,6,2022,Canada,1639,Estados Unidos,2553
2022-06-05,NotBurger,734,1254,proteina de arveja,0,0.388,37,134503,0,6,6,2022,Canada,1639,Estados Unidos,2553
2022-06-06,NotBurger,544,1254,proteina de arveja,0,0.505,34,133769,0,0,6,2022,Canada,1639,Estados Unidos,2553
2022-06-07,NotBurger,456,1254,proteina de arveja,0,0.346,33,133225,0,1,6,2022,Canada,1639,Estados Unidos,2553
2022-06-08,NotBurger,567,1254,proteina de arveja,0,0.481,35,132769,0,2,6,2022,Canada,1639,Estados Unidos,2553
2022-06-09,NotBurger,644,1254,proteina de arveja,0,0.416,34,132202,0,3,6,2022,Canada,1639,Estados Unidos,2553
2022-06-10,NotBurger,681,1254,proteina de arveja,0,0.384,36,131558,0,4,6,2022,Canada,1639,Estados Unidos,2553
2022-06-11,NotBurger,836,1254,proteina de arveja,0,0.412,34,130877,0,5,6,2022,Canada,1639,Estados Unidos,2553
2022-06-12,NotBurger,701,1254,proteina de arveja,0,0.435,38,130041,0,6,6,2022,Canada,1639,Estados Unidos,2553
2022-06-13,NotBurger,553,1254,proteina de arveja,0,0.461,34,129340,0,0,6,2022,Canada,1639,Estados Unidos,2553
2022-06-14,NotBurger,530,1254,proteina de arveja,0,0.403,35,128787,0,1,6,2022,Canada,1639,Estados Unidos,2553
2022-06-15,NotBurger,518,1254,proteina de arveja,0,0.337,32,128257,0,2,6,2022,Canada,1639,Estados Unidos,2553
2022-06-16,NotBurger,602,1254,proteina de arveja,0,0.378,35,127739,0,3,6,2022,Canada,1639,Estados Unidos,2553
2022-06-17,NotBurger,772,1254,proteina de arveja,0,0.461,35,127137,0,4,6,2022,Canada,1639,Estados Unidos,2553
2022-06-18,NotBurger,740,1254,proteina de arveja,0,0.431,35,126365,0,5,6,2022,Canada,1639,Estados Unidos,2553
2022-06-19,NotBurger,602,1254,proteina de arveja,0,0.403,37,125625,0,6,6,2022,Canada,1639,Estados Unidos,2553
2022-06-20,NotBurger,619,1254,proteina de arveja,1,0.392,33,125023,0,0,6,2022,Canada,1639,Estados Unidos,2553
2022-06-21,NotBurger,440,1254,proteina de arveja,0,0.381,36,124404,0,1,6,2022,Canada,1639,Estados Unidos,2553
2022-06-22,NotBurger,578,1254,proteina de arveja,1,0.398,33,123964,0,2,6,2022,Canada,1639,Estados Unidos,2553
2022-06-23,NotBurger,632,1254,proteina de arveja,0,0.311,34,123386,0,3,6,2022,Canada,1639,Estados Unidos,2553
2022-06-24,NotBurger,680,1254,proteina de arveja,0,0.26,31,122754,0,4,6,2022,Canada,1639,Estados Unidos,2553
2022-06-25,NotBurger,748,1254,proteina de arveja,0,0.326,33,122074,0,5,6,2022,Canada,1639,Estados Unidos,2553
2022-06-26,NotBurger,590,1254,proteina de arveja,0,0.275,33,121326,0,6,6,2022,Canada,1639,Estados Unidos,2553
2022-06-27,NotBurger,540,1254,proteina de arveja,0,0.257,37,120736,0,0,6,2022,Canada,1639,Estados Unidos,2553
2022-06-28,NotBurger,504,1254,proteina de arveja,0,0.268,33,120196,0,1,6,2022,Canada,1639,Estados Unidos,2553
2022-06-29,NotBurger,536,1254,proteina de arveja,0,0.422,38,119692,0,2,6,2022,Canada,1639,Estados Unidos,2553
2022-06-30,NotBurger,554,1254,proteina de arveja,0,0.299,34,119156,0,3,6,2022,Canada,1639,Estados Unidos,2553
2022-07-01,NotBurger,809,1254,proteina de arveja,0,0.304,33,118602,0,4,7,2022,Canada,1639,Estados Unidos,2553
2022-07-02,NotBurger,798,1254,proteina de arveja,0,0.219,36,117793,0,5,7,2022,Canada,1639,Estados Unidos,2553
2022-07-03,NotBurger,602,1254,proteina de arveja,0,0.182,33,116995,0,6,7,2022,Canada,1639,Estados Unidos,2553
2022-07-04,NotBurger,529,1254,proteina de arveja,0,0.228,31,116393,0,0,7,2022,Canada,1639,Estados Unidos,2553
2022-07-05,NotBurger,412,1254,proteina de arveja,0,0.335,35,115864,0,1,7,2022,Canada,1639,Estados Unidos,2553
2022-07-06,NotBurger,418,1254,proteina de arveja,0,0.274,33,115452,0,2,7,2022,Canada,1639,Estados Unidos,2553
2022-07-07,NotBurger,748,1254,proteina de arveja,1,0.282,29,115034,0,3,7,2022,Canada,1639,Estados Unidos,2553
2022-07-08,NotBurger,795,1254,proteina de arveja,0,0.284,35,114286,0,4,7,2022,Canada,1639,Estados Unidos,2553
2022-07-09,NotBurger,604,1254,proteina de arveja,0,0.212,35,113491,0,5,7,2022,Canada,1639,Estados Unidos,2553
2022-07-10,NotBurger,581,1254,proteina de arveja,0,0.306,37,112887,0,6,7,2022,Canada,1639,Estados Unidos,2553
2022-07-11,NotBurger,464,1254,proteina de arveja,0,0.199,33,112306,0,0,7,2022,Canada,1639,Estados Unidos,2553
2022-07-12,NotBurger,400,1254,proteina de arveja,0,0.296,33,111842,0,1,7,2022,Canada,1639,Estados Unidos,2553
2022-07-13,NotBurger,459,1254,proteina de arveja,0,0.243,35,111442,0,2,7,2022,Canada,1639,Estados Unidos,2553
2022-07-14,NotBurger,595,1254,proteina de arveja,0,0.127,33,110983,0,3,7,2022,Canada,1639,Estados Unidos,2553
2022-07-15,NotBurger,646,1254,proteina de arveja,0,0.174,35,110388,0,4,7,2022,Canada,1639,Estados Unidos,2553
2022-07-16,NotBurger,589,1254,proteina de arveja,0,0.118,31,109742,0,5,7,2022,Canada,1639,Estados Unidos,2553
2022-07-17,NotBurger,573,1254,proteina de arveja,0,0.261,33,109153,0,6,7,2022,Canada,1639,Estados Unidos,2553
2022-07-18,NotBurger,488,1254,proteina de arveja,0,0.197,31,108580,0,0,7,2022,Canada,1639,Estados Unidos,2553
2022-07-19,NotBurger,433,1254,proteina de arveja,0,0.083,32,108092,0,1,7,2022,Canada,1639,Estados Unidos,2553
2022-07-20,NotBurger,432,1254,proteina de arveja,0,0.209,29,107659,0,2,7,2022,Canada,1639,Estados Unidos,2553
2022-07-21,NotBurger,517,1254,proteina de arveja,0,0.16,33,107227,0,3,7,2022,Canada,1639,Estados Unidos,2553
2022-07-22,NotBurger,642,1254,proteina de arveja,0,0.109,32,106710,0,4,7,2022,Canada,1639,Estados Unidos,2553
2022-07-23,NotBurger,998,1254,proteina de arveja,1,0.264,34,106068,0,5,7,2022,Canada,1639,Estados Unidos,2553
2022-07-24,NotBurger,577,1254,proteina de arveja,0,0.182,32,105070,0,6,7,2022,Canada,1639,Estados Unidos,2553
2022-07-25,NotBurger,558,1254,proteina de arveja,1,0.159,35,104493,0,0,7,2022,Canada,1639,Estados Unidos,2553
2022-07-26,NotBurger,422,1254,proteina de arveja,0,0.15,34,103935,0,1,7,2022,Canada,1639,Estados Unidos,2553
2022-07-27,NotBurger,465,1254,proteina de arveja,0,0.092,30,103513,0,2,7,2022,Canada,1639,Estados Unidos,2553
2022-07-28,NotBurger,786,1254,proteina de arveja,1,0.1,30,103048,0,3,7,2022,Canada,1639,Estados Unidos,2553
2022-07-29,NotBurger,675,1254,proteina de arveja,0,0.227,31,102262,0,4,7,2022,Canada,1639,Estados Unidos,2553
2022-07-30,NotBurger,603,1254,proteina de arveja,0,0.137,33,101587,0,5,7,2022,Canada,1639,Estados Unidos,2553
2022-07-31,NotBurger,475,1254,proteina de arveja,0,0.16,30,100984,0,6,7,2022,Canada,1639,Estados Unidos,2553
2022-08-01,NotBurger,452,1254,proteina de arveja,0,0.055,33,100509,0,0,8,2022,Canada,1639,Estados Unidos,2553
2022-08-02,NotBurger,424,1254,proteina de arveja,0,0.089,34,100057,0,1,8,2022,Canada,1639,Estados Unidos,2553
2022-08-03,NotBurger,401,1254,proteina de arveja,0,0.184,30,99633,0,2,8,2022,Canada,1639,Estados Unidos,2553
2022-08-04,NotBurger,585,1254,proteina de arveja,0,0.172,32,99232,0,3,8,2022,Canada,1639,Estados Unidos,2553
2022-08-05,NotBurger,935,1254,proteina de arveja,1,0.239,33,98647,0,4,8,2022,Canada,1639,Estados Unidos,2553
2022-08-06,NotBurger,618,1254,proteina de arveja,0,0.218,34,97712,0,5,8,2022,Canada,1639,Estados Unidos,2553
2022-08-07,NotBurger,491,1254,proteina de arveja,0,0.139,35,97094,0,6,8,2022,Canada,1639,Estados Unidos,2553
2022-08-08,NotBurger,423,1254,proteina de arveja,0,0.174,29,96603,0,0,8,2022,Canada,1639,Estados Unidos,2553
2022-08-09,NotBurger,362,1254,proteina de arveja,0,0.134,31,96180,0,1,8,2022,Canada,1639,Estados Unidos,2553
2022-08-10,NotBurger,411,1254,proteina de arveja,0,0.253,33,95818,0,2,8,2022,Canada,1639,Estados Unidos,2553
2022-08-11,NotBurger,558,1254,proteina de arveja,0,0.208,30,95407,0,3,8,2022,Canada,1639,Estados Unidos,2553
2022-08-12,NotBurger,539,1254,proteina de arveja,0,0.159,31,94849,0,4,8,2022,Canada,1639,Estados Unidos,2553
2022-08-13,NotBurger,538,1254,proteina de arveja,0,0.162,33,94310,0,5,8,2022,Canada,1639,Estados Unidos,2553
2022-08-14,NotBurger,519,1254,proteina de arveja,0,0.225,32,93772,0,6,8,2022,Canada,1639,Estados Unidos,2553
2022-08-15,NotBurger,413,1254,proteina de arveja,0,0.182,29,93253,0,0,8,2022,Canada,1639,Estados Unidos,2553
2022-08-16,NotBurger,384,1254,proteina de arveja,0,0.233,39,92840,0,1,8,2022,Canada,1639,Estados Unidos,2553
2022-08-17,NotBurger,492,1254,proteina de arveja,0,0.047,31,92456,0,2,8,2022,Canada,1639,Estados Unidos,2553
2022-08-18,NotBurger,539,1254,proteina de arveja,0,0.181,32,91964,0,3,8,2022,Canada,1639,Estados Unidos,2553
2022-08-19,NotBurger,840,1254,proteina de arveja,1,0.134,29,91425,0,4,8,2022,Canada,1639,Estados Unidos,2553
2022-08-20,NotBurger,556,1254,proteina de arveja,0,0.25,34,90585,0,5,8,2022,Canada,1639,Estados Unidos,2553
2022-08-21,NotBurger,545,1254,proteina de arveja,0,0.242,33,90029,0,6,8,2022,Canada,1639,Estados Unidos,2553
2022-08-22,NotBurger,394,1254,proteina de arveja,0,0.168,28,89484,0,0,8,2022,Canada,1639,Estados Unidos,2553
2022-08-23,NotBurger,374,1254,proteina de arveja,0,0.246,31,89090,0,1,8,2022,Canada,1639,Estados Unidos,2553
2022-08-24,NotBurger,422,1254,proteina de arveja,0,0.261,35,88716,0,2,8,2022,Canada,1639,Estados Unidos,2553
2022-08-25,NotBurger,576,1254,proteina de arveja,0,0.179,36,88294,0,3,8,2022,Canada,1639,Estados Unidos,2553
2022-08-26,NotBurger,546,1254,proteina de arveja,0,0.302,34,87718,0,4,8,2022,Canada,1639,Estados Unidos,2553
2022-08-27,NotBurger,492,1254,proteina de arveja,0,0.18,34,87172,0,5,8,2022,Canada,1639,Estados Unidos,2553
2022-08-28,NotBurger,504,1254,proteina de arveja,0,0.175,32,86680,0,6,8,2022,Canada,1639,Estados Unidos,2553
2022-08-29,NotBurger,426,1254,proteina de arveja,0,0.232,33,86176,0,0,8,2022,Canada,1639,Estados Unidos,2553
2022-08-30,NotBurger,376,1254,proteina de arveja,0,0.175,34,85750,0,1,8,2022,Canada,1639,Estados Unidos,2553
2022-08-31,NotBurger,468,1254,proteina de arveja,0,0.201,36,85374,0,2,8,2022,Canada,1639,Estados Unidos,2553
2022-09-01,NotBurger,551,1254,proteina de arveja,0,0.272,36,84906,0,3,9,2022,Canada,1639,Estados Unidos,2553
2022-09-02,NotBurger,584,1254,proteina de arveja,0,0.207,30,84355,0,4,9,2022,Canada,1639,Estados Unidos,2553
2022-09-03,NotBurger,491,1254,proteina de arveja,0,0.125,31,83771,0,5,9,2022,Canada,1639,Estados Unidos,2553
2022-09-04,NotBurger,505,1254,proteina de arveja,0,0.233,33,83280,0,6,9,2022,Canada,1639,Estados Unidos,2553
2022-09-05,NotBurger,446,1254,proteina de arveja,0,0.185,32,82775,0,0,9,2022,Canada,1639,Estados Unidos,2553
2022-09-06,NotBurger,362,1254,proteina de arveja,0,0.268,34,82329,0,1,9,2022,Canada,1639,Estados Unidos,2553
2022-09-07,NotBurger,430,1254,proteina de arveja,0,0.264,35,81967,0,2,9,2022,Canada,1639,Estados Unidos,2553
2022-09-08,NotBurger,555,1254,proteina de arveja,0,0.308,36,81537,0,3,9,2022,Canada,1639,Estados Unidos,2553
2022-09-09,NotBurger,567,1254,proteina de arveja,0,0.285,37,80982,0,4,9,2022,Canada,1639,Estados Unidos,2553
2022-09-10,NotBurger,640,1254,proteina de arveja,0,0.299,33,80415,0,5,9,2022,Canada,1639,Estados Unidos,2553
2022-09-11,NotBurger,589,1254,proteina de arveja,0,0.217,30,79775,0,6,9,2022,Canada,1639,Estados Unidos,2553
2022-09-12,NotBurger,411,1254,proteina de arveja,0,0.296,34,79186,0,0,9,2022,Canada,1639,Estados Unidos,2553
2022-09-13,NotBurger,344,1254,proteina de arveja,0,0.36,38,78775,0,1,9,2022,Canada,1639,Estados Unidos,2553
2022-09-14,NotBurger,432,1254,proteina de arveja,0,0.233,32,78431,0,2,9,2022,Canada,1639,Estados Unidos,2553
2022-09-15,NotBurger,447,1254,proteina de arveja,0,0.363,36,77999,0,3,9,2022,Canada,1639,Estados Unidos,2553
2022-09-16,NotBurger,900,1254,proteina de arveja,1,0.251,34,77552,0,4,9,2022,Canada,1639,Estados Unidos,2553
2022-09-17,NotBurger,641,1254,proteina de arveja,0,0.242,33,76652,0,5,9,2022,Canada,1639,Estados Unidos,2553
2022-09-18,NotBurger,600,1254,proteina de arveja,0,0.305,34,76011,0,6,9,2022,Canada,1639,Estados Unidos,2553
2022-09-19,NotBurger,418,1254,proteina de arveja,0,0.332,32,75411,0,0,9,2022,Canada,1639,Estados Unidos,2553
2022-09-20,NotBurger,398,1254,proteina de arveja,0,0.348,30,74993,0,1,9,2022,Canada,1639,Estados Unidos,2553
2022-09-21,NotBurger,412,1254,proteina de arveja,0,0.26,31,74595,0,2,9,2022,Canada,1639,Estados Unidos,2553
2022-09-22,NotBurger,539,1254,proteina de arveja,0,0.336,33,74183,0,3,9,2022,Canada,1639,Estados Unidos,2553
2022-09-23,NotBurger,561,1254,proteina de arveja,0,0.286,36,73644,0,4,9,2022,Canada,1639,Estados Unidos,2553
2022-09-24,NotBurger,622,1254,proteina de arveja,0,0.252,33,73083,0,5,9,2022,Canada,1639,Estados Unidos,2553
2022-09-25,NotBurger,527,1254,proteina de arveja,0,0.286,32,72461,0,6,9,2022,Canada,1639,Estados Unidos,2553
2022-09-26,NotBurger,444,1254,proteina de arveja,0,0.301,32,71934,0,0,9,2022,Canada,1639,Estados Unidos,2553
2022-09-27,NotBurger,375,1254,proteina de arveja,0,0.37,36,71490,0,1,9,2022,Canada,1639,Estados Unidos,2553
2022-09-28,NotBurger,456,1254,proteina de arveja,0,0.408,38,71115,0,2,9,2022,Canada,1639,Estados Unidos,2553
2022-09-29,NotBurger,553,1254,proteina de arveja,0,0.282,36,70659,0,3,9,2022,Canada,1639,Estados Unidos,2553
2022-09-30,NotBurger,637,1254,proteina de arveja,0,0.379,36,70106,0,4,9,2022,Canada,1639,Estados Unidos,2553
2022-10-01,NotBurger,652,1254,proteina de arveja,0,0.309,31,69469,0,5,10,2022,Canada,1639,Estados Unidos,2553
2022-10-02,NotBurger,557,1254,proteina de arveja,0,0.405,34,68817,0,6,10,2022,Canada,1639,Estados Unidos,2553
2022-10-03,NotBurger,473,1254,proteina de arveja,0,0.348,38,68260,0,0,10,2022,Canada,1639,Estados Unidos,2553
2022-10-04,NotBurger,401,1254,proteina de arveja,0,0.332,36,67787,0,1,10,2022,Canada,1639,Estados Unidos,2553
2022-10-05,NotBurger,453,1254,proteina de arveja,0,0.431,32,67386,0,2,10,2022,Canada,1639,Estados Unidos,2553
2022-10-06,NotBurger,576,1254,proteina de arveja,0,0.367,34,66933,0,3,10,2022,Canada,1639,Estados Unidos,2553
2022-10-07,NotBurger,636,1254,proteina de arveja,0,0.386,35,66357,0,4,10,2022,Canada,1639,Estados Unidos,2553
2022-10-08,NotBurger,649,1254,proteina de arveja,0,0.296,32,65721,0,5,10,2022,Canada,1639,Estados Unidos,2553
2022-10-09,NotBurger,665,1254,proteina de arveja,0,0.46,31,65072,0,6,10,2022,Canada,1639,Estados Unidos,2553
2022-10-10,NotBurger,426,1254,proteina de arveja,0,0.458,36,64407,0,0,10,2022,Canada,1639,Estados Unidos,2553
2022-10-11,NotBurger,409,1254,proteina de arveja,0,0.423,33,63981,0,1,10,2022,Canada,1639,Estados Unidos,2553
2022-10-12,NotBurger,466,1254,proteina de arveja,0,0.351,33,63572,0,2,10,2022,Canada,1639,Estados Unidos,2553
2022-10-13,NotBurger,592,1254,proteina de arveja,0,0.493,35,63106,0,3,10,2022,Canada,1639,Estados Unidos,2553
2022-10-14,NotBurger,851,1254,proteina de arveja,1,0.404,35,62514,0,4,10,2022,Canada,1639,Estados Unidos,2553
2022-10-15,NotBurger,706,1254,proteina de arveja,0,0.419,35,61663,0,5,10,2022,Canada,1639,Estados Unidos,2553
2022-10-16,NotBurger,510,1254,proteina de arveja,0,0.562,35,60957,0,6,10,2022,Canada,1639,Estados Unidos,2553
2022-10-17,NotBurger,515,1254,proteina de arveja,0,0.415,35,60447,0,0,10,2022,Canada,1639,Estados Unidos,2553
2022-10-18,NotBurger,455,1254,proteina de arveja,0,0.491,32,59932,0,1,10,2022,Canada,1639,Estados Unidos,2553
2022-10-19,NotBurger,449,1254,proteina de arveja,0,0.486,36,59477,0,2,10,2022,Canada,1639,Estados Unidos,2553
2022-10-20,NotBurger,512,1254,proteina de arveja,0,0.482,30,59028,0,3,10,2022,Canada,1639,Estados Unidos,2553
2022-10-21,NotBurger,665,1254,proteina de arveja,0,0.48,35,58516,0,4,10,2022,Canada,1639,Estados Unidos,2553
2022-10-22,NotBurger,702,1254,proteina de arveja,0,0.488,38,57851,0,5,10,2022,Canada,1639,Estados Unidos,2553
2022-10-23,NotBurger,740,1254,proteina de arveja,0,0.486,34,57149,0,6,10,2022,Canada,1639,Estados Unidos,2553
2022-10-24,NotBurger,515,1254,proteina de arveja,0,0.473,37,56409,0,0,10,2022,Canada,1639,Estados Unidos,2553
2022-10-25,NotBurger,384,1254,proteina de arveja,0,0.554,39,55894,0,1,10,2022,Canada,1639,Estados Unidos,2553
2022-10-26,NotBurger,488,1254,proteina de arveja,0,0.416,28,55510,0,2,10,2022,Canada,1639,Estados Unidos,2553
2022-10-27,NotBurger,790,1254,proteina de arveja,1,0.535,36,55022,0,3,10,2022,Canada,1639,Estados Unidos,2553
2022-10-28,NotBurger,764,1254,proteina de arveja,0,0.528,31,54232,0,4,10,2022,Canada,1639,Estados Unidos,2553
2022-10-29,NotBurger,665,1254,proteina de arveja,0,0.524,36,53468,0,5,10,2022,Canada,1639,Estados Unidos,2553
2022-10-30,NotBurger,630,1254,proteina de arveja,0,0.547,37,52803,0,6,10,2022,Canada,1639,Estados Unidos,2553
2022-10-31,NotBurger,483,1254,proteina de arveja,0,0.488,31,52173,0,0,10,2022,Canada,1639,Estados Unidos,2553
2022-11-01,NotBurger,425,1254,proteina de arveja,0,0.401,39,51690,0,1,11,2022,Canada,1639,Estados Unidos,2553
2022-11-02,NotBurger,548,1254,proteina de arveja,0,0.492,36,51265,0,2,11,2022,Canada,1639,Estados Unidos,2553
2022-11-03,NotBurger,717,1254,proteina de arveja,0,0.447,34,50717,0,3,11,2022,Canada,1639,Estados Unidos,2553
2022-11-04,NotBurger,831,1254,proteina de arveja,0,0.461,38,50000,0,4,11,2022,Canada,1639,Estados Unidos,2553
2022-11-05,NotBurger,808,1254,proteina de arveja,0,0.437,32,49169,0,5,11,2022,Canada,1639,Estados Unidos,2553
2022-11-06,NotBurger,636,1254,proteina de arveja,0,0.475,33,48361,0,6,11,2022,Canada,1639,Estados Unidos,2553
2022-11-07,NotBurger,563,1254,proteina de arveja,0,0.47,31,47725,0,0,11,2022,Canada,1639,Estados Unidos,2553
2022-11-08,NotBurger,497,1254,proteina de arveja,0,0.381,38,47162,0,1,11,2022,Canada,1639,Estados Unidos,2553
2022-11-09,NotBurger,565,1254,proteina de arveja,0,0.535,37,46665,0,2,11,2022,Canada,1639,Estados Unidos,2553
2022-11-10,NotBurger,922,1254,proteina de arveja,1,0.611,39,46100,0,3,11,2022,Canada,1639,Estados Unidos,2553
2022-11-11,NotBurger,778,1254,proteina de arveja,0,0.53,37,45178,0,4,11,2022,Canada,1639,Estados Unidos,2553
2022-11-12,NotBurger,808,1254,proteina de arveja,0,0.489,37,44400,0,5,11,2022,Canada,1639,Estados Unidos,2553
2022-11-13,NotBurger,823,1254,proteina de arveja,0,0.495,36,43592,0,6,11,2022,Canada,1639,Estados Unidos,2553
2022-11-14,NotBurger,741,1254,proteina de arveja,1,0.476,36,42769,0,0,11,2022,Canada,1639,Estados Unidos,2553
2022-11-15,NotBurger,480,1254,proteina de arveja,0,0.5,36,42028,0,1,11,2022,Canada,1639,Estados Unidos,2553
2022-11-16,NotBurger,542,1254,proteina de arveja,0,0.492,35,41548,0,2,11,2022,Canada,1639,Estados Unidos,2553
2022-11-17,NotBurger,701,1254,proteina de arveja,0,0.45,35,41006,0,3,11,2022,Canada,1639,Estados Unidos,2553
2022-11-18,NotBurger,989,1254,proteina de arveja,0,0.575,37,40305,0,4,11,2022,Canada,1639,Estados Unidos,2553
2022-11-19,NotBurger,809,1254,proteina de arveja,0,0.414,35,39316,0,5,11,2022,Canada,1639,Estados Unidos,2553
2022-11-20,NotBurger,768,1254,proteina de arveja,0,0.522,33,38507,0,6,11,2022,Canada,1639,Estados Unidos,2553
2022-11-21,NotBurger,559,1254,proteina de arveja,0,0.479,33,37739,0,0,11,2022,Canada,1639,Estados Unidos,2553
2022-11-22,NotBurger,535,1254,proteina de arveja,0,0.576,39,37180,0,1,11,2022,Canada,1639,Estados Unidos,2553
2022-11-23,NotBurger,642,1254,proteina de arveja,0,0.496,35,36645,0,2,11,2022,Canada,1639,Estados Unidos,2553
2022-11-24,NotBurger,724,1254,proteina de arveja,0,0.458,37,36003,0,3,11,2022,Canada,1639,Estados Unidos,2553
2022-11-25,NotBurger,830,1254,proteina de arveja,0,0.46,33,35279,0,4,11,2022,Canada,1639,Estados Unidos,2553
2022-11-26,NotBurger,983,1254,proteina de arveja,0,0.471,33,34449,0,5,11,2022,Canada,1639,Estados Unidos,2553
2022-11-27,NotBurger,802,1254,proteina de arveja,0,0.409,33,33466,0,6,11,2022,Canada,1639,Estados Unidos,2553
2022-11-28,NotBurger,636,1254,proteina de arveja,0,0.424,35,32664,0,0,11,2022,Canada,1639,Estados Unidos,2553
2022-11-29,NotBurger,579,1254,proteina de arveja,0,0.369,33,32028,0,1,11,2022,Canada,1639,Estados Unidos,2553
2022-11-30,NotBurger,650,1254,proteina de arveja,0,0.408,37,31449,0,2,11,2022,Canada,1639,Estados Unidos,2553
2022-12-01,NotBurger,915,1254,proteina de arveja,0,0.455,36,30799,0,3,12,2022,Canada,1639,Estados Unidos,2553
2022-12-02,NotBurger,912,1254,proteina de arveja,0,0.461,39,29884,0,4,12,2022,Canada,1639,Estados Unidos,2553
2022-12-03,NotBurger,942,1254,proteina de arveja,0,0.342,35,28972,0,5,12,2022,Canada,1639,Estados Unidos,2553
2022-12-04,NotBurger,844,1254,proteina de arveja,1,0.43,30,28030,0,6,12,2022,Canada,1639,Estados Unidos,2553
2022-12-05,NotBurger,580,1254,proteina de arveja,0,0.46,38,27186,0,0,12,2022,Canada,1639,Estados Unidos,2553
2022-12-06,NotBurger,511,1254,proteina de arveja,0,0.419,32,26606,0,1,12,2022,Canada,1639,Estados Unidos,2553
2022-12-07,NotBurger,716,1254,proteina de arveja,0,0.391,35,26095,0,2,12,2022,Canada,1639,Estados Unidos,2553
2022-12-08,NotBurger,650,1254,proteina de arveja,0,0.397,33,25379,0,3,12,2022,Canada,1639,Estados Unidos,2553
2022-12-09,NotBurger,911,1254,proteina de arveja,0,0.385,39,24729,0,4,12,2022,Canada,1639,Estados Unidos,2553
2022-12-10,NotBurger,710,1254,proteina de arveja,0,0.375,37,23818,0,5,12,2022,Canada,1639,Estados Unidos,2553
2022-12-11,NotBurger,1028,1254,proteina de arveja,1,0.41,33,23108,0,6,12,2022,Canada,1639,Estados Unidos,2553
2022-12-12,NotBurger,749,1254,proteina de arveja,1,0.511,36,22080,0,0,12,2022,Canada,1639,Estados Unidos,2553
2022-12-13,NotBurger,650,1254,proteina de arveja,0,0.353,35,21331,0,1,12,2022,Canada,1639,Estados Unidos,2553
2022-12-14,NotBurger,694,1254,proteina de arveja,0,0.369,36,20681,0,2,12,2022,Canada,1639,Estados Unidos,2553
2022-12-15,NotBurger,789,1254,proteina de arveja,0,0.377,35,19987,0,3,12,2022,Canada,1639,Estados Unidos,2553
2022-12-16,NotBurger,1057,1254,proteina de arveja,0,0.339,32,19198,0,4,12,2022,Canada,1639,Estados Unidos,2553
2022-12-17,NotBurger,1182,1254,proteina de arveja,1,0.422,34,18141,0,5,12,2022,Canada,1639,Estados Unidos,2553
2022-12-18,NotBurger,829,1254,proteina de arveja,0,0.243,33,16959,0,6,12,2022,Canada,1639,Estados Unidos,2553
2022-12-19,NotBurger,600,1254,proteina de arveja,0,0.329,36,16130,0,0,12,2022,Canada,1639,Estados Unidos,2553
2022-12-20,NotBurger,556,1254,proteina de arveja,0,0.391,36,15530,0,1,12,2022,Canada,1639,Estados Unidos,2553
2022-12-21,NotBurger,649,1254,proteina de arveja,0,0.329,32,14974,0,2,12,2022,Canada,1639,Estados Unidos,2553
2022-12-22,NotBurger,1184,1254,proteina de arveja,1,0.297,35,14325,0,3,12,2022,Canada,1639,Estados Unidos,2553
2022-12-23,NotBurger,1012,1254,proteina de arveja,0,0.354,33,13141,0,4,12,2022,Canada,1639,Estados Unidos,2553
2022-12-24,NotBurger,1119,1254,proteina de arveja,0,0.371,36,12129,0,5,12,2022,Canada,1639,Estados Unidos,2553
2022-12-25,NotBurger,879,1254,proteina de arveja,0,0.33,39,11010,0,6,12,2022,Canada,1639,Estados Unidos,2553
2022-12-26,NotBurger,537,1254,proteina de arveja,0,0.274,33,10131,0,0,12,2022,Canada,1639,Estados Unidos,2553
2022-12-27,NotBurger,636,1254,proteina de arveja,0,0.331,36,9594,0,1,12,2022,Canada,1639,Estados Unidos,2553
2022-12-28,NotBurger,633,1254,proteina de arveja,0,0.282,32,8958,0,2,12,2022,Canada,1639,Estados Unidos,2553
2022-12-29,NotBurger,829,1254,proteina de arveja,0,0.333,34,8325,0,3,12,2022,Canada,1639,Estados Unidos,2553
2022-12-30,NotBurger,968,1254,proteina de arveja,0,0.364,34,7496,0,4,12,2022,Canada,1639,Estados Unidos,2553
2022-12-31,NotBurger,971,1254,proteina de arveja,0,0.154,31,6528,0,5,12,2022,Canada,1639,Estados Unidos,2553
2023-01-01,NotBurger,781,1415,proteina de arveja,0,0.284,38,5557,0,6,1,2023,Canada,1639,Estados Unidos,2553
2023-01-02,NotBurger,716,1415,proteina de arveja,0,0.186,32,4776,0,0,1,2023,Canada,1639,Estados Unidos,2553
2023-01-03,NotBurger,568,1415,proteina de arveja,0,0.389,36,4060,0,1,1,2023,Canada,1639,Estados Unidos,2553
2023-01-04,NotBurger,757,1415,proteina de arveja,0,0.238,29,3492,0,2,1,2023,Canada,1639,Estados Unidos,2553
2023-01-05,NotBurger,1088,1415,proteina de arveja,0,0.293,34,2735,0,3,1,2023,Canada,1639,Estados Unidos,2553
2023-01-06,NotBurger,950,1415,proteina de arveja,0,0.248,35,1647,0,4,1,2023,Canada,1639,Estados Unidos,2553
2023-01-07,NotBurger,1028,1415,proteina de arveja,0,0.205,31,697,0,5,1,2023,Canada,1639,Estados Unidos,2553
2023-01-08,NotBurger,718,1415,proteina de arveja,0,0.193,27,0,1,6,1,2023,Canada,1639,Estados Unidos,2553
2023-01-09,NotBurger,705,1415,proteina de arveja,0,0.313,34,0,1,0,1,2023,Canada,1639,Estados Unidos,2553
2023-01-10,NotBurger,690,1415,proteina de arveja,0,0.277,33,0,1,1,1,2023,Canada,1639,Estados Unidos,2553
2023-01-11,NotBurger,798,1415,proteina de arveja,0,0.321,35,0,1,2,1,2023,Canada,1639,Estados Unidos,2553
2023-01-12,NotBurger,1243,1415,proteina de arveja,1,0.222,37,0,1,3,1,2023,Canada,1639,Estados Unidos,2553
2023-01-13,NotBurger,1500,1415,proteina de arveja,1,0.229,32,0,1,4,1,2023,Canada,1639,Estados Unidos,2553
2023-01-14,NotBurger,1296,1415,proteina de arveja,0,0.197,31,0,1,5,1,2023,Canada,1639,Estados Unidos,2553
2023-01-15,NotBurger,1047,1415,proteina de arveja,0,0.191,30,0,1,6,1,2023,Canada,1639,Estados Unidos,2553
2023-01-16,NotBurger,708,1415,proteina de arveja,0,0.149,32,0,1,0,1,2023,Canada,1639,Estados Unidos,2553
2023-01-17,NotBurger,593,1415,proteina de arveja,0,0.201,33,0,1,1,1,2023,Canada,1639,Estados Unidos,2553
2023-01-18,NotBurger,745,1415,proteina de arveja,0,0.153,31,0,1,2,1,2023,Canada,1639,Estados Unidos,2553
2023-01-19,NotBurger,892,1415,proteina de arveja,0,0.211,34,0,1,3,1,2023,Canada,1639,Estados Unidos,2553
2023-01-20,NotBurger,1151,1415,proteina de arveja,0,0.194,33,0,1,4,1,2023,Canada,1639,Estados Unidos,2553
2023-01-21,NotBurger,995,1415,proteina de arveja,0,0.196,32,0,1,5,1,2023,Canada,1639,Estados Unidos,2553
2023-01-22,NotBurger,934,1415,proteina de arveja,0,0.262,31,0,1,6,1,2023,Canada,1639,Estados Unidos,2553
2023-01-23,NotBurger,804,1415,proteina de arveja,0,0.173,31,0,1,0,1,2023,Canada,1639,Estados Unidos,2553
2023-01-24,NotBurger,829,1415,proteina de arveja,1,0.21,28,0,1,1,1,2023,Canada,1639,Estados Unidos,2553
2023-01-25,NotBurger,725,1415,proteina de arveja,0,0.272,34,0,1,2,1,2023,Canada,1639,Estados Unidos,2553
2023-01-26,NotBurger,1075,1415,proteina de arveja,0,0.232,33,0,1,3,1,2023,Canada,1639,Estados Unidos,2553
2023-01-27,NotBurger,961,1415,proteina de arveja,0,0.222,33,0,1,4,1,2023,Canada,1639,Estados Unidos,2553
2023-01-28,NotBurger,1088,1415,proteina de arveja,0,0.147,33,0,1,5,1,2023,Canada,1639,Estados Unidos,2553
2023-01-29,NotBurger,952,1415,proteina de arveja,0,0.171,33,14412,0,6,1,2023,Canada,1639,Estados Unidos,2553
2023-01-30,NotBurger,767,1415,proteina de arveja,0,0.092,31,13460,0,0,1,2023,Canada,1639,Estados Unidos,2553
2023-01-31,NotBurger,704,1415,proteina de arveja,0,0.181,32,28193,0,1,1,2023,Canada,1639,Estados Unidos,2553
2023-02-01,NotBurger,836,1415,proteina de arveja,0,0.168,29,42989,0,2,2,2023,Canada,1639,Estados Unidos,2553
2023-02-02,NotBurger,995,1415,proteina de arveja,0,0.155,31,73153,0,3,2,2023,Canada,1639,Estados Unidos,2553
2023-02-03,NotBurger,1352,1415,proteina de arveja,1,0.204,33,87658,0,4,2,2023,Canada,1639,Estados Unidos,2553
2023-02-04,NotBurger,1096,1415,proteina de arveja,0,0.091,30,101806,0,5,2,2023,Canada,1639,Estados Unidos,2553
2023-02-05,NotBurger,1207,1415,proteina de arveja,1,0.233,35,100710,0,6,2,2023,Canada,1639,Estados Unidos,2553
2023-02-06,NotBurger,1129,1415,proteina de arveja,1,0.195,31,99503,0,0,2,2023,Canada,1639,Estados Unidos,2553
2023-02-07,NotBurger,667,1415,proteina de arveja,0,0.147,32,113874,0,1,2,2023,Canada,1639,Estados Unidos,2553
2023-02-08,NotBurger,861,1415,proteina de arveja,0,0.143,32,159707,0,2,2,2023,Canada,1639,Estados Unidos,2553
2023-02-09,NotBurger,1011,1415,proteina de arveja,0,0.174,34,158846,0,3,2,2023,Canada,1639,Estados Unidos,2553
2023-02-10,NotBurger,1112,1415,proteina de arveja,0,0.227,35,173335,0,4,2,2023,Canada,1639,Estados Unidos,2553
2023-02-11,NotBurger,1202,1415,proteina de arveja,0,0.156,33,172223,0,5,2,2023,Canada,1639,Estados Unidos,2553
2023-02-12,NotBurger,921,1415,proteina de arveja,0,0.159,28,202021,0,6,2,2023,Canada,1639,Estados Unidos,2553
2023-02-13,NotBurger,823,1415,proteina de arveja,0,0.154,34,201100,0,0,2,2023,Canada,1639,Estados Unidos,2553
2023-02-14,NotBurger,722,1415,proteina de arveja,0,0.243,36,246777,0,1,2,2023,Canada,1639,Estados Unidos,2553
2023-02-15,NotBurger,775,1415,proteina de arveja,0,0.137,31,261555,0,2,2,2023,Canada,1639,Estados Unidos,2553
2023-02-16,NotBurger,1061,1415,proteina de arveja,0,0.155,32,260780,0,3,2,2023,Canada,1639,Estados Unidos,2553
2023-02-17,NotBurger,1220,1415,proteina de arveja,0,0.232,31,275219,0,4,2,2023,Canada,1639,Estados Unidos,2553
2023-02-18,NotBurger,1261,1415,proteina de arveja,0,0.168,28,304999,0,5,2,2023,Canada,1639,Estados Unidos,2553
2023-02-19,NotBurger,1060,1415,proteina de arveja,0,0.22,31,319238,0,6,2,2023,Canada,1639,Estados Unidos,2553
2023-02-20,NotBurger,819,1415,proteina de arveja,0,0.12,30,318178,0,0,2,2023,Canada,1639,Estados Unidos,2553
2023-02-21,NotBurger,649,1415,proteina de arveja,0,0.157,31,332859,0,1,2,2023,Canada,1639,Estados Unidos,2553
2023-02-22,NotBurger,978,1415,proteina de arveja,0,0.245,31,394210,0,2,2,2023,Canada,1639,Estados Unidos,2553
2023-02-23,NotBurger,908,1415,proteina de arveja,0,0.14,30,408732,0,3,2,2023,Canada,1639,Estados Unidos,2553
2023-02-24,NotBurger,1750,1415,proteina de arveja,1,0.169,32,407824,0,4,2,2023,Canada,1639,Estados Unidos,2553
2023-02-25,NotBurger,1198,1415,proteina de arveja,0,0.193,31,406074,0,5,2,2023,Canada,1639,Estados Unidos,2553
2023-02-26,NotBurger,895,1415,proteina de arveja,0,0.134,33,404876,0,6,2,2023,Canada,1639,Estados Unidos,2553
2023-02-27,NotBurger,783,1415,proteina de arveja,0,0.166,33,403981,0,0,2,2023,Canada,1639,Estados Unidos,2553
2023-02-28,NotBurger,711,1415,proteina de arveja,0,0.196,37,434198,0,1,2,2023,Canada,1639,Estados Unidos,2553
2023-03-01,NotBurger,905,1415,proteina de arveja,0,0.197,35,448987,0,2,3,2023,Canada,1639,Estados Unidos,2553
2023-03-02,NotBurger,966,1415,proteina de arveja,0,0.263,34,463582,0,3,3,2023,Canada,1639,Estados Unidos,2553
2023-03-03,NotBurger,1151,1415,proteina de arveja,0,0.28,32,462616,0,4,3,2023,Canada,1639,Estados Unidos,2553
2023-03-04,NotBurger,943,1415,proteina de arveja,0,0.164,33,461465,0,5,3,2023,Canada,1639,Estados Unidos,2553
2023-03-05,NotBurger,1125,1415,proteina de arveja,0,0.217,33,460522,0,6,3,2023,Canada,1639,Estados Unidos,2553
2023-03-06,NotBurger,723,1415,proteina de arveja,0,0.25,32,459397,0,0,3,2023,Canada,1639,Estados Unidos,2553
2023-03-07,NotBurger,734,1415,proteina de arveja,0,0.297,35,458674,0,1,3,2023,Canada,1639,Estados Unidos,2553
2023-03-08,NotBurger,812,1415,proteina de arveja,0,0.262,30,457940,0,2,3,2023,Canada,1639,Estados Unidos,2553
2023-03-09,NotBurger,1015,1415,proteina de arveja,0,0.246,32,457128,0,3,3,2023,Canada,1639,Estados Unidos,2553
2023-03-10,NotBurger,1249,1415,proteina de arveja,0,0.27,34,456113,0,4,3,2023,Canada,1639,Estados Unidos,2553
2023-03-11,NotBurger,1311,1415,proteina de arveja,0,0.275,33,454864,0,5,3,2023,Canada,1639,Estados Unidos,2553
2023-03-12,NotBurger,1004,1415,proteina de arveja,0,0.2,32,453553,0,6,3,2023,Canada,1639,Estados Unidos,2553
2023-03-13,NotBurger,829,1415,proteina de arveja,0,0.262,33,452549,0,0,3,2023,Canada,1639,Estados Unidos,2553
2023-03-14,NotBurger,731,1415,proteina de arveja,0,0.331,32,451720,0,1,3,2023,Canada,1639,Estados Unidos,2553
2023-03-15,NotBurger,881,1415,proteina de arveja,0,0.253,35,450989,0,2,3,2023,Canada,1639,Estados Unidos,2553
2023-03-16,NotBurger,980,1415,proteina de arveja,0,0.276,31,450108,0,3,3,2023,Canada,1639,Estados Unidos,2553
2023-03-17,NotBurger,1267,1415,proteina de arveja,0,0.263,34,449128,0,4,3,2023,Canada,1639,Estados Unidos,2553
2023-03-18,NotBurger,1251,1415,proteina de arveja,0,0.165,33,447861,0,5,3,2023,Canada,1639,Estados Unidos,2553
2023-03-19,NotBurger,1063,1415,proteina de arveja,0,0.287,32,446610,0,6,3,2023,Canada,1639,Estados Unidos,2553
2023-03-20,NotBurger,741,1415,proteina de arveja,0,0.307,34,445547,0,0,3,2023,Canada,1639,Estados Unidos,2553
2023-03-21,NotBurger,697,1415,proteina de arveja,0,0.273,31,444806,0,1,3,2023,Canada,1639,Estados Unidos,2553
2023-03-22,NotBurger,824,1415,proteina de arveja,0,0.247,36,444109,0,2,3,2023,Canada,1639,Estados Unidos,2553
2023-03-23,NotBurger,898,1415,proteina de arveja,0,0.266,31,443285,0,3,3,2023,Canada,1639,Estados Unidos,2553
2023-03-24,NotBurger,1590,1415,proteina de arveja,1,0.354,33,442387,0,4,3,2023,Canada,1639,Estados Unidos,2553
2023-03-25,NotBurger,1137,1415,proteina de arveja,0,0.421,33,440797,0,5,3,2023,Canada,1639,Estados Unidos,2553
2023-03-26,NotBurger,991,1415,proteina de arveja,0,0.397,32,439660,0,6,3,2023,Canada,1639,Estados Unidos,2553
2023-03-27,NotBurger,738,1415,proteina de arveja,0,0.267,36,438669,0,0,3,2023,Canada,1639,Estados Unidos,2553
2023-03-28,NotBurger,625,1415,proteina de arveja,0,0.383,36,437931,0,1,3,2023,Canada,1639,Estados Unidos,2553
2023-03-29,NotBurger,761,1415,proteina de arveja,0,0.313,34,437306,0,2,3,2023,Canada,1639,Estados Unidos,2553
2023-03-30,NotBurger,1252,1415,proteina de arveja,1,0.323,33,436545,0,3,3,2023,Canada,1639,Estados Unidos,2553
2023-03-31,NotBurger,1204,1415,proteina de arveja,0,0.335,36,435293,0,4,3,2023,Canada,1639,Estados Unidos,2553
2023-04-01,NotBurger,1139,1415,proteina de arveja,0,0.399,33,434089,0,5,4,2023,Canada,1639,Estados Unidos,2553
2023-04-02,NotBurger,983,1415,proteina de arveja,0,0.418,37,432950,0,6,4,2023,Canada,1639,Estados Unidos,2553
2023-04-03,NotBurger,743,1415,proteina de arveja,0,0.371,33,431967,0,0,4,2023,Canada,1639,Estados Unidos,2553
2023-04-04,NotBurger,717,1415,proteina de arveja,0,0.377,33,431224,0,1,4,2023,Canada,1639,Estados Unidos,2553
2023-04-05,NotBurger,882,1415,proteina de arveja,0,0.41,36,430507,0,2,4,2023,Canada,1639,Estados Unidos,2553
2023-04-06,NotBurger,1038,1415,proteina de arveja,0,0.421,37,429625,0,3,4,2023,Canada,1639,Estados Unidos,2553
2023-04-07,NotBurger,1198,1415,proteina de arveja,0,0.457,37,428587,0,4,4,2023,Canada,1639,Estados Unidos,2553
2023-04-08,NotBurger,1133,1415,proteina de arveja,0,0.339,32,427389,0,5,4,2023,Canada,1639,Estados Unidos,2553
2023-04-09,NotBurger,1051,1415,proteina de arveja,1,0.41,34,426256,0,6,4,2023,Canada,1639,Estados Unidos,2553
2023-04-10,NotBurger,688,1415,proteina de arveja,0,0.361,35,425205,0,0,4,2023,Canada,1639,Estados Unidos,2553
2023-04-11,NotBurger,703,1415,proteina de arveja,0,0.417,33,424517,0,1,4,2023,Canada,1639,Estados Unidos,2553
2023-04-12,NotBurger,774,1415,proteina de arveja,0,0.413,38,423814,0,2,4,2023,Canada,1639,Estados Unidos,2553
2023-04-13,NotBurger,999,1415,proteina de arveja,0,0.427,30,423040,0,3,4,2023,Canada,1639,Estados Unidos,2553
2023-04-14,NotBurger,1670,1415,proteina de arveja,1,0.394,33,422041,0,4,4,2023,Canada,1639,Estados Unidos,2553
2023-04-15,NotBurger,1149,1415,proteina de arveja,0,0.364,33,420371,0,5,4,2023,Canada,1639,Estados Unidos,2553
2023-04-16,NotBurger,1016,1415,proteina de arveja,0,0.338,28,419222,0,6,4,2023,Canada,1639,Estados Unidos,2553
2023-04-17,NotBurger,742,1415,proteina de arveja,0,0.441,32,418206,0,0,4,2023,Canada,1639,Estados Unidos,2553
2023-04-18,NotBurger,622,1415,proteina de arveja,0,0.43,36,417464,0,1,4,2023,Canada,1639,Estados Unidos,2553
2023-04-19,NotBurger,755,1415,proteina de arveja,0,0.422,35,416842,0,2,4,2023,Canada,1639,Estados Unidos,2553
2023-04-20,NotBurger,884,1415,proteina de arveja,0,0.526,39,416087,0,3,4,2023,Canada,1639,Estados Unidos,2553
2023-04-21,NotBurger,1216,1415,proteina de arveja,0,0.421,38,415203,0,4,4,2023,Canada,1639,Estados Unidos,2553
2023-04-22,NotBurger,1130,1415,proteina de arveja,0,0.538,37,413987,0,5,4,2023,Canada,1639,Estados Unidos,2553
2023-04-23,NotBurger,940,1415,proteina de arveja,0,0.552,37,412857,0,6,4,2023,Canada,1639,Estados Unidos,2553
2023-04-24,NotBurger,791,1415,proteina de arveja,0,0.376,35,411917,0,0,4,2023,Canada,1639,Estados Unidos,2553
2023-04-25,NotBurger,544,1415,proteina de arveja,0,0.482,30,411126,0,1,4,2023,Canada,1639,Estados Unidos,2553
2023-04-26,NotBurger,776,1415,proteina de arveja,0,0.46,33,410582,0,2,4,2023,Canada,1639,Estados Unidos,2553
2023-04-27,NotBurger,826,1415,proteina de arveja,0,0.337,34,409806,0,3,4,2023,Canada,1639,Estados Unidos,2553
2023-04-28,NotBurger,1054,1415,proteina de arveja,0,0.413,36,408980,0,4,4,2023,Canada,1639,Estados Unidos,2553
2023-04-29,NotBurger,1011,1415,proteina de arveja,0,0.526,37,407926,0,5,4,2023,Canada,1639,Estados Unidos,2553
2023-04-30,NotBurger,927,1415,proteina de arveja,0,0.59,35,406915,0,6,4,2023,Canada,1639,Estados Unidos,2553
2023-05-01,NotBurger,980,1415,proteina de arveja,1,0.537,38,405988,0,0,5,2023,Canada,1639,Estados Unidos,2553
2023-05-02,NotBurger,701,1415,proteina de arveja,0,0.509,39,405008,0,1,5,2023,Canada,1639,Estados Unidos,2553
2023-05-03,NotBurger,687,1415,proteina de arveja,0,0.494,38,404307,0,2,5,2023,Canada,1639,Estados Unidos,2553
2023-05-04,NotBurger,950,1415,proteina de arveja,0,0.58,39,403620,0,3,5,2023,Canada,1639,Estados Unidos,2553
2023-05-05,NotBurger,1040,1415,proteina de arveja,0,0.605,36,402670,0,4,5,2023,Canada,1639,Estados Unidos,2553
2023-05-06,NotBurger,877,1415,proteina de arveja,0,0.469,38,401630,0,5,5,2023,Canada,1639,Estados Unidos,2553
2023-05-07,NotBurger,794,1415,proteina de arveja,0,0.399,35,400753,0,6,5,2023,Canada,1639,Estados Unidos,2553
2023-05-08,NotBurger,674,1415,proteina de arveja,0,0.395,36,399959,0,0,5,2023,Canada,1639,Estados Unidos,2553
2023-05-09,NotBurger,670,1415,proteina de arveja,0,0.566,38,399285,0,1,5,2023,Canada,1639,Estados Unidos,2553
2023-05-10,NotBurger,728,1415,proteina de arveja,0,0.498,36,398615,0,2,5,2023,Canada,1639,Estados Unidos,2553
2023-05-11,NotBurger,791,1415,proteina de arveja,0,0.509,34,397887,0,3,5,2023,Canada,1639,Estados Unidos,2553
2023-05-12,NotBurger,986,1415,proteina de arveja,0,0.41,35,397096,0,4,5,2023,Canada,1639,Estados Unidos,2553
2023-05-13,NotBurger,1138,1415,proteina de arveja,0,0.461,38,396110,0,5,5,2023,Canada,1639,Estados Unidos,2553
2023-05-14,NotBurger,839,1415,proteina de arveja,0,0.484,35,394972,0,6,5,2023,Canada,1639,Estados Unidos,2553
2023-05-15,NotBurger,645,1415,proteina de arveja,0,0.508,38,394133,0,0,5,2023,Canada,1639,Estados Unidos,2553
2023-05-16,NotBurger,620,1415,proteina de arveja,0,0.476,37,393488,0,1,5,2023,Canada,1639,Estados Unidos,2553
2023-05-17,NotBurger,722,1415,proteina de arveja,0,0.443,35,392868,0,2,5,2023,Canada,1639,Estados Unidos,2553
2023-05-18,NotBurger,815,1415,proteina de arveja,0,0.454,38,392146,0,3,5,2023,Canada,1639,Estados Unidos,2553
2023-05-19,NotBurger,1353,1415,proteina de arveja,1,0.552,36,391331,0,4,5,2023,Canada,1639,Estados Unidos,2553
2023-05-20,NotBurger,924,1415,proteina de arveja,0,0.502,39,389978,0,5,5,2023,Canada,1639,Estados Unidos,2553
2023-05-21,NotBurger,851,1415,proteina de arveja,0,0.518,37,389054,0,6,5,2023,Canada,1639,Estados Unidos,2553
2023-05-22,NotBurger,650,1415,proteina de arveja,0,0.441,35,388203,0,0,5,2023,Canada,1639,Estados Unidos,2553
2023-05-23,NotBurger,600,1415,proteina de arveja,0,0.335,32,387553,0,1,5,2023,Canada,1639,Estados Unidos,2553
2023-05-24,NotBurger,618,1415,proteina de arveja,0,0.454,35,386953,0,2,5,2023,Canada,1639,Estados Unidos,2553
2023-05-25,NotBurger,765,1415,proteina de arveja,0,0.434,35,386335,0,3,5,2023,Canada,1639,Estados Unidos,2553
2023-05-26,NotBurger,1006,1415,proteina de arveja,0,0.492,33,385570,0,4,5,2023,Canada,1639,Estados Unidos,2553
2023-05-27,NotBurger,912,1415,proteina de arveja,0,0.636,37,384564,0,5,5,2023,Canada,1639,Estados Unidos,2553
2023-05-28,NotBurger,796,1415,proteina de arveja,0,0.503,34,383652,0,6,5,2023,Canada,1639,Estados Unidos,2553
2023-05-29,NotBurger,605,1415,proteina de arveja,0,0.601,38,382856,0,0,5,2023,Canada,1639,Estados Unidos,2553
2023-05-30,NotBurger,598,1415,proteina de arveja,0,0.489,38,382251,0,1,5,2023,Canada,1639,Estados Unidos,2553
2023-05-31,NotBurger,605,1415,proteina de arveja,0,0.425,33,381653,0,2,5,2023,Canada,1639,Estados Unidos,2553
2023-06-01,NotBurger,782,1415,proteina de arveja,0,0.47,39,381048,0,3,6,2023,Canada,1639,Estados Unidos,2553
2023-06-02,NotBurger,960,1415,proteina de arveja,0,0.538,36,380266,0,4,6,2023,Canada,1639,Estados Unidos,2553
2023-06-03,NotBurger,969,1415,proteina de arveja,0,0.536,34,379306,0,5,6,2023,Canada,1639,Estados Unidos,2553
2023-06-04,NotBurger,720,1415,proteina de arveja,0,0.411,36,378337,0,6,6,2023,Canada,1639,Estados Unidos,2553
2023-06-05,NotBurger,692,1415,proteina de arveja,0,0.448,34,377617,0,0,6,2023,Canada,1639,Estados Unidos,2553
2023-06-06,NotBurger,674,1415,proteina de arveja,1,0.359,34,376925,0,1,6,2023,Canada,1639,Estados Unidos,2553
2023-06-07,NotBurger,563,1415,proteina de arveja,0,0.467,35,376251,0,2,6,2023,Canada,1639,Estados Unidos,2553
2023-06-08,NotBurger,786,1415,proteina de arveja,0,0.498,34,375688,0,3,6,2023,Canada,1639,Estados Unidos,2553
2023-06-09,NotBurger,844,1415,proteina de arveja,0,0.417,36,374902,0,4,6,2023,Canada,1639,Estados Unidos,2553
2023-06-10,NotBurger,884,1415,proteina de arveja,0,0.377,34,374058,0,5,6,2023,Canada,1639,Estados Unidos,2553
2023-06-11,NotBurger,722,1415,proteina de arveja,0,0.423,32,373174,0,6,6,2023,Canada,1639,Estados Unidos,2553
2023-06-12,NotBurger,580,1415,proteina de arveja,0,0.42,36,372452,0,0,6,2023,Canada,1639,Estados Unidos,2553
2023-06-13,NotBurger,482,1415,proteina de arveja,0,0.398,32,371872,0,1,6,2023,Canada,1639,Estados Unidos,2553
2023-06-14,NotBurger,639,1415,proteina de arveja,0,0.397,32,371390,0,2,6,2023,Canada,1639,Estados Unidos,2553
2023-06-15,NotBurger,889,1415,proteina de arveja,1,0.374,37,370751,0,3,6,2023,Canada,1639,Estados Unidos,2553
2023-06-16,NotBurger,766,1415,proteina de arveja,0,0.427,33,369862,0,4,6,2023,Canada,1639,Estados Unidos,2553
2023-06-17,NotBurger,848,1415,proteina de arveja,0,0.408,30,369096,0,5,6,2023,Canada,1639,Estados Unidos,2553
2023-06-18,NotBurger,788,1415,proteina de arveja,0,0.316,35,368248,0,6,6,2023,Canada,1639,Estados Unidos,2553
2023-06-19,NotBurger,541,1415,proteina de arveja,0,0.309,33,367460,0,0,6,2023,Canada,1639,Estados Unidos,2553
2023-06-20,NotBurger,529,1415,proteina de arveja,0,0.341,34,366919,0,1,6,2023,Canada,1639,Estados Unidos,2553
2023-06-21,NotBurger,620,1415,proteina de arveja,0,0.384,34,366390,0,2,6,2023,Canada,1639,Estados Unidos,2553
2023-06-22,NotBurger,756,1415,proteina de arveja,0,0.349,35,365770,0,3,6,2023,Canada,1639,Estados Unidos,2553
2023-06-23,NotBurger,790,1415,proteina de arveja,0,0.303,32,365014,0,4,6,2023,Canada,1639,Estados Unidos,2553
2023-06-24,NotBurger,725,1415,proteina de arveja,0,0.343,37,364224,0,5,6,2023,Canada,1639,Estados Unidos,2553
2023-06-25,NotBurger,555,1415,proteina de arveja,0,0.307,31,363499,0,6,6,2023,Canada,1639,Estados Unidos,2553
2023-06-26,NotBurger,525,1415,proteina de arveja,0,0.362,35,362944,0,0,6,2023,Canada,1639,Estados Unidos,2553
2023-06-27,NotBurger,529,1415,proteina de arveja,0,0.328,35,362419,0,1,6,2023,Canada,1639,Estados Unidos,2553
2023-06-28,NotBurger,501,1415,proteina de arveja,0,0.29,32,361890,0,2,6,2023,Canada,1639,Estados Unidos,2553
2023-06-29,NotBurger,723,1415,proteina de arveja,0,0.311,32,361389,0,3,6,2023,Canada,1639,Estados Unidos,2553
2023-06-30,NotBurger,722,1415,proteina de arveja,0,0.359,36,360666,0,4,6,2023,Canada,1639,Estados Unidos,2553
2023-07-01,NotBurger,773,1415,proteina de arveja,0,0.259,31,359944,0,5,7,2023,Canada,1639,Estados Unidos,2553
2023-07-02,NotBurger,687,1415,proteina de arveja,0,0.302,32,359171,0,6,7,2023,Canada,1639,Estados Unidos,2553
2023-07-03,NotBurger,491,1415,proteina de arveja,0,0.273,35,358484,0,0,7,2023,Canada,1639,Estados Unidos,2553
2023-07-04,NotBurger,473,1415,proteina de arveja,0,0.292,34,357993,0,1,7,2023,Canada,1639,Estados Unidos,2553
2023-07-05,NotBurger,514,1415,proteina de arveja,0,0.232,29,357520,0,2,7,2023,Canada,1639,Estados Unidos,2553
2023-07-06,NotBurger,698,1415,proteina de arveja,0,0.265,37,357006,0,3,7,2023,Canada,1639,Estados Unidos,2553
2023-07-07,NotBurger,769,1415,proteina de arveja,0,0.309,33,356308,0,4,7,2023,Canada,1639,Estados Unidos,2553
2023-07-08,NotBurger,745,1415,proteina de arveja,0,0.201,32,355539,0,5,7,2023,Canada,1639,Estados Unidos,2553
2023-07-09,NotBurger,707,1415,proteina de arveja,0,0.176,33,354794,0,6,7,2023,Canada,1639,Estados Unidos,2553
2023-07-10,NotBurger,527,1415,proteina de arveja,0,0.173,33,354087,0,0,7,2023,Canada,1639,Estados Unidos,2553
2023-07-11,NotBurger,426,1415,proteina de arveja,0,0.174,36,353560,0,1,7,2023,Canada,1639,Estados Unidos,2553
2023-07-12,NotBurger,511,1415,proteina de arveja,0,0.257,30,353134,0,2,7,2023,Canada,1639,Estados Unidos,2553
2023-07-13,NotBurger,636,1415,proteina de arveja,0,0.152,33,352623,0,3,7,2023,Canada,1639,Estados Unidos,2553
2023-07-14,NotBurger,736,1415,proteina de arveja,0,0.203,34,351987,0,4,7,2023,Canada,1639,Estados Unidos,2553
2023-07-15,NotBurger,863,1415,proteina de arveja,0,0.244,33,351251,0,5,7,2023,Canada,1639,Estados Unidos,2553
2023-07-16,NotBurger,844,1415,proteina de arveja,1,0.229,34,350388,0,6,7,2023,Canada,1639,Estados Unidos,2553
2023-07-17,NotBurger,406,1415,proteina de arveja,0,0.185,34,349544,0,0,7,2023,Canada,1639,Estados Unidos,2553
2023-07-18,NotBurger,418,1415,proteina de arveja,0,0.209,30,349138,0,1,7,2023,Canada,1639,Estados Unidos,2553
2023-07-19,NotBurger,422,1415,proteina de arveja,0,0.201,36,348720,0,2,7,2023,Canada,1639,Estados Unidos,2553
2023-07-20,NotBurger,605,1415,proteina de arveja,0,0.18,29,348298,0,3,7,2023,Canada,1639,Estados Unidos,2553
2023-07-21,NotBurger,597,1415,proteina de arveja,0,0.177,30,347693,0,4,7,2023,Canada,1639,Estados Unidos,2553
2023-07-22,NotBurger,649,1415,proteina de arveja,0,0.296,33,347096,0,5,7,2023,Canada,1639,Estados Unidos,2553
2023-07-23,NotBurger,520,1415,proteina de arveja,0,0.221,37,346447,0,6,7,2023,Canada,1639,Estados Unidos,2553
2023-07-24,NotBurger,486,1415,proteina de arveja,0,0.301,33,345927,0,0,7,2023,Canada,1639,Estados Unidos,2553
2023-07-25,NotBurger,426,1415,proteina de arveja,0,0.149,32,345441,0,1,7,2023,Canada,1639,Estados Unidos,2553
2023-07-26,NotBurger,497,1415,proteina de arveja,0,0.167,35,345015,0,2,7,2023,Canada,1639,Estados Unidos,2553
2023-07-27,NotBurger,600,1415,proteina de arveja,0,0.102,31,344518,0,3,7,2023,Canada,1639,Estados Unidos,2553
2023-07-28,NotBurger,615,1415,proteina de arveja,0,0.125,29,343918,0,4,7,2023,Canada,1639,Estados Unidos,2553
2023-07-29,NotBurger,708,1415,proteina de arveja,0,0.258,32,343303,0,5,7,2023,Canada,1639,Estados Unidos,2553
2023-07-30,NotBurger,666,1415,proteina de arveja,0,0.135,34,342595,0,6,7,2023,Canada,1639,Estados Unidos,2553
2023-07-31,NotBurger,476,1415,proteina de arveja,0,0.255,33,341929,0,0,7,2023,Canada,1639,Estados Unidos,2553
2023-08-01,NotBurger,402,1415,proteina de arveja,0,0.095,35,341453,0,1,8,2023,Canada,1639,Estados Unidos,2553
2023-08-02,NotBurger,506,1415,proteina de arveja,1,0.103,33,341051,0,2,8,2023,Canada,1639,Estados Unidos,2553
2023-08-03,NotBurger,549,1415,proteina de arveja,0,0.137,30,340545,0,3,8,2023,Canada,1639,Estados Unidos,2553
2023-08-04,NotBurger,906,1415,proteina de arveja,1,0.15,32,339996,0,4,8,2023,Canada,1639,Estados Unidos,2553
2023-08-05,NotBurger,723,1415,proteina de arveja,0,0.198,31,339090,0,5,8,2023,Canada,1639,Estados Unidos,2553
2023-08-06,NotBurger,578,1415,proteina de arveja,0,0.174,31,338367,0,6,8,2023,Canada,1639,Estados Unidos,2553
2023-08-07,NotBurger,481,1415,proteina de arveja,0,0.13,41,337789,0,0,8,2023,Canada,1639,Estados Unidos,2553
2023-08-08,NotBurger,431,1415,proteina de arveja,0,0.144,34,337308,0,1,8,2023,Canada,1639,Estados Unidos,2553
2023-08-09,NotBurger,485,1415,proteina de arveja,0,0.134,33,336877,0,2,8,2023,Canada,1639,Estados Unidos,2553
2023-08-10,NotBurger,551,1415,proteina de arveja,0,0.104,30,336392,0,3,8,2023,Canada,1639,Estados Unidos,2553
2023-08-11,NotBurger,675,1415,proteina de arveja,0,0.106,34,335841,0,4,8,2023,Canada,1639,Estados Unidos,2553
2023-08-12,NotBurger,611,1415,proteina de arveja,0,0.202,35,335166,0,5,8,2023,Canada,1639,Estados Unidos,2553
2023-08-13,NotBurger,559,1415,proteina de arveja,0,0.06,34,334555,0,6,8,2023,Canada,1639,Estados Unidos,2553
2023-08-14,NotBurger,457,1415,proteina de arveja,0,0.233,36,333996,0,0,8,2023,Canada,1639,Estados Unidos,2553
2023-08-15,NotBurger,457,1415,proteina de arveja,0,0.136,29,333539,0,1,8,2023,Canada,1639,Estados Unidos,2553
2023-08-16,NotBurger,412,1415,proteina de arveja,0,0.116,29,333082,0,2,8,2023,Canada,1639,Estados Unidos,2553
2023-08-17,NotBurger,597,1415,proteina de arveja,0,0.193,30,332670,0,3,8,2023,Canada,1639,Estados Unidos,2553
2023-08-18,NotBurger,737,1415,proteina de arveja,0,0.232,31,332073,0,4,8,2023,Canada,1639,Estados Unidos,2553
2023-08-19,NotBurger,688,1415,proteina de arveja,0,0.215,33,331336,0,5,8,2023,Canada,1639,Estados Unidos,2553
2023-08-20,NotBurger,589,1415,proteina de arveja,0,0.187,31,330648,0,6,8,2023,Canada,1639,Estados Unidos,2553
2023-08-21,NotBurger,463,1415,proteina de arveja,0,0.218,37,330059,0,0,8,2023,Canada,1639,Estados Unidos,2553
2023-08-22,NotBurger,441,1415,proteina de arveja,0,0.08,35,329596,0,1,8,2023,Canada,1639,Estados Unidos,2553
2023-08-23,NotBurger,418,1415,proteina de arveja,0,0.143,32,329155,0,2,8,2023,Canada,1639,Estados Unidos,2553
2023-08-24,NotBurger,508,1415,proteina de arveja,0,0.126,35,328737,0,3,8,2023,Canada,1639,Estados Unidos,2553
2023-08-25,NotBurger,655,1415,proteina de arveja,0,0.236,36,328229,0,4,8,2023,Canada,1639,Estados Unidos,2553
2023-08-26,NotBurger,535,1415,proteina de arveja,0,0.159,31,327574,0,5,8,2023,Canada,1639,Estados Unidos,2553
2023-08-27,NotBurger,605,1415,proteina de arveja,0,0.223,29,327039,0,6,8,2023,Canada,1639,Estados Unidos,2553
2023-08-28,NotBurger,484,1415,proteina de arveja,0,0.211,32,326434,0,0,8,2023,Canada,1639,Estados Unidos,2553
2023-08-29,NotBurger,385,1415,proteina de arveja,0,0.145,30,325950,0,1,8,2023,Canada,1639,Estados Unidos,2553
2023-08-30,NotBurger,444,1415,proteina de arveja,0,0.163,32,325565,0,2,8,2023,Canada,1639,Estados Unidos,2553
2023-08-31,NotBurger,568,1415,proteina de arveja,0,0.261,33,325121,0,3,8,2023,Canada,1639,Estados Unidos,2553
2023-09-01,NotBurger,659,1415,proteina de arveja,0,0.161,32,324553,0,4,9,2023,Canada,1639,Estados Unidos,2553
2023-09-02,NotBurger,654,1415,proteina de arveja,0,0.211,34,323894,0,5,9,2023,Canada,1639,Estados Unidos,2553
2023-09-03,NotBurger,577,1415,proteina de arveja,0,0.17,30,323240,0,6,9,2023,Canada,1639,Estados Unidos,2553
2023-09-04,NotBurger,436,1415,proteina de arveja,0,0.198,33,322663,0,0,9,2023,Canada,1639,Estados Unidos,2553
2023-09-05,NotBurger,431,1415,proteina de arveja,0,0.216,32,322227,0,1,9,2023,Canada,1639,Estados Unidos,2553
2023-09-06,NotBurger,476,1415,proteina de arveja,0,0.184,33,321796,0,2,9,2023,Canada,1639,Estados Unidos,2553
2023-09-07,NotBurger,547,1415,proteina de arveja,0,0.18,34,321320,0,3,9,2023,Canada,1639,Estados Unidos,2553
2023-09-08,NotBurger,732,1415,proteina de arveja,0,0.247,31,320773,0,4,9,2023,Canada,1639,Estados Unidos,2553
2023-09-09,NotBurger,582,1415,proteina de arveja,0,0.196,32,320041,0,5,9,2023,Canada,1639,Estados Unidos,2553
2023-09-10,NotBurger,554,1415,proteina de arveja,0,0.203,32,319459,0,6,9,2023,Canada,1639,Estados Unidos,2553
2023-09-11,NotBurger,482,1415,proteina de arveja,0,0.202,31,318905,0,0,9,2023,Canada,1639,Estados Unidos,2553
2023-09-12,NotBurger,382,1415,proteina de arveja,0,0.25,35,318423,0,1,9,2023,Canada,1639,Estados Unidos,2553
2023-09-13,NotBurger,477,1415,proteina de arveja,0,0.307,32,318041,0,2,9,2023,Canada,1639,Estados Unidos,2553
2023-09-14,NotBurger,608,1415,proteina de arveja,0,0.341,33,317564,0,3,9,2023,Canada,1639,Estados Unidos,2553
2023-09-15,NotBurger,624,1415,proteina de arveja,0,0.235,31,316956,0,4,9,2023,Canada,1639,Estados Unidos,2553
2023-09-16,NotBurger,659,1415,proteina de arveja,0,0.385,37,316332,0,5,9,2023,Canada,1639,Estados Unidos,2553
2023-09-17,NotBurger,559,1415,proteina de arveja,0,0.233,32,315673,0,6,9,2023,Canada,1639,Estados Unidos,2553
2023-09-18,NotBurger,434,1415,proteina de arveja,0,0.343,35,315114,0,0,9,2023,Canada,1639,Estados Unidos,2553
2023-09-19,NotBurger,488,1415,proteina de arveja,0,0.258,37,314680,0,1,9,2023,Canada,1639,Estados Unidos,2553
2023-09-20,NotBurger,445,1415,proteina de arveja,0,0.257,33,314192,0,2,9,2023,Canada,1639,Estados Unidos,2553
2023-09-21,NotBurger,641,1415,proteina de arveja,0,0.269,35,313747,0,3,9,2023,Canada,1639,Estados Unidos,2553
2023-09-22,NotBurger,662,1415,proteina de arveja,0,0.31,37,313106,0,4,9,2023,Canada,1639,Estados Unidos,2553
2023-09-23,NotBurger,617,1415,proteina de arveja,0,0.348,36,312444,0,5,9,2023,Canada,1639,Estados Unidos,2553
2023-09-24,NotBurger,583,1415,proteina de arveja,0,0.358,34,311827,0,6,9,2023,Canada,1639,Estados Unidos,2553
2023-09-25,NotBurger,488,1415,proteina de arveja,0,0.283,35,311244,0,0,9,2023,Canada,1639,Estados Unidos,2553
2023-09-26,NotBurger,613,1415,proteina de arveja,1,0.287,31,310756,0,1,9,2023,Canada,1639,Estados Unidos,2553
2023-09-27,NotBurger,545,1415,proteina de arveja,0,0.297,32,310143,0,2,9,2023,Canada,1639,Estados Unidos,2553
2023-09-28,NotBurger,751,1415,proteina de arveja,0,0.343,33,309598,0,3,9,2023,Canada,1639,Estados Unidos,2553
2023-09-29,NotBurger,714,1415,proteina de arveja,0,0.344,39,308847,0,4,9,2023,Canada,1639,Estados Unidos,2553
2023-09-30,NotBurger,656,1415,proteina de arveja,0,0.313,32,308133,0,5,9,2023,Canada,1639,Estados Unidos,2553
2023-10-01,NotBurger,614,1415,proteina de arveja,0,0.38,33,307477,0,6,10,2023,Canada,1639,Estados Unidos,2553
2023-10-02,NotBurger,466,1415,proteina de arveja,0,0.485,34,306863,0,0,10,2023,Canada,1639,Estados Unidos,2553
2023-10-03,NotBurger,465,1415,proteina de arveja,0,0.353,35,306397,0,1,10,2023,Canada,1639,Estados Unidos,2553
2023-10-04,NotBurger,446,1415,proteina de arveja,0,0.362,35,305932,0,2,10,2023,Canada,1639,Estados Unidos,2553
2023-10-05,NotBurger,743,1415,proteina de arveja,0,0.417,37,305486,0,3,10,2023,Canada,1639,Estados Unidos,2553
2023-10-06,NotBurger,769,1415,proteina de arveja,0,0.367,36,304743,0,4,10,2023,Canada,1639,Estados Unidos,2553
2023-10-07,NotBurger,846,1415,proteina de arveja,1,0.434,32,303974,0,5,10,2023,Canada,1639,Estados Unidos,2553
2023-10-08,NotBurger,576,1415,proteina de arveja,0,0.37,33,303128,0,6,10,2023,Canada,1639,Estados Unidos,2553
2023-10-09,NotBurger,523,1415,proteina de arveja,0,0.503,39,302552,0,0,10,2023,Canada,1639,Estados Unidos,2553
2023-10-10,NotBurger,488,1415,proteina de arveja,0,0.433,35,302029,0,1,10,2023,Canada,1639,Estados Unidos,2553
2023-10-11,NotBurger,461,1415,proteina de arveja,0,0.39,37,301541,0,2,10,2023,Canada,1639,Estados Unidos,2553
2023-10-12,NotBurger,681,1415,proteina de arveja,0,0.397,34,301080,0,3,10,2023,Canada,1639,Estados Unidos,2553
2023-10-13,NotBurger,628,1415,proteina de arveja,0,0.405,33,300399,0,4,10,2023,Canada,1639,Estados Unidos,2553
2023-10-14,NotBurger,731,1415,proteina de arveja,0,0.504,35,299771,0,5,10,2023,Canada,1639,Estados Unidos,2553
2023-10-15,NotBurger,687,1415,proteina de arveja,0,0.377,33,299040,0,6,10,2023,Canada,1639,Estados Unidos,2553
2023-10-16,NotBurger,485,1415,proteina de arveja,0,0.411,34,298353,0,0,10,2023,Canada,1639,Estados Unidos,2553
2023-10-17,NotBurger,406,1415,proteina de arveja,0,0.421,35,297868,0,1,10,2023,Canada,1639,Estados Unidos,2553
2023-10-18,NotBurger,538,1415,proteina de arveja,0,0.453,36,297462,0,2,10,2023,Canada,1639,Estados Unidos,2553
2023-10-19,NotBurger,635,1415,proteina de arveja,0,0.444,32,296924,0,3,10,2023,Canada,1639,Estados Unidos,2553
2023-10-20,NotBurger,809,1415,proteina de arveja,0,0.387,35,296289,0,4,10,2023,Canada,1639,Estados Unidos,2553
2023-10-21,NotBurger,709,1415,proteina de arveja,0,0.445,34,295480,0,5,10,2023,Canada,1639,Estados Unidos,2553
2023-10-22,NotBurger,613,1415,proteina de arveja,0,0.463,34,294771,0,6,10,2023,Canada,1639,Estados Unidos,2553
2023-10-23,NotBurger,441,1415,proteina de arveja,0,0.44,36,294158,0,0,10,2023,Canada,1639,Estados Unidos,2553
2023-10-24,NotBurger,663,1415,proteina de arveja,1,0.509,35,293717,0,1,10,2023,Canada,1639,Estados Unidos,2553
2023-10-25,NotBurger,544,1415,proteina de arveja,0,0.524,39,293054,0,2,10,2023,Canada,1639,Estados Unidos,2553
2023-10-26,NotBurger,627,1415,proteina de arveja,0,0.477,38,292510,0,3,10,2023,Canada,1639,Estados Unidos,2553
2023-10-27,NotBurger,811,1415,proteina de arveja,0,0.495,38,291883,0,4,10,2023,Canada,1639,Estados Unidos,2553
2023-10-28,NotBurger,857,1415,proteina de arveja,0,0.378,34,291072,0,5,10,2023,Canada,1639,Estados Unidos,2553
2023-10-29,NotBurger,667,1415,proteina de arveja,0,0.467,34,290215,0,6,10,2023,Canada,1639,Estados Unidos,2553
2023-10-30,NotBurger,558,1415,proteina de arveja,0,0.541,37,289548,0,0,10,2023,Canada,1639,Estados Unidos,2553
2023-10-31,NotBurger,508,1415,proteina de arveja,0,0.471,35,288990,0,1,10,2023,Canada,1639,Estados Unidos,2553
2023-11-01,NotBurger,517,1415,proteina de arveja,0,0.457,34,288482,0,2,11,2023,Canada,1639,Estados Unidos,2553
2023-11-02,NotBurger,838,1415,proteina de arveja,0,0.609,35,287965,0,3,11,2023,Canada,1639,Estados Unidos,2553
2023-11-03,NotBurger,1051,1415,proteina de arveja,1,0.588,37,287127,0,4,11,2023,Canada,1639,Estados Unidos,2553
2023-11-04,NotBurger,867,1415,proteina de arveja,0,0.521,35,286076,0,5,11,2023,Canada,1639,Estados Unidos,2553
2023-11-05,NotBurger,749,1415,proteina de arveja,0,0.556,38,285209,0,6,11,2023,Canada,1639,Estados Unidos,2553
2023-11-06,NotBurger,561,1415,proteina de arveja,0,0.388,36,284460,0,0,11,2023,Canada,1639,Estados Unidos,2553
2023-11-07,NotBurger,542,1415,proteina de arveja,0,0.46,38,283899,0,1,11,2023,Canada,1639,Estados Unidos,2553
2023-11-08,NotBurger,607,1415,proteina de arveja,0,0.476,33,283357,0,2,11,2023,Canada,1639,Estados Unidos,2553
2023-11-09,NotBurger,663,1415,proteina de arveja,0,0.488,37,282750,0,3,11,2023,Canada,1639,Estados Unidos,2553
2023-11-10,NotBurger,840,1415,proteina de arveja,0,0.475,34,282087,0,4,11,2023,Canada,1639,Estados Unidos,2553
2023-11-11,NotBurger,814,1415,proteina de arveja,0,0.372,32,281247,0,5,11,2023,Canada,1639,Estados Unidos,2553
2023-11-12,NotBurger,707,1415,proteina de arveja,0,0.518,35,280433,0,6,11,2023,Canada,1639,Estados Unidos,2553
2023-11-13,NotBurger,529,1415,proteina de arveja,0,0.525,38,279726,0,0,11,2023,Canada,1639,Estados Unidos,2553
2023-11-14,NotBurger,586,1415,proteina de arveja,0,0.577,36,279197,0,1,11,2023,Canada,1639,Estados Unidos,2553
2023-11-15,NotBurger,698,1415,proteina de arveja,0,0.457,39,278611,0,2,11,2023,Canada,1639,Estados Unidos,2553
2023-11-16,NotBurger,839,1415,proteina de arveja,0,0.451,37,277913,0,3,11,2023,Canada,1639,Estados Unidos,2553
2023-11-17,NotBurger,989,1415,proteina de arveja,0,0.359,34,277074,0,4,11,2023,Canada,1639,Estados Unidos,2553
2023-11-18,NotBurger,866,1415,proteina de arveja,0,0.477,38,276085,0,5,11,2023,Canada,1639,Estados Unidos,2553
2023-11-19,NotBurger,870,1415,proteina de arveja,1,0.534,37,275219,0,6,11,2023,Canada,1639,Estados Unidos,2553
2023-11-20,NotBurger,762,1415,proteina de arveja,1,0.456,34,274349,0,0,11,2023,Canada,1639,Estados Unidos,2553
2023-11-21,NotBurger,588,1415,proteina de arveja,0,0.592,41,273587,0,1,11,2023,Canada,1639,Estados Unidos,2553
2023-11-22,NotBurger,655,1415,proteina de arveja,0,0.469,36,272999,0,2,11,2023,Canada,1639,Estados Unidos,2553
2023-11-23,NotBurger,803,1415,proteina de arveja,0,0.487,36,272344,0,3,11,2023,Canada,1639,Estados Unidos,2553
2023-11-24,NotBurger,1345,1415,proteina de arveja,1,0.408,33,271541,0,4,11,2023,Canada,1639,Estados Unidos,2553
2023-11-25,NotBurger,955,1415,proteina de arveja,0,0.488,38,270196,0,5,11,2023,Canada,1639,Estados Unidos,2553
2023-11-26,NotBurger,740,1415,proteina de arveja,0,0.371,35,269241,0,6,11,2023,Canada,1639,Estados Unidos,2553
2023-11-27,NotBurger,603,1415,proteina de arveja,0,0.501,37,268501,0,0,11,2023,Canada,1639,Estados Unidos,2553
2023-11-28,NotBurger,612,1415,proteina de arveja,0,0.499,35,267898,0,1,11,2023,Canada,1639,Estados Unidos,2553
2023-11-29,NotBurger,724,1415,proteina de arveja,0,0.527,38,267286,0,2,11,2023,Canada,1639,Estados Unidos,2553
2023-11-30,NotBurger,877,1415,proteina de arveja,0,0.404,37,266562,0,3,11,2023,Canada,1639,Estados Unidos,2553
2023-12-01,NotBurger,1115,1415,proteina de arveja,0,0.459,34,265685,0,4,12,2023,Canada,1639,Estados Unidos,2553
2023-12-02,NotBurger,1086,1415,proteina de arveja,0,0.475,33,264570,0,5,12,2023,Canada,1639,Estados Unidos,2553
2023-12-03,NotBurger,852,1415,proteina de arveja,0,0.465,37,263484,0,6,12,2023,Canada,1639,Estados Unidos,2553
2023-12-04,NotBurger,617,1415,proteina de arveja,0,0.395,32,262632,0,0,12,2023,Canada,1639,Estados Unidos,2553
2023-12-05,NotBurger,539,1415,proteina de arveja,0,0.314,34,262015,0,1,12,2023,Canada,1639,Estados Unidos,2553
2023-12-06,NotBurger,672,1415,proteina de arveja,0,0.446,34,261476,0,2,12,2023,Canada,1639,Estados Unidos,2553
2023-12-07,NotBurger,923,1415,proteina de arveja,0,0.416,37,260804,0,3,12,2023,Canada,1639,Estados Unidos,2553
2023-12-08,NotBurger,1151,1415,proteina de arveja,0,0.39,34,259881,0,4,12,2023,Canada,1639,Estados Unidos,2553
2023-12-09,NotBurger,1028,1415,proteina de arveja,0,0.452,38,258730,0,5,12,2023,Canada,1639,Estados Unidos,2553
2023-12-10,NotBurger,932,1415,proteina de arveja,0,0.406,34,257702,0,6,12,2023,Canada,1639,Estados Unidos,2553
2023-12-11,NotBurger,672,1415,proteina de arveja,0,0.337,36,256770,0,0,12,2023,Canada,1639,Estados Unidos,2553
2023-12-12,NotBurger,655,1415,proteina de arveja,0,0.301,38,256098,0,1,12,2023,Canada,1639,Estados Unidos,2553
2023-12-13,NotBurger,765,1415,proteina de arveja,0,0.335,32,255443,0,2,12,2023,Canada,1639,Estados Unidos,2553
2023-12-14,NotBurger,758,1415,proteina de arveja,0,0.506,37,254678,0,3,12,2023,Canada,1639,Estados Unidos,2553
2023-12-15,NotBurger,1004,1415,proteina de arveja,0,0.417,40,253920,0,4,12,2023,Canada,1639,Estados Unidos,2553
2023-12-16,NotBurger,1108,1415,proteina de arveja,0,0.384,35,252916,0,5,12,2023,Canada,1639,Estados Unidos,2553
2023-12-17,NotBurger,1188,1415,proteina de arveja,1,0.36,34,251808,0,6,12,2023,Canada,1639,Estados Unidos,2553
2023-12-18,NotBurger,641,1415,proteina de arveja,0,0.351,36,250620,0,0,12,2023,Canada,1639,Estados Unidos,2553
2023-12-19,NotBurger,519,1415,proteina de arveja,0,0.416,35,249979,0,1,12,2023,Canada,1639,Estados Unidos,2553
2023-12-20,NotBurger,720,1415,proteina de arveja,0,0.327,31,249460,0,2,12,2023,Canada,1639,Estados Unidos,2553
2023-12-21,NotBurger,925,1415,proteina de arveja,0,0.374,37,248740,0,3,12,2023,Canada,1639,Estados Unidos,2553
2023-12-22,NotBurger,997,1415,proteina de arveja,0,0.322,30,247815,0,4,12,2023,Canada,1639,Estados Unidos,2553
2023-12-23,NotBurger,1075,1415,proteina de arveja,0,0.43,34,246818,0,5,12,2023,Canada,1639,Estados Unidos,2553
2023-12-24,NotBurger,946,1415,proteina de arveja,0,0.364,37,245743,0,6,12,2023,Canada,1639,Estados Unidos,2553
2023-12-25,NotBurger,770,1415,proteina de arveja,0,0.384,34,244797,0,0,12,2023,Canada,1639,Estados Unidos,2553
2023-12-26,NotBurger,675,1415,proteina de arveja,1,0.286,32,244027,0,1,12,2023,Canada,1639,Estados Unidos,2553
2023-12-27,NotBurger,684,1415,proteina de arveja,0,0.362,36,243352,0,2,12,2023,Canada,1639,Estados Unidos,2553
2023-12-28,NotBurger,935,1415,proteina de arveja,0,0.288,32,242668,0,3,12,2023,Canada,1639,Estados Unidos,2553
2023-12-29,NotBurger,1155,1415,proteina de arveja,0,0.303,31,241733,0,4,12,2023,Canada,1639,Estados Unidos,2553
2023-12-30,NotBurger,1393,1415,proteina de arveja,1,0.373,35,240578,0,5,12,2023,Canada,1639,Estados Unidos,2553
2023-12-31,NotBurger,971,1415,proteina de arveja,0,0.233,32,239185,0,6,12,2023,Canada,1639,Estados Unidos,2553
2024-01-01,NotBurger,729,1470,proteina de arveja,0,0.29,31,238214,0,0,1,2024,Canada,1639,Estados Unidos,2553
2024-01-02,NotBurger,665,1470,proteina de arveja,0,0.296,35,237485,0,1,1,2024,Canada,1639,Estados Unidos,2553
2024-01-03,NotBurger,740,1470,proteina de arveja,0,0.294,34,236820,0,2,1,2024,Canada,1639,Estados Unidos,2553
2024-01-04,NotBurger,1046,1470,proteina de arveja,0,0.24,32,236080,0,3,1,2024,Canada,1639,Estados Unidos,2553
2024-01-05,NotBurger,1051,1470,proteina de arveja,0,0.361,34,235034,0,4,1,2024,Canada,1639,Estados Unidos,2553
2024-01-06,NotBurger,1200,1470,proteina de arveja,0,0.187,33,233983,0,5,1,2024,Canada,1639,Estados Unidos,2553
2024-01-07,NotBurger,977,1470,proteina de arveja,0,0.319,36,232783,0,6,1,2024,Canada,1639,Estados Unidos,2553
2024-01-08,NotBurger,985,1470,proteina de arveja,1,0.301,33,231806,0,0,1,2024,Canada,1639,Estados Unidos,2553
2024-01-09,NotBurger,849,1470,proteina de arveja,1,0.331,35,230821,0,1,1,2024,Canada,1639,Estados Unidos,2553
2024-01-10,NotBurger,718,1470,proteina de arveja,0,0.151,33,229972,0,2,1,2024,Canada,1639,Estados Unidos,2553
2024-01-11,NotBurger,957,1470,proteina de arveja,0,0.182,34,229254,0,3,1,2024,Canada,1639,Estados Unidos,2553
2024-01-12,NotBurger,1132,1470,proteina de arveja,0,0.295,34,228297,0,4,1,2024,Canada,1639,Estados Unidos,2553
2024-01-13,NotBurger,932,1470,proteina de arveja,0,0.122,30,227165,0,5,1,2024,Canada,1639,Estados Unidos,2553
2024-01-14,NotBurger,968,1470,proteina de arveja,0,0.131,31,226233,0,6,1,2024,Canada,1639,Estados Unidos,2553
2024-01-15,NotBurger,848,1470,proteina de arveja,0,0.182,33,225265,0,0,1,2024,Canada,1639,Estados Unidos,2553
2024-01-16,NotBurger,749,1470,proteina de arveja,0,0.212,36,224417,0,1,1,2024,Canada,1639,Estados Unidos,2553
2024-01-17,NotBurger,790,1470,proteina de arveja,0,0.278,32,223668,0,2,1,2024,Canada,1639,Estados Unidos,2553
2024-01-18,NotBurger,1035,1470,proteina de arveja,0,0.185,34,222878,0,3,1,2024,Canada,1639,Estados Unidos,2553
2024-01-19,NotBurger,1134,1470,proteina de arveja,0,0.16,31,221843,0,4,1,2024,Canada,1639,Estados Unidos,2553
2024-01-20,NotBurger,1188,1470,proteina de arveja,0,0.202,33,220709,0,5,1,2024,Canada,1639,Estados Unidos,2553
2024-01-21,NotBurger,1127,1470,proteina de arveja,0,0.206,36,219521,0,6,1,2024,Canada,1639,Estados Unidos,2553
2024-01-22,NotBurger,867,1470,proteina de arveja,0,0.201,34,218394,0,0,1,2024,Canada,1639,Estados Unidos,2553
2024-01-23,NotBurger,761,1470,proteina de arveja,0,0.167,30,217527,0,1,1,2024,Canada,1639,Estados Unidos,2553
2024-01-24,NotBurger,806,1470,proteina de arveja,0,0.075,30,216766,0,2,1,2024,Canada,1639,Estados Unidos,2553
2024-01-25,NotBurger,1114,1470,proteina de arveja,0,0.124,34,215960,0,3,1,2024,Canada,1639,Estados Unidos,2553
2024-01-26,NotBurger,1046,1470,proteina de arveja,0,0.238,33,214846,0,4,1,2024,Canada,1639,Estados Unidos,2553
2024-01-27,NotBurger,1171,1470,proteina de arveja,0,0.174,30,213800,0,5,1,2024,Canada,1639,Estados Unidos,2553
2024-01-28,NotBurger,1068,1470,proteina de arveja,0,0.146,30,212629,0,6,1,2024,Canada,1639,Estados Unidos,2553
2024-01-29,NotBurger,867,1470,proteina de arveja,0,0.216,34,211561,0,0,1,2024,Canada,1639,Estados Unidos,2553
2024-01-30,NotBurger,782,1470,proteina de arveja,0,0.102,33,210694,0,1,1,2024,Canada,1639,Estados Unidos,2553
2024-01-31,NotBurger,872,1470,proteina de arveja,0,0.145,32,209912,0,2,1,2024,Canada,1639,Estados Unidos,2553
2024-02-01,NotBurger,1050,1470,proteina de arveja,0,0.162,37,209040,0,3,2,2024,Canada,1639,Estados Unidos,2553
2024-02-02,NotBurger,1280,1470,proteina de arveja,0,0.132,33,207990,0,4,2,2024,Canada,1639,Estados Unidos,2553
2024-02-03,NotBurger,1120,1470,proteina de arveja,0,0.158,31,206710,0,5,2,2024,Canada,1639,Estados Unidos,2553
2024-02-04,NotBurger,965,1470,proteina de arveja,0,0.142,30,205590,0,6,2,2024,Canada,1639,Estados Unidos,2553
2024-02-05,NotBurger,834,1470,proteina de arveja,0,0.081,29,204625,0,0,2,2024,Canada,1639,Estados Unidos,2553
2024-02-06,NotBurger,763,1470,proteina de arveja,0,0.16,33,203791,0,1,2,2024,Canada,1639,Estados Unidos,2553
2024-02-07,NotBurger,737,1470,proteina de arveja,0,0.084,30,203028,0,2,2,2024,Canada,1639,Estados Unidos,2553
2024-02-08,NotBurger,1119,1470,proteina de arveja,0,0.158,35,202291,0,3,2,2024,Canada,1639,Estados Unidos,2553
2024-02-09,NotBurger,1318,1470,proteina de arveja,0,0.219,36,201172,0,4,2,2024,Canada,1639,Estados Unidos,2553
2024-02-10,NotBurger,1218,1470,proteina de arveja,0,0.136,33,199854,0,5,2,2024,Canada,1639,Estados Unidos,2553
2024-02-11,NotBurger,1245,1470,proteina de arveja,0,0.092,29,198636,0,6,2,2024,Canada,1639,Estados Unidos,2553
2024-02-12,NotBurger,792,1470,proteina de arveja,0,0.145,30,197391,0,0,2,2024,Canada,1639,Estados Unidos,2553
2024-02-13,NotBurger,738,1470,proteina de arveja,0,0.111,34,196599,0,1,2,2024,Canada,1639,Estados Unidos,2553
2024-02-14,NotBurger,1173,1470,proteina de arveja,1,0.183,31,195861,0,2,2,2024,Canada,1639,Estados Unidos,2553
2024-02-15,NotBurger,1083,1470,proteina de arveja,0,0.148,34,194688,0,3,2,2024,Canada,1639,Estados Unidos,2553
2024-02-16,NotBurger,1218,1470,proteina de arveja,0,0.242,34,193605,0,4,2,2024,Canada,1639,Estados Unidos,2553
2024-02-17,NotBurger,1096,1470,proteina de arveja,0,0.216,33,192387,0,5,2,2024,Canada,1639,Estados Unidos,2553
2024-02-18,NotBurger,1008,1470,proteina de arveja,0,0.153,30,191291,0,6,2,2024,Canada,1639,Estados Unidos,2553
2024-02-19,NotBurger,837,1470,proteina de arveja,0,0.198,32,190283,0,0,2,2024,Canada,1639,Estados Unidos,2553
2024-02-20,NotBurger,840,1470,proteina de arveja,0,0.145,32,189446,0,1,2,2024,Canada,1639,Estados Unidos,2553
2024-02-21,NotBurger,1030,1470,proteina de arveja,0,0.169,34,188606,0,2,2,2024,Canada,1639,Estados Unidos,2553
2024-02-22,NotBurger,1212,1470,proteina de arveja,0,0.152,30,187576,0,3,2,2024,Canada,1639,Estados Unidos,2553
2024-02-23,NotBurger,1180,1470,proteina de arveja,0,0.211,32,186364,0,4,2,2024,Canada,1639,Estados Unidos,2553
2024-02-24,NotBurger,1172,1470,proteina de arveja,0,0.247,33,185184,0,5,2,2024,Canada,1639,Estados Unidos,2553
2024-02-25,NotBurger,1045,1470,proteina de arveja,0,0.219,34,184012,0,6,2,2024,Canada,1639,Estados Unidos,2553
2024-02-26,NotBurger,968,1470,proteina de arveja,0,0.228,31,182967,0,0,2,2024,Canada,1639,Estados Unidos,2553
2024-02-27,NotBurger,757,1470,proteina de arveja,0,0.232,30,181999,0,1,2,2024,Canada,1639,Estados Unidos,2553
2024-02-28,NotBurger,785,1470,proteina de arveja,0,0.217,34,181242,0,2,2,2024,Canada,1639,Estados Unidos,2553
2024-02-29,NotBurger,1054,1470,proteina de arveja,0,0.137,29,180457,0,3,2,2024,Canada,1639,Estados Unidos,2553
2024-03-01,NotBurger,1336,1470,proteina de arveja,0,0.283,36,179403,0,4,3,2024,Canada,1639,Estados Unidos,2553
2024-03-02,NotBurger,1311,1470,proteina de arveja,0,0.292,33,178067,0,5,3,2024,Canada,1639,Estados Unidos,2553
2024-03-03,NotBurger,1042,1470,proteina de arveja,0,0.194,29,176756,0,6,3,2024,Canada,1639,Estados Unidos,2553
2024-03-04,NotBurger,893,1470,proteina de arveja,0,0.192,31,175714,0,0,3,2024,Canada,1639,Estados Unidos,2553
2024-03-05,NotBurger,627,1470,proteina de arveja,0,0.246,34,174821,0,1,3,2024,Canada,1639,Estados Unidos,2553
2024-03-06,NotBurger,885,1470,proteina de arveja,0,0.248,32,174194,0,2,3,2024,Canada,1639,Estados Unidos,2553
2024-03-07,NotBurger,1172,1470,proteina de arveja,0,0.215,33,173309,0,3,3,2024,Canada,1639,Estados Unidos,2553
2024-03-08,NotBurger,1174,1470,proteina de arveja,0,0.167,33,172137,0,4,3,2024,Canada,1639,Estados Unidos,2553
2024-03-09,NotBurger,1157,1470,proteina de arveja,0,0.25,33,170963,0,5,3,2024,Canada,1639,Estados Unidos,2553
2024-03-10,NotBurger,898,1470,proteina de arveja,0,0.268,31,169806,0,6,3,2024,Canada,1639,Estados Unidos,2553
2024-03-11,NotBurger,952,1470,proteina de arveja,0,0.282,33,168908,0,0,3,2024,Canada,1639,Estados Unidos,2553
2024-03-12,NotBurger,720,1470,proteina de arveja,0,0.268,36,167956,0,1,3,2024,Canada,1639,Estados Unidos,2553
2024-03-13,NotBurger,891,1470,proteina de arveja,0,0.243,36,167236,0,2,3,2024,Canada,1639,Estados Unidos,2553
2024-03-14,NotBurger,1144,1470,proteina de arveja,0,0.312,30,166345,0,3,3,2024,Canada,1639,Estados Unidos,2553
2024-03-15,NotBurger,1402,1470,proteina de arveja,0,0.271,35,165201,0,4,3,2024,Canada,1639,Estados Unidos,2553
2024-03-16,NotBurger,1690,1470,proteina de arveja,1,0.25,34,163799,0,5,3,2024,Canada,1639,Estados Unidos,2553
2024-03-17,NotBurger,1004,1470,proteina de arveja,0,0.27,35,162109,0,6,3,2024,Canada,1639,Estados Unidos,2553
2024-03-18,NotBurger,850,1470,proteina de arveja,0,0.198,31,161105,0,0,3,2024,Canada,1639,Estados Unidos,2553
2024-03-19,NotBurger,836,1470,proteina de arveja,0,0.282,30,160255,0,1,3,2024,Canada,1639,Estados Unidos,2553
2024-03-20,NotBurger,856,1470,proteina de arveja,0,0.331,35,159419,0,2,3,2024,Canada,1639,Estados Unidos,2553
2024-03-21,NotBurger,1000,1470,proteina de arveja,0,0.32,32,158563,0,3,3,2024,Canada,1639,Estados Unidos,2553
2024-03-22,NotBurger,1088,1470,proteina de arveja,0,0.385,32,157563,0,4,3,2024,Canada,1639,Estados Unidos,2553
2024-03-23,NotBurger,1102,1470,proteina de arveja,0,0.302,31,156475,0,5,3,2024,Canada,1639,Estados Unidos,2553
2024-03-24,NotBurger,1112,1470,proteina de arveja,0,0.345,35,155373,0,6,3,2024,Canada,1639,Estados Unidos,2553
2024-03-25,NotBurger,809,1470,proteina de arveja,0,0.366,35,154261,0,0,3,2024,Canada,1639,Estados Unidos,2553
2024-03-26,NotBurger,714,1470,proteina de arveja,0,0.45,37,153452,0,1,3,2024,Canada,1639,Estados Unidos,2553
2024-03-27,NotBurger,809,1470,proteina de arveja,0,0.346,35,152738,0,2,3,2024,Canada,1639,Estados Unidos,2553
2024-03-28,NotBurger,1078,1470,proteina de arveja,0,0.293,33,151929,0,3,3,2024,Canada,1639,Estados Unidos,2553
2024-03-29,NotBurger,1203,1470,proteina de arveja,0,0.393,35,150851,0,4,3,2024,Canada,1639,Estados Unidos,2553
2024-03-30,NotBurger,1181,1470,proteina de arveja,0,0.45,34,149648,0,5,3,2024,Canada,1639,Estados Unidos,2553
2024-03-31,NotBurger,1138,1470,proteina de arveja,0,0.346,34,148467,0,6,3,2024,Canada,1639,Estados Unidos,2553
2024-04-01,NotBurger,921,1470,proteina de arveja,0,0.411,33,147329,0,0,4,2024,Canada,1639,Estados Unidos,2553
2024-04-02,NotBurger,645,1470,proteina de arveja,0,0.436,36,146408,0,1,4,2024,Canada,1639,Estados Unidos,2553
2024-04-03,NotBurger,1116,1470,proteina de arveja,1,0.431,37,145763,0,2,4,2024,Canada,1639,Estados Unidos,2553
2024-04-04,NotBurger,990,1470,proteina de arveja,0,0.392,33,144647,0,3,4,2024,Canada,1639,Estados Unidos,2553
2024-04-05,NotBurger,1184,1470,proteina de arveja,0,0.356,37,143657,0,4,4,2024,Canada,1639,Estados Unidos,2553
2024-04-06,NotBurger,1218,1470,proteina de arveja,0,0.393,35,142473,0,5,4,2024,Canada,1639,Estados Unidos,2553
2024-04-07,NotBurger,994,1470,proteina de arveja,0,0.425,36,141255,0,6,4,2024,Canada,1639,Estados Unidos,2553
2024-04-08,NotBurger,822,1470,proteina de arveja,0,0.453,32,140261,0,0,4,2024,Canada,1639,Estados Unidos,2553
2024-04-09,NotBurger,768,1470,proteina de arveja,0,0.43,32,139439,0,1,4,2024,Canada,1639,Estados Unidos,2553
2024-04-10,NotBurger,852,1470,proteina de arveja,0,0.399,35,138671,0,2,4,2024,Canada,1639,Estados Unidos,2553
2024-04-11,NotBurger,983,1470,proteina de arveja,0,0.451,37,137819,0,3,4,2024,Canada,1639,Estados Unidos,2553
2024-04-12,NotBurger,1127,1470,proteina de arveja,0,0.471,34,136836,0,4,4,2024,Canada,1639,Estados Unidos,2553
2024-04-13,NotBurger,1033,1470,proteina de arveja,0,0.452,39,135709,0,5,4,2024,Canada,1639,Estados Unidos,2553
2024-04-14,NotBurger,1274,1470,proteina de arveja,1,0.396,36,134676,0,6,4,2024,Canada,1639,Estados Unidos,2553
2024-04-15,NotBurger,1282,1470,proteina de arveja,1,0.433,33,133402,0,0,4,2024,Canada,1639,Estados Unidos,2553
2024-04-16,NotBurger,669,1470,proteina de arveja,0,0.494,36,132120,0,1,4,2024,Canada,1639,Estados Unidos,2553
2024-04-17,NotBurger,738,1470,proteina de arveja,0,0.382,40,131451,0,2,4,2024,Canada,1639,Estados Unidos,2553
2024-04-18,NotBurger,1042,1470,proteina de arveja,0,0.35,32,130713,0,3,4,2024,Canada,1639,Estados Unidos,2553
2024-04-19,NotBurger,1152,1470,proteina de arveja,0,0.534,37,129671,0,4,4,2024,Canada,1639,Estados Unidos,2553
2024-04-20,NotBurger,1125,1470,proteina de arveja,0,0.488,35,128519,0,5,4,2024,Canada,1639,Estados Unidos,2553
2024-04-21,NotBurger,1479,1470,proteina de arveja,1,0.497,37,127394,0,6,4,2024,Canada,1639,Estados Unidos,2553
2024-04-22,NotBurger,1091,1470,proteina de arveja,1,0.416,38,125915,0,0,4,2024,Canada,1639,Estados Unidos,2553
2024-04-23,NotBurger,669,1470,proteina de arveja,0,0.51,35,124824,0,1,4,2024,Canada,1639,Estados Unidos,2553
2024-04-24,NotBurger,770,1470,proteina de arveja,0,0.49,38,124155,0,2,4,2024,Canada,1639,Estados Unidos,2553
2024-04-25,NotBurger,953,1470,proteina de arveja,0,0.4,39,123385,0,3,4,2024,Canada,1639,Estados Unidos,2553
2024-04-26,NotBurger,1214,1470,proteina de arveja,0,0.553,37,122432,0,4,4,2024,Canada,1639,Estados Unidos,2553
2024-04-27,NotBurger,1088,1470,proteina de arveja,0,0.492,37,121218,0,5,4,2024,Canada,1639,Estados Unidos,2553
2024-04-28,NotBurger,811,1470,proteina de arveja,0,0.467,34,120130,0,6,4,2024,Canada,1639,Estados Unidos,2553
2024-04-29,NotBurger,752,1470,proteina de arveja,0,0.47,36,119319,0,0,4,2024,Canada,1639,Estados Unidos,2553
2024-04-30,NotBurger,597,1470,proteina de arveja,0,0.39,34,118567,0,1,4,2024,Canada,1639,Estados Unidos,2553
2024-05-01,NotBurger,1207,1470,proteina de arveja,1,0.522,38,117970,0,2,5,2024,Canada,1639,Estados Unidos,2553
2024-05-02,NotBurger,892,1470,proteina de arveja,0,0.508,38,116763,0,3,5,2024,Canada,1639,Estados Unidos,2553
2024-05-03,NotBurger,1091,1470,proteina de arveja,0,0.486,36,115871,0,4,5,2024,Canada,1639,Estados Unidos,2553
2024-05-04,NotBurger,1108,1470,proteina de arveja,0,0.561,40,114780,0,5,5,2024,Canada,1639,Estados Unidos,2553
2024-05-05,NotBurger,900,1470,proteina de arveja,0,0.429,38,113672,0,6,5,2024,Canada,1639,Estados Unidos,2553
2024-05-06,NotBurger,717,1470,proteina de arveja,0,0.469,37,112772,0,0,5,2024,Canada,1639,Estados Unidos,2553
2024-05-07,NotBurger,684,1470,proteina de arveja,0,0.457,34,112055,0,1,5,2024,Canada,1639,Estados Unidos,2553
2024-05-08,NotBurger,1017,1470,proteina de arveja,1,0.486,35,111371,0,2,5,2024,Canada,1639,Estados Unidos,2553
2024-05-09,NotBurger,997,1470,proteina de arveja,0,0.503,34,110354,0,3,5,2024,Canada,1639,Estados Unidos,2553
2024-05-10,NotBurger,1201,1470,proteina de arveja,0,0.521,38,109357,0,4,5,2024,Canada,1639,Estados Unidos,2553
2024-05-11,NotBurger,966,1470,proteina de arveja,0,0.482,33,108156,0,5,5,2024,Canada,1639,Estados Unidos,2553
2024-05-12,NotBurger,918,1470,proteina de arveja,0,0.455,37,107190,0,6,5,2024,Canada,1639,Estados Unidos,2553
2024-05-13,NotBurger,722,1470,proteina de arveja,0,0.583,35,106272,0,0,5,2024,Canada,1639,Estados Unidos,2553
2024-05-14,NotBurger,660,1470,proteina de arveja,0,0.618,39,105550,0,1,5,2024,Canada,1639,Estados Unidos,2553
2024-05-15,NotBurger,813,1470,proteina de arveja,0,0.504,36,104890,0,2,5,2024,Canada,1639,Estados Unidos,2553
2024-05-16,NotBurger,895,1470,proteina de arveja,0,0.458,38,104077,0,3,5,2024,Canada,1639,Estados Unidos,2553
2024-05-17,NotBurger,1007,1470,proteina de arveja,0,0.568,39,103182,0,4,5,2024,Canada,1639,Estados Unidos,2553
2024-05-18,NotBurger,1065,1470,proteina de arveja,0,0.42,38,102175,0,5,5,2024,Canada,1639,Estados Unidos,2553
2024-05-19,NotBurger,744,1470,proteina de arveja,0,0.474,39,101110,0,6,5,2024,Canada,1639,Estados Unidos,2553
2024-05-20,NotBurger,677,1470,proteina de arveja,0,0.454,36,100366,0,0,5,2024,Canada,1639,Estados Unidos,2553
2024-05-21,NotBurger,615,1470,proteina de arveja,0,0.428,33,99689,0,1,5,2024,Canada,1639,Estados Unidos,2553
2024-05-22,NotBurger,657,1470,proteina de arveja,0,0.47,34,99074,0,2,5,2024,Canada,1639,Estados Unidos,2553
2024-05-23,NotBurger,956,1470,proteina de arveja,0,0.438,31,98417,0,3,5,2024,Canada,1639,Estados Unidos,2553
2024-05-24,NotBurger,921,1470,proteina de arveja,0,0.479,34,97461,0,4,5,2024,Canada,1639,Estados Unidos,2553
2024-05-25,NotBurger,1342,1470,proteina de arveja,1,0.477,36,96540,0,5,5,2024,Canada,1639,Estados Unidos,2553
2024-05-26,NotBurger,858,1470,proteina de arveja,0,0.441,34,95198,0,6,5,2024,Canada,1639,Estados Unidos,2553
2024-05-27,NotBurger,740,1470,proteina de arveja,0,0.45,35,94340,0,0,5,2024,Canada,1639,Estados Unidos,2553
2024-05-28,NotBurger,601,1470,proteina de arveja,0,0.454,36,93600,0,1,5,2024,Canada,1639,Estados Unidos,2553
2024-05-29,NotBurger,736,1470,proteina de arveja,0,0.502,35,92999,0,2,5,2024,Canada,1639,Estados Unidos,2553
2024-05-30,NotBurger,1254,1470,proteina de arveja,1,0.45,33,92263,0,3,5,2024,Canada,1639,Estados Unidos,2553
2024-05-31,NotBurger,982,1470,proteina de arveja,0,0.495,36,91009,0,4,5,2024,Canada,1639,Estados Unidos,2553
2024-06-01,NotBurger,871,1470,proteina de arveja,0,0.479,34,90027,0,5,6,2024,Canada,1639,Estados Unidos,2553
2024-06-02,NotBurger,716,1470,proteina de arveja,0,0.474,35,89156,0,6,6,2024,Canada,1639,Estados Unidos,2553
2024-06-03,NotBurger,650,1470,proteina de arveja,0,0.51,39,88440,0,0,6,2024,Canada,1639,Estados Unidos,2553
2024-06-04,NotBurger,555,1470,proteina de arveja,0,0.38,34,87790,0,1,6,2024,Canada,1639,Estados Unidos,2553
2024-06-05,NotBurger,710,1470,proteina de arveja,0,0.408,38,87235,0,2,6,2024,Canada,1639,Estados Unidos,2553
2024-06-06,NotBurger,871,1470,proteina de arveja,0,0.515,39,86525,0,3,6,2024,Canada,1639,Estados Unidos,2553
2024-06-07,NotBurger,925,1470,proteina de arveja,0,0.409,34,85654,0,4,6,2024,Canada,1639,Estados Unidos,2553
2024-06-08,NotBurger,835,1470,proteina de arveja,0,0.276,31,84729,0,5,6,2024,Canada,1639,Estados Unidos,2553
2024-06-09,NotBurger,813,1470,proteina de arveja,0,0.401,35,83894,0,6,6,2024,Canada,1639,Estados Unidos,2553
2024-06-10,NotBurger,571,1470,proteina de arveja,0,0.413,37,83081,0,0,6,2024,Canada,1639,Estados Unidos,2553
2024-06-11,NotBurger,526,1470,proteina de arveja,0,0.27,32,82510,0,1,6,2024,Canada,1639,Estados Unidos,2553
2024-06-12,NotBurger,588,1470,proteina de arveja,0,0.462,37,81984,0,2,6,2024,Canada,1639,Estados Unidos,2553
2024-06-13,NotBurger,986,1470,proteina de arveja,1,0.354,37,81396,0,3,6,2024,Canada,1639,Estados Unidos,2553
2024-06-14,NotBurger,990,1470,proteina de arveja,0,0.401,33,80410,0,4,6,2024,Canada,1639,Estados Unidos,2553
2024-06-15,NotBurger,887,1470,proteina de arveja,0,0.367,33,79420,0,5,6,2024,Canada,1639,Estados Unidos,2553
2024-06-16,NotBurger,726,1470,proteina de arveja,0,0.308,35,78533,0,6,6,2024,Canada,1639,Estados Unidos,2553
2024-06-17,NotBurger,526,1470,proteina de arveja,0,0.313,34,77807,0,0,6,2024,Canada,1639,Estados Unidos,2553
2024-06-18,NotBurger,563,1470,proteina de arveja,0,0.314,32,77281,0,1,6,2024,Canada,1639,Estados Unidos,2553
2024-06-19,NotBurger,576,1470,proteina de arveja,0,0.409,34,76718,0,2,6,2024,Canada,1639,Estados Unidos,2553
2024-06-20,NotBurger,939,1470,proteina de arveja,1,0.342,34,76142,0,3,6,2024,Canada,1639,Estados Unidos,2553
2024-06-21,NotBurger,848,1470,proteina de arveja,0,0.317,31,75203,0,4,6,2024,Canada,1639,Estados Unidos,2553
2024-06-22,NotBurger,913,1470,proteina de arveja,0,0.29,35,74355,0,5,6,2024,Canada,1639,Estados Unidos,2553
2024-06-23,NotBurger,717,1470,proteina de arveja,0,0.391,34,73442,0,6,6,2024,Canada,1639,Estados Unidos,2553
2024-06-24,NotBurger,575,1470,proteina de arveja,0,0.398,29,72725,0,0,6,2024,Canada,1639,Estados Unidos,2553
2024-06-25,NotBurger,751,1470,proteina de arveja,1,0.378,34,72150,0,1,6,2024,Canada,1639,Estados Unidos,2553
2024-06-26,NotBurger,693,1470,proteina de arveja,0,0.338,33,71399,0,2,6,2024,Canada,1639,Estados Unidos,2553
2024-06-27,NotBurger,789,1470,proteina de arveja,0,0.322,37,70706,0,3,6,2024,Canada,1639,Estados Unidos,2553
2024-06-28,NotBurger,836,1470,proteina de arveja,0,0.24,32,69917,0,4,6,2024,Canada,1639,Estados Unidos,2553
2024-06-29,NotBurger,826,1470,proteina de arveja,0,0.283,31,69081,0,5,6,2024,Canada,1639,Estados Unidos,2553
2024-06-30,NotBurger,671,1470,proteina de arveja,0,0.255,34,68255,0,6,6,2024,Canada,1639,Estados Unidos,2553
2024-07-01,NotBurger,515,1470,proteina de arveja,0,0.192,31,67584,0,0,7,2024,Canada,1639,Estados Unidos,2553
2024-07-02,NotBurger,480,1470,proteina de arveja,0,0.33,32,67069,0,1,7,2024,Canada,1639,Estados Unidos,2553
2024-07-03,NotBurger,537,1470,proteina de arveja,0,0.237,34,66589,0,2,7,2024,Canada,1639,Estados Unidos,2553
2024-07-04,NotBurger,749,1470,proteina de arveja,0,0.326,32,66052,0,3,7,2024,Canada,1639,Estados Unidos,2553
2024-07-05,NotBurger,743,1470,proteina de arveja,0,0.305,31,65303,0,4,7,2024,Canada,1639,Estados Unidos,2553
2024-07-06,NotBurger,883,1470,proteina de arveja,0,0.283,37,64560,0,5,7,2024,Canada,1639,Estados Unidos,2553
2024-07-07,NotBurger,717,1470,proteina de arveja,0,0.28,35,63677,0,6,7,2024,Canada,1639,Estados Unidos,2553
2024-07-08,NotBurger,540,1470,proteina de arveja,0,0.213,32,62960,0,0,7,2024,Canada,1639,Estados Unidos,2553
2024-07-09,NotBurger,485,1470,proteina de arveja,0,0.332,34,62420,0,1,7,2024,Canada,1639,Estados Unidos,2553
2024-07-10,NotBurger,529,1470,proteina de arveja,0,0.236,34,61935,0,2,7,2024,Canada,1639,Estados Unidos,2553
2024-07-11,NotBurger,703,1470,proteina de arveja,0,0.244,35,61406,0,3,7,2024,Canada,1639,Estados Unidos,2553
2024-07-12,NotBurger,855,1470,proteina de arveja,0,0.191,31,60703,0,4,7,2024,Canada,1639,Estados Unidos,2553
2024-07-13,NotBurger,729,1470,proteina de arveja,0,0.172,33,59848,0,5,7,2024,Canada,1639,Estados Unidos,2553
2024-07-14,NotBurger,575,1470,proteina de arveja,0,0.238,32,59119,0,6,7,2024,Canada,1639,Estados Unidos,2553
2024-07-15,NotBurger,551,1470,proteina de arveja,0,0.22,32,58544,0,0,7,2024,Canada,1639,Estados Unidos,2553
2024-07-16,NotBurger,483,1470,proteina de arveja,0,0.165,32,57993,0,1,7,2024,Canada,1639,Estados Unidos,2553
2024-07-17,NotBurger,488,1470,proteina de arveja,0,0.129,32,57510,0,2,7,2024,Canada,1639,Estados Unidos,2553
2024-07-18,NotBurger,629,1470,proteina de arveja,0,0.133,33,57022,0,3,7,2024,Canada,1639,Estados Unidos,2553
2024-07-19,NotBurger,711,1470,proteina de arveja,0,0.252,34,56393,0,4,7,2024,Canada,1639,Estados Unidos,2553
2024-07-20,NotBurger,706,1470,proteina de arveja,0,0.158,29,55682,0,5,7,2024,Canada,1639,Estados Unidos,2553
2024-07-21,NotBurger,867,1470,proteina de arveja,1,0.168,29,54976,0,6,7,2024,Canada,1639,Estados Unidos,2553
2024-07-22,NotBurger,496,1470,proteina de arveja,0,0.254,32,54109,0,0,7,2024,Canada,1639,Estados Unidos,2553
2024-07-23,NotBurger,434,1470,proteina de arveja,0,0.122,35,53613,0,1,7,2024,Canada,1639,Estados Unidos,2553
2024-07-24,NotBurger,490,1470,proteina de arveja,0,0.138,30,53179,0,2,7,2024,Canada,1639,Estados Unidos,2553
2024-07-25,NotBurger,638,1470,proteina de arveja,0,0.133,31,52689,0,3,7,2024,Canada,1639,Estados Unidos,2553
2024-07-26,NotBurger,753,1470,proteina de arveja,0,0.25,32,52051,0,4,7,2024,Canada,1639,Estados Unidos,2553
2024-07-27,NotBurger,712,1470,proteina de arveja,0,0.266,32,51298,0,5,7,2024,Canada,1639,Estados Unidos,2553
2024-07-28,NotBurger,678,1470,proteina de arveja,0,0.201,33,50586,0,6,7,2024,Canada,1639,Estados Unidos,2553
2024-07-29,NotBurger,515,1470,proteina de arveja,0,0.201,35,49908,0,0,7,2024,Canada,1639,Estados Unidos,2553
2024-07-30,NotBurger,482,1470,proteina de arveja,1,0.131,32,49393,0,1,7,2024,Canada,1639,Estados Unidos,2553
2024-07-31,NotBurger,531,1470,proteina de arveja,0,0.255,31,48911,0,2,7,2024,Canada,1639,Estados Unidos,2553
2024-08-01,NotBurger,666,1470,proteina de arveja,0,0.169,38,48380,0,3,8,2024,Canada,1639,Estados Unidos,2553
2024-08-02,NotBurger,701,1470,proteina de arveja,0,0.197,33,47714,0,4,8,2024,Canada,1639,Estados Unidos,2553
2024-08-03,NotBurger,629,1470,proteina de arveja,0,0.148,31,47013,0,5,8,2024,Canada,1639,Estados Unidos,2553
2024-08-04,NotBurger,762,1470,proteina de arveja,1,0.139,34,46384,0,6,8,2024,Canada,1639,Estados Unidos,2553
2024-08-05,NotBurger,484,1470,proteina de arveja,0,0.235,32,45622,0,0,8,2024,Canada,1639,Estados Unidos,2553
2024-08-06,NotBurger,530,1470,proteina de arveja,1,0.178,35,45138,0,1,8,2024,Canada,1639,Estados Unidos,2553
2024-08-07,NotBurger,442,1470,proteina de arveja,0,0.223,31,44608,0,2,8,2024,Canada,1639,Estados Unidos,2553
2024-08-08,NotBurger,619,1470,proteina de arveja,0,0.163,35,44166,0,3,8,2024,Canada,1639,Estados Unidos,2553
2024-08-09,NotBurger,701,1470,proteina de arveja,0,0.108,32,43547,0,4,8,2024,Canada,1639,Estados Unidos,2553
2024-08-10,NotBurger,679,1470,proteina de arveja,0,0.121,34,42846,0,5,8,2024,Canada,1639,Estados Unidos,2553
2024-08-11,NotBurger,594,1470,proteina de arveja,0,0.156,36,42167,0,6,8,2024,Canada,1639,Estados Unidos,2553
2024-08-12,NotBurger,586,1470,proteina de arveja,1,0.12,29,41573,0,0,8,2024,Canada,1639,Estados Unidos,2553
2024-08-13,NotBurger,416,1470,proteina de arveja,0,0.097,34,40987,0,1,8,2024,Canada,1639,Estados Unidos,2553
2024-08-14,NotBurger,514,1470,proteina de arveja,0,0.213,30,40571,0,2,8,2024,Canada,1639,Estados Unidos,2553
2024-08-15,NotBurger,598,1470,proteina de arveja,0,0.127,29,40057,0,3,8,2024,Canada,1639,Estados Unidos,2553
2024-08-16,NotBurger,611,1470,proteina de arveja,0,0.162,30,39459,0,4,8,2024,Canada,1639,Estados Unidos,2553
2024-08-17,NotBurger,669,1470,proteina de arveja,0,0.172,33,38848,0,5,8,2024,Canada,1639,Estados Unidos,2553
2024-08-18,NotBurger,541,1470,proteina de arveja,0,0.13,32,38179,0,6,8,2024,Canada,1639,Estados Unidos,2553
2024-08-19,NotBurger,483,1470,proteina de arveja,0,0.233,32,37638,0,0,8,2024,Canada,1639,Estados Unidos,2553
2024-08-20,NotBurger,439,1470,proteina de arveja,0,0.107,32,37155,0,1,8,2024,Canada,1639,Estados Unidos,2553
2024-08-21,NotBurger,425,1470,proteina de arveja,0,0.179,33,36716,0,2,8,2024,Canada,1639,Estados Unidos,2553
2024-08-22,NotBurger,648,1470,proteina de arveja,0,0.18,34,36291,0,3,8,2024,Canada,1639,Estados Unidos,2553
2024-08-23,NotBurger,639,1470,proteina de arveja,0,0.168,34,35643,0,4,8,2024,Canada,1639,Estados Unidos,2553
2024-08-24,NotBurger,778,1470,proteina de arveja,0,0.109,35,35004,0,5,8,2024,Canada,1639,Estados Unidos,2553
2024-08-25,NotBurger,587,1470,proteina de arveja,0,0.22,33,34226,0,6,8,2024,Canada,1639,Estados Unidos,2553
2024-08-26,NotBurger,424,1470,proteina de arveja,0,0.217,32,33639,0,0,8,2024,Canada,1639,Estados Unidos,2553
2024-08-27,NotBurger,388,1470,proteina de arveja,0,0.15,33,33215,0,1,8,2024,Canada,1639,Estados Unidos,2553
2024-08-28,NotBurger,502,1470,proteina de arveja,0,0.223,30,32827,0,2,8,2024,Canada,1639,Estados Unidos,2553
2024-08-29,NotBurger,592,1470,proteina de arveja,0,0.21,31,32325,0,3,8,2024,Canada,1639,Estados Unidos,2553
2024-08-30,NotBurger,696,1470,proteina de arveja,0,0.131,34,31733,0,4,8,2024,Canada,1639,Estados Unidos,2553
2024-08-31,NotBurger,781,1470,proteina de arveja,0,0.156,32,31037,0,5,8,2024,Canada,1639,Estados Unidos,2553
2024-09-01,NotBurger,557,1470,proteina de arveja,0,0.26,31,30256,0,6,9,2024,Canada,1639,Estados Unidos,2553
2024-09-02,NotBurger,588,1470,proteina de arveja,1,0.223,30,29699,0,0,9,2024,Canada,1639,Estados Unidos,2553
2024-09-03,NotBurger,477,1470,proteina de arveja,0,0.184,32,29111,0,1,9,2024,Canada,1639,Estados Unidos,2553
2024-09-04,NotBurger,502,1470,proteina de arveja,0,0.174,34,28634,0,2,9,2024,Canada,1639,Estados Unidos,2553
2024-09-05,NotBurger,535,1470,proteina de arveja,0,0.196,35,28132,0,3,9,2024,Canada,1639,Estados Unidos,2553
2024-09-06,NotBurger,734,1470,proteina de arveja,0,0.205,33,27597,0,4,9,2024,Canada,1639,Estados Unidos,2553
2024-09-07,NotBurger,632,1470,proteina de arveja,0,0.189,36,26863,0,5,9,2024,Canada,1639,Estados Unidos,2553
2024-09-08,NotBurger,918,1470,proteina de arveja,1,0.15,32,26231,0,6,9,2024,Canada,1639,Estados Unidos,2553
2024-09-09,NotBurger,445,1470,proteina de arveja,0,0.299,33,25313,0,0,9,2024,Canada,1639,Estados Unidos,2553
2024-09-10,NotBurger,535,1470,proteina de arveja,0,0.296,28,24868,0,1,9,2024,Canada,1639,Estados Unidos,2553
2024-09-11,NotBurger,554,1470,proteina de arveja,0,0.189,31,24333,0,2,9,2024,Canada,1639,Estados Unidos,2553
2024-09-12,NotBurger,582,1470,proteina de arveja,0,0.265,35,23779,0,3,9,2024,Canada,1639,Estados Unidos,2553
2024-09-13,NotBurger,716,1470,proteina de arveja,0,0.219,36,23197,0,4,9,2024,Canada,1639,Estados Unidos,2553
2024-09-14,NotBurger,749,1470,proteina de arveja,0,0.257,31,22481,0,5,9,2024,Canada,1639,Estados Unidos,2553
2024-09-15,NotBurger,815,1470,proteina de arveja,1,0.258,34,21732,0,6,9,2024,Canada,1639,Estados Unidos,2553
2024-09-16,NotBurger,501,1470,proteina de arveja,0,0.26,35,20917,0,0,9,2024,Canada,1639,Estados Unidos,2553
2024-09-17,NotBurger,483,1470,proteina de arveja,0,0.387,35,20416,0,1,9,2024,Canada,1639,Estados Unidos,2553
2024-09-18,NotBurger,621,1470,proteina de arveja,1,0.271,29,19933,0,2,9,2024,Canada,1639,Estados Unidos,2553
2024-09-19,NotBurger,613,1470,proteina de arveja,0,0.259,34,19312,0,3,9,2024,Canada,1639,Estados Unidos,2553
2024-09-20,NotBurger,707,1470,proteina de arveja,0,0.267,35,18699,0,4,9,2024,Canada,1639,Estados Unidos,2553
2024-09-21,NotBurger,769,1470,proteina de arveja,0,0.363,32,17992,0,5,9,2024,Canada,1639,Estados Unidos,2553
2024-09-22,NotBurger,633,1470,proteina de arveja,0,0.234,32,17223,0,6,9,2024,Canada,1639,Estados Unidos,2553
2024-09-23,NotBurger,505,1470,proteina de arveja,0,0.285,31,16590,0,0,9,2024,Canada,1639,Estados Unidos,2553
2024-09-24,NotBurger,477,1470,proteina de arveja,0,0.401,30,16085,0,1,9,2024,Canada,1639,Estados Unidos,2553
2024-09-25,NotBurger,431,1470,proteina de arveja,0,0.347,36,15608,0,2,9,2024,Canada,1639,Estados Unidos,2553
2024-09-26,NotBurger,662,1470,proteina de arveja,0,0.351,34,15177,0,3,9,2024,Canada,1639,Estados Unidos,2553
2024-09-27,NotBurger,757,1470,proteina de arveja,0,0.454,39,14515,0,4,9,2024,Canada,1639,Estados Unidos,2553
2024-09-28,NotBurger,835,1470,proteina de arveja,0,0.365,36,13758,0,5,9,2024,Canada,1639,Estados Unidos,2553
2024-09-29,NotBurger,553,1470,proteina de arveja,0,0.324,33,12923,0,6,9,2024,Canada,1639,Estados Unidos,2553
2024-09-30,NotBurger,569,1470,proteina de arveja,0,0.351,34,12370,0,0,9,2024,Canada,1639,Estados Unidos,2553
2024-10-01,NotBurger,463,1470,proteina de arveja,0,0.314,35,11801,0,1,10,2024,Canada,1639,Estados Unidos,2553
2024-10-02,NotBurger,550,1470,proteina de arveja,0,0.439,37,11338,0,2,10,2024,Canada,1639,Estados Unidos,2553
2024-10-03,NotBurger,753,1470,proteina de arveja,0,0.411,36,10788,0,3,10,2024,Canada,1639,Estados Unidos,2553
2024-10-04,NotBurger,799,1470,proteina de arveja,0,0.444,38,10035,0,4,10,2024,Canada,1639,Estados Unidos,2553
2024-10-05,NotBurger,782,1470,proteina de arveja,0,0.454,35,9236,0,5,10,2024,Canada,1639,Estados Unidos,2553
2024-10-06,NotBurger,661,1470,proteina de arveja,0,0.378,33,8454,0,6,10,2024,Canada,1639,Estados Unidos,2553
2024-10-07,NotBurger,501,1470,proteina de arveja,0,0.357,34,7793,0,0,10,2024,Canada,1639,Estados Unidos,2553
2024-10-08,NotBurger,473,1470,proteina de arveja,0,0.407,35,7292,0,1,10,2024,Canada,1639,Estados Unidos,2553
2024-10-09,NotBurger,514,1470,proteina de arveja,0,0.371,32,6819,0,2,10,2024,Canada,1639,Estados Unidos,2553
2024-10-10,NotBurger,682,1470,proteina de arveja,0,0.428,32,6305,0,3,10,2024,Canada,1639,Estados Unidos,2553
2024-10-11,NotBurger,642,1470,proteina de arveja,0,0.482,37,5623,0,4,10,2024,Canada,1639,Estados Unidos,2553
2024-10-12,NotBurger,809,1470,proteina de arveja,0,0.421,34,4981,0,5,10,2024,Canada,1639,Estados Unidos,2553
2024-10-13,NotBurger,664,1470,proteina de arveja,0,0.442,35,4172,0,6,10,2024,Canada,1639,Estados Unidos,2553
2024-10-14,NotBurger,524,1470,proteina de arveja,0,0.435,34,3508,0,0,10,2024,Canada,1639,Estados Unidos,2553
2024-10-15,NotBurger,499,1470,proteina de arveja,0,0.484,39,2984,0,1,10,2024,Canada,1639,Estados Unidos,2553
2024-10-16,NotBurger,499,1470,proteina de arveja,0,0.415,37,2485,0,2,10,2024,Canada,1639,Estados Unidos,2553
2024-10-17,NotBurger,1078,1470,proteina de arveja,1,0.342,32,1986,0,3,10,2024,Canada,1639,Estados Unidos,2553
2024-10-18,NotBurger,811,1470,proteina de arveja,0,0.48,35,908,0,4,10,2024,Canada,1639,Estados Unidos,2553
2024-10-19,NotBurger,801,1470,proteina de arveja,0,0.51,38,97,0,5,10,2024,Canada,1639,Estados Unidos,2553
2024-10-20,NotBurger,831,1470,proteina de arveja,1,0.486,37,0,1,6,10,2024,Canada,1639,Estados Unidos,2553
2024-10-21,NotBurger,559,1470,proteina de arveja,0,0.436,35,0,1,0,10,2024,Canada,1639,Estados Unidos,2553
2024-10-22,NotBurger,691,1470,proteina de arveja,1,0.414,33,0,1,1,10,2024,Canada,1639,Estados Unidos,2553
2024-10-23,NotBurger,633,1470,proteina de arveja,0,0.499,35,0,1,2,10,2024,Canada,1639,Estados Unidos,2553
2024-10-24,NotBurger,785,1470,proteina de arveja,0,0.484,35,0,1,3,10,2024,Canada,1639,Estados Unidos,2553
2024-10-25,NotBurger,885,1470,proteina de arveja,0,0.474,36,0,1,4,10,2024,Canada,1639,Estados Unidos,2553
2024-10-26,NotBurger,1045,1470,proteina de arveja,1,0.574,40,0,1,5,10,2024,Canada,1639,Estados Unidos,2553
2024-10-27,NotBurger,637,1470,proteina de arveja,0,0.438,34,0,1,6,10,2024,Canada,1639,Estados Unidos,2553
2024-10-28,NotBurger,570,1470,proteina de arveja,0,0.576,35,0,1,0,10,2024,Canada,1639,Estados Unidos,2553
2024-10-29,NotBurger,518,1470,proteina de arveja,0,0.491,36,0,1,1,10,2024,Canada,1639,Estados Unidos,2553
2024-10-30,NotBurger,658,1470,proteina de arveja,0,0.4,37,0,1,2,10,2024,Canada,1639,Estados Unidos,2553
2024-10-31,NotBurger,782,1470,proteina de arveja,0,0.484,33,0,1,3,10,2024,Canada,1639,Estados Unidos,2553
2024-11-01,NotBurger,994,1470,proteina de arveja,0,0.543,39,0,1,4,11,2024,Canada,1639,Estados Unidos,2553
2024-11-02,NotBurger,1225,1470,proteina de arveja,1,0.478,35,0,1,5,11,2024,Canada,1639,Estados Unidos,2553
2024-11-03,NotBurger,721,1470,proteina de arveja,0,0.424,34,0,1,6,11,2024,Canada,1639,Estados Unidos,2553
2024-11-04,NotBurger,516,1470,proteina de arveja,0,0.49,33,0,1,0,11,2024,Canada,1639,Estados Unidos,2553
2024-11-05,NotBurger,609,1470,proteina de arveja,0,0.456,37,0,1,1,11,2024,Canada,1639,Estados Unidos,2553
2024-11-06,NotBurger,896,1470,proteina de arveja,1,0.524,36,0,1,2,11,2024,Canada,1639,Estados Unidos,2553
2024-11-07,NotBurger,936,1470,proteina de arveja,1,0.539,37,0,1,3,11,2024,Canada,1639,Estados Unidos,2553
2024-11-08,NotBurger,1026,1470,proteina de arveja,0,0.447,34,14564,0,4,11,2024,Canada,1639,Estados Unidos,2553
2024-11-09,NotBurger,936,1470,proteina de arveja,0,0.465,35,29038,0,5,11,2024,Canada,1639,Estados Unidos,2553
2024-11-10,NotBurger,788,1470,proteina de arveja,0,0.537,35,59102,0,6,11,2024,Canada,1639,Estados Unidos,2553
2024-11-11,NotBurger,707,1470,proteina de arveja,0,0.456,35,73814,0,0,11,2024,Canada,1639,Estados Unidos,2553
2024-11-12,NotBurger,631,1470,proteina de arveja,0,0.444,34,88607,0,1,11,2024,Canada,1639,Estados Unidos,2553
2024-11-13,NotBurger,691,1470,proteina de arveja,0,0.438,32,87976,0,2,11,2024,Canada,1639,Estados Unidos,2553
2024-11-14,NotBurger,856,1470,proteina de arveja,0,0.514,42,87285,0,3,11,2024,Canada,1639,Estados Unidos,2553
2024-11-15,NotBurger,999,1470,proteina de arveja,0,0.51,33,101929,0,4,11,2024,Canada,1639,Estados Unidos,2553
2024-11-16,NotBurger,914,1470,proteina de arveja,0,0.459,36,100930,0,5,11,2024,Canada,1639,Estados Unidos,2553
2024-11-17,NotBurger,806,1470,proteina de arveja,0,0.492,32,146516,0,6,11,2024,Canada,1639,Estados Unidos,2553
2024-11-18,NotBurger,604,1470,proteina de arveja,0,0.566,33,161210,0,0,11,2024,Canada,1639,Estados Unidos,2553
2024-11-19,NotBurger,577,1470,proteina de arveja,0,0.439,35,160606,0,1,11,2024,Canada,1639,Estados Unidos,2553
2024-11-20,NotBurger,865,1470,proteina de arveja,1,0.388,35,160029,0,2,11,2024,Canada,1639,Estados Unidos,2553
2024-11-21,NotBurger,814,1470,proteina de arveja,0,0.505,39,159164,0,3,11,2024,Canada,1639,Estados Unidos,2553
2024-11-22,NotBurger,1000,1470,proteina de arveja,0,0.475,36,189350,0,4,11,2024,Canada,1639,Estados Unidos,2553
2024-11-23,NotBurger,956,1470,proteina de arveja,0,0.442,35,203850,0,5,11,2024,Canada,1639,Estados Unidos,2553
2024-11-24,NotBurger,875,1470,proteina de arveja,0,0.507,34,218394,0,6,11,2024,Canada,1639,Estados Unidos,2553
2024-11-25,NotBurger,589,1470,proteina de arveja,0,0.513,39,233019,0,0,11,2024,Canada,1639,Estados Unidos,2553
2024-11-26,NotBurger,610,1470,proteina de arveja,0,0.357,36,263430,0,1,11,2024,Canada,1639,Estados Unidos,2553
2024-11-27,NotBurger,716,1470,proteina de arveja,0,0.431,33,278320,0,2,11,2024,Canada,1639,Estados Unidos,2553
2024-11-28,NotBurger,868,1470,proteina de arveja,0,0.576,37,293104,0,3,11,2024,Canada,1639,Estados Unidos,2553
2024-11-29,NotBurger,1013,1470,proteina de arveja,0,0.485,36,292236,0,4,11,2024,Canada,1639,Estados Unidos,2553
2024-11-30,NotBurger,890,1470,proteina de arveja,0,0.486,35,322223,0,5,11,2024,Canada,1639,Estados Unidos,2553
2024-12-01,NotBurger,898,1470,proteina de arveja,0,0.507,38,321333,0,6,12,2024,Canada,1639,Estados Unidos,2553
2024-12-02,NotBurger,738,1470,proteina de arveja,0,0.444,37,335935,0,0,12,2024,Canada,1639,Estados Unidos,2553
2024-12-03,NotBurger,664,1470,proteina de arveja,0,0.479,35,350697,0,1,12,2024,Canada,1639,Estados Unidos,2553
2024-12-04,NotBurger,797,1470,proteina de arveja,0,0.47,35,365533,0,2,12,2024,Canada,1639,Estados Unidos,2553
2024-12-05,NotBurger,939,1470,proteina de arveja,0,0.457,38,380236,0,3,12,2024,Canada,1639,Estados Unidos,2553
2024-12-06,NotBurger,1106,1470,proteina de arveja,0,0.409,37,394797,0,4,12,2024,Canada,1639,Estados Unidos,2553
2024-12-07,NotBurger,1069,1470,proteina de arveja,0,0.428,35,440191,0,5,12,2024,Canada,1639,Estados Unidos,2553
2024-12-08,NotBurger,954,1470,proteina de arveja,0,0.385,31,439122,0,6,12,2024,Canada,1639,Estados Unidos,2553
2024-12-09,NotBurger,636,1470,proteina de arveja,0,0.41,36,438168,0,0,12,2024,Canada,1639,Estados Unidos,2553
2024-12-10,NotBurger,614,1470,proteina de arveja,0,0.346,36,453032,0,1,12,2024,Canada,1639,Estados Unidos,2553
2024-12-11,NotBurger,858,1470,proteina de arveja,0,0.359,29,452418,0,2,12,2024,Canada,1639,Estados Unidos,2553
2024-12-12,NotBurger,768,1470,proteina de arveja,0,0.379,35,482560,0,3,12,2024,Canada,1639,Estados Unidos,2553
2024-12-13,NotBurger,1090,1470,proteina de arveja,0,0.34,33,481792,0,4,12,2024,Canada,1639,Estados Unidos,2553
2024-12-14,NotBurger,1588,1470,proteina de arveja,1,0.357,34,496202,0,5,12,2024,Canada,1639,Estados Unidos,2553
2024-12-15,NotBurger,929,1470,proteina de arveja,0,0.368,33,494614,0,6,12,2024,Canada,1639,Estados Unidos,2553
2024-12-16,NotBurger,728,1470,proteina de arveja,0,0.391,34,493685,0,0,12,2024,Canada,1639,Estados Unidos,2553
2024-12-17,NotBurger,691,1470,proteina de arveja,0,0.412,38,492957,0,1,12,2024,Canada,1639,Estados Unidos,2553
2024-12-18,NotBurger,765,1470,proteina de arveja,0,0.336,33,492266,0,2,12,2024,Canada,1639,Estados Unidos,2553
2024-12-19,NotBurger,990,1470,proteina de arveja,0,0.42,37,491501,0,3,12,2024,Canada,1639,Estados Unidos,2553
2024-12-20,NotBurger,1077,1470,proteina de arveja,0,0.394,33,490511,0,4,12,2024,Canada,1639,Estados Unidos,2553
2024-12-21,NotBurger,1228,1470,proteina de arveja,0,0.366,36,489434,0,5,12,2024,Canada,1639,Estados Unidos,2553
2024-12-22,NotBurger,1076,1470,proteina de arveja,0,0.343,34,488206,0,6,12,2024,Canada,1639,Estados Unidos,2553
2024-12-23,NotBurger,768,1470,proteina de arveja,0,0.345,35,487130,0,0,12,2024,Canada,1639,Estados Unidos,2553
2024-12-24,NotBurger,627,1470,proteina de arveja,0,0.382,35,486362,0,1,12,2024,Canada,1639,Estados Unidos,2553
2024-12-25,NotBurger,778,1470,proteina de arveja,0,0.378,36,485735,0,2,12,2024,Canada,1639,Estados Unidos,2553
2024-12-26,NotBurger,1003,1470,proteina de arveja,0,0.378,29,484957,0,3,12,2024,Canada,1639,Estados Unidos,2553
2024-12-27,NotBurger,1689,1470,proteina de arveja,1,0.307,31,483954,0,4,12,2024,Canada,1639,Estados Unidos,2553
2024-12-28,NotBurger,1068,1470,proteina de arveja,0,0.327,35,482265,0,5,12,2024,Canada,1639,Estados Unidos,2553
2024-12-29,NotBurger,933,1470,proteina de arveja,0,0.36,30,481197,0,6,12,2024,Canada,1639,Estados Unidos,2553
2024-12-30,NotBurger,831,1470,proteina de arveja,0,0.256,32,480264,0,0,12,2024,Canada,1639,Estados Unidos,2553
2024-12-31,NotBurger,1043,1470,proteina de arveja,1,0.265,33,479433,0,1,12,2024,Canada,1639,Estados Unidos,2553
2025-01-01,NotBurger,793,1536,proteina de arveja,0,0.276,32,478390,0,2,1,2025,Canada,1639,Estados Unidos,2553
2025-01-02,NotBurger,935,1536,proteina de arveja,0,0.315,32,477597,0,3,1,2025,Canada,1639,Estados Unidos,2553
2025-01-03,NotBurger,1916,1536,proteina de arveja,1,0.31,34,476662,0,4,1,2025,Canada,1639,Estados Unidos,2553
2025-01-04,NotBurger,1269,1536,proteina de arveja,0,0.247,35,474746,0,5,1,2025,Canada,1639,Estados Unidos,2553
2025-01-05,NotBurger,999,1536,proteina de arveja,0,0.177,30,473477,0,6,1,2025,Canada,1639,Estados Unidos,2553
2025-01-06,NotBurger,877,1536,proteina de arveja,0,0.26,32,472478,0,0,1,2025,Canada,1639,Estados Unidos,2553
2025-01-07,NotBurger,737,1536,proteina de arveja,0,0.196,31,471601,0,1,1,2025,Canada,1639,Estados Unidos,2553
2025-01-08,NotBurger,915,1536,proteina de arveja,0,0.162,27,470864,0,2,1,2025,Canada,1639,Estados Unidos,2553
2025-01-09,NotBurger,1514,1536,proteina de arveja,1,0.168,32,469949,0,3,1,2025,Canada,1639,Estados Unidos,2553
2025-01-10,NotBurger,1245,1536,proteina de arveja,0,0.243,35,468435,0,4,1,2025,Canada,1639,Estados Unidos,2553
2025-01-11,NotBurger,1212,1536,proteina de arveja,0,0.29,36,467190,0,5,1,2025,Canada,1639,Estados Unidos,2553
2025-01-12,NotBurger,924,1536,proteina de arveja,0,0.219,31,465978,0,6,1,2025,Canada,1639,Estados Unidos,2553
2025-01-13,NotBurger,969,1536,proteina de arveja,0,0.223,30,465054,0,0,1,2025,Canada,1639,Estados Unidos,2553
2025-01-14,NotBurger,705,1536,proteina de arveja,0,0.267,33,464085,0,1,1,2025,Canada,1639,Estados Unidos,2553
2025-01-15,NotBurger,780,1536,proteina de arveja,0,0.126,33,463380,0,2,1,2025,Canada,1639,Estados Unidos,2553
2025-01-16,NotBurger,1078,1536,proteina de arveja,0,0.225,33,462600,0,3,1,2025,Canada,1639,Estados Unidos,2553
2025-01-17,NotBurger,1166,1536,proteina de arveja,0,0.194,33,461522,0,4,1,2025,Canada,1639,Estados Unidos,2553
2025-01-18,NotBurger,1244,1536,proteina de arveja,0,0.219,35,460356,0,5,1,2025,Canada,1639,Estados Unidos,2553
2025-01-19,NotBurger,1126,1536,proteina de arveja,0,0.163,30,459112,0,6,1,2025,Canada,1639,Estados Unidos,2553
2025-01-20,NotBurger,925,1536,proteina de arveja,0,0.143,31,457986,0,0,1,2025,Canada,1639,Estados Unidos,2553
2025-01-21,NotBurger,828,1536,proteina de arveja,0,0.187,36,457061,0,1,1,2025,Canada,1639,Estados Unidos,2553
2025-01-22,NotBurger,871,1536,proteina de arveja,0,0.259,33,456233,0,2,1,2025,Canada,1639,Estados Unidos,2553
2025-01-23,NotBurger,1123,1536,proteina de arveja,0,0.217,30,455362,0,3,1,2025,Canada,1639,Estados Unidos,2553
2025-01-24,NotBurger,1328,1536,proteina de arveja,0,0.145,30,454239,0,4,1,2025,Canada,1639,Estados Unidos,2553
2025-01-25,NotBurger,1093,1536,proteina de arveja,0,0.101,29,452911,0,5,1,2025,Canada,1639,Estados Unidos,2553
2025-01-26,NotBurger,1136,1536,proteina de arveja,0,0.081,32,451818,0,6,1,2025,Canada,1639,Estados Unidos,2553
2025-01-27,NotBurger,770,1536,proteina de arveja,0,0.229,31,450682,0,0,1,2025,Canada,1639,Estados Unidos,2553
2025-01-28,NotBurger,919,1536,proteina de arveja,0,0.113,32,449912,0,1,1,2025,Canada,1639,Estados Unidos,2553
2025-01-29,NotBurger,878,1536,proteina de arveja,0,0.143,30,448993,0,2,1,2025,Canada,1639,Estados Unidos,2553
2025-01-30,NotBurger,1119,1536,proteina de arveja,0,0.223,28,448115,0,3,1,2025,Canada,1639,Estados Unidos,2553
2025-01-31,NotBurger,1226,1536,proteina de arveja,0,0.075,32,446996,0,4,1,2025,Canada,1639,Estados Unidos,2553
2025-02-01,NotBurger,1226,1536,proteina de arveja,0,0.229,33,445770,0,5,2,2025,Canada,1639,Estados Unidos,2553
2025-02-02,NotBurger,1303,1536,proteina de arveja,0,0.14,33,444544,0,6,2,2025,Canada,1639,Estados Unidos,2553
2025-02-03,NotBurger,950,1536,proteina de arveja,0,0.094,30,443241,0,0,2,2025,Canada,1639,Estados Unidos,2553
2025-02-04,NotBurger,702,1536,proteina de arveja,0,0.139,30,442291,0,1,2,2025,Canada,1639,Estados Unidos,2553
2025-02-05,NotBurger,1030,1536,proteina de arveja,0,0.114,32,441589,0,2,2,2025,Canada,1639,Estados Unidos,2553
2025-02-06,NotBurger,1260,1536,proteina de arveja,0,0.172,35,440559,0,3,2,2025,Canada,1639,Estados Unidos,2553
2025-02-07,NotBurger,1560,1536,proteina de arveja,1,0.118,31,439299,0,4,2,2025,Canada,1639,Estados Unidos,2553
2025-02-08,NotBurger,1338,1536,proteina de arveja,0,0.054,32,437739,0,5,2,2025,Canada,1639,Estados Unidos,2553
2025-02-09,NotBurger,1113,1536,proteina de arveja,0,0.139,31,436401,0,6,2,2025,Canada,1639,Estados Unidos,2553
2025-02-10,NotBurger,1034,1536,proteina de arveja,0,0.083,28,435288,0,0,2,2025,Canada,1639,Estados Unidos,2553
2025-02-11,NotBurger,758,1536,proteina de arveja,0,0.162,34,434254,0,1,2,2025,Canada,1639,Estados Unidos,2553
2025-02-12,NotBurger,939,1536,proteina de arveja,0,0.093,33,433496,0,2,2,2025,Canada,1639,Estados Unidos,2553
2025-02-13,NotBurger,1121,1536,proteina de arveja,0,0.129,33,432557,0,3,2,2025,Canada,1639,Estados Unidos,2553
2025-02-14,NotBurger,1181,1536,proteina de arveja,0,0.164,32,431436,0,4,2,2025,Canada,1639,Estados Unidos,2553
2025-02-15,NotBurger,1547,1536,proteina de arveja,0,0.145,33,430255,0,5,2,2025,Canada,1639,Estados Unidos,2553
2025-02-16,NotBurger,1017,1536,proteina de arveja,0,0.17,34,428708,0,6,2,2025,Canada,1639,Estados Unidos,2553
2025-02-17,NotBurger,915,1536,proteina de arveja,0,0.194,36,427691,0,0,2,2025,Canada,1639,Estados Unidos,2553
2025-02-18,NotBurger,701,1536,proteina de arveja,0,0.104,33,426776,0,1,2,2025,Canada,1639,Estados Unidos,2553
2025-02-19,NotBurger,1241,1536,proteina de arveja,1,0.161,32,426075,0,2,2,2025,Canada,1639,Estados Unidos,2553
2025-02-20,NotBurger,1207,1536,proteina de arveja,0,0.0,27,424834,0,3,2,2025,Canada,1639,Estados Unidos,2553
2025-02-21,NotBurger,1252,1536,proteina de arveja,0,0.181,32,423627,0,4,2,2025,Canada,1639,Estados Unidos,2553
2025-02-22,NotBurger,1385,1536,proteina de arveja,0,0.157,32,422375,0,5,2,2025,Canada,1639,Estados Unidos,2553
2025-02-23,NotBurger,1104,1536,proteina de arveja,0,0.126,33,420990,0,6,2,2025,Canada,1639,Estados Unidos,2553
2025-02-24,NotBurger,987,1536,proteina de arveja,0,0.194,35,419886,0,0,2,2025,Canada,1639,Estados Unidos,2553
2025-02-25,NotBurger,907,1536,proteina de arveja,0,0.24,33,418899,0,1,2,2025,Canada,1639,Estados Unidos,2553
2025-02-26,NotBurger,893,1536,proteina de arveja,0,0.161,36,417992,0,2,2,2025,Canada,1639,Estados Unidos,2553
2025-02-27,NotBurger,1178,1536,proteina de arveja,0,0.141,28,417099,0,3,2,2025,Canada,1639,Estados Unidos,2553
2025-02-28,NotBurger,1781,1536,proteina de arveja,1,0.201,33,415921,0,4,2,2025,Canada,1639,Estados Unidos,2553
2025-03-01,NotBurger,1391,1536,proteina de arveja,0,0.13,30,414140,0,5,3,2025,Canada,1639,Estados Unidos,2553
2025-03-02,NotBurger,1583,1536,proteina de arveja,1,0.168,28,412749,0,6,3,2025,Canada,1639,Estados Unidos,2553
2025-03-03,NotBurger,918,1536,proteina de arveja,0,0.266,33,411166,0,0,3,2025,Canada,1639,Estados Unidos,2553
2025-03-04,NotBurger,1118,1536,proteina de arveja,1,0.213,30,410248,0,1,3,2025,Canada,1639,Estados Unidos,2553
2025-03-05,NotBurger,945,1536,proteina de arveja,0,0.12,31,409130,0,2,3,2025,Canada,1639,Estados Unidos,2553
2025-03-06,NotBurger,1291,1536,proteina de arveja,0,0.129,32,408185,0,3,3,2025,Canada,1639,Estados Unidos,2553
2025-03-07,NotBurger,1411,1536,proteina de arveja,0,0.232,35,406894,0,4,3,2025,Canada,1639,Estados Unidos,2553
2025-03-08,NotBurger,1397,1536,proteina de arveja,0,0.272,30,405483,0,5,3,2025,Canada,1639,Estados Unidos,2553
2025-03-09,NotBurger,1192,1536,proteina de arveja,0,0.153,34,404086,0,6,3,2025,Canada,1639,Estados Unidos,2553
2025-03-10,NotBurger,890,1536,proteina de arveja,0,0.261,33,402894,0,0,3,2025,Canada,1639,Estados Unidos,2553
2025-03-11,NotBurger,836,1536,proteina de arveja,0,0.311,36,402004,0,1,3,2025,Canada,1639,Estados Unidos,2553
2025-03-12,NotBurger,852,1536,proteina de arveja,0,0.344,33,401168,0,2,3,2025,Canada,1639,Estados Unidos,2553
2025-03-13,NotBurger,1283,1536,proteina de arveja,0,0.272,31,400316,0,3,3,2025,Canada,1639,Estados Unidos,2553
2025-03-14,NotBurger,1039,1536,proteina de arveja,0,0.286,31,399033,0,4,3,2025,Canada,1639,Estados Unidos,2553
2025-03-15,NotBurger,1307,1536,proteina de arveja,0,0.16,29,397994,0,5,3,2025,Canada,1639,Estados Unidos,2553
2025-03-16,NotBurger,1223,1536,proteina de arveja,0,0.377,35,396687,0,6,3,2025,Canada,1639,Estados Unidos,2553
2025-03-17,NotBurger,798,1536,proteina de arveja,0,0.249,36,395464,0,0,3,2025,Canada,1639,Estados Unidos,2553
2025-03-18,NotBurger,1164,1536,proteina de arveja,1,0.237,32,394666,0,1,3,2025,Canada,1639,Estados Unidos,2553
2025-03-19,NotBurger,876,1536,proteina de arveja,0,0.277,35,393502,0,2,3,2025,Canada,1639,Estados Unidos,2553
2025-03-20,NotBurger,1123,1536,proteina de arveja,0,0.371,31,392626,0,3,3,2025,Canada,1639,Estados Unidos,2553
2025-03-21,NotBurger,1426,1536,proteina de arveja,0,0.412,35,391503,0,4,3,2025,Canada,1639,Estados Unidos,2553
2025-03-22,NotBurger,1326,1536,proteina de arveja,0,0.314,35,390077,0,5,3,2025,Canada,1639,Estados Unidos,2553
2025-03-23,NotBurger,930,1536,proteina de arveja,0,0.363,31,388751,0,6,3,2025,Canada,1639,Estados Unidos,2553
2025-03-24,NotBurger,818,1536,proteina de arveja,0,0.321,33,387821,0,0,3,2025,Canada,1639,Estados Unidos,2553
2025-03-25,NotBurger,865,1536,proteina de arveja,0,0.273,35,387003,0,1,3,2025,Canada,1639,Estados Unidos,2553
2025-03-26,NotBurger,950,1536,proteina de arveja,0,0.405,29,386138,0,2,3,2025,Canada,1639,Estados Unidos,2553
2025-03-27,NotBurger,1304,1536,proteina de arveja,0,0.306,36,385188,0,3,3,2025,Canada,1639,Estados Unidos,2553
2025-03-28,NotBurger,1487,1536,proteina de arveja,0,0.42,36,383884,0,4,3,2025,Canada,1639,Estados Unidos,2553
2025-03-29,NotBurger,1255,1536,proteina de arveja,0,0.414,36,382397,0,5,3,2025,Canada,1639,Estados Unidos,2553
2025-03-30,NotBurger,1318,1536,proteina de arveja,0,0.386,34,381142,0,6,3,2025,Canada,1639,Estados Unidos,2553
2025-03-31,NotBurger,878,1536,proteina de arveja,0,0.453,32,379824,0,0,3,2025,Canada,1639,Estados Unidos,2553
2025-04-01,NotBurger,731,1536,proteina de arveja,0,0.479,37,378946,0,1,4,2025,Canada,1639,Estados Unidos,2553
2025-04-02,NotBurger,859,1536,proteina de arveja,0,0.364,34,378215,0,2,4,2025,Canada,1639,Estados Unidos,2553
2025-04-03,NotBurger,925,1536,proteina de arveja,0,0.338,34,377356,0,3,4,2025,Canada,1639,Estados Unidos,2553
2025-04-04,NotBurger,1458,1536,proteina de arveja,0,0.291,36,376431,0,4,4,2025,Canada,1639,Estados Unidos,2553
2025-04-05,NotBurger,1434,1536,proteina de arveja,0,0.502,38,374973,0,5,4,2025,Canada,1639,Estados Unidos,2553
2025-04-06,NotBurger,993,1536,proteina de arveja,0,0.373,38,373539,0,6,4,2025,Canada,1639,Estados Unidos,2553
2025-04-07,NotBurger,847,1536,proteina de arveja,0,0.458,36,372546,0,0,4,2025,Canada,1639,Estados Unidos,2553
2025-04-08,NotBurger,785,1536,proteina de arveja,0,0.369,33,371699,0,1,4,2025,Canada,1639,Estados Unidos,2553
2025-04-09,NotBurger,822,1536,proteina de arveja,0,0.489,35,370914,0,2,4,2025,Canada,1639,Estados Unidos,2553
2025-04-10,NotBurger,954,1536,proteina de arveja,0,0.382,35,370092,0,3,4,2025,Canada,1639,Estados Unidos,2553
2025-04-11,NotBurger,1248,1536,proteina de arveja,0,0.362,36,369138,0,4,4,2025,Canada,1639,Estados Unidos,2553
2025-04-12,NotBurger,1217,1536,proteina de arveja,0,0.416,32,367890,0,5,4,2025,Canada,1639,Estados Unidos,2553
2025-04-13,NotBurger,1029,1536,proteina de arveja,0,0.405,35,366673,0,6,4,2025,Canada,1639,Estados Unidos,2553
2025-04-14,NotBurger,862,1536,proteina de arveja,0,0.466,39,365644,0,0,4,2025,Canada,1639,Estados Unidos,2553
2025-04-15,NotBurger,852,1536,proteina de arveja,0,0.438,35,364782,0,1,4,2025,Canada,1639,Estados Unidos,2553
2025-04-16,NotBurger,852,1536,proteina de arveja,0,0.477,38,363930,0,2,4,2025,Canada,1639,Estados Unidos,2553
2025-04-17,NotBurger,1102,1536,proteina de arveja,0,0.435,36,363078,0,3,4,2025,Canada,1639,Estados Unidos,2553
2025-04-18,NotBurger,1316,1536,proteina de arveja,0,0.421,37,361976,0,4,4,2025,Canada,1639,Estados Unidos,2553
2025-04-19,NotBurger,1635,1536,proteina de arveja,1,0.429,34,360660,0,5,4,2025,Canada,1639,Estados Unidos,2553
2025-04-20,NotBurger,988,1536,proteina de arveja,0,0.564,35,359025,0,6,4,2025,Canada,1639,Estados Unidos,2553
2025-04-21,NotBurger,835,1536,proteina de arveja,0,0.477,36,358037,0,0,4,2025,Canada,1639,Estados Unidos,2553
2025-04-22,NotBurger,780,1536,proteina de arveja,0,0.37,31,357202,0,1,4,2025,Canada,1639,Estados Unidos,2553
2025-04-23,NotBurger,776,1536,proteina de arveja,0,0.446,35,356422,0,2,4,2025,Canada,1639,Estados Unidos,2553
2025-04-24,NotBurger,1170,1536,proteina de arveja,0,0.48,36,355646,0,3,4,2025,Canada,1639,Estados Unidos,2553
2025-04-25,NotBurger,1355,1536,proteina de arveja,0,0.571,40,354476,0,4,4,2025,Canada,1639,Estados Unidos,2553
2025-04-26,NotBurger,1125,1536,proteina de arveja,0,0.533,37,353121,0,5,4,2025,Canada,1639,Estados Unidos,2553
2025-04-27,NotBurger,1030,1536,proteina de arveja,0,0.438,37,351996,0,6,4,2025,Canada,1639,Estados Unidos,2553
2025-04-28,NotBurger,850,1536,proteina de arveja,0,0.607,40,350966,0,0,4,2025,Canada,1639,Estados Unidos,2553
2025-04-29,NotBurger,697,1536,proteina de arveja,0,0.487,34,350116,0,1,4,2025,Canada,1639,Estados Unidos,2553
2025-04-30,NotBurger,864,1536,proteina de arveja,0,0.553,36,349419,0,2,4,2025,Canada,1639,Estados Unidos,2553
2025-05-01,NotBurger,1049,1536,proteina de arveja,0,0.435,40,348555,0,3,5,2025,Canada,1639,Estados Unidos,2553
2025-05-02,NotBurger,1045,1536,proteina de arveja,0,0.374,34,347506,0,4,5,2025,Canada,1639,Estados Unidos,2553
2025-05-03,NotBurger,1206,1536,proteina de arveja,0,0.425,37,346461,0,5,5,2025,Canada,1639,Estados Unidos,2553
2025-05-04,NotBurger,901,1536,proteina de arveja,0,0.334,36,345255,0,6,5,2025,Canada,1639,Estados Unidos,2553
2025-05-05,NotBurger,846,1536,proteina de arveja,0,0.603,34,344354,0,0,5,2025,Canada,1639,Estados Unidos,2553
2025-05-06,NotBurger,671,1536,proteina de arveja,0,0.509,37,343508,0,1,5,2025,Canada,1639,Estados Unidos,2553
2025-05-07,NotBurger,799,1536,proteina de arveja,0,0.453,36,342837,0,2,5,2025,Canada,1639,Estados Unidos,2553
2025-05-08,NotBurger,1345,1536,proteina de arveja,1,0.522,37,342038,0,3,5,2025,Canada,1639,Estados Unidos,2553
2025-05-09,NotBurger,1196,1536,proteina de arveja,0,0.509,35,340693,0,4,5,2025,Canada,1639,Estados Unidos,2553
2025-05-10,NotBurger,1033,1536,proteina de arveja,0,0.531,34,339497,0,5,5,2025,Canada,1639,Estados Unidos,2553
2025-05-11,NotBurger,881,1536,proteina de arveja,0,0.56,36,338464,0,6,5,2025,Canada,1639,Estados Unidos,2553
2025-05-12,NotBurger,727,1536,proteina de arveja,0,0.485,36,337583,0,0,5,2025,Canada,1639,Estados Unidos,2553
2025-05-13,NotBurger,710,1536,proteina de arveja,0,0.455,38,336856,0,1,5,2025,Canada,1639,Estados Unidos,2553
2025-05-14,NotBurger,808,1536,proteina de arveja,0,0.539,40,336146,0,2,5,2025,Canada,1639,Estados Unidos,2553
2025-05-15,NotBurger,911,1536,proteina de arveja,0,0.537,39,335338,0,3,5,2025,Canada,1639,Estados Unidos,2553
2025-05-16,NotBurger,1012,1536,proteina de arveja,0,0.501,38,334427,0,4,5,2025,Canada,1639,Estados Unidos,2553
2025-05-17,NotBurger,1120,1536,proteina de arveja,0,0.603,35,333415,0,5,5,2025,Canada,1639,Estados Unidos,2553
2025-05-18,NotBurger,916,1536,proteina de arveja,0,0.471,35,332295,0,6,5,2025,Canada,1639,Estados Unidos,2553
2025-05-19,NotBurger,868,1536,proteina de arveja,0,0.446,36,331379,0,0,5,2025,Canada,1639,Estados Unidos,2553
2025-05-20,NotBurger,669,1536,proteina de arveja,0,0.51,35,330511,0,1,5,2025,Canada,1639,Estados Unidos,2553
2025-05-21,NotBurger,870,1536,proteina de arveja,0,0.453,37,329842,0,2,5,2025,Canada,1639,Estados Unidos,2553
2025-05-22,NotBurger,857,1536,proteina de arveja,0,0.509,38,328972,0,3,5,2025,Canada,1639,Estados Unidos,2553
2025-05-23,NotBurger,944,1536,proteina de arveja,0,0.44,36,328115,0,4,5,2025,Canada,1639,Estados Unidos,2553
2025-05-24,NotBurger,965,1536,proteina de arveja,0,0.459,38,327171,0,5,5,2025,Canada,1639,Estados Unidos,2553
2025-05-25,NotBurger,984,1536,proteina de arveja,0,0.571,35,326206,0,6,5,2025,Canada,1639,Estados Unidos,2553
2025-05-26,NotBurger,816,1536,proteina de arveja,0,0.453,37,325222,0,0,5,2025,Canada,1639,Estados Unidos,2553
2025-05-27,NotBurger,604,1536,proteina de arveja,0,0.43,34,324406,0,1,5,2025,Canada,1639,Estados Unidos,2553
2025-05-28,NotBurger,907,1536,proteina de arveja,1,0.525,34,323802,0,2,5,2025,Canada,1639,Estados Unidos,2553
2025-05-29,NotBurger,1080,1536,proteina de arveja,1,0.41,36,322895,0,3,5,2025,Canada,1639,Estados Unidos,2553
2025-05-30,NotBurger,892,1536,proteina de arveja,0,0.424,38,321815,0,4,5,2025,Canada,1639,Estados Unidos,2553
2025-05-31,NotBurger,1082,1536,proteina de arveja,0,0.484,37,320923,0,5,5,2025,Canada,1639,Estados Unidos,2553
2025-06-01,NotBurger,883,1536,proteina de arveja,0,0.498,36,319841,0,6,6,2025,Canada,1639,Estados Unidos,2553
2025-06-02,NotBurger,692,1536,proteina de arveja,0,0.507,37,318958,0,0,6,2025,Canada,1639,Estados Unidos,2553
2025-06-03,NotBurger,553,1536,proteina de arveja,0,0.405,35,318266,0,1,6,2025,Canada,1639,Estados Unidos,2553
2025-06-04,NotBurger,802,1536,proteina de arveja,0,0.467,33,317713,0,2,6,2025,Canada,1639,Estados Unidos,2553
2025-06-05,NotBurger,846,1536,proteina de arveja,0,0.409,32,316911,0,3,6,2025,Canada,1639,Estados Unidos,2553
2025-06-06,NotBurger,1049,1536,proteina de arveja,0,0.398,35,316065,0,4,6,2025,Canada,1639,Estados Unidos,2553
2025-06-07,NotBurger,873,1536,proteina de arveja,0,0.483,36,315016,0,5,6,2025,Canada,1639,Estados Unidos,2553
2025-06-08,NotBurger,825,1536,proteina de arveja,0,0.39,35,314143,0,6,6,2025,Canada,1639,Estados Unidos,2553
2025-06-09,NotBurger,682,1536,proteina de arveja,0,0.427,36,313318,0,0,6,2025,Canada,1639,Estados Unidos,2553
2025-06-10,NotBurger,616,1536,proteina de arveja,0,0.415,35,312636,0,1,6,2025,Canada,1639,Estados Unidos,2553
2025-06-11,NotBurger,692,1536,proteina de arveja,0,0.349,35,312020,0,2,6,2025,Canada,1639,Estados Unidos,2553
2025-06-12,NotBurger,884,1536,proteina de arveja,0,0.445,35,311328,0,3,6,2025,Canada,1639,Estados Unidos,2553
2025-06-13,NotBurger,883,1536,proteina de arveja,0,0.419,39,310444,0,4,6,2025,Canada,1639,Estados Unidos,2553
2025-06-14,NotBurger,967,1536,proteina de arveja,0,0.286,34,309561,0,5,6,2025,Canada,1639,Estados Unidos,2553
2025-06-15,NotBurger,815,1536,proteina de arveja,0,0.394,39,308594,0,6,6,2025,Canada,1639,Estados Unidos,2553
2025-06-16,NotBurger,850,1536,proteina de arveja,1,0.335,35,307779,0,0,6,2025,Canada,1639,Estados Unidos,2553
2025-06-17,NotBurger,582,1536,proteina de arveja,0,0.423,35,306929,0,1,6,2025,Canada,1639,Estados Unidos,2553
2025-06-18,NotBurger,592,1536,proteina de arveja,0,0.29,32,306347,0,2,6,2025,Canada,1639,Estados Unidos,2553
2025-06-19,NotBurger,733,1536,proteina de arveja,0,0.339,31,305755,0,3,6,2025,Canada,1639,Estados Unidos,2553
2025-06-20,NotBurger,1042,1536,proteina de arveja,1,0.369,32,305022,0,4,6,2025,Canada,1639,Estados Unidos,2553
2025-06-21,NotBurger,978,1536,proteina de arveja,0,0.347,32,303980,0,5,6,2025,Canada,1639,Estados Unidos,2553
2025-06-22,NotBurger,830,1536,proteina de arveja,0,0.377,35,303002,0,6,6,2025,Canada,1639,Estados Unidos,2553
2025-06-23,NotBurger,661,1536,proteina de arveja,0,0.257,32,302172,0,0,6,2025,Canada,1639,Estados Unidos,2553
2025-06-24,NotBurger,772,1536,proteina de arveja,1,0.409,35,301511,0,1,6,2025,Canada,1639,Estados Unidos,2553
2025-06-25,NotBurger,527,1536,proteina de arveja,0,0.347,37,300739,0,2,6,2025,Canada,1639,Estados Unidos,2553
2025-06-26,NotBurger,725,1536,proteina de arveja,0,0.383,34,300212,0,3,6,2025,Canada,1639,Estados Unidos,2553
2025-06-27,NotBurger,915,1536,proteina de arveja,0,0.352,38,299487,0,4,6,2025,Canada,1639,Estados Unidos,2553
2025-06-28,NotBurger,1217,1536,proteina de arveja,1,0.302,31,298572,0,5,6,2025,Canada,1639,Estados Unidos,2553
2025-06-29,NotBurger,737,1536,proteina de arveja,0,0.232,32,297355,0,6,6,2025,Canada,1639,Estados Unidos,2553
2025-06-30,NotBurger,615,1536,proteina de arveja,0,0.263,32,296618,0,0,6,2025,Canada,1639,Estados Unidos,2553
2025-07-01,NotBurger,539,1536,proteina de arveja,0,0.364,36,296003,0,1,7,2025,Canada,1639,Estados Unidos,2553
2025-07-02,NotBurger,619,1536,proteina de arveja,0,0.348,30,295464,0,2,7,2025,Canada,1639,Estados Unidos,2553
2025-07-03,NotBurger,724,1536,proteina de arveja,0,0.242,30,294845,0,3,7,2025,Canada,1639,Estados Unidos,2553
2025-07-04,NotBurger,1155,1536,proteina de arveja,1,0.127,31,294121,0,4,7,2025,Canada,1639,Estados Unidos,2553
2025-07-05,NotBurger,825,1536,proteina de arveja,0,0.251,36,292966,0,5,7,2025,Canada,1639,Estados Unidos,2553
2025-07-06,NotBurger,648,1536,proteina de arveja,0,0.242,33,292141,0,6,7,2025,Canada,1639,Estados Unidos,2553
2025-07-07,NotBurger,542,1536,proteina de arveja,0,0.238,30,291493,0,0,7,2025,Canada,1639,Estados Unidos,2553
2025-07-08,NotBurger,506,1536,proteina de arveja,0,0.272,31,290951,0,1,7,2025,Canada,1639,Estados Unidos,2553
2025-07-09,NotBurger,640,1536,proteina de arveja,0,0.284,37,290445,0,2,7,2025,Canada,1639,Estados Unidos,2553
2025-07-10,NotBurger,735,1536,proteina de arveja,0,0.284,32,289805,0,3,7,2025,Canada,1639,Estados Unidos,2553
2025-07-11,NotBurger,830,1536,proteina de arveja,0,0.252,31,289070,0,4,7,2025,Canada,1639,Estados Unidos,2553
2025-07-12,NotBurger,745,1536,proteina de arveja,0,0.135,35,288240,0,5,7,2025,Canada,1639,Estados Unidos,2553
2025-07-13,NotBurger,746,1536,proteina de arveja,0,0.203,34,287495,0,6,7,2025,Canada,1639,Estados Unidos,2553
2025-07-14,NotBurger,530,1536,proteina de arveja,0,0.33,37,286749,0,0,7,2025,Canada,1639,Estados Unidos,2553
2025-07-15,NotBurger,645,1536,proteina de arveja,1,0.229,31,286219,0,1,7,2025,Canada,1639,Estados Unidos,2553
2025-07-16,NotBurger,643,1536,proteina de arveja,0,0.224,30,285574,0,2,7,2025,Canada,1639,Estados Unidos,2553
2025-07-17,NotBurger,744,1536,proteina de arveja,0,0.22,33,284931,0,3,7,2025,Canada,1639,Estados Unidos,2553
2025-07-18,NotBurger,711,1536,proteina de arveja,0,0.218,33,284187,0,4,7,2025,Canada,1639,Estados Unidos,2553
2025-07-19,NotBurger,689,1536,proteina de arveja,0,0.074,32,283476,0,5,7,2025,Canada,1639,Estados Unidos,2553
2025-07-20,NotBurger,678,1536,proteina de arveja,0,0.178,35,282787,0,6,7,2025,Canada,1639,Estados Unidos,2553
2025-07-21,NotBurger,490,1536,proteina de arveja,0,0.184,29,282109,0,0,7,2025,Canada,1639,Estados Unidos,2553
2025-07-22,NotBurger,515,1536,proteina de arveja,0,0.246,35,281619,0,1,7,2025,Canada,1639,Estados Unidos,2553
2025-07-23,NotBurger,560,1536,proteina de arveja,0,0.181,30,281104,0,2,7,2025,Canada,1639,Estados Unidos,2553
2025-07-24,NotBurger,704,1536,proteina de arveja,0,0.093,33,280544,0,3,7,2025,Canada,1639,Estados Unidos,2553
2025-07-25,NotBurger,1008,1536,proteina de arveja,1,0.194,31,279840,0,4,7,2025,Canada,1639,Estados Unidos,2553
2025-07-26,NotBurger,890,1536,proteina de arveja,0,0.13,30,278832,0,5,7,2025,Canada,1639,Estados Unidos,2553
2025-07-27,NotBurger,1136,1536,proteina de arveja,1,0.106,30,277942,0,6,7,2025,Canada,1639,Estados Unidos,2553
2025-07-28,NotBurger,517,1536,proteina de arveja,0,0.123,29,276806,0,0,7,2025,Canada,1639,Estados Unidos,2553
2025-07-29,NotBurger,491,1536,proteina de arveja,0,0.189,32,276289,0,1,7,2025,Canada,1639,Estados Unidos,2553
2025-07-30,NotBurger,549,1536,proteina de arveja,0,0.223,31,275798,0,2,7,2025,Canada,1639,Estados Unidos,2553
2025-07-31,NotBurger,665,1536,proteina de arveja,0,0.182,34,275249,0,3,7,2025,Canada,1639,Estados Unidos,2553
2025-08-01,NotBurger,725,1536,proteina de arveja,0,0.188,34,274584,0,4,8,2025,Canada,1639,Estados Unidos,2553
2025-08-02,NotBurger,697,1536,proteina de arveja,0,0.179,36,273859,0,5,8,2025,Canada,1639,Estados Unidos,2553
2025-08-03,NotBurger,590,1536,proteina de arveja,0,0.159,33,273162,0,6,8,2025,Canada,1639,Estados Unidos,2553
2025-08-04,NotBurger,535,1536,proteina de arveja,0,0.187,33,272572,0,0,8,2025,Canada,1639,Estados Unidos,2553
2025-08-05,NotBurger,588,1536,proteina de arveja,1,0.031,33,272037,0,1,8,2025,Canada,1639,Estados Unidos,2553
2025-08-06,NotBurger,424,1536,proteina de arveja,0,0.156,31,271449,0,2,8,2025,Canada,1639,Estados Unidos,2553
2025-08-07,NotBurger,690,1536,proteina de arveja,0,0.098,28,271025,0,3,8,2025,Canada,1639,Estados Unidos,2553
2025-08-08,NotBurger,760,1536,proteina de arveja,0,0.208,33,270335,0,4,8,2025,Canada,1639,Estados Unidos,2553
2025-08-09,NotBurger,831,1536,proteina de arveja,0,0.143,29,269575,0,5,8,2025,Canada,1639,Estados Unidos,2553
2025-08-10,NotBurger,657,1536,proteina de arveja,0,0.152,37,268744,0,6,8,2025,Canada,1639,Estados Unidos,2553
2025-08-11,NotBurger,449,1536,proteina de arveja,0,0.075,34,268087,0,0,8,2025,Canada,1639,Estados Unidos,2553
2025-08-12,NotBurger,378,1536,proteina de arveja,0,0.202,37,267638,0,1,8,2025,Canada,1639,Estados Unidos,2553
2025-08-13,NotBurger,496,1536,proteina de arveja,0,0.183,32,267260,0,2,8,2025,Canada,1639,Estados Unidos,2553
2025-08-14,NotBurger,624,1536,proteina de arveja,0,0.181,33,266764,0,3,8,2025,Canada,1639,Estados Unidos,2553
2025-08-15,NotBurger,809,1536,proteina de arveja,0,0.113,30,266140,0,4,8,2025,Canada,1639,Estados Unidos,2553
2025-08-16,NotBurger,898,1536,proteina de arveja,1,0.116,33,265331,0,5,8,2025,Canada,1639,Estados Unidos,2553
2025-08-17,NotBurger,688,1536,proteina de arveja,0,0.168,30,264433,0,6,8,2025,Canada,1639,Estados Unidos,2553
2025-08-18,NotBurger,451,1536,proteina de arveja,0,0.124,26,263745,0,0,8,2025,Canada,1639,Estados Unidos,2553
2025-08-19,NotBurger,491,1536,proteina de arveja,0,0.182,31,263294,0,1,8,2025,Canada,1639,Estados Unidos,2553
2025-08-20,NotBurger,552,1536,proteina de arveja,0,0.055,28,262803,0,2,8,2025,Canada,1639,Estados Unidos,2553
2025-08-21,NotBurger,546,1536,proteina de arveja,0,0.141,35,262251,0,3,8,2025,Canada,1639,Estados Unidos,2553
2025-08-22,NotBurger,826,1536,proteina de arveja,0,0.257,37,261705,0,4,8,2025,Canada,1639,Estados Unidos,2553
2025-08-23,NotBurger,742,1536,proteina de arveja,0,0.192,29,260879,0,5,8,2025,Canada,1639,Estados Unidos,2553
2025-08-24,NotBurger,871,1536,proteina de arveja,1,0.181,35,260137,0,6,8,2025,Canada,1639,Estados Unidos,2553
2025-08-25,NotBurger,467,1536,proteina de arveja,0,0.275,35,259266,0,0,8,2025,Canada,1639,Estados Unidos,2553
2025-08-26,NotBurger,501,1536,proteina de arveja,0,0.063,28,258799,0,1,8,2025,Canada,1639,Estados Unidos,2553
2025-08-27,NotBurger,471,1536,proteina de arveja,0,0.142,31,258298,0,2,8,2025,Canada,1639,Estados Unidos,2553
2025-08-28,NotBurger,693,1536,proteina de arveja,0,0.166,31,257827,0,3,8,2025,Canada,1639,Estados Unidos,2553
2025-08-29,NotBurger,795,1536,proteina de arveja,0,0.233,34,257134,0,4,8,2025,Canada,1639,Estados Unidos,2553
2025-08-30,NotBurger,679,1536,proteina de arveja,0,0.238,30,256339,0,5,8,2025,Canada,1639,Estados Unidos,2553
2025-08-31,NotBurger,936,1536,proteina de arveja,1,0.155,32,255660,0,6,8,2025,Canada,1639,Estados Unidos,2553
2025-09-01,NotBurger,512,1536,proteina de arveja,0,0.252,32,254724,0,0,9,2025,Canada,1639,Estados Unidos,2553
2025-09-02,NotBurger,479,1536,proteina de arveja,0,0.187,33,254212,0,1,9,2025,Canada,1639,Estados Unidos,2553
2025-09-03,NotBurger,458,1536,proteina de arveja,0,0.272,33,253733,0,2,9,2025,Canada,1639,Estados Unidos,2553
2025-09-04,NotBurger,763,1536,proteina de arveja,0,0.164,31,253275,0,3,9,2025,Canada,1639,Estados Unidos,2553
2025-09-05,NotBurger,677,1536,proteina de arveja,0,0.214,32,252512,0,4,9,2025,Canada,1639,Estados Unidos,2553
2025-09-06,NotBurger,801,1536,proteina de arveja,0,0.201,36,251835,0,5,9,2025,Canada,1639,Estados Unidos,2553
2025-09-07,NotBurger,582,1536,proteina de arveja,0,0.283,33,251034,0,6,9,2025,Canada,1639,Estados Unidos,2553
2025-09-08,NotBurger,481,1536,proteina de arveja,0,0.209,30,250452,0,0,9,2025,Canada,1639,Estados Unidos,2553
2025-09-09,NotBurger,488,1536,proteina de arveja,0,0.239,34,249971,0,1,9,2025,Canada,1639,Estados Unidos,2553
2025-09-10,NotBurger,570,1536,proteina de arveja,0,0.272,33,249483,0,2,9,2025,Canada,1639,Estados Unidos,2553
2025-09-11,NotBurger,593,1536,proteina de arveja,0,0.279,31,248913,0,3,9,2025,Canada,1639,Estados Unidos,2553
2025-09-12,NotBurger,1074,1536,proteina de arveja,1,0.301,38,248320,0,4,9,2025,Canada,1639,Estados Unidos,2553
2025-09-13,NotBurger,812,1536,proteina de arveja,0,0.273,33,247246,0,5,9,2025,Canada,1639,Estados Unidos,2553
2025-09-14,NotBurger,789,1536,proteina de arveja,1,0.247,32,246434,0,6,9,2025,Canada,1639,Estados Unidos,2553
2025-09-15,NotBurger,579,1536,proteina de arveja,0,0.257,33,245645,0,0,9,2025,Canada,1639,Estados Unidos,2553
2025-09-16,NotBurger,412,1536,proteina de arveja,0,0.281,37,245066,0,1,9,2025,Canada,1639,Estados Unidos,2553
2025-09-17,NotBurger,508,1536,proteina de arveja,0,0.298,30,244654,0,2,9,2025,Canada,1639,Estados Unidos,2553
2025-09-18,NotBurger,696,1536,proteina de arveja,0,0.284,34,244146,0,3,9,2025,Canada,1639,Estados Unidos,2553
2025-09-19,NotBurger,719,1536,proteina de arveja,0,0.299,38,243450,0,4,9,2025,Canada,1639,Estados Unidos,2553
2025-09-20,NotBurger,779,1536,proteina de arveja,0,0.228,33,242731,0,5,9,2025,Canada,1639,Estados Unidos,2553
2025-09-21,NotBurger,665,1536,proteina de arveja,0,0.343,32,241952,0,6,9,2025,Canada,1639,Estados Unidos,2553
2025-09-22,NotBurger,516,1536,proteina de arveja,0,0.325,33,241287,0,0,9,2025,Canada,1639,Estados Unidos,2553
2025-09-23,NotBurger,507,1536,proteina de arveja,0,0.372,35,240771,0,1,9,2025,Canada,1639,Estados Unidos,2553
2025-09-24,NotBurger,738,1536,proteina de arveja,1,0.328,37,240264,0,2,9,2025,Canada,1639,Estados Unidos,2553
2025-09-25,NotBurger,698,1536,proteina de arveja,0,0.247,32,239526,0,3,9,2025,Canada,1639,Estados Unidos,2553
2025-09-26,NotBurger,1181,1536,proteina de arveja,1,0.322,36,238828,0,4,9,2025,Canada,1639,Estados Unidos,2553
2025-09-27,NotBurger,830,1536,proteina de arveja,0,0.336,31,237647,0,5,9,2025,Canada,1639,Estados Unidos,2553
2025-09-28,NotBurger,710,1536,proteina de arveja,0,0.389,32,236817,0,6,9,2025,Canada,1639,Estados Unidos,2553
2025-09-29,NotBurger,487,1536,proteina de arveja,0,0.254,32,236107,0,0,9,2025,Canada,1639,Estados Unidos,2553
2025-09-30,NotBurger,508,1536,proteina de arveja,0,0.365,37,235620,0,1,9,2025,Canada,1639,Estados Unidos,2553
2025-10-01,NotBurger,521,1536,proteina de arveja,0,0.395,35,235112,0,2,10,2025,Canada,1639,Estados Unidos,2553
2025-10-02,NotBurger,631,1536,proteina de arveja,0,0.342,35,234591,0,3,10,2025,Canada,1639,Estados Unidos,2553
2025-10-03,NotBurger,805,1536,proteina de arveja,0,0.384,35,233960,0,4,10,2025,Canada,1639,Estados Unidos,2553
2025-10-04,NotBurger,744,1536,proteina de arveja,0,0.355,36,233155,0,5,10,2025,Canada,1639,Estados Unidos,2553
2025-10-05,NotBurger,730,1536,proteina de arveja,0,0.356,33,232411,0,6,10,2025,Canada,1639,Estados Unidos,2553
2025-10-06,NotBurger,588,1536,proteina de arveja,0,0.377,36,231681,0,0,10,2025,Canada,1639,Estados Unidos,2553
2025-10-07,NotBurger,425,1536,proteina de arveja,0,0.367,33,231093,0,1,10,2025,Canada,1639,Estados Unidos,2553
2025-10-08,NotBurger,539,1536,proteina de arveja,0,0.442,39,230668,0,2,10,2025,Canada,1639,Estados Unidos,2553
2025-10-09,NotBurger,640,1536,proteina de arveja,0,0.377,33,230129,0,3,10,2025,Canada,1639,Estados Unidos,2553
2025-10-10,NotBurger,804,1536,proteina de arveja,0,0.374,33,229489,0,4,10,2025,Canada,1639,Estados Unidos,2553
2025-10-11,NotBurger,858,1536,proteina de arveja,0,0.512,37,228685,0,5,10,2025,Canada,1639,Estados Unidos,2553
2025-10-12,NotBurger,695,1536,proteina de arveja,0,0.477,36,227827,0,6,10,2025,Canada,1639,Estados Unidos,2553
2025-10-13,NotBurger,543,1536,proteina de arveja,0,0.34,35,227132,0,0,10,2025,Canada,1639,Estados Unidos,2553
2025-10-14,NotBurger,572,1536,proteina de arveja,0,0.4,35,226589,0,1,10,2025,Canada,1639,Estados Unidos,2553
2025-10-15,NotBurger,487,1536,proteina de arveja,0,0.455,33,226017,0,2,10,2025,Canada,1639,Estados Unidos,2553
2025-10-16,NotBurger,823,1536,proteina de arveja,0,0.463,39,225530,0,3,10,2025,Canada,1639,Estados Unidos,2553
2025-10-17,NotBurger,827,1536,proteina de arveja,0,0.377,36,224707,0,4,10,2025,Canada,1639,Estados Unidos,2553
2025-10-18,NotBurger,851,1536,proteina de arveja,0,0.513,39,223880,0,5,10,2025,Canada,1639,Estados Unidos,2553
2025-10-19,NotBurger,703,1536,proteina de arveja,0,0.501,35,223029,0,6,10,2025,Canada,1639,Estados Unidos,2553
2025-10-20,NotBurger,663,1536,proteina de arveja,0,0.487,37,222326,0,0,10,2025,Canada,1639,Estados Unidos,2553
2025-10-21,NotBurger,484,1536,proteina de arveja,0,0.535,37,221663,0,1,10,2025,Canada,1639,Estados Unidos,2553
2025-10-22,NotBurger,619,1536,proteina de arveja,0,0.493,38,221179,0,2,10,2025,Canada,1639,Estados Unidos,2553
2025-10-23,NotBurger,809,1536,proteina de arveja,0,0.496,38,220560,0,3,10,2025,Canada,1639,Estados Unidos,2553
2025-10-24,NotBurger,781,1536,proteina de arveja,0,0.554,37,219751,0,4,10,2025,Canada,1639,Estados Unidos,2553
2025-10-25,NotBurger,823,1536,proteina de arveja,0,0.534,33,218970,0,5,10,2025,Canada,1639,Estados Unidos,2553
2025-10-26,NotBurger,752,1536,proteina de arveja,0,0.44,39,218147,0,6,10,2025,Canada,1639,Estados Unidos,2553
2025-10-27,NotBurger,569,1536,proteina de arveja,0,0.516,37,217395,0,0,10,2025,Canada,1639,Estados Unidos,2553
2025-10-28,NotBurger,521,1536,proteina de arveja,0,0.454,34,216826,0,1,10,2025,Canada,1639,Estados Unidos,2553
2025-10-29,NotBurger,624,1536,proteina de arveja,0,0.514,37,216305,0,2,10,2025,Canada,1639,Estados Unidos,2553
2025-10-30,NotBurger,848,1536,proteina de arveja,0,0.515,33,215681,0,3,10,2025,Canada,1639,Estados Unidos,2553
2025-10-31,NotBurger,905,1536,proteina de arveja,0,0.424,37,214833,0,4,10,2025,Canada,1639,Estados Unidos,2553
2025-11-01,NotBurger,1003,1536,proteina de arveja,0,0.489,33,213928,0,5,11,2025,Canada,1639,Estados Unidos,2553
2025-11-02,NotBurger,728,1536,proteina de arveja,0,0.509,36,212925,0,6,11,2025,Canada,1639,Estados Unidos,2553
2025-11-03,NotBurger,573,1536,proteina de arveja,0,0.475,36,212197,0,0,11,2025,Canada,1639,Estados Unidos,2553
2025-11-04,NotBurger,669,1536,proteina de arveja,0,0.514,38,211624,0,1,11,2025,Canada,1639,Estados Unidos,2553
2025-11-05,NotBurger,632,1536,proteina de arveja,0,0.539,37,210955,0,2,11,2025,Canada,1639,Estados Unidos,2553
2025-11-06,NotBurger,750,1536,proteina de arveja,0,0.498,37,210323,0,3,11,2025,Canada,1639,Estados Unidos,2553
2025-11-07,NotBurger,833,1536,proteina de arveja,0,0.511,36,209573,0,4,11,2025,Canada,1639,Estados Unidos,2553
2025-11-08,NotBurger,1042,1536,proteina de arveja,0,0.569,37,208740,0,5,11,2025,Canada,1639,Estados Unidos,2553
2025-11-09,NotBurger,800,1536,proteina de arveja,0,0.524,36,207698,0,6,11,2025,Canada,1639,Estados Unidos,2553
2025-11-10,NotBurger,648,1536,proteina de arveja,0,0.51,36,206898,0,0,11,2025,Canada,1639,Estados Unidos,2553
2025-11-11,NotBurger,595,1536,proteina de arveja,0,0.451,32,206250,0,1,11,2025,Canada,1639,Estados Unidos,2553
2025-11-12,NotBurger,750,1536,proteina de arveja,0,0.532,35,205655,0,2,11,2025,Canada,1639,Estados Unidos,2553
2025-11-13,NotBurger,859,1536,proteina de arveja,0,0.514,37,204905,0,3,11,2025,Canada,1639,Estados Unidos,2553
2025-11-14,NotBurger,1194,1536,proteina de arveja,0,0.561,36,204046,0,4,11,2025,Canada,1639,Estados Unidos,2553
2025-11-15,NotBurger,1008,1536,proteina de arveja,0,0.498,36,202852,0,5,11,2025,Canada,1639,Estados Unidos,2553
2025-11-16,NotBurger,928,1536,proteina de arveja,0,0.403,34,201844,0,6,11,2025,Canada,1639,Estados Unidos,2553
2025-11-17,NotBurger,732,1536,proteina de arveja,0,0.407,33,200916,0,0,11,2025,Canada,1639,Estados Unidos,2553
2025-11-18,NotBurger,624,1536,proteina de arveja,0,0.527,35,200184,0,1,11,2025,Canada,1639,Estados Unidos,2553
2025-11-19,NotBurger,687,1536,proteina de arveja,0,0.46,35,199560,0,2,11,2025,Canada,1639,Estados Unidos,2553
2025-11-20,NotBurger,1279,1536,proteina de arveja,1,0.508,36,198873,0,3,11,2025,Canada,1639,Estados Unidos,2553
2025-11-21,NotBurger,1088,1536,proteina de arveja,0,0.489,37,197594,0,4,11,2025,Canada,1639,Estados Unidos,2553
2025-11-22,NotBurger,989,1536,proteina de arveja,0,0.472,35,196506,0,5,11,2025,Canada,1639,Estados Unidos,2553
2025-11-23,NotBurger,1095,1536,proteina de arveja,1,0.473,34,195517,0,6,11,2025,Canada,1639,Estados Unidos,2553
2025-11-24,NotBurger,785,1536,proteina de arveja,0,0.432,32,194422,0,0,11,2025,Canada,1639,Estados Unidos,2553
2025-11-25,NotBurger,758,1536,proteina de arveja,0,0.471,41,193637,0,1,11,2025,Canada,1639,Estados Unidos,2553
2025-11-26,NotBurger,800,1536,proteina de arveja,0,0.439,33,192879,0,2,11,2025,Canada,1639,Estados Unidos,2553
2025-11-27,NotBurger,1081,1536,proteina de arveja,0,0.446,34,192079,0,3,11,2025,Canada,1639,Estados Unidos,2553
2025-11-28,NotBurger,1031,1536,proteina de arveja,0,0.445,36,190998,0,4,11,2025,Canada,1639,Estados Unidos,2553
2025-11-29,NotBurger,1137,1536,proteina de arveja,0,0.446,36,189967,0,5,11,2025,Canada,1639,Estados Unidos,2553
2025-11-30,NotBurger,1021,1536,proteina de arveja,0,0.499,37,188830,0,6,11,2025,Canada,1639,Estados Unidos,2553
2025-12-01,NotBurger,689,1536,proteina de arveja,0,0.443,34,187809,0,0,12,2025,Canada,1639,Estados Unidos,2553
2025-12-02,NotBurger,649,1536,proteina de arveja,0,0.496,36,187120,0,1,12,2025,Canada,1639,Estados Unidos,2553
2025-12-03,NotBurger,885,1536,proteina de arveja,0,0.517,36,186471,0,2,12,2025,Canada,1639,Estados Unidos,2553
2025-12-04,NotBurger,900,1536,proteina de arveja,0,0.478,35,185586,0,3,12,2025,Canada,1639,Estados Unidos,2553
2025-12-05,NotBurger,1005,1536,proteina de arveja,0,0.458,36,184686,0,4,12,2025,Canada,1639,Estados Unidos,2553
2025-12-06,NotBurger,1528,1536,proteina de arveja,1,0.442,37,183681,0,5,12,2025,Canada,1639,Estados Unidos,2553
2025-12-07,NotBurger,1048,1536,proteina de arveja,0,0.464,36,182153,0,6,12,2025,Canada,1639,Estados Unidos,2553
2025-12-08,NotBurger,795,1536,proteina de arveja,0,0.42,35,181105,0,0,12,2025,Canada,1639,Estados Unidos,2553
2025-12-09,NotBurger,697,1536,proteina de arveja,0,0.46,38,180310,0,1,12,2025,Canada,1639,Estados Unidos,2553
2025-12-10,NotBurger,1071,1536,proteina de arveja,1,0.436,37,179613,0,2,12,2025,Canada,1639,Estados Unidos,2553
2025-12-11,NotBurger,1432,1536,proteina de arveja,1,0.382,38,178542,0,3,12,2025,Canada,1639,Estados Unidos,2553
2025-12-12,NotBurger,1313,1536,proteina de arveja,0,0.439,32,177110,0,4,12,2025,Canada,1639,Estados Unidos,2553
2025-12-13,NotBurger,1177,1536,proteina de arveja,0,0.394,37,175797,0,5,12,2025,Canada,1639,Estados Unidos,2553
2025-12-14,NotBurger,1161,1536,proteina de arveja,0,0.378,36,174620,0,6,12,2025,Canada,1639,Estados Unidos,2553
2025-12-15,NotBurger,961,1536,proteina de arveja,1,0.354,32,173459,0,0,12,2025,Canada,1639,Estados Unidos,2553
2025-12-16,NotBurger,722,1536,proteina de arveja,0,0.38,35,172498,0,1,12,2025,Canada,1639,Estados Unidos,2553
2025-12-17,NotBurger,807,1536,proteina de arveja,0,0.416,37,171776,0,2,12,2025,Canada,1639,Estados Unidos,2553
2025-12-18,NotBurger,954,1536,proteina de arveja,0,0.405,33,170969,0,3,12,2025,Canada,1639,Estados Unidos,2553
2025-12-19,NotBurger,1190,1536,proteina de arveja,0,0.372,35,170015,0,4,12,2025,Canada,1639,Estados Unidos,2553
2025-12-20,NotBurger,1233,1536,proteina de arveja,0,0.378,36,168825,0,5,12,2025,Canada,1639,Estados Unidos,2553
2025-12-21,NotBurger,1064,1536,proteina de arveja,0,0.406,33,167592,0,6,12,2025,Canada,1639,Estados Unidos,2553
2025-12-22,NotBurger,1175,1536,proteina de arveja,1,0.329,34,166528,0,0,12,2025,Canada,1639,Estados Unidos,2553
2025-12-23,NotBurger,774,1536,proteina de arveja,0,0.275,34,165353,0,1,12,2025,Canada,1639,Estados Unidos,2553
2025-12-24,NotBurger,937,1536,proteina de arveja,0,0.389,33,164579,0,2,12,2025,Canada,1639,Estados Unidos,2553
2025-12-25,NotBurger,1083,1536,proteina de arveja,0,0.292,32,163642,0,3,12,2025,Canada,1639,Estados Unidos,2553
2025-12-26,NotBurger,1408,1536,proteina de arveja,0,0.278,33,162559,0,4,12,2025,Canada,1639,Estados Unidos,2553
2025-12-27,NotBurger,1465,1536,proteina de arveja,0,0.217,34,161151,0,5,12,2025,Canada,1639,Estados Unidos,2553
2025-12-28,NotBurger,1097,1536,proteina de arveja,0,0.329,35,159686,0,6,12,2025,Canada,1639,Estados Unidos,2553
2025-12-29,NotBurger,778,1536,proteina de arveja,0,0.213,31,158589,0,0,12,2025,Canada,1639,Estados Unidos,2553
2025-12-30,NotBurger,734,1536,proteina de arveja,0,0.251,34,157811,0,1,12,2025,Canada,1639,Estados Unidos,2553
2021-01-01,NotMayo,406,3099,harina de garbanzo,0,0.292,19,6800,0,4,1,2021,India,1368,Australia,394
2021-01-02,NotMayo,415,3099,harina de garbanzo,0,0.359,20,6394,0,5,1,2021,India,1368,Australia,394
2021-01-03,NotMayo,403,3099,harina de garbanzo,0,0.236,15,5979,0,6,1,2021,India,1368,Australia,394
2021-01-04,NotMayo,382,3099,harina de garbanzo,0,0.227,22,5576,0,0,1,2021,India,1368,Australia,394
2021-01-05,NotMayo,343,3099,harina de garbanzo,0,0.246,19,5194,0,1,1,2021,India,1368,Australia,394
2021-01-06,NotMayo,322,3099,harina de garbanzo,0,0.249,19,4851,0,2,1,2021,India,1368,Australia,394
2021-01-07,NotMayo,376,3099,harina de garbanzo,0,0.336,15,4529,0,3,1,2021,India,1368,Australia,394
2021-01-08,NotMayo,376,3099,harina de garbanzo,0,0.315,20,4153,0,4,1,2021,India,1368,Australia,394
2021-01-09,NotMayo,463,3099,harina de garbanzo,0,0.263,17,3777,0,5,1,2021,India,1368,Australia,394
2021-01-10,NotMayo,590,3099,harina de garbanzo,1,0.299,16,3314,0,6,1,2021,India,1368,Australia,394
2021-01-11,NotMayo,472,3099,harina de garbanzo,1,0.213,16,2724,0,0,1,2021,India,1368,Australia,394
2021-01-12,NotMayo,363,3099,harina de garbanzo,0,0.232,15,2252,0,1,1,2021,India,1368,Australia,394
2021-01-13,NotMayo,364,3099,harina de garbanzo,0,0.197,15,1889,0,2,1,2021,India,1368,Australia,394
2021-01-14,NotMayo,401,3099,harina de garbanzo,0,0.143,17,1525,0,3,1,2021,India,1368,Australia,394
2021-01-15,NotMayo,362,3099,harina de garbanzo,0,0.263,17,1124,0,4,1,2021,India,1368,Australia,394
2021-01-16,NotMayo,410,3099,harina de garbanzo,0,0.226,18,762,0,5,1,2021,India,1368,Australia,394
2021-01-17,NotMayo,359,3099,harina de garbanzo,0,0.196,21,352,0,6,1,2021,India,1368,Australia,394
2021-01-18,NotMayo,363,3099,harina de garbanzo,0,0.191,17,0,1,0,1,2021,India,1368,Australia,394
2021-01-19,NotMayo,342,3099,harina de garbanzo,0,0.112,12,0,1,1,1,2021,India,1368,Australia,394
2021-01-20,NotMayo,417,3099,harina de garbanzo,0,0.135,17,0,1,2,1,2021,India,1368,Australia,394
2021-01-21,NotMayo,423,3099,harina de garbanzo,0,0.197,20,0,1,3,1,2021,India,1368,Australia,394
2021-01-22,NotMayo,429,3099,harina de garbanzo,0,0.15,17,8077,0,4,1,2021,India,1368,Australia,394
2021-01-23,NotMayo,409,3099,harina de garbanzo,0,0.163,20,7648,0,5,1,2021,India,1368,Australia,394
2021-01-24,NotMayo,582,3099,harina de garbanzo,1,0.166,18,7239,0,6,1,2021,India,1368,Australia,394
2021-01-25,NotMayo,358,3099,harina de garbanzo,0,0.134,13,15157,0,0,1,2021,India,1368,Australia,394
2021-01-26,NotMayo,357,3099,harina de garbanzo,0,0.117,17,31799,0,1,1,2021,India,1368,Australia,394
2021-01-27,NotMayo,469,3099,harina de garbanzo,1,0.082,17,48442,0,2,1,2021,India,1368,Australia,394
2021-01-28,NotMayo,386,3099,harina de garbanzo,0,0.154,19,64973,0,3,1,2021,India,1368,Australia,394
2021-01-29,NotMayo,425,3099,harina de garbanzo,0,0.19,21,64587,0,4,1,2021,India,1368,Australia,394
2021-01-30,NotMayo,355,3099,harina de garbanzo,0,0.075,18,64162,0,5,1,2021,India,1368,Australia,394
2021-01-31,NotMayo,345,3099,harina de garbanzo,0,0.154,18,80807,0,6,1,2021,India,1368,Australia,394
2021-02-01,NotMayo,373,3099,harina de garbanzo,0,0.168,19,88962,0,0,2,2021,India,1368,Australia,394
2021-02-02,NotMayo,545,3099,harina de garbanzo,1,0.103,16,88589,0,1,2,2021,India,1368,Australia,394
2021-02-03,NotMayo,378,3099,harina de garbanzo,0,0.223,15,96544,0,2,2,2021,India,1368,Australia,394
2021-02-04,NotMayo,379,3099,harina de garbanzo,0,0.132,17,104666,0,3,2,2021,India,1368,Australia,394
2021-02-05,NotMayo,378,3099,harina de garbanzo,0,0.145,18,104287,0,4,2,2021,India,1368,Australia,394
2021-02-06,NotMayo,452,3099,harina de garbanzo,0,0.142,15,112409,0,5,2,2021,India,1368,Australia,394
2021-02-07,NotMayo,379,3099,harina de garbanzo,0,0.061,19,120457,0,6,2,2021,India,1368,Australia,394
2021-02-08,NotMayo,384,3099,harina de garbanzo,0,0.2,20,120078,0,0,2,2021,India,1368,Australia,394
2021-02-09,NotMayo,364,3099,harina de garbanzo,0,0.103,14,119694,0,1,2,2021,India,1368,Australia,394
2021-02-10,NotMayo,385,3099,harina de garbanzo,0,0.139,20,127830,0,2,2,2021,India,1368,Australia,394
2021-02-11,NotMayo,406,3099,harina de garbanzo,0,0.181,17,127445,0,3,2,2021,India,1368,Australia,394
2021-02-12,NotMayo,443,3099,harina de garbanzo,0,0.225,16,127039,0,4,2,2021,India,1368,Australia,394
2021-02-13,NotMayo,423,3099,harina de garbanzo,0,0.099,19,126596,0,5,2,2021,India,1368,Australia,394
2021-02-14,NotMayo,379,3099,harina de garbanzo,0,0.132,17,126173,0,6,2,2021,India,1368,Australia,394
2021-02-15,NotMayo,339,3099,harina de garbanzo,0,0.225,22,125794,0,0,2,2021,India,1368,Australia,394
2021-02-16,NotMayo,287,3099,harina de garbanzo,0,0.181,16,125455,0,1,2,2021,India,1368,Australia,394
2021-02-17,NotMayo,367,3099,harina de garbanzo,0,0.193,14,125168,0,2,2,2021,India,1368,Australia,394
2021-02-18,NotMayo,456,3099,harina de garbanzo,0,0.109,16,124801,0,3,2,2021,India,1368,Australia,394
2021-02-19,NotMayo,457,3099,harina de garbanzo,0,0.145,19,124345,0,4,2,2021,India,1368,Australia,394
2021-02-20,NotMayo,437,3099,harina de garbanzo,0,0.158,15,123888,0,5,2,2021,India,1368,Australia,394
2021-02-21,NotMayo,378,3099,harina de garbanzo,0,0.126,14,123451,0,6,2,2021,India,1368,Australia,394
2021-02-22,NotMayo,398,3099,harina de garbanzo,0,0.088,17,123073,0,0,2,2021,India,1368,Australia,394
2021-02-23,NotMayo,353,3099,harina de garbanzo,0,0.149,14,122675,0,1,2,2021,India,1368,Australia,394
2021-02-24,NotMayo,511,3099,harina de garbanzo,1,0.246,19,122322,0,2,2,2021,India,1368,Australia,394
2021-02-25,NotMayo,376,3099,harina de garbanzo,0,0.184,17,121811,0,3,2,2021,India,1368,Australia,394
2021-02-26,NotMayo,407,3099,harina de garbanzo,0,0.254,19,121435,0,4,2,2021,India,1368,Australia,394
2021-02-27,NotMayo,401,3099,harina de garbanzo,0,0.198,15,121028,0,5,2,2021,India,1368,Australia,394
2021-02-28,NotMayo,354,3099,harina de garbanzo,0,0.154,20,120627,0,6,2,2021,India,1368,Australia,394
2021-03-01,NotMayo,342,3099,harina de garbanzo,0,0.26,18,120273,0,0,3,2021,India,1368,Australia,394
2021-03-02,NotMayo,360,3099,harina de garbanzo,0,0.211,19,119931,0,1,3,2021,India,1368,Australia,394
2021-03-03,NotMayo,353,3099,harina de garbanzo,0,0.253,20,119571,0,2,3,2021,India,1368,Australia,394
2021-03-04,NotMayo,282,3099,harina de garbanzo,0,0.156,15,119218,0,3,3,2021,India,1368,Australia,394
2021-03-05,NotMayo,471,3099,harina de garbanzo,0,0.266,20,118936,0,4,3,2021,India,1368,Australia,394
2021-03-06,NotMayo,373,3099,harina de garbanzo,0,0.272,15,118465,0,5,3,2021,India,1368,Australia,394
2021-03-07,NotMayo,421,3099,harina de garbanzo,0,0.238,15,118092,0,6,3,2021,India,1368,Australia,394
2021-03-08,NotMayo,370,3099,harina de garbanzo,0,0.188,21,117671,0,0,3,2021,India,1368,Australia,394
2021-03-09,NotMayo,417,3099,harina de garbanzo,0,0.231,20,117301,0,1,3,2021,India,1368,Australia,394
2021-03-10,NotMayo,404,3099,harina de garbanzo,0,0.269,22,116884,0,2,3,2021,India,1368,Australia,394
2021-03-11,NotMayo,391,3099,harina de garbanzo,0,0.256,17,116480,0,3,3,2021,India,1368,Australia,394
2021-03-12,NotMayo,409,3099,harina de garbanzo,0,0.28,18,116089,0,4,3,2021,India,1368,Australia,394
2021-03-13,NotMayo,482,3099,harina de garbanzo,0,0.306,19,115680,0,5,3,2021,India,1368,Australia,394
2021-03-14,NotMayo,439,3099,harina de garbanzo,1,0.228,18,115198,0,6,3,2021,India,1368,Australia,394
2021-03-15,NotMayo,374,3099,harina de garbanzo,0,0.208,16,114759,0,0,3,2021,India,1368,Australia,394
2021-03-16,NotMayo,352,3099,harina de garbanzo,0,0.27,16,114385,0,1,3,2021,India,1368,Australia,394
2021-03-17,NotMayo,363,3099,harina de garbanzo,0,0.261,19,114033,0,2,3,2021,India,1368,Australia,394
2021-03-18,NotMayo,572,3099,harina de garbanzo,1,0.323,16,113670,0,3,3,2021,India,1368,Australia,394
2021-03-19,NotMayo,438,3099,harina de garbanzo,0,0.236,16,113098,0,4,3,2021,India,1368,Australia,394
2021-03-20,NotMayo,444,3099,harina de garbanzo,0,0.346,20,112660,0,5,3,2021,India,1368,Australia,394
2021-03-21,NotMayo,404,3099,harina de garbanzo,0,0.369,19,112216,0,6,3,2021,India,1368,Australia,394
2021-03-22,NotMayo,379,3099,harina de garbanzo,0,0.307,20,111812,0,0,3,2021,India,1368,Australia,394
2021-03-23,NotMayo,357,3099,harina de garbanzo,0,0.316,18,111433,0,1,3,2021,India,1368,Australia,394
2021-03-24,NotMayo,352,3099,harina de garbanzo,0,0.281,17,111076,0,2,3,2021,India,1368,Australia,394
2021-03-25,NotMayo,405,3099,harina de garbanzo,0,0.298,19,110724,0,3,3,2021,India,1368,Australia,394
2021-03-26,NotMayo,405,3099,harina de garbanzo,0,0.311,17,110319,0,4,3,2021,India,1368,Australia,394
2021-03-27,NotMayo,400,3099,harina de garbanzo,0,0.409,18,109914,0,5,3,2021,India,1368,Australia,394
2021-03-28,NotMayo,387,3099,harina de garbanzo,0,0.34,17,109514,0,6,3,2021,India,1368,Australia,394
2021-03-29,NotMayo,505,3099,harina de garbanzo,1,0.283,18,109127,0,0,3,2021,India,1368,Australia,394
2021-03-30,NotMayo,353,3099,harina de garbanzo,0,0.368,22,108622,0,1,3,2021,India,1368,Australia,394
2021-03-31,NotMayo,396,3099,harina de garbanzo,0,0.402,16,108269,0,2,3,2021,India,1368,Australia,394
2021-04-01,NotMayo,498,3099,harina de garbanzo,1,0.366,22,107873,0,3,4,2021,India,1368,Australia,394
2021-04-02,NotMayo,433,3099,harina de garbanzo,0,0.446,21,107375,0,4,4,2021,India,1368,Australia,394
2021-04-03,NotMayo,428,3099,harina de garbanzo,0,0.417,22,106942,0,5,4,2021,India,1368,Australia,394
2021-04-04,NotMayo,376,3099,harina de garbanzo,0,0.332,25,106514,0,6,4,2021,India,1368,Australia,394
2021-04-05,NotMayo,365,3099,harina de garbanzo,0,0.362,22,106138,0,0,4,2021,India,1368,Australia,394
2021-04-06,NotMayo,378,3099,harina de garbanzo,0,0.407,21,105773,0,1,4,2021,India,1368,Australia,394
2021-04-07,NotMayo,372,3099,harina de garbanzo,0,0.318,16,105395,0,2,4,2021,India,1368,Australia,394
2021-04-08,NotMayo,406,3099,harina de garbanzo,0,0.423,17,105023,0,3,4,2021,India,1368,Australia,394
2021-04-09,NotMayo,399,3099,harina de garbanzo,0,0.324,19,104617,0,4,4,2021,India,1368,Australia,394
2021-04-10,NotMayo,486,3099,harina de garbanzo,0,0.468,16,104218,0,5,4,2021,India,1368,Australia,394
2021-04-11,NotMayo,371,3099,harina de garbanzo,0,0.467,21,103732,0,6,4,2021,India,1368,Australia,394
2021-04-12,NotMayo,311,3099,harina de garbanzo,0,0.452,15,103361,0,0,4,2021,India,1368,Australia,394
2021-04-13,NotMayo,370,3099,harina de garbanzo,0,0.398,21,103050,0,1,4,2021,India,1368,Australia,394
2021-04-14,NotMayo,360,3099,harina de garbanzo,0,0.445,19,102680,0,2,4,2021,India,1368,Australia,394
2021-04-15,NotMayo,386,3099,harina de garbanzo,0,0.415,20,102320,0,3,4,2021,India,1368,Australia,394
2021-04-16,NotMayo,401,3099,harina de garbanzo,0,0.394,18,101934,0,4,4,2021,India,1368,Australia,394
2021-04-17,NotMayo,478,3099,harina de garbanzo,0,0.433,16,101533,0,5,4,2021,India,1368,Australia,394
2021-04-18,NotMayo,399,3099,harina de garbanzo,0,0.489,22,101055,0,6,4,2021,India,1368,Australia,394
2021-04-19,NotMayo,371,3099,harina de garbanzo,0,0.46,22,100656,0,0,4,2021,India,1368,Australia,394
2021-04-20,NotMayo,347,3099,harina de garbanzo,0,0.534,20,100285,0,1,4,2021,India,1368,Australia,394
2021-04-21,NotMayo,367,3099,harina de garbanzo,0,0.504,21,99938,0,2,4,2021,India,1368,Australia,394
2021-04-22,NotMayo,586,3099,harina de garbanzo,1,0.502,19,99571,0,3,4,2021,India,1368,Australia,394
2021-04-23,NotMayo,406,3099,harina de garbanzo,0,0.392,20,98985,0,4,4,2021,India,1368,Australia,394
2021-04-24,NotMayo,363,3099,harina de garbanzo,0,0.461,21,98579,0,5,4,2021,India,1368,Australia,394
2021-04-25,NotMayo,410,3099,harina de garbanzo,0,0.425,21,98216,0,6,4,2021,India,1368,Australia,394
2021-04-26,NotMayo,365,3099,harina de garbanzo,0,0.472,22,97806,0,0,4,2021,India,1368,Australia,394
2021-04-27,NotMayo,431,3099,harina de garbanzo,1,0.449,21,97441,0,1,4,2021,India,1368,Australia,394
2021-04-28,NotMayo,368,3099,harina de garbanzo,0,0.467,20,97010,0,2,4,2021,India,1368,Australia,394
2021-04-29,NotMayo,375,3099,harina de garbanzo,0,0.542,19,96642,0,3,4,2021,India,1368,Australia,394
2021-04-30,NotMayo,410,3099,harina de garbanzo,0,0.514,19,96267,0,4,4,2021,India,1368,Australia,394
2021-05-01,NotMayo,402,3099,harina de garbanzo,0,0.543,22,95857,0,5,5,2021,India,1368,Australia,394
2021-05-02,NotMayo,360,3099,harina de garbanzo,0,0.414,16,95455,0,6,5,2021,India,1368,Australia,394
2021-05-03,NotMayo,380,3099,harina de garbanzo,0,0.498,22,95095,0,0,5,2021,India,1368,Australia,394
2021-05-04,NotMayo,297,3099,harina de garbanzo,0,0.545,20,94715,0,1,5,2021,India,1368,Australia,394
2021-05-05,NotMayo,416,3099,harina de garbanzo,0,0.573,19,94418,0,2,5,2021,India,1368,Australia,394
2021-05-06,NotMayo,408,3099,harina de garbanzo,0,0.421,17,94002,0,3,5,2021,India,1368,Australia,394
2021-05-07,NotMayo,346,3099,harina de garbanzo,0,0.482,21,93594,0,4,5,2021,India,1368,Australia,394
2021-05-08,NotMayo,393,3099,harina de garbanzo,0,0.551,20,93248,0,5,5,2021,India,1368,Australia,394
2021-05-09,NotMayo,368,3099,harina de garbanzo,0,0.49,23,92855,0,6,5,2021,India,1368,Australia,394
2021-05-10,NotMayo,352,3099,harina de garbanzo,0,0.454,17,92487,0,0,5,2021,India,1368,Australia,394
2021-05-11,NotMayo,303,3099,harina de garbanzo,0,0.422,18,92135,0,1,5,2021,India,1368,Australia,394
2021-05-12,NotMayo,346,3099,harina de garbanzo,0,0.452,19,91832,0,2,5,2021,India,1368,Australia,394
2021-05-13,NotMayo,372,3099,harina de garbanzo,0,0.414,18,91486,0,3,5,2021,India,1368,Australia,394
2021-05-14,NotMayo,374,3099,harina de garbanzo,0,0.501,20,91114,0,4,5,2021,India,1368,Australia,394
2021-05-15,NotMayo,367,3099,harina de garbanzo,0,0.542,21,90740,0,5,5,2021,India,1368,Australia,394
2021-05-16,NotMayo,394,3099,harina de garbanzo,0,0.433,20,90373,0,6,5,2021,India,1368,Australia,394
2021-05-17,NotMayo,291,3099,harina de garbanzo,0,0.507,23,89979,0,0,5,2021,India,1368,Australia,394
2021-05-18,NotMayo,337,3099,harina de garbanzo,0,0.535,18,89688,0,1,5,2021,India,1368,Australia,394
2021-05-19,NotMayo,361,3099,harina de garbanzo,0,0.491,21,89351,0,2,5,2021,India,1368,Australia,394
2021-05-20,NotMayo,363,3099,harina de garbanzo,0,0.408,18,88990,0,3,5,2021,India,1368,Australia,394
2021-05-21,NotMayo,393,3099,harina de garbanzo,0,0.506,21,88627,0,4,5,2021,India,1368,Australia,394
2021-05-22,NotMayo,424,3099,harina de garbanzo,0,0.482,21,88234,0,5,5,2021,India,1368,Australia,394
2021-05-23,NotMayo,341,3099,harina de garbanzo,0,0.474,18,87810,0,6,5,2021,India,1368,Australia,394
2021-05-24,NotMayo,424,3099,harina de garbanzo,1,0.452,18,87469,0,0,5,2021,India,1368,Australia,394
2021-05-25,NotMayo,307,3099,harina de garbanzo,0,0.48,21,87045,0,1,5,2021,India,1368,Australia,394
2021-05-26,NotMayo,365,3099,harina de garbanzo,0,0.498,20,86738,0,2,5,2021,India,1368,Australia,394
2021-05-27,NotMayo,401,3099,harina de garbanzo,0,0.589,20,86373,0,3,5,2021,India,1368,Australia,394
2021-05-28,NotMayo,342,3099,harina de garbanzo,0,0.472,21,85972,0,4,5,2021,India,1368,Australia,394
2021-05-29,NotMayo,413,3099,harina de garbanzo,0,0.538,22,85630,0,5,5,2021,India,1368,Australia,394
2021-05-30,NotMayo,379,3099,harina de garbanzo,0,0.477,19,85217,0,6,5,2021,India,1368,Australia,394
2021-05-31,NotMayo,366,3099,harina de garbanzo,0,0.45,18,84838,0,0,5,2021,India,1368,Australia,394
2021-06-01,NotMayo,324,3099,harina de garbanzo,0,0.458,17,84472,0,1,6,2021,India,1368,Australia,394
2021-06-02,NotMayo,327,3099,harina de garbanzo,0,0.385,19,84148,0,2,6,2021,India,1368,Australia,394
2021-06-03,NotMayo,390,3099,harina de garbanzo,0,0.457,17,83821,0,3,6,2021,India,1368,Australia,394
2021-06-04,NotMayo,400,3099,harina de garbanzo,0,0.338,19,83431,0,4,6,2021,India,1368,Australia,394
2021-06-05,NotMayo,443,3099,harina de garbanzo,0,0.39,22,83031,0,5,6,2021,India,1368,Australia,394
2021-06-06,NotMayo,377,3099,harina de garbanzo,0,0.433,19,82588,0,6,6,2021,India,1368,Australia,394
2021-06-07,NotMayo,324,3099,harina de garbanzo,0,0.483,19,82211,0,0,6,2021,India,1368,Australia,394
2021-06-08,NotMayo,280,3099,harina de garbanzo,0,0.489,24,81887,0,1,6,2021,India,1368,Australia,394
2021-06-09,NotMayo,308,3099,harina de garbanzo,0,0.401,22,81607,0,2,6,2021,India,1368,Australia,394
2021-06-10,NotMayo,311,3099,harina de garbanzo,0,0.415,18,81299,0,3,6,2021,India,1368,Australia,394
2021-06-11,NotMayo,366,3099,harina de garbanzo,0,0.451,20,80988,0,4,6,2021,India,1368,Australia,394
2021-06-12,NotMayo,397,3099,harina de garbanzo,0,0.33,19,80622,0,5,6,2021,India,1368,Australia,394
2021-06-13,NotMayo,344,3099,harina de garbanzo,0,0.411,20,80225,0,6,6,2021,India,1368,Australia,394
2021-06-14,NotMayo,341,3099,harina de garbanzo,0,0.344,22,79881,0,0,6,2021,India,1368,Australia,394
2021-06-15,NotMayo,312,3099,harina de garbanzo,0,0.371,19,79540,0,1,6,2021,India,1368,Australia,394
2021-06-16,NotMayo,308,3099,harina de garbanzo,0,0.351,19,79228,0,2,6,2021,India,1368,Australia,394
2021-06-17,NotMayo,348,3099,harina de garbanzo,0,0.39,20,78920,0,3,6,2021,India,1368,Australia,394
2021-06-18,NotMayo,380,3099,harina de garbanzo,0,0.39,21,78572,0,4,6,2021,India,1368,Australia,394
2021-06-19,NotMayo,484,3099,harina de garbanzo,1,0.401,21,78192,0,5,6,2021,India,1368,Australia,394
2021-06-20,NotMayo,343,3099,harina de garbanzo,0,0.368,20,77708,0,6,6,2021,India,1368,Australia,394
2021-06-21,NotMayo,291,3099,harina de garbanzo,0,0.353,16,77365,0,0,6,2021,India,1368,Australia,394
2021-06-22,NotMayo,368,3099,harina de garbanzo,1,0.431,18,77074,0,1,6,2021,India,1368,Australia,394
2021-06-23,NotMayo,369,3099,harina de garbanzo,0,0.256,20,76706,0,2,6,2021,India,1368,Australia,394
2021-06-24,NotMayo,374,3099,harina de garbanzo,0,0.411,20,76337,0,3,6,2021,India,1368,Australia,394
2021-06-25,NotMayo,318,3099,harina de garbanzo,0,0.306,20,75963,0,4,6,2021,India,1368,Australia,394
2021-06-26,NotMayo,290,3099,harina de garbanzo,0,0.343,23,75645,0,5,6,2021,India,1368,Australia,394
2021-06-27,NotMayo,335,3099,harina de garbanzo,0,0.292,16,75355,0,6,6,2021,India,1368,Australia,394
2021-06-28,NotMayo,327,3099,harina de garbanzo,0,0.267,20,75020,0,0,6,2021,India,1368,Australia,394
2021-06-29,NotMayo,282,3099,harina de garbanzo,0,0.321,18,74693,0,1,6,2021,India,1368,Australia,394
2021-06-30,NotMayo,333,3099,harina de garbanzo,0,0.343,21,74411,0,2,6,2021,India,1368,Australia,394
2021-07-01,NotMayo,438,3099,harina de garbanzo,1,0.308,18,74078,0,3,7,2021,India,1368,Australia,394
2021-07-02,NotMayo,350,3099,harina de garbanzo,0,0.252,22,73640,0,4,7,2021,India,1368,Australia,394
2021-07-03,NotMayo,373,3099,harina de garbanzo,0,0.454,20,73290,0,5,7,2021,India,1368,Australia,394
2021-07-04,NotMayo,314,3099,harina de garbanzo,0,0.327,17,72917,0,6,7,2021,India,1368,Australia,394
2021-07-05,NotMayo,294,3099,harina de garbanzo,0,0.308,19,72603,0,0,7,2021,India,1368,Australia,394
2021-07-06,NotMayo,306,3099,harina de garbanzo,0,0.239,19,72309,0,1,7,2021,India,1368,Australia,394
2021-07-07,NotMayo,303,3099,harina de garbanzo,0,0.219,20,72003,0,2,7,2021,India,1368,Australia,394
2021-07-08,NotMayo,381,3099,harina de garbanzo,0,0.231,19,71700,0,3,7,2021,India,1368,Australia,394
2021-07-09,NotMayo,369,3099,harina de garbanzo,0,0.294,23,71319,0,4,7,2021,India,1368,Australia,394
2021-07-10,NotMayo,365,3099,harina de garbanzo,0,0.185,17,70950,0,5,7,2021,India,1368,Australia,394
2021-07-11,NotMayo,322,3099,harina de garbanzo,0,0.176,17,70585,0,6,7,2021,India,1368,Australia,394
2021-07-12,NotMayo,317,3099,harina de garbanzo,0,0.252,17,70263,0,0,7,2021,India,1368,Australia,394
2021-07-13,NotMayo,279,3099,harina de garbanzo,0,0.236,18,69946,0,1,7,2021,India,1368,Australia,394
2021-07-14,NotMayo,421,3099,harina de garbanzo,1,0.177,18,69667,0,2,7,2021,India,1368,Australia,394
2021-07-15,NotMayo,302,3099,harina de garbanzo,0,0.156,18,69246,0,3,7,2021,India,1368,Australia,394
2021-07-16,NotMayo,374,3099,harina de garbanzo,0,0.278,18,68944,0,4,7,2021,India,1368,Australia,394
2021-07-17,NotMayo,351,3099,harina de garbanzo,0,0.22,17,68570,0,5,7,2021,India,1368,Australia,394
2021-07-18,NotMayo,370,3099,harina de garbanzo,0,0.129,15,68219,0,6,7,2021,India,1368,Australia,394
2021-07-19,NotMayo,349,3099,harina de garbanzo,0,0.129,16,67849,0,0,7,2021,India,1368,Australia,394
2021-07-20,NotMayo,300,3099,harina de garbanzo,0,0.171,20,67500,0,1,7,2021,India,1368,Australia,394
2021-07-21,NotMayo,298,3099,harina de garbanzo,0,0.222,20,67200,0,2,7,2021,India,1368,Australia,394
2021-07-22,NotMayo,298,3099,harina de garbanzo,0,0.212,18,66902,0,3,7,2021,India,1368,Australia,394
2021-07-23,NotMayo,366,3099,harina de garbanzo,0,0.235,16,66604,0,4,7,2021,India,1368,Australia,394
2021-07-24,NotMayo,345,3099,harina de garbanzo,0,0.101,17,66238,0,5,7,2021,India,1368,Australia,394
2021-07-25,NotMayo,330,3099,harina de garbanzo,0,0.184,22,65893,0,6,7,2021,India,1368,Australia,394
2021-07-26,NotMayo,330,3099,harina de garbanzo,0,0.241,20,65563,0,0,7,2021,India,1368,Australia,394
2021-07-27,NotMayo,261,3099,harina de garbanzo,0,0.234,19,65233,0,1,7,2021,India,1368,Australia,394
2021-07-28,NotMayo,271,3099,harina de garbanzo,0,0.182,19,64972,0,2,7,2021,India,1368,Australia,394
2021-07-29,NotMayo,313,3099,harina de garbanzo,0,0.28,21,64701,0,3,7,2021,India,1368,Australia,394
2021-07-30,NotMayo,361,3099,harina de garbanzo,0,0.191,15,64388,0,4,7,2021,India,1368,Australia,394
2021-07-31,NotMayo,351,3099,harina de garbanzo,0,0.21,17,64027,0,5,7,2021,India,1368,Australia,394
2021-08-01,NotMayo,291,3099,harina de garbanzo,0,0.159,16,63676,0,6,8,2021,India,1368,Australia,394
2021-08-02,NotMayo,305,3099,harina de garbanzo,0,0.116,18,63385,0,0,8,2021,India,1368,Australia,394
2021-08-03,NotMayo,251,3099,harina de garbanzo,0,0.11,17,63080,0,1,8,2021,India,1368,Australia,394
2021-08-04,NotMayo,271,3099,harina de garbanzo,0,0.162,19,62829,0,2,8,2021,India,1368,Australia,394
2021-08-05,NotMayo,314,3099,harina de garbanzo,0,0.141,16,62558,0,3,8,2021,India,1368,Australia,394
2021-08-06,NotMayo,321,3099,harina de garbanzo,0,0.062,19,62244,0,4,8,2021,India,1368,Australia,394
2021-08-07,NotMayo,357,3099,harina de garbanzo,0,0.099,17,61923,0,5,8,2021,India,1368,Australia,394
2021-08-08,NotMayo,318,3099,harina de garbanzo,0,0.134,18,61566,0,6,8,2021,India,1368,Australia,394
2021-08-09,NotMayo,326,3099,harina de garbanzo,0,0.186,20,61248,0,0,8,2021,India,1368,Australia,394
2021-08-10,NotMayo,270,3099,harina de garbanzo,0,0.149,19,60922,0,1,8,2021,India,1368,Australia,394
2021-08-11,NotMayo,286,3099,harina de garbanzo,0,0.147,18,60652,0,2,8,2021,India,1368,Australia,394
2021-08-12,NotMayo,346,3099,harina de garbanzo,0,0.102,18,60366,0,3,8,2021,India,1368,Australia,394
2021-08-13,NotMayo,332,3099,harina de garbanzo,0,0.153,21,60020,0,4,8,2021,India,1368,Australia,394
2021-08-14,NotMayo,372,3099,harina de garbanzo,0,0.219,19,59688,0,5,8,2021,India,1368,Australia,394
2021-08-15,NotMayo,323,3099,harina de garbanzo,0,0.162,16,59316,0,6,8,2021,India,1368,Australia,394
2021-08-16,NotMayo,231,3099,harina de garbanzo,0,0.08,18,58993,0,0,8,2021,India,1368,Australia,394
2021-08-17,NotMayo,301,3099,harina de garbanzo,0,0.094,17,58762,0,1,8,2021,India,1368,Australia,394
2021-08-18,NotMayo,309,3099,harina de garbanzo,0,0.188,13,58461,0,2,8,2021,India,1368,Australia,394
2021-08-19,NotMayo,338,3099,harina de garbanzo,0,0.149,18,58152,0,3,8,2021,India,1368,Australia,394
2021-08-20,NotMayo,282,3099,harina de garbanzo,0,0.159,18,57814,0,4,8,2021,India,1368,Australia,394
2021-08-21,NotMayo,314,3099,harina de garbanzo,0,0.134,19,57532,0,5,8,2021,India,1368,Australia,394
2021-08-22,NotMayo,295,3099,harina de garbanzo,0,0.193,16,57218,0,6,8,2021,India,1368,Australia,394
2021-08-23,NotMayo,265,3099,harina de garbanzo,0,0.155,14,56923,0,0,8,2021,India,1368,Australia,394
2021-08-24,NotMayo,313,3099,harina de garbanzo,0,0.164,18,56658,0,1,8,2021,India,1368,Australia,394
2021-08-25,NotMayo,288,3099,harina de garbanzo,0,0.134,18,56345,0,2,8,2021,India,1368,Australia,394
2021-08-26,NotMayo,392,3099,harina de garbanzo,1,0.225,18,56057,0,3,8,2021,India,1368,Australia,394
2021-08-27,NotMayo,348,3099,harina de garbanzo,0,0.172,17,55665,0,4,8,2021,India,1368,Australia,394
2021-08-28,NotMayo,346,3099,harina de garbanzo,0,0.217,16,55317,0,5,8,2021,India,1368,Australia,394
2021-08-29,NotMayo,227,3099,harina de garbanzo,0,0.13,17,54971,0,6,8,2021,India,1368,Australia,394
2021-08-30,NotMayo,270,3099,harina de garbanzo,0,0.281,18,54744,0,0,8,2021,India,1368,Australia,394
2021-08-31,NotMayo,244,3099,harina de garbanzo,0,0.262,20,54474,0,1,8,2021,India,1368,Australia,394
2021-09-01,NotMayo,298,3099,harina de garbanzo,0,0.107,18,54230,0,2,9,2021,India,1368,Australia,394
2021-09-02,NotMayo,307,3099,harina de garbanzo,0,0.167,17,53932,0,3,9,2021,India,1368,Australia,394
2021-09-03,NotMayo,335,3099,harina de garbanzo,0,0.235,21,53625,0,4,9,2021,India,1368,Australia,394
2021-09-04,NotMayo,277,3099,harina de garbanzo,0,0.15,17,53290,0,5,9,2021,India,1368,Australia,394
2021-09-05,NotMayo,303,3099,harina de garbanzo,0,0.214,19,53013,0,6,9,2021,India,1368,Australia,394
2021-09-06,NotMayo,311,3099,harina de garbanzo,0,0.247,18,52710,0,0,9,2021,India,1368,Australia,394
2021-09-07,NotMayo,372,3099,harina de garbanzo,1,0.221,21,52399,0,1,9,2021,India,1368,Australia,394
2021-09-08,NotMayo,306,3099,harina de garbanzo,0,0.263,18,52027,0,2,9,2021,India,1368,Australia,394
2021-09-09,NotMayo,282,3099,harina de garbanzo,0,0.206,18,51721,0,3,9,2021,India,1368,Australia,394
2021-09-10,NotMayo,370,3099,harina de garbanzo,0,0.134,17,51439,0,4,9,2021,India,1368,Australia,394
2021-09-11,NotMayo,353,3099,harina de garbanzo,0,0.301,19,51069,0,5,9,2021,India,1368,Australia,394
2021-09-12,NotMayo,309,3099,harina de garbanzo,0,0.306,21,50716,0,6,9,2021,India,1368,Australia,394
2021-09-13,NotMayo,241,3099,harina de garbanzo,0,0.388,21,50407,0,0,9,2021,India,1368,Australia,394
2021-09-14,NotMayo,299,3099,harina de garbanzo,0,0.158,17,50166,0,1,9,2021,India,1368,Australia,394
2021-09-15,NotMayo,364,3099,harina de garbanzo,1,0.312,22,49867,0,2,9,2021,India,1368,Australia,394
2021-09-16,NotMayo,327,3099,harina de garbanzo,0,0.181,19,49503,0,3,9,2021,India,1368,Australia,394
2021-09-17,NotMayo,340,3099,harina de garbanzo,0,0.374,18,49176,0,4,9,2021,India,1368,Australia,394
2021-09-18,NotMayo,378,3099,harina de garbanzo,0,0.316,16,48836,0,5,9,2021,India,1368,Australia,394
2021-09-19,NotMayo,383,3099,harina de garbanzo,1,0.25,17,48458,0,6,9,2021,India,1368,Australia,394
2021-09-20,NotMayo,289,3099,harina de garbanzo,0,0.343,20,48075,0,0,9,2021,India,1368,Australia,394
2021-09-21,NotMayo,316,3099,harina de garbanzo,0,0.282,19,47786,0,1,9,2021,India,1368,Australia,394
2021-09-22,NotMayo,279,3099,harina de garbanzo,0,0.331,21,47470,0,2,9,2021,India,1368,Australia,394
2021-09-23,NotMayo,342,3099,harina de garbanzo,0,0.332,16,47191,0,3,9,2021,India,1368,Australia,394
2021-09-24,NotMayo,336,3099,harina de garbanzo,0,0.415,18,46849,0,4,9,2021,India,1368,Australia,394
2021-09-25,NotMayo,313,3099,harina de garbanzo,0,0.424,17,46513,0,5,9,2021,India,1368,Australia,394
2021-09-26,NotMayo,318,3099,harina de garbanzo,0,0.31,16,46200,0,6,9,2021,India,1368,Australia,394
2021-09-27,NotMayo,309,3099,harina de garbanzo,0,0.398,18,45882,0,0,9,2021,India,1368,Australia,394
2021-09-28,NotMayo,314,3099,harina de garbanzo,0,0.369,20,45573,0,1,9,2021,India,1368,Australia,394
2021-09-29,NotMayo,333,3099,harina de garbanzo,0,0.287,20,45259,0,2,9,2021,India,1368,Australia,394
2021-09-30,NotMayo,317,3099,harina de garbanzo,0,0.329,17,44926,0,3,9,2021,India,1368,Australia,394
2021-10-01,NotMayo,318,3099,harina de garbanzo,0,0.486,18,44609,0,4,10,2021,India,1368,Australia,394
2021-10-02,NotMayo,335,3099,harina de garbanzo,0,0.393,16,44291,0,5,10,2021,India,1368,Australia,394
2021-10-03,NotMayo,292,3099,harina de garbanzo,0,0.431,20,43956,0,6,10,2021,India,1368,Australia,394
2021-10-04,NotMayo,291,3099,harina de garbanzo,0,0.376,18,43664,0,0,10,2021,India,1368,Australia,394
2021-10-05,NotMayo,279,3099,harina de garbanzo,0,0.365,22,43373,0,1,10,2021,India,1368,Australia,394
2021-10-06,NotMayo,319,3099,harina de garbanzo,0,0.399,20,43094,0,2,10,2021,India,1368,Australia,394
2021-10-07,NotMayo,271,3099,harina de garbanzo,0,0.39,19,42775,0,3,10,2021,India,1368,Australia,394
2021-10-08,NotMayo,330,3099,harina de garbanzo,0,0.334,17,42504,0,4,10,2021,India,1368,Australia,394
2021-10-09,NotMayo,329,3099,harina de garbanzo,0,0.363,16,42174,0,5,10,2021,India,1368,Australia,394
2021-10-10,NotMayo,358,3099,harina de garbanzo,0,0.454,17,41845,0,6,10,2021,India,1368,Australia,394
2021-10-11,NotMayo,274,3099,harina de garbanzo,0,0.405,18,41487,0,0,10,2021,India,1368,Australia,394
2021-10-12,NotMayo,297,3099,harina de garbanzo,0,0.43,18,41213,0,1,10,2021,India,1368,Australia,394
2021-10-13,NotMayo,385,3099,harina de garbanzo,1,0.445,18,40916,0,2,10,2021,India,1368,Australia,394
2021-10-14,NotMayo,363,3099,harina de garbanzo,0,0.454,20,40531,0,3,10,2021,India,1368,Australia,394
2021-10-15,NotMayo,373,3099,harina de garbanzo,0,0.5,21,40168,0,4,10,2021,India,1368,Australia,394
2021-10-16,NotMayo,358,3099,harina de garbanzo,0,0.392,18,39795,0,5,10,2021,India,1368,Australia,394
2021-10-17,NotMayo,317,3099,harina de garbanzo,0,0.48,24,39437,0,6,10,2021,India,1368,Australia,394
2021-10-18,NotMayo,260,3099,harina de garbanzo,0,0.493,16,39120,0,0,10,2021,India,1368,Australia,394
2021-10-19,NotMayo,302,3099,harina de garbanzo,0,0.509,20,38860,0,1,10,2021,India,1368,Australia,394
2021-10-20,NotMayo,324,3099,harina de garbanzo,0,0.392,19,38558,0,2,10,2021,India,1368,Australia,394
2021-10-21,NotMayo,297,3099,harina de garbanzo,0,0.479,19,38234,0,3,10,2021,India,1368,Australia,394
2021-10-22,NotMayo,326,3099,harina de garbanzo,0,0.556,19,37937,0,4,10,2021,India,1368,Australia,394
2021-10-23,NotMayo,368,3099,harina de garbanzo,0,0.468,20,37611,0,5,10,2021,India,1368,Australia,394
2021-10-24,NotMayo,347,3099,harina de garbanzo,0,0.501,20,37243,0,6,10,2021,India,1368,Australia,394
2021-10-25,NotMayo,286,3099,harina de garbanzo,0,0.518,19,36896,0,0,10,2021,India,1368,Australia,394
2021-10-26,NotMayo,287,3099,harina de garbanzo,0,0.431,17,36610,0,1,10,2021,India,1368,Australia,394
2021-10-27,NotMayo,270,3099,harina de garbanzo,0,0.576,17,36323,0,2,10,2021,India,1368,Australia,394
2021-10-28,NotMayo,385,3099,harina de garbanzo,0,0.512,20,36053,0,3,10,2021,India,1368,Australia,394
2021-10-29,NotMayo,330,3099,harina de garbanzo,0,0.515,19,35668,0,4,10,2021,India,1368,Australia,394
2021-10-30,NotMayo,383,3099,harina de garbanzo,0,0.408,19,35338,0,5,10,2021,India,1368,Australia,394
2021-10-31,NotMayo,343,3099,harina de garbanzo,0,0.533,20,34955,0,6,10,2021,India,1368,Australia,394
2021-11-01,NotMayo,350,3099,harina de garbanzo,0,0.52,19,34612,0,0,11,2021,India,1368,Australia,394
2021-11-02,NotMayo,288,3099,harina de garbanzo,0,0.577,20,34262,0,1,11,2021,India,1368,Australia,394
2021-11-03,NotMayo,324,3099,harina de garbanzo,0,0.482,18,33974,0,2,11,2021,India,1368,Australia,394
2021-11-04,NotMayo,305,3099,harina de garbanzo,0,0.449,23,33650,0,3,11,2021,India,1368,Australia,394
2021-11-05,NotMayo,318,3099,harina de garbanzo,0,0.465,18,33345,0,4,11,2021,India,1368,Australia,394
2021-11-06,NotMayo,392,3099,harina de garbanzo,0,0.474,19,33027,0,5,11,2021,India,1368,Australia,394
2021-11-07,NotMayo,301,3099,harina de garbanzo,0,0.444,18,32635,0,6,11,2021,India,1368,Australia,394
2021-11-08,NotMayo,317,3099,harina de garbanzo,0,0.565,19,32334,0,0,11,2021,India,1368,Australia,394
2021-11-09,NotMayo,338,3099,harina de garbanzo,0,0.566,21,32017,0,1,11,2021,India,1368,Australia,394
2021-11-10,NotMayo,349,3099,harina de garbanzo,0,0.49,20,31679,0,2,11,2021,India,1368,Australia,394
2021-11-11,NotMayo,341,3099,harina de garbanzo,0,0.48,19,31330,0,3,11,2021,India,1368,Australia,394
2021-11-12,NotMayo,335,3099,harina de garbanzo,0,0.408,19,30989,0,4,11,2021,India,1368,Australia,394
2021-11-13,NotMayo,397,3099,harina de garbanzo,0,0.532,19,30654,0,5,11,2021,India,1368,Australia,394
2021-11-14,NotMayo,396,3099,harina de garbanzo,0,0.579,21,30257,0,6,11,2021,India,1368,Australia,394
2021-11-15,NotMayo,312,3099,harina de garbanzo,0,0.463,24,29861,0,0,11,2021,India,1368,Australia,394
2021-11-16,NotMayo,299,3099,harina de garbanzo,0,0.488,18,29549,0,1,11,2021,India,1368,Australia,394
2021-11-17,NotMayo,321,3099,harina de garbanzo,0,0.514,21,29250,0,2,11,2021,India,1368,Australia,394
2021-11-18,NotMayo,384,3099,harina de garbanzo,0,0.576,21,28929,0,3,11,2021,India,1368,Australia,394
2021-11-19,NotMayo,429,3099,harina de garbanzo,0,0.498,21,28545,0,4,11,2021,India,1368,Australia,394
2021-11-20,NotMayo,351,3099,harina de garbanzo,0,0.496,21,28116,0,5,11,2021,India,1368,Australia,394
2021-11-21,NotMayo,321,3099,harina de garbanzo,0,0.492,20,27765,0,6,11,2021,India,1368,Australia,394
2021-11-22,NotMayo,399,3099,harina de garbanzo,0,0.409,19,27444,0,0,11,2021,India,1368,Australia,394
2021-11-23,NotMayo,321,3099,harina de garbanzo,0,0.406,18,27045,0,1,11,2021,India,1368,Australia,394
2021-11-24,NotMayo,349,3099,harina de garbanzo,0,0.434,18,26724,0,2,11,2021,India,1368,Australia,394
2021-11-25,NotMayo,354,3099,harina de garbanzo,0,0.522,20,26375,0,3,11,2021,India,1368,Australia,394
2021-11-26,NotMayo,414,3099,harina de garbanzo,0,0.452,17,26021,0,4,11,2021,India,1368,Australia,394
2021-11-27,NotMayo,428,3099,harina de garbanzo,0,0.438,18,25607,0,5,11,2021,India,1368,Australia,394
2021-11-28,NotMayo,381,3099,harina de garbanzo,0,0.434,22,25179,0,6,11,2021,India,1368,Australia,394
2021-11-29,NotMayo,390,3099,harina de garbanzo,0,0.45,20,24798,0,0,11,2021,India,1368,Australia,394
2021-11-30,NotMayo,323,3099,harina de garbanzo,0,0.538,22,24408,0,1,11,2021,India,1368,Australia,394
2021-12-01,NotMayo,342,3099,harina de garbanzo,0,0.441,22,24085,0,2,12,2021,India,1368,Australia,394
2021-12-02,NotMayo,389,3099,harina de garbanzo,0,0.405,19,23743,0,3,12,2021,India,1368,Australia,394
2021-12-03,NotMayo,422,3099,harina de garbanzo,0,0.441,20,23354,0,4,12,2021,India,1368,Australia,394
2021-12-04,NotMayo,412,3099,harina de garbanzo,0,0.523,20,22932,0,5,12,2021,India,1368,Australia,394
2021-12-05,NotMayo,420,3099,harina de garbanzo,1,0.406,18,22520,0,6,12,2021,India,1368,Australia,394
2021-12-06,NotMayo,358,3099,harina de garbanzo,0,0.367,17,22100,0,0,12,2021,India,1368,Australia,394
2021-12-07,NotMayo,328,3099,harina de garbanzo,0,0.396,21,21742,0,1,12,2021,India,1368,Australia,394
2021-12-08,NotMayo,339,3099,harina de garbanzo,0,0.422,20,21414,0,2,12,2021,India,1368,Australia,394
2021-12-09,NotMayo,390,3099,harina de garbanzo,0,0.445,23,21075,0,3,12,2021,India,1368,Australia,394
2021-12-10,NotMayo,382,3099,harina de garbanzo,0,0.456,22,20685,0,4,12,2021,India,1368,Australia,394
2021-12-11,NotMayo,468,3099,harina de garbanzo,1,0.348,17,20303,0,5,12,2021,India,1368,Australia,394
2021-12-12,NotMayo,306,3099,harina de garbanzo,0,0.347,20,19835,0,6,12,2021,India,1368,Australia,394
2021-12-13,NotMayo,406,3099,harina de garbanzo,0,0.373,18,19529,0,0,12,2021,India,1368,Australia,394
2021-12-14,NotMayo,360,3099,harina de garbanzo,0,0.418,22,19123,0,1,12,2021,India,1368,Australia,394
2021-12-15,NotMayo,359,3099,harina de garbanzo,0,0.315,18,18763,0,2,12,2021,India,1368,Australia,394
2021-12-16,NotMayo,375,3099,harina de garbanzo,0,0.342,17,18404,0,3,12,2021,India,1368,Australia,394
2021-12-17,NotMayo,325,3099,harina de garbanzo,0,0.336,17,18029,0,4,12,2021,India,1368,Australia,394
2021-12-18,NotMayo,396,3099,harina de garbanzo,0,0.407,18,17704,0,5,12,2021,India,1368,Australia,394
2021-12-19,NotMayo,416,3099,harina de garbanzo,0,0.381,17,17308,0,6,12,2021,India,1368,Australia,394
2021-12-20,NotMayo,390,3099,harina de garbanzo,0,0.394,18,16892,0,0,12,2021,India,1368,Australia,394
2021-12-21,NotMayo,369,3099,harina de garbanzo,0,0.409,21,16502,0,1,12,2021,India,1368,Australia,394
2021-12-22,NotMayo,373,3099,harina de garbanzo,0,0.321,22,16133,0,2,12,2021,India,1368,Australia,394
2021-12-23,NotMayo,445,3099,harina de garbanzo,0,0.271,16,15760,0,3,12,2021,India,1368,Australia,394
2021-12-24,NotMayo,418,3099,harina de garbanzo,0,0.265,21,15315,0,4,12,2021,India,1368,Australia,394
2021-12-25,NotMayo,465,3099,harina de garbanzo,0,0.226,17,14897,0,5,12,2021,India,1368,Australia,394
2021-12-26,NotMayo,388,3099,harina de garbanzo,0,0.289,19,14432,0,6,12,2021,India,1368,Australia,394
2021-12-27,NotMayo,342,3099,harina de garbanzo,0,0.287,15,14044,0,0,12,2021,India,1368,Australia,394
2021-12-28,NotMayo,421,3099,harina de garbanzo,1,0.34,20,13702,0,1,12,2021,India,1368,Australia,394
2021-12-29,NotMayo,466,3099,harina de garbanzo,1,0.295,14,13281,0,2,12,2021,India,1368,Australia,394
2021-12-30,NotMayo,432,3099,harina de garbanzo,0,0.264,19,12815,0,3,12,2021,India,1368,Australia,394
2021-12-31,NotMayo,565,3099,harina de garbanzo,1,0.277,19,12383,0,4,12,2021,India,1368,Australia,394
2022-01-01,NotMayo,398,3384,harina de garbanzo,0,0.225,18,11818,0,5,1,2022,India,1368,Australia,394
2022-01-02,NotMayo,430,3384,harina de garbanzo,0,0.322,17,11420,0,6,1,2022,India,1368,Australia,394
2022-01-03,NotMayo,384,3384,harina de garbanzo,0,0.226,19,10990,0,0,1,2022,India,1368,Australia,394
2022-01-04,NotMayo,390,3384,harina de garbanzo,0,0.203,18,10606,0,1,1,2022,India,1368,Australia,394
2022-01-05,NotMayo,396,3384,harina de garbanzo,0,0.295,18,10216,0,2,1,2022,India,1368,Australia,394
2022-01-06,NotMayo,391,3384,harina de garbanzo,0,0.277,20,9820,0,3,1,2022,India,1368,Australia,394
2022-01-07,NotMayo,445,3384,harina de garbanzo,0,0.157,17,9429,0,4,1,2022,India,1368,Australia,394
2022-01-08,NotMayo,445,3384,harina de garbanzo,0,0.281,19,8984,0,5,1,2022,India,1368,Australia,394
2022-01-09,NotMayo,382,3384,harina de garbanzo,0,0.196,17,8539,0,6,1,2022,India,1368,Australia,394
2022-01-10,NotMayo,346,3384,harina de garbanzo,0,0.209,18,8157,0,0,1,2022,India,1368,Australia,394
2022-01-11,NotMayo,347,3384,harina de garbanzo,0,0.232,19,7811,0,1,1,2022,India,1368,Australia,394
2022-01-12,NotMayo,449,3384,harina de garbanzo,0,0.247,17,7464,0,2,1,2022,India,1368,Australia,394
2022-01-13,NotMayo,408,3384,harina de garbanzo,0,0.236,15,7015,0,3,1,2022,India,1368,Australia,394
2022-01-14,NotMayo,493,3384,harina de garbanzo,0,0.206,18,6607,0,4,1,2022,India,1368,Australia,394
2022-01-15,NotMayo,430,3384,harina de garbanzo,0,0.183,20,6114,0,5,1,2022,India,1368,Australia,394
2022-01-16,NotMayo,448,3384,harina de garbanzo,0,0.221,18,5684,0,6,1,2022,India,1368,Australia,394
2022-01-17,NotMayo,412,3384,harina de garbanzo,0,0.19,18,5236,0,0,1,2022,India,1368,Australia,394
2022-01-18,NotMayo,400,3384,harina de garbanzo,0,0.282,18,4824,0,1,1,2022,India,1368,Australia,394
2022-01-19,NotMayo,403,3384,harina de garbanzo,0,0.217,19,4424,0,2,1,2022,India,1368,Australia,394
2022-01-20,NotMayo,474,3384,harina de garbanzo,0,0.138,17,4021,0,3,1,2022,India,1368,Australia,394
2022-01-21,NotMayo,468,3384,harina de garbanzo,0,0.157,16,3547,0,4,1,2022,India,1368,Australia,394
2022-01-22,NotMayo,514,3384,harina de garbanzo,0,0.18,20,3079,0,5,1,2022,India,1368,Australia,394
2022-01-23,NotMayo,368,3384,harina de garbanzo,0,0.239,17,2565,0,6,1,2022,India,1368,Australia,394
2022-01-24,NotMayo,399,3384,harina de garbanzo,0,0.242,20,2197,0,0,1,2022,India,1368,Australia,394
2022-01-25,NotMayo,385,3384,harina de garbanzo,0,0.149,19,1798,0,1,1,2022,India,1368,Australia,394
2022-01-26,NotMayo,365,3384,harina de garbanzo,0,0.119,18,1413,0,2,1,2022,India,1368,Australia,394
2022-01-27,NotMayo,451,3384,harina de garbanzo,0,0.111,14,1048,0,3,1,2022,India,1368,Australia,394
2022-01-28,NotMayo,404,3384,harina de garbanzo,0,0.174,17,597,0,4,1,2022,India,1368,Australia,394
2022-01-29,NotMayo,432,3384,harina de garbanzo,0,0.275,18,193,0,5,1,2022,India,1368,Australia,394
2022-01-30,NotMayo,358,3384,harina de garbanzo,0,0.184,16,0,1,6,1,2022,India,1368,Australia,394
2022-01-31,NotMayo,441,3384,harina de garbanzo,0,0.076,17,0,1,0,1,2022,India,1368,Australia,394
2022-02-01,NotMayo,373,3384,harina de garbanzo,0,0.118,18,0,1,1,2,2022,India,1368,Australia,394
2022-02-02,NotMayo,467,3384,harina de garbanzo,0,0.122,16,0,1,2,2,2022,India,1368,Australia,394
2022-02-03,NotMayo,463,3384,harina de garbanzo,0,0.111,17,0,1,3,2,2022,India,1368,Australia,394
2022-02-04,NotMayo,479,3384,harina de garbanzo,0,0.132,17,0,1,4,2,2022,India,1368,Australia,394
2022-02-05,NotMayo,438,3384,harina de garbanzo,0,0.169,20,8021,0,5,2,2022,India,1368,Australia,394
2022-02-06,NotMayo,394,3384,harina de garbanzo,0,0.184,17,24583,0,6,2,2022,India,1368,Australia,394
2022-02-07,NotMayo,412,3384,harina de garbanzo,0,0.205,15,32689,0,0,2,2022,India,1368,Australia,394
2022-02-08,NotMayo,380,3384,harina de garbanzo,0,0.176,14,32277,0,1,2,2022,India,1368,Australia,394
2022-02-09,NotMayo,435,3384,harina de garbanzo,1,0.053,17,40397,0,2,2,2022,India,1368,Australia,394
2022-02-10,NotMayo,385,3384,harina de garbanzo,0,0.098,15,48462,0,3,2,2022,India,1368,Australia,394
2022-02-11,NotMayo,430,3384,harina de garbanzo,0,0.143,18,56577,0,4,2,2022,India,1368,Australia,394
2022-02-12,NotMayo,530,3384,harina de garbanzo,0,0.159,15,56147,0,5,2,2022,India,1368,Australia,394
2022-02-13,NotMayo,509,3384,harina de garbanzo,0,0.196,16,81117,0,6,2,2022,India,1368,Australia,394
2022-02-14,NotMayo,522,3384,harina de garbanzo,1,0.156,15,89108,0,0,2,2022,India,1368,Australia,394
2022-02-15,NotMayo,389,3384,harina de garbanzo,0,0.158,18,97086,0,1,2,2022,India,1368,Australia,394
2022-02-16,NotMayo,393,3384,harina de garbanzo,0,0.169,19,105197,0,2,2,2022,India,1368,Australia,394
2022-02-17,NotMayo,532,3384,harina de garbanzo,1,0.146,18,113304,0,3,2,2022,India,1368,Australia,394
2022-02-18,NotMayo,519,3384,harina de garbanzo,0,0.166,15,121272,0,4,2,2022,India,1368,Australia,394
2022-02-19,NotMayo,535,3384,harina de garbanzo,0,0.22,16,129253,0,5,2,2022,India,1368,Australia,394
2022-02-20,NotMayo,403,3384,harina de garbanzo,0,0.162,18,137218,0,6,2,2022,India,1368,Australia,394
2022-02-21,NotMayo,397,3384,harina de garbanzo,0,0.167,14,145315,0,0,2,2022,India,1368,Australia,394
2022-02-22,NotMayo,372,3384,harina de garbanzo,0,0.17,17,144918,0,1,2,2022,India,1368,Australia,394
2022-02-23,NotMayo,391,3384,harina de garbanzo,0,0.239,21,144546,0,2,2,2022,India,1368,Australia,394
2022-02-24,NotMayo,484,3384,harina de garbanzo,0,0.122,17,144155,0,3,2,2022,India,1368,Australia,394
2022-02-25,NotMayo,420,3384,harina de garbanzo,0,0.269,15,143671,0,4,2,2022,India,1368,Australia,394
2022-02-26,NotMayo,484,3384,harina de garbanzo,0,0.125,16,143251,0,5,2,2022,India,1368,Australia,394
2022-02-27,NotMayo,639,3384,harina de garbanzo,1,0.155,16,142767,0,6,2,2022,India,1368,Australia,394
2022-02-28,NotMayo,395,3384,harina de garbanzo,0,0.229,22,142128,0,0,2,2022,India,1368,Australia,394
2022-03-01,NotMayo,414,3384,harina de garbanzo,0,0.247,21,141733,0,1,3,2022,India,1368,Australia,394
2022-03-02,NotMayo,410,3384,harina de garbanzo,0,0.129,18,141319,0,2,3,2022,India,1368,Australia,394
2022-03-03,NotMayo,485,3384,harina de garbanzo,0,0.149,17,140909,0,3,3,2022,India,1368,Australia,394
2022-03-04,NotMayo,412,3384,harina de garbanzo,0,0.222,20,140424,0,4,3,2022,India,1368,Australia,394
2022-03-05,NotMayo,454,3384,harina de garbanzo,0,0.33,16,140012,0,5,3,2022,India,1368,Australia,394
2022-03-06,NotMayo,433,3384,harina de garbanzo,0,0.28,20,139558,0,6,3,2022,India,1368,Australia,394
2022-03-07,NotMayo,429,3384,harina de garbanzo,1,0.21,20,139125,0,0,3,2022,India,1368,Australia,394
2022-03-08,NotMayo,353,3384,harina de garbanzo,0,0.106,17,138696,0,1,3,2022,India,1368,Australia,394
2022-03-09,NotMayo,379,3384,harina de garbanzo,0,0.237,20,138343,0,2,3,2022,India,1368,Australia,394
2022-03-10,NotMayo,476,3384,harina de garbanzo,0,0.256,17,137964,0,3,3,2022,India,1368,Australia,394
2022-03-11,NotMayo,443,3384,harina de garbanzo,0,0.224,15,137488,0,4,3,2022,India,1368,Australia,394
2022-03-12,NotMayo,436,3384,harina de garbanzo,0,0.206,20,137045,0,5,3,2022,India,1368,Australia,394
2022-03-13,NotMayo,464,3384,harina de garbanzo,0,0.262,18,136609,0,6,3,2022,India,1368,Australia,394
2022-03-14,NotMayo,348,3384,harina de garbanzo,0,0.212,19,136145,0,0,3,2022,India,1368,Australia,394
2022-03-15,NotMayo,322,3384,harina de garbanzo,0,0.358,23,135797,0,1,3,2022,India,1368,Australia,394
2022-03-16,NotMayo,393,3384,harina de garbanzo,0,0.346,17,135475,0,2,3,2022,India,1368,Australia,394
2022-03-17,NotMayo,390,3384,harina de garbanzo,0,0.309,18,135082,0,3,3,2022,India,1368,Australia,394
2022-03-18,NotMayo,415,3384,harina de garbanzo,0,0.287,21,134692,0,4,3,2022,India,1368,Australia,394
2022-03-19,NotMayo,486,3384,harina de garbanzo,0,0.255,19,134277,0,5,3,2022,India,1368,Australia,394
2022-03-20,NotMayo,464,3384,harina de garbanzo,0,0.293,17,133791,0,6,3,2022,India,1368,Australia,394
2022-03-21,NotMayo,423,3384,harina de garbanzo,0,0.382,17,133327,0,0,3,2022,India,1368,Australia,394
2022-03-22,NotMayo,418,3384,harina de garbanzo,0,0.349,18,132904,0,1,3,2022,India,1368,Australia,394
2022-03-23,NotMayo,443,3384,harina de garbanzo,0,0.322,17,132486,0,2,3,2022,India,1368,Australia,394
2022-03-24,NotMayo,364,3384,harina de garbanzo,0,0.364,19,132043,0,3,3,2022,India,1368,Australia,394
2022-03-25,NotMayo,482,3384,harina de garbanzo,0,0.351,19,131679,0,4,3,2022,India,1368,Australia,394
2022-03-26,NotMayo,443,3384,harina de garbanzo,0,0.35,19,131197,0,5,3,2022,India,1368,Australia,394
2022-03-27,NotMayo,406,3384,harina de garbanzo,0,0.385,17,130754,0,6,3,2022,India,1368,Australia,394
2022-03-28,NotMayo,538,3384,harina de garbanzo,1,0.368,19,130348,0,0,3,2022,India,1368,Australia,394
2022-03-29,NotMayo,329,3384,harina de garbanzo,0,0.391,15,129810,0,1,3,2022,India,1368,Australia,394
2022-03-30,NotMayo,344,3384,harina de garbanzo,0,0.362,19,129481,0,2,3,2022,India,1368,Australia,394
2022-03-31,NotMayo,597,3384,harina de garbanzo,1,0.347,21,129137,0,3,3,2022,India,1368,Australia,394
2022-04-01,NotMayo,481,3384,harina de garbanzo,0,0.338,16,128540,0,4,4,2022,India,1368,Australia,394
2022-04-02,NotMayo,464,3384,harina de garbanzo,0,0.338,20,128059,0,5,4,2022,India,1368,Australia,394
2022-04-03,NotMayo,398,3384,harina de garbanzo,0,0.297,17,127595,0,6,4,2022,India,1368,Australia,394
2022-04-04,NotMayo,416,3384,harina de garbanzo,0,0.337,20,127197,0,0,4,2022,India,1368,Australia,394
2022-04-05,NotMayo,518,3384,harina de garbanzo,1,0.341,19,126781,0,1,4,2022,India,1368,Australia,394
2022-04-06,NotMayo,400,3384,harina de garbanzo,0,0.369,20,126263,0,2,4,2022,India,1368,Australia,394
2022-04-07,NotMayo,392,3384,harina de garbanzo,0,0.478,20,125863,0,3,4,2022,India,1368,Australia,394
2022-04-08,NotMayo,443,3384,harina de garbanzo,0,0.397,22,125471,0,4,4,2022,India,1368,Australia,394
2022-04-09,NotMayo,486,3384,harina de garbanzo,0,0.422,20,125028,0,5,4,2022,India,1368,Australia,394
2022-04-10,NotMayo,470,3384,harina de garbanzo,0,0.429,18,124542,0,6,4,2022,India,1368,Australia,394
2022-04-11,NotMayo,500,3384,harina de garbanzo,1,0.5,20,124072,0,0,4,2022,India,1368,Australia,394
2022-04-12,NotMayo,368,3384,harina de garbanzo,0,0.397,18,123572,0,1,4,2022,India,1368,Australia,394
2022-04-13,NotMayo,389,3384,harina de garbanzo,0,0.419,20,123204,0,2,4,2022,India,1368,Australia,394
2022-04-14,NotMayo,438,3384,harina de garbanzo,0,0.43,19,122815,0,3,4,2022,India,1368,Australia,394
2022-04-15,NotMayo,433,3384,harina de garbanzo,0,0.497,19,122377,0,4,4,2022,India,1368,Australia,394
2022-04-16,NotMayo,347,3384,harina de garbanzo,0,0.511,20,121944,0,5,4,2022,India,1368,Australia,394
2022-04-17,NotMayo,461,3384,harina de garbanzo,0,0.472,20,121597,0,6,4,2022,India,1368,Australia,394
2022-04-18,NotMayo,441,3384,harina de garbanzo,0,0.514,22,121136,0,0,4,2022,India,1368,Australia,394
2022-04-19,NotMayo,354,3384,harina de garbanzo,0,0.466,19,120695,0,1,4,2022,India,1368,Australia,394
2022-04-20,NotMayo,356,3384,harina de garbanzo,0,0.452,16,120341,0,2,4,2022,India,1368,Australia,394
2022-04-21,NotMayo,419,3384,harina de garbanzo,0,0.523,19,119985,0,3,4,2022,India,1368,Australia,394
2022-04-22,NotMayo,443,3384,harina de garbanzo,0,0.492,17,119566,0,4,4,2022,India,1368,Australia,394
2022-04-23,NotMayo,481,3384,harina de garbanzo,0,0.435,20,119123,0,5,4,2022,India,1368,Australia,394
2022-04-24,NotMayo,418,3384,harina de garbanzo,0,0.524,17,118642,0,6,4,2022,India,1368,Australia,394
2022-04-25,NotMayo,357,3384,harina de garbanzo,0,0.467,18,118224,0,0,4,2022,India,1368,Australia,394
2022-04-26,NotMayo,329,3384,harina de garbanzo,0,0.464,19,117867,0,1,4,2022,India,1368,Australia,394
2022-04-27,NotMayo,411,3384,harina de garbanzo,0,0.528,23,117538,0,2,4,2022,India,1368,Australia,394
2022-04-28,NotMayo,439,3384,harina de garbanzo,0,0.481,18,117127,0,3,4,2022,India,1368,Australia,394
2022-04-29,NotMayo,482,3384,harina de garbanzo,0,0.507,20,116688,0,4,4,2022,India,1368,Australia,394
2022-04-30,NotMayo,406,3384,harina de garbanzo,0,0.523,21,116206,0,5,4,2022,India,1368,Australia,394
2022-05-01,NotMayo,471,3384,harina de garbanzo,0,0.453,23,115800,0,6,5,2022,India,1368,Australia,394
2022-05-02,NotMayo,324,3384,harina de garbanzo,0,0.513,22,115329,0,0,5,2022,India,1368,Australia,394
2022-05-03,NotMayo,383,3384,harina de garbanzo,0,0.563,23,115005,0,1,5,2022,India,1368,Australia,394
2022-05-04,NotMayo,322,3384,harina de garbanzo,0,0.449,21,114622,0,2,5,2022,India,1368,Australia,394
2022-05-05,NotMayo,387,3384,harina de garbanzo,0,0.52,18,114300,0,3,5,2022,India,1368,Australia,394
2022-05-06,NotMayo,493,3384,harina de garbanzo,0,0.457,20,113913,0,4,5,2022,India,1368,Australia,394
2022-05-07,NotMayo,463,3384,harina de garbanzo,0,0.55,22,113420,0,5,5,2022,India,1368,Australia,394
2022-05-08,NotMayo,387,3384,harina de garbanzo,0,0.55,18,112957,0,6,5,2022,India,1368,Australia,394
2022-05-09,NotMayo,355,3384,harina de garbanzo,0,0.482,19,112570,0,0,5,2022,India,1368,Australia,394
2022-05-10,NotMayo,360,3384,harina de garbanzo,0,0.61,19,112215,0,1,5,2022,India,1368,Australia,394
2022-05-11,NotMayo,507,3384,harina de garbanzo,1,0.555,22,111855,0,2,5,2022,India,1368,Australia,394
2022-05-12,NotMayo,448,3384,harina de garbanzo,0,0.535,20,111348,0,3,5,2022,India,1368,Australia,394
2022-05-13,NotMayo,532,3384,harina de garbanzo,1,0.532,20,110900,0,4,5,2022,India,1368,Australia,394
2022-05-14,NotMayo,373,3384,harina de garbanzo,0,0.547,18,110368,0,5,5,2022,India,1368,Australia,394
2022-05-15,NotMayo,404,3384,harina de garbanzo,0,0.447,19,109995,0,6,5,2022,India,1368,Australia,394
2022-05-16,NotMayo,352,3384,harina de garbanzo,0,0.506,19,109591,0,0,5,2022,India,1368,Australia,394
2022-05-17,NotMayo,316,3384,harina de garbanzo,0,0.514,21,109239,0,1,5,2022,India,1368,Australia,394
2022-05-18,NotMayo,377,3384,harina de garbanzo,0,0.473,17,108923,0,2,5,2022,India,1368,Australia,394
2022-05-19,NotMayo,394,3384,harina de garbanzo,0,0.515,20,108546,0,3,5,2022,India,1368,Australia,394
2022-05-20,NotMayo,435,3384,harina de garbanzo,0,0.551,20,108152,0,4,5,2022,India,1368,Australia,394
2022-05-21,NotMayo,391,3384,harina de garbanzo,0,0.466,17,107717,0,5,5,2022,India,1368,Australia,394
2022-05-22,NotMayo,408,3384,harina de garbanzo,0,0.482,17,107326,0,6,5,2022,India,1368,Australia,394
2022-05-23,NotMayo,322,3384,harina de garbanzo,0,0.441,17,106918,0,0,5,2022,India,1368,Australia,394
2022-05-24,NotMayo,324,3384,harina de garbanzo,0,0.39,19,106596,0,1,5,2022,India,1368,Australia,394
2022-05-25,NotMayo,445,3384,harina de garbanzo,1,0.516,20,106272,0,2,5,2022,India,1368,Australia,394
2022-05-26,NotMayo,450,3384,harina de garbanzo,0,0.472,20,105827,0,3,5,2022,India,1368,Australia,394
2022-05-27,NotMayo,444,3384,harina de garbanzo,0,0.473,20,105377,0,4,5,2022,India,1368,Australia,394
2022-05-28,NotMayo,450,3384,harina de garbanzo,0,0.418,18,104933,0,5,5,2022,India,1368,Australia,394
2022-05-29,NotMayo,430,3384,harina de garbanzo,0,0.454,22,104483,0,6,5,2022,India,1368,Australia,394
2022-05-30,NotMayo,456,3384,harina de garbanzo,0,0.514,19,104053,0,0,5,2022,India,1368,Australia,394
2022-05-31,NotMayo,342,3384,harina de garbanzo,0,0.456,21,103597,0,1,5,2022,India,1368,Australia,394
2022-06-01,NotMayo,397,3384,harina de garbanzo,0,0.453,19,103255,0,2,6,2022,India,1368,Australia,394
2022-06-02,NotMayo,419,3384,harina de garbanzo,0,0.458,20,102858,0,3,6,2022,India,1368,Australia,394
2022-06-03,NotMayo,444,3384,harina de garbanzo,0,0.381,19,102439,0,4,6,2022,India,1368,Australia,394
2022-06-04,NotMayo,465,3384,harina de garbanzo,0,0.47,21,101995,0,5,6,2022,India,1368,Australia,394
2022-06-05,NotMayo,367,3384,harina de garbanzo,0,0.371,19,101530,0,6,6,2022,India,1368,Australia,394
2022-06-06,NotMayo,334,3384,harina de garbanzo,0,0.382,21,101163,0,0,6,2022,India,1368,Australia,394
2022-06-07,NotMayo,344,3384,harina de garbanzo,0,0.372,17,100829,0,1,6,2022,India,1368,Australia,394
2022-06-08,NotMayo,345,3384,harina de garbanzo,0,0.41,16,100485,0,2,6,2022,India,1368,Australia,394
2022-06-09,NotMayo,476,3384,harina de garbanzo,1,0.396,17,100140,0,3,6,2022,India,1368,Australia,394
2022-06-10,NotMayo,455,3384,harina de garbanzo,0,0.409,21,99664,0,4,6,2022,India,1368,Australia,394
2022-06-11,NotMayo,385,3384,harina de garbanzo,0,0.358,19,99209,0,5,6,2022,India,1368,Australia,394
2022-06-12,NotMayo,364,3384,harina de garbanzo,0,0.448,20,98824,0,6,6,2022,India,1368,Australia,394
2022-06-13,NotMayo,347,3384,harina de garbanzo,0,0.434,17,98460,0,0,6,2022,India,1368,Australia,394
2022-06-14,NotMayo,423,3384,harina de garbanzo,1,0.378,19,98113,0,1,6,2022,India,1368,Australia,394
2022-06-15,NotMayo,391,3384,harina de garbanzo,1,0.357,17,97690,0,2,6,2022,India,1368,Australia,394
2022-06-16,NotMayo,358,3384,harina de garbanzo,0,0.347,17,97299,0,3,6,2022,India,1368,Australia,394
2022-06-17,NotMayo,419,3384,harina de garbanzo,0,0.354,18,96941,0,4,6,2022,India,1368,Australia,394
2022-06-18,NotMayo,439,3384,harina de garbanzo,0,0.294,19,96522,0,5,6,2022,India,1368,Australia,394
2022-06-19,NotMayo,333,3384,harina de garbanzo,0,0.31,20,96083,0,6,6,2022,India,1368,Australia,394
2022-06-20,NotMayo,367,3384,harina de garbanzo,1,0.395,20,95750,0,0,6,2022,India,1368,Australia,394
2022-06-21,NotMayo,325,3384,harina de garbanzo,0,0.361,16,95383,0,1,6,2022,India,1368,Australia,394
2022-06-22,NotMayo,283,3384,harina de garbanzo,0,0.422,19,95058,0,2,6,2022,India,1368,Australia,394
2022-06-23,NotMayo,356,3384,harina de garbanzo,0,0.319,18,94775,0,3,6,2022,India,1368,Australia,394
2022-06-24,NotMayo,337,3384,harina de garbanzo,0,0.31,15,94419,0,4,6,2022,India,1368,Australia,394
2022-06-25,NotMayo,541,3384,harina de garbanzo,1,0.302,18,94082,0,5,6,2022,India,1368,Australia,394
2022-06-26,NotMayo,339,3384,harina de garbanzo,0,0.3,18,93541,0,6,6,2022,India,1368,Australia,394
2022-06-27,NotMayo,375,3384,harina de garbanzo,0,0.277,19,93202,0,0,6,2022,India,1368,Australia,394
2022-06-28,NotMayo,348,3384,harina de garbanzo,0,0.318,19,92827,0,1,6,2022,India,1368,Australia,394
2022-06-29,NotMayo,317,3384,harina de garbanzo,0,0.3,17,92479,0,2,6,2022,India,1368,Australia,394
2022-06-30,NotMayo,332,3384,harina de garbanzo,0,0.267,20,92162,0,3,6,2022,India,1368,Australia,394
2022-07-01,NotMayo,502,3384,harina de garbanzo,1,0.349,14,91830,0,4,7,2022,India,1368,Australia,394
2022-07-02,NotMayo,509,3384,harina de garbanzo,1,0.375,19,91328,0,5,7,2022,India,1368,Australia,394
2022-07-03,NotMayo,366,3384,harina de garbanzo,0,0.333,15,90819,0,6,7,2022,India,1368,Australia,394
2022-07-04,NotMayo,306,3384,harina de garbanzo,0,0.297,17,90453,0,0,7,2022,India,1368,Australia,394
2022-07-05,NotMayo,333,3384,harina de garbanzo,0,0.301,19,90147,0,1,7,2022,India,1368,Australia,394
2022-07-06,NotMayo,336,3384,harina de garbanzo,0,0.35,16,89814,0,2,7,2022,India,1368,Australia,394
2022-07-07,NotMayo,348,3384,harina de garbanzo,0,0.29,15,89478,0,3,7,2022,India,1368,Australia,394
2022-07-08,NotMayo,358,3384,harina de garbanzo,0,0.217,23,89130,0,4,7,2022,India,1368,Australia,394
2022-07-09,NotMayo,371,3384,harina de garbanzo,0,0.261,15,88772,0,5,7,2022,India,1368,Australia,394
2022-07-10,NotMayo,328,3384,harina de garbanzo,0,0.267,21,88401,0,6,7,2022,India,1368,Australia,394
2022-07-11,NotMayo,323,3384,harina de garbanzo,0,0.181,17,88073,0,0,7,2022,India,1368,Australia,394
2022-07-12,NotMayo,312,3384,harina de garbanzo,0,0.212,17,87750,0,1,7,2022,India,1368,Australia,394
2022-07-13,NotMayo,331,3384,harina de garbanzo,0,0.276,19,87438,0,2,7,2022,India,1368,Australia,394
2022-07-14,NotMayo,403,3384,harina de garbanzo,0,0.125,20,87107,0,3,7,2022,India,1368,Australia,394
2022-07-15,NotMayo,370,3384,harina de garbanzo,0,0.149,15,86704,0,4,7,2022,India,1368,Australia,394
2022-07-16,NotMayo,511,3384,harina de garbanzo,1,0.198,17,86334,0,5,7,2022,India,1368,Australia,394
2022-07-17,NotMayo,353,3384,harina de garbanzo,0,0.22,19,85823,0,6,7,2022,India,1368,Australia,394
2022-07-18,NotMayo,311,3384,harina de garbanzo,0,0.131,18,85470,0,0,7,2022,India,1368,Australia,394
2022-07-19,NotMayo,303,3384,harina de garbanzo,0,0.188,20,85159,0,1,7,2022,India,1368,Australia,394
2022-07-20,NotMayo,319,3384,harina de garbanzo,0,0.248,19,84856,0,2,7,2022,India,1368,Australia,394
2022-07-21,NotMayo,357,3384,harina de garbanzo,0,0.19,21,84537,0,3,7,2022,India,1368,Australia,394
2022-07-22,NotMayo,342,3384,harina de garbanzo,0,0.23,18,84180,0,4,7,2022,India,1368,Australia,394
2022-07-23,NotMayo,324,3384,harina de garbanzo,0,0.15,18,83838,0,5,7,2022,India,1368,Australia,394
2022-07-24,NotMayo,360,3384,harina de garbanzo,0,0.136,18,83514,0,6,7,2022,India,1368,Australia,394
2022-07-25,NotMayo,337,3384,harina de garbanzo,0,0.216,17,83154,0,0,7,2022,India,1368,Australia,394
2022-07-26,NotMayo,321,3384,harina de garbanzo,0,0.189,19,82817,0,1,7,2022,India,1368,Australia,394
2022-07-27,NotMayo,321,3384,harina de garbanzo,0,0.108,17,82496,0,2,7,2022,India,1368,Australia,394
2022-07-28,NotMayo,367,3384,harina de garbanzo,0,0.125,19,82175,0,3,7,2022,India,1368,Australia,394
2022-07-29,NotMayo,387,3384,harina de garbanzo,0,0.241,20,81808,0,4,7,2022,India,1368,Australia,394
2022-07-30,NotMayo,387,3384,harina de garbanzo,0,0.114,18,81421,0,5,7,2022,India,1368,Australia,394
2022-07-31,NotMayo,316,3384,harina de garbanzo,0,0.205,19,81034,0,6,7,2022,India,1368,Australia,394
2022-08-01,NotMayo,284,3384,harina de garbanzo,0,0.133,15,80718,0,0,8,2022,India,1368,Australia,394
2022-08-02,NotMayo,291,3384,harina de garbanzo,0,0.155,16,80434,0,1,8,2022,India,1368,Australia,394
2022-08-03,NotMayo,314,3384,harina de garbanzo,0,0.169,19,80143,0,2,8,2022,India,1368,Australia,394
2022-08-04,NotMayo,336,3384,harina de garbanzo,0,0.048,19,79829,0,3,8,2022,India,1368,Australia,394
2022-08-05,NotMayo,309,3384,harina de garbanzo,0,0.079,13,79493,0,4,8,2022,India,1368,Australia,394
2022-08-06,NotMayo,529,3384,harina de garbanzo,1,0.155,16,79184,0,5,8,2022,India,1368,Australia,394
2022-08-07,NotMayo,460,3384,harina de garbanzo,1,0.114,17,78655,0,6,8,2022,India,1368,Australia,394
2022-08-08,NotMayo,313,3384,harina de garbanzo,0,0.2,16,78195,0,0,8,2022,India,1368,Australia,394
2022-08-09,NotMayo,328,3384,harina de garbanzo,0,0.07,15,77882,0,1,8,2022,India,1368,Australia,394
2022-08-10,NotMayo,254,3384,harina de garbanzo,0,0.178,18,77554,0,2,8,2022,India,1368,Australia,394
2022-08-11,NotMayo,327,3384,harina de garbanzo,0,0.082,20,77300,0,3,8,2022,India,1368,Australia,394
2022-08-12,NotMayo,350,3384,harina de garbanzo,0,0.133,13,76973,0,4,8,2022,India,1368,Australia,394
2022-08-13,NotMayo,349,3384,harina de garbanzo,0,0.098,16,76623,0,5,8,2022,India,1368,Australia,394
2022-08-14,NotMayo,330,3384,harina de garbanzo,0,0.248,19,76274,0,6,8,2022,India,1368,Australia,394
2022-08-15,NotMayo,343,3384,harina de garbanzo,0,0.087,18,75944,0,0,8,2022,India,1368,Australia,394
2022-08-16,NotMayo,313,3384,harina de garbanzo,0,0.149,18,75601,0,1,8,2022,India,1368,Australia,394
2022-08-17,NotMayo,335,3384,harina de garbanzo,0,0.07,20,75288,0,2,8,2022,India,1368,Australia,394
2022-08-18,NotMayo,341,3384,harina de garbanzo,0,0.238,18,74953,0,3,8,2022,India,1368,Australia,394
2022-08-19,NotMayo,320,3384,harina de garbanzo,0,0.18,20,74612,0,4,8,2022,India,1368,Australia,394
2022-08-20,NotMayo,298,3384,harina de garbanzo,0,0.169,16,74292,0,5,8,2022,India,1368,Australia,394
2022-08-21,NotMayo,399,3384,harina de garbanzo,1,0.238,18,73994,0,6,8,2022,India,1368,Australia,394
2022-08-22,NotMayo,316,3384,harina de garbanzo,0,0.174,15,73595,0,0,8,2022,India,1368,Australia,394
2022-08-23,NotMayo,381,3384,harina de garbanzo,1,0.18,19,73279,0,1,8,2022,India,1368,Australia,394
2022-08-24,NotMayo,306,3384,harina de garbanzo,0,0.179,17,72898,0,2,8,2022,India,1368,Australia,394
2022-08-25,NotMayo,329,3384,harina de garbanzo,0,0.203,18,72592,0,3,8,2022,India,1368,Australia,394
2022-08-26,NotMayo,418,3384,harina de garbanzo,0,0.154,17,72263,0,4,8,2022,India,1368,Australia,394
2022-08-27,NotMayo,334,3384,harina de garbanzo,0,0.171,19,71845,0,5,8,2022,India,1368,Australia,394
2022-08-28,NotMayo,359,3384,harina de garbanzo,0,0.226,19,71511,0,6,8,2022,India,1368,Australia,394
2022-08-29,NotMayo,307,3384,harina de garbanzo,0,0.203,16,71152,0,0,8,2022,India,1368,Australia,394
2022-08-30,NotMayo,295,3384,harina de garbanzo,0,0.187,16,70845,0,1,8,2022,India,1368,Australia,394
2022-08-31,NotMayo,341,3384,harina de garbanzo,0,0.127,17,70550,0,2,8,2022,India,1368,Australia,394
2022-09-01,NotMayo,379,3384,harina de garbanzo,0,0.276,20,70209,0,3,9,2022,India,1368,Australia,394
2022-09-02,NotMayo,354,3384,harina de garbanzo,0,0.173,21,69830,0,4,9,2022,India,1368,Australia,394
2022-09-03,NotMayo,382,3384,harina de garbanzo,0,0.259,19,69476,0,5,9,2022,India,1368,Australia,394
2022-09-04,NotMayo,345,3384,harina de garbanzo,0,0.223,20,69094,0,6,9,2022,India,1368,Australia,394
2022-09-05,NotMayo,308,3384,harina de garbanzo,0,0.155,14,68749,0,0,9,2022,India,1368,Australia,394
2022-09-06,NotMayo,303,3384,harina de garbanzo,0,0.287,22,68441,0,1,9,2022,India,1368,Australia,394
2022-09-07,NotMayo,295,3384,harina de garbanzo,0,0.242,19,68138,0,2,9,2022,India,1368,Australia,394
2022-09-08,NotMayo,333,3384,harina de garbanzo,0,0.301,18,67843,0,3,9,2022,India,1368,Australia,394
2022-09-09,NotMayo,346,3384,harina de garbanzo,0,0.23,18,67510,0,4,9,2022,India,1368,Australia,394
2022-09-10,NotMayo,386,3384,harina de garbanzo,0,0.28,16,67164,0,5,9,2022,India,1368,Australia,394
2022-09-11,NotMayo,334,3384,harina de garbanzo,0,0.162,16,66778,0,6,9,2022,India,1368,Australia,394
2022-09-12,NotMayo,278,3384,harina de garbanzo,0,0.231,22,66444,0,0,9,2022,India,1368,Australia,394
2022-09-13,NotMayo,282,3384,harina de garbanzo,0,0.198,16,66166,0,1,9,2022,India,1368,Australia,394
2022-09-14,NotMayo,234,3384,harina de garbanzo,0,0.248,16,65884,0,2,9,2022,India,1368,Australia,394
2022-09-15,NotMayo,330,3384,harina de garbanzo,0,0.296,17,65650,0,3,9,2022,India,1368,Australia,394
2022-09-16,NotMayo,366,3384,harina de garbanzo,0,0.248,16,65320,0,4,9,2022,India,1368,Australia,394
2022-09-17,NotMayo,359,3384,harina de garbanzo,0,0.327,19,64954,0,5,9,2022,India,1368,Australia,394
2022-09-18,NotMayo,393,3384,harina de garbanzo,0,0.247,20,64595,0,6,9,2022,India,1368,Australia,394
2022-09-19,NotMayo,326,3384,harina de garbanzo,0,0.34,18,64202,0,0,9,2022,India,1368,Australia,394
2022-09-20,NotMayo,381,3384,harina de garbanzo,1,0.368,16,63876,0,1,9,2022,India,1368,Australia,394
2022-09-21,NotMayo,275,3384,harina de garbanzo,0,0.359,19,63495,0,2,9,2022,India,1368,Australia,394
2022-09-22,NotMayo,429,3384,harina de garbanzo,1,0.297,18,63220,0,3,9,2022,India,1368,Australia,394
2022-09-23,NotMayo,354,3384,harina de garbanzo,0,0.214,20,62791,0,4,9,2022,India,1368,Australia,394
2022-09-24,NotMayo,343,3384,harina de garbanzo,0,0.355,18,62437,0,5,9,2022,India,1368,Australia,394
2022-09-25,NotMayo,321,3384,harina de garbanzo,0,0.326,18,62094,0,6,9,2022,India,1368,Australia,394
2022-09-26,NotMayo,270,3384,harina de garbanzo,0,0.289,18,61773,0,0,9,2022,India,1368,Australia,394
2022-09-27,NotMayo,274,3384,harina de garbanzo,0,0.316,19,61503,0,1,9,2022,India,1368,Australia,394
2022-09-28,NotMayo,343,3384,harina de garbanzo,0,0.422,19,61229,0,2,9,2022,India,1368,Australia,394
2022-09-29,NotMayo,346,3384,harina de garbanzo,0,0.299,17,60886,0,3,9,2022,India,1368,Australia,394
2022-09-30,NotMayo,357,3384,harina de garbanzo,0,0.385,15,60540,0,4,9,2022,India,1368,Australia,394
2022-10-01,NotMayo,371,3384,harina de garbanzo,0,0.379,18,60183,0,5,10,2022,India,1368,Australia,394
2022-10-02,NotMayo,379,3384,harina de garbanzo,0,0.356,20,59812,0,6,10,2022,India,1368,Australia,394
2022-10-03,NotMayo,319,3384,harina de garbanzo,0,0.412,21,59433,0,0,10,2022,India,1368,Australia,394
2022-10-04,NotMayo,322,3384,harina de garbanzo,0,0.467,19,59114,0,1,10,2022,India,1368,Australia,394
2022-10-05,NotMayo,380,3384,harina de garbanzo,1,0.376,22,58792,0,2,10,2022,India,1368,Australia,394
2022-10-06,NotMayo,337,3384,harina de garbanzo,0,0.384,19,58412,0,3,10,2022,India,1368,Australia,394
2022-10-07,NotMayo,388,3384,harina de garbanzo,0,0.433,17,58075,0,4,10,2022,India,1368,Australia,394
2022-10-08,NotMayo,433,3384,harina de garbanzo,0,0.453,16,57687,0,5,10,2022,India,1368,Australia,394
2022-10-09,NotMayo,547,3384,harina de garbanzo,1,0.406,22,57254,0,6,10,2022,India,1368,Australia,394
2022-10-10,NotMayo,339,3384,harina de garbanzo,0,0.402,18,56707,0,0,10,2022,India,1368,Australia,394
2022-10-11,NotMayo,317,3384,harina de garbanzo,0,0.312,16,56368,0,1,10,2022,India,1368,Australia,394
2022-10-12,NotMayo,366,3384,harina de garbanzo,0,0.389,15,56051,0,2,10,2022,India,1368,Australia,394
2022-10-13,NotMayo,383,3384,harina de garbanzo,0,0.375,18,55685,0,3,10,2022,India,1368,Australia,394
2022-10-14,NotMayo,313,3384,harina de garbanzo,0,0.471,21,55302,0,4,10,2022,India,1368,Australia,394
2022-10-15,NotMayo,350,3384,harina de garbanzo,0,0.429,18,54989,0,5,10,2022,India,1368,Australia,394
2022-10-16,NotMayo,367,3384,harina de garbanzo,0,0.432,17,54639,0,6,10,2022,India,1368,Australia,394
2022-10-17,NotMayo,393,3384,harina de garbanzo,1,0.45,18,54272,0,0,10,2022,India,1368,Australia,394
2022-10-18,NotMayo,296,3384,harina de garbanzo,0,0.411,22,53879,0,1,10,2022,India,1368,Australia,394
2022-10-19,NotMayo,393,3384,harina de garbanzo,1,0.536,18,53583,0,2,10,2022,India,1368,Australia,394
2022-10-20,NotMayo,359,3384,harina de garbanzo,0,0.527,19,53190,0,3,10,2022,India,1368,Australia,394
2022-10-21,NotMayo,381,3384,harina de garbanzo,0,0.547,23,52831,0,4,10,2022,India,1368,Australia,394
2022-10-22,NotMayo,379,3384,harina de garbanzo,0,0.503,21,52450,0,5,10,2022,India,1368,Australia,394
2022-10-23,NotMayo,387,3384,harina de garbanzo,0,0.471,20,52071,0,6,10,2022,India,1368,Australia,394
2022-10-24,NotMayo,328,3384,harina de garbanzo,0,0.556,19,51684,0,0,10,2022,India,1368,Australia,394
2022-10-25,NotMayo,314,3384,harina de garbanzo,0,0.445,20,51356,0,1,10,2022,India,1368,Australia,394
2022-10-26,NotMayo,304,3384,harina de garbanzo,0,0.438,18,51042,0,2,10,2022,India,1368,Australia,394
2022-10-27,NotMayo,403,3384,harina de garbanzo,0,0.454,18,50738,0,3,10,2022,India,1368,Australia,394
2022-10-28,NotMayo,375,3384,harina de garbanzo,0,0.513,18,50335,0,4,10,2022,India,1368,Australia,394
2022-10-29,NotMayo,361,3384,harina de garbanzo,0,0.451,21,49960,0,5,10,2022,India,1368,Australia,394
2022-10-30,NotMayo,376,3384,harina de garbanzo,0,0.483,20,49599,0,6,10,2022,India,1368,Australia,394
2022-10-31,NotMayo,320,3384,harina de garbanzo,0,0.413,20,49223,0,0,10,2022,India,1368,Australia,394
2022-11-01,NotMayo,316,3384,harina de garbanzo,0,0.518,20,48903,0,1,11,2022,India,1368,Australia,394
2022-11-02,NotMayo,354,3384,harina de garbanzo,0,0.42,20,48587,0,2,11,2022,India,1368,Australia,394
2022-11-03,NotMayo,370,3384,harina de garbanzo,0,0.45,19,48233,0,3,11,2022,India,1368,Australia,394
2022-11-04,NotMayo,479,3384,harina de garbanzo,0,0.559,20,47863,0,4,11,2022,India,1368,Australia,394
2022-11-05,NotMayo,400,3384,harina de garbanzo,0,0.558,19,47384,0,5,11,2022,India,1368,Australia,394
2022-11-06,NotMayo,396,3384,harina de garbanzo,0,0.518,17,46984,0,6,11,2022,India,1368,Australia,394
2022-11-07,NotMayo,293,3384,harina de garbanzo,0,0.514,18,46588,0,0,11,2022,India,1368,Australia,394
2022-11-08,NotMayo,313,3384,harina de garbanzo,0,0.473,19,46295,0,1,11,2022,India,1368,Australia,394
2022-11-09,NotMayo,323,3384,harina de garbanzo,0,0.461,16,45982,0,2,11,2022,India,1368,Australia,394
2022-11-10,NotMayo,357,3384,harina de garbanzo,0,0.482,17,45659,0,3,11,2022,India,1368,Australia,394
2022-11-11,NotMayo,426,3384,harina de garbanzo,0,0.424,21,45302,0,4,11,2022,India,1368,Australia,394
2022-11-12,NotMayo,445,3384,harina de garbanzo,0,0.511,21,44876,0,5,11,2022,India,1368,Australia,394
2022-11-13,NotMayo,498,3384,harina de garbanzo,1,0.5,19,44431,0,6,11,2022,India,1368,Australia,394
2022-11-14,NotMayo,348,3384,harina de garbanzo,0,0.45,24,43933,0,0,11,2022,India,1368,Australia,394
2022-11-15,NotMayo,326,3384,harina de garbanzo,0,0.574,17,43585,0,1,11,2022,India,1368,Australia,394
2022-11-16,NotMayo,393,3384,harina de garbanzo,0,0.525,22,43259,0,2,11,2022,India,1368,Australia,394
2022-11-17,NotMayo,460,3384,harina de garbanzo,0,0.527,20,42866,0,3,11,2022,India,1368,Australia,394
2022-11-18,NotMayo,425,3384,harina de garbanzo,0,0.466,21,42406,0,4,11,2022,India,1368,Australia,394
2022-11-19,NotMayo,450,3384,harina de garbanzo,0,0.489,20,41981,0,5,11,2022,India,1368,Australia,394
2022-11-20,NotMayo,403,3384,harina de garbanzo,0,0.518,16,41531,0,6,11,2022,India,1368,Australia,394
2022-11-21,NotMayo,383,3384,harina de garbanzo,0,0.492,20,41128,0,0,11,2022,India,1368,Australia,394
2022-11-22,NotMayo,317,3384,harina de garbanzo,0,0.562,21,40745,0,1,11,2022,India,1368,Australia,394
2022-11-23,NotMayo,354,3384,harina de garbanzo,0,0.468,15,40428,0,2,11,2022,India,1368,Australia,394
2022-11-24,NotMayo,415,3384,harina de garbanzo,0,0.45,23,40074,0,3,11,2022,India,1368,Australia,394
2022-11-25,NotMayo,470,3384,harina de garbanzo,0,0.504,21,39659,0,4,11,2022,India,1368,Australia,394
2022-11-26,NotMayo,399,3384,harina de garbanzo,0,0.406,21,39189,0,5,11,2022,India,1368,Australia,394
2022-11-27,NotMayo,335,3384,harina de garbanzo,0,0.512,18,38790,0,6,11,2022,India,1368,Australia,394
2022-11-28,NotMayo,354,3384,harina de garbanzo,0,0.397,21,38455,0,0,11,2022,India,1368,Australia,394
2022-11-29,NotMayo,386,3384,harina de garbanzo,0,0.49,22,38101,0,1,11,2022,India,1368,Australia,394
2022-11-30,NotMayo,328,3384,harina de garbanzo,0,0.422,20,37715,0,2,11,2022,India,1368,Australia,394
2022-12-01,NotMayo,372,3384,harina de garbanzo,0,0.474,20,37387,0,3,12,2022,India,1368,Australia,394
2022-12-02,NotMayo,442,3384,harina de garbanzo,0,0.491,18,37015,0,4,12,2022,India,1368,Australia,394
2022-12-03,NotMayo,431,3384,harina de garbanzo,0,0.449,19,36573,0,5,12,2022,India,1368,Australia,394
2022-12-04,NotMayo,427,3384,harina de garbanzo,0,0.377,18,36142,0,6,12,2022,India,1368,Australia,394
2022-12-05,NotMayo,339,3384,harina de garbanzo,0,0.387,20,35715,0,0,12,2022,India,1368,Australia,394
2022-12-06,NotMayo,354,3384,harina de garbanzo,0,0.391,17,35376,0,1,12,2022,India,1368,Australia,394
2022-12-07,NotMayo,419,3384,harina de garbanzo,0,0.328,20,35022,0,2,12,2022,India,1368,Australia,394
2022-12-08,NotMayo,378,3384,harina de garbanzo,0,0.474,18,34603,0,3,12,2022,India,1368,Australia,394
2022-12-09,NotMayo,498,3384,harina de garbanzo,0,0.418,19,34225,0,4,12,2022,India,1368,Australia,394
2022-12-10,NotMayo,406,3384,harina de garbanzo,0,0.35,20,33727,0,5,12,2022,India,1368,Australia,394
2022-12-11,NotMayo,444,3384,harina de garbanzo,0,0.474,18,33321,0,6,12,2022,India,1368,Australia,394
2022-12-12,NotMayo,470,3384,harina de garbanzo,1,0.361,20,32877,0,0,12,2022,India,1368,Australia,394
2022-12-13,NotMayo,337,3384,harina de garbanzo,0,0.403,20,32407,0,1,12,2022,India,1368,Australia,394
2022-12-14,NotMayo,374,3384,harina de garbanzo,0,0.344,18,32070,0,2,12,2022,India,1368,Australia,394
2022-12-15,NotMayo,445,3384,harina de garbanzo,0,0.278,21,31696,0,3,12,2022,India,1368,Australia,394
2022-12-16,NotMayo,453,3384,harina de garbanzo,0,0.305,19,31251,0,4,12,2022,India,1368,Australia,394
2022-12-17,NotMayo,492,3384,harina de garbanzo,0,0.345,21,30798,0,5,12,2022,India,1368,Australia,394
2022-12-18,NotMayo,472,3384,harina de garbanzo,0,0.407,23,30306,0,6,12,2022,India,1368,Australia,394
2022-12-19,NotMayo,353,3384,harina de garbanzo,0,0.373,19,29834,0,0,12,2022,India,1368,Australia,394
2022-12-20,NotMayo,339,3384,harina de garbanzo,0,0.357,20,29481,0,1,12,2022,India,1368,Australia,394
2022-12-21,NotMayo,355,3384,harina de garbanzo,0,0.243,17,29142,0,2,12,2022,India,1368,Australia,394
2022-12-22,NotMayo,402,3384,harina de garbanzo,0,0.401,17,28787,0,3,12,2022,India,1368,Australia,394
2022-12-23,NotMayo,502,3384,harina de garbanzo,0,0.343,18,28385,0,4,12,2022,India,1368,Australia,394
2022-12-24,NotMayo,480,3384,harina de garbanzo,0,0.32,16,27883,0,5,12,2022,India,1368,Australia,394
2022-12-25,NotMayo,513,3384,harina de garbanzo,1,0.376,17,27403,0,6,12,2022,India,1368,Australia,394
2022-12-26,NotMayo,396,3384,harina de garbanzo,0,0.376,20,26890,0,0,12,2022,India,1368,Australia,394
2022-12-27,NotMayo,427,3384,harina de garbanzo,0,0.366,18,26494,0,1,12,2022,India,1368,Australia,394
2022-12-28,NotMayo,465,3384,harina de garbanzo,0,0.289,20,26067,0,2,12,2022,India,1368,Australia,394
2022-12-29,NotMayo,450,3384,harina de garbanzo,0,0.246,19,25602,0,3,12,2022,India,1368,Australia,394
2022-12-30,NotMayo,369,3384,harina de garbanzo,0,0.339,22,25152,0,4,12,2022,India,1368,Australia,394
2022-12-31,NotMayo,590,3384,harina de garbanzo,1,0.216,19,24783,0,5,12,2022,India,1368,Australia,394
2023-01-01,NotMayo,470,3818,harina de garbanzo,0,0.376,21,24193,0,6,1,2023,India,1368,Australia,394
2023-01-02,NotMayo,409,3818,harina de garbanzo,0,0.274,19,23723,0,0,1,2023,India,1368,Australia,394
2023-01-03,NotMayo,412,3818,harina de garbanzo,0,0.214,18,23314,0,1,1,2023,India,1368,Australia,394
2023-01-04,NotMayo,421,3818,harina de garbanzo,0,0.2,20,22902,0,2,1,2023,India,1368,Australia,394
2023-01-05,NotMayo,403,3818,harina de garbanzo,0,0.192,19,22481,0,3,1,2023,India,1368,Australia,394
2023-01-06,NotMayo,442,3818,harina de garbanzo,0,0.257,18,22078,0,4,1,2023,India,1368,Australia,394
2023-01-07,NotMayo,595,3818,harina de garbanzo,1,0.244,18,21636,0,5,1,2023,India,1368,Australia,394
2023-01-08,NotMayo,652,3818,harina de garbanzo,1,0.178,18,21041,0,6,1,2023,India,1368,Australia,394
2023-01-09,NotMayo,383,3818,harina de garbanzo,0,0.216,16,20389,0,0,1,2023,India,1368,Australia,394
2023-01-10,NotMayo,409,3818,harina de garbanzo,0,0.161,16,20006,0,1,1,2023,India,1368,Australia,394
2023-01-11,NotMayo,425,3818,harina de garbanzo,0,0.254,21,19597,0,2,1,2023,India,1368,Australia,394
2023-01-12,NotMayo,511,3818,harina de garbanzo,0,0.217,21,19172,0,3,1,2023,India,1368,Australia,394
2023-01-13,NotMayo,634,3818,harina de garbanzo,1,0.196,16,18661,0,4,1,2023,India,1368,Australia,394
2023-01-14,NotMayo,413,3818,harina de garbanzo,0,0.146,16,18027,0,5,1,2023,India,1368,Australia,394
2023-01-15,NotMayo,473,3818,harina de garbanzo,0,0.19,20,17614,0,6,1,2023,India,1368,Australia,394
2023-01-16,NotMayo,484,3818,harina de garbanzo,0,0.18,19,17141,0,0,1,2023,India,1368,Australia,394
2023-01-17,NotMayo,423,3818,harina de garbanzo,0,0.213,19,16657,0,1,1,2023,India,1368,Australia,394
2023-01-18,NotMayo,394,3818,harina de garbanzo,0,0.201,19,16234,0,2,1,2023,India,1368,Australia,394
2023-01-19,NotMayo,419,3818,harina de garbanzo,0,0.229,17,15840,0,3,1,2023,India,1368,Australia,394
2023-01-20,NotMayo,576,3818,harina de garbanzo,1,0.161,18,15421,0,4,1,2023,India,1368,Australia,394
2023-01-21,NotMayo,564,3818,harina de garbanzo,0,0.089,17,14845,0,5,1,2023,India,1368,Australia,394
2023-01-22,NotMayo,443,3818,harina de garbanzo,0,0.228,16,14281,0,6,1,2023,India,1368,Australia,394
2023-01-23,NotMayo,396,3818,harina de garbanzo,0,0.128,18,13838,0,0,1,2023,India,1368,Australia,394
2023-01-24,NotMayo,399,3818,harina de garbanzo,0,0.117,19,13442,0,1,1,2023,India,1368,Australia,394
2023-01-25,NotMayo,414,3818,harina de garbanzo,0,0.167,17,13043,0,2,1,2023,India,1368,Australia,394
2023-01-26,NotMayo,522,3818,harina de garbanzo,0,0.182,18,12629,0,3,1,2023,India,1368,Australia,394
2023-01-27,NotMayo,453,3818,harina de garbanzo,0,0.138,18,12107,0,4,1,2023,India,1368,Australia,394
2023-01-28,NotMayo,537,3818,harina de garbanzo,0,0.135,17,11654,0,5,1,2023,India,1368,Australia,394
2023-01-29,NotMayo,464,3818,harina de garbanzo,0,0.14,18,11117,0,6,1,2023,India,1368,Australia,394
2023-01-30,NotMayo,463,3818,harina de garbanzo,0,0.229,16,10653,0,0,1,2023,India,1368,Australia,394
2023-01-31,NotMayo,460,3818,harina de garbanzo,0,0.156,20,10190,0,1,1,2023,India,1368,Australia,394
2023-02-01,NotMayo,432,3818,harina de garbanzo,0,0.106,18,9730,0,2,2,2023,India,1368,Australia,394
2023-02-02,NotMayo,456,3818,harina de garbanzo,0,0.106,15,9298,0,3,2,2023,India,1368,Australia,394
2023-02-03,NotMayo,500,3818,harina de garbanzo,0,0.14,21,8842,0,4,2,2023,India,1368,Australia,394
2023-02-04,NotMayo,491,3818,harina de garbanzo,0,0.163,18,8342,0,5,2,2023,India,1368,Australia,394
2023-02-05,NotMayo,401,3818,harina de garbanzo,0,0.175,16,7851,0,6,2,2023,India,1368,Australia,394
2023-02-06,NotMayo,478,3818,harina de garbanzo,0,0.157,19,7450,0,0,2,2023,India,1368,Australia,394
2023-02-07,NotMayo,420,3818,harina de garbanzo,0,0.108,18,6972,0,1,2,2023,India,1368,Australia,394
2023-02-08,NotMayo,392,3818,harina de garbanzo,0,0.129,13,6552,0,2,2,2023,India,1368,Australia,394
2023-02-09,NotMayo,394,3818,harina de garbanzo,0,0.187,16,6160,0,3,2,2023,India,1368,Australia,394
2023-02-10,NotMayo,408,3818,harina de garbanzo,0,0.093,17,5766,0,4,2,2023,India,1368,Australia,394
2023-02-11,NotMayo,529,3818,harina de garbanzo,0,0.128,13,5358,0,5,2,2023,India,1368,Australia,394
2023-02-12,NotMayo,443,3818,harina de garbanzo,0,0.182,18,4829,0,6,2,2023,India,1368,Australia,394
2023-02-13,NotMayo,412,3818,harina de garbanzo,0,0.197,18,4386,0,0,2,2023,India,1368,Australia,394
2023-02-14,NotMayo,567,3818,harina de garbanzo,1,0.144,15,3974,0,1,2,2023,India,1368,Australia,394
2023-02-15,NotMayo,416,3818,harina de garbanzo,0,0.135,18,3407,0,2,2,2023,India,1368,Australia,394
2023-02-16,NotMayo,495,3818,harina de garbanzo,0,0.091,17,2991,0,3,2,2023,India,1368,Australia,394
2023-02-17,NotMayo,507,3818,harina de garbanzo,0,0.185,15,2496,0,4,2,2023,India,1368,Australia,394
2023-02-18,NotMayo,497,3818,harina de garbanzo,0,0.227,20,1989,0,5,2,2023,India,1368,Australia,394
2023-02-19,NotMayo,409,3818,harina de garbanzo,0,0.291,20,1492,0,6,2,2023,India,1368,Australia,394
2023-02-20,NotMayo,402,3818,harina de garbanzo,0,0.185,17,1083,0,0,2,2023,India,1368,Australia,394
2023-02-21,NotMayo,436,3818,harina de garbanzo,0,0.165,17,681,0,1,2,2023,India,1368,Australia,394
2023-02-22,NotMayo,563,3818,harina de garbanzo,1,0.124,18,245,0,2,2,2023,India,1368,Australia,394
2023-02-23,NotMayo,521,3818,harina de garbanzo,0,0.079,16,0,1,3,2,2023,India,1368,Australia,394
2023-02-24,NotMayo,600,3818,harina de garbanzo,0,0.185,14,0,1,4,2,2023,India,1368,Australia,394
2023-02-25,NotMayo,528,3818,harina de garbanzo,0,0.297,19,0,1,5,2,2023,India,1368,Australia,394
2023-02-26,NotMayo,525,3818,harina de garbanzo,0,0.247,16,0,1,6,2,2023,India,1368,Australia,394
2023-02-27,NotMayo,456,3818,harina de garbanzo,0,0.243,17,0,1,0,2,2023,India,1368,Australia,394
2023-02-28,NotMayo,399,3818,harina de garbanzo,0,0.203,21,0,1,1,2,2023,India,1368,Australia,394
2023-03-01,NotMayo,444,3818,harina de garbanzo,0,0.213,17,8101,0,2,3,2023,India,1368,Australia,394
2023-03-02,NotMayo,553,3818,harina de garbanzo,0,0.077,17,16157,0,3,3,2023,India,1368,Australia,394
2023-03-03,NotMayo,485,3818,harina de garbanzo,0,0.241,19,24104,0,4,3,2023,India,1368,Australia,394
2023-03-04,NotMayo,461,3818,harina de garbanzo,0,0.178,18,32119,0,5,3,2023,India,1368,Australia,394
2023-03-05,NotMayo,526,3818,harina de garbanzo,1,0.177,16,48658,0,6,3,2023,India,1368,Australia,394
2023-03-06,NotMayo,423,3818,harina de garbanzo,0,0.2,17,48132,0,0,3,2023,India,1368,Australia,394
2023-03-07,NotMayo,383,3818,harina de garbanzo,0,0.203,18,47709,0,1,3,2023,India,1368,Australia,394
2023-03-08,NotMayo,495,3818,harina de garbanzo,0,0.19,18,47326,0,2,3,2023,India,1368,Australia,394
2023-03-09,NotMayo,599,3818,harina de garbanzo,1,0.232,18,55331,0,3,3,2023,India,1368,Australia,394
2023-03-10,NotMayo,677,3818,harina de garbanzo,1,0.208,23,80232,0,4,3,2023,India,1368,Australia,394
2023-03-11,NotMayo,490,3818,harina de garbanzo,0,0.247,16,96555,0,5,3,2023,India,1368,Australia,394
2023-03-12,NotMayo,426,3818,harina de garbanzo,0,0.173,19,104565,0,6,3,2023,India,1368,Australia,394
2023-03-13,NotMayo,385,3818,harina de garbanzo,0,0.242,20,104139,0,0,3,2023,India,1368,Australia,394
2023-03-14,NotMayo,385,3818,harina de garbanzo,0,0.203,19,112254,0,1,3,2023,India,1368,Australia,394
2023-03-15,NotMayo,448,3818,harina de garbanzo,0,0.231,17,111869,0,2,3,2023,India,1368,Australia,394
2023-03-16,NotMayo,495,3818,harina de garbanzo,0,0.276,22,128421,0,3,3,2023,India,1368,Australia,394
2023-03-17,NotMayo,528,3818,harina de garbanzo,0,0.195,13,127926,0,4,3,2023,India,1368,Australia,394
2023-03-18,NotMayo,441,3818,harina de garbanzo,0,0.239,17,127398,0,5,3,2023,India,1368,Australia,394
2023-03-19,NotMayo,467,3818,harina de garbanzo,0,0.315,21,126957,0,6,3,2023,India,1368,Australia,394
2023-03-20,NotMayo,394,3818,harina de garbanzo,0,0.222,17,126490,0,0,3,2023,India,1368,Australia,394
2023-03-21,NotMayo,427,3818,harina de garbanzo,0,0.387,22,134596,0,1,3,2023,India,1368,Australia,394
2023-03-22,NotMayo,451,3818,harina de garbanzo,0,0.364,16,134169,0,2,3,2023,India,1368,Australia,394
2023-03-23,NotMayo,429,3818,harina de garbanzo,0,0.286,16,133718,0,3,3,2023,India,1368,Australia,394
2023-03-24,NotMayo,541,3818,harina de garbanzo,0,0.277,17,133289,0,4,3,2023,India,1368,Australia,394
2023-03-25,NotMayo,592,3818,harina de garbanzo,0,0.332,19,132748,0,5,3,2023,India,1368,Australia,394
2023-03-26,NotMayo,496,3818,harina de garbanzo,0,0.256,18,132156,0,6,3,2023,India,1368,Australia,394
2023-03-27,NotMayo,421,3818,harina de garbanzo,0,0.234,17,131660,0,0,3,2023,India,1368,Australia,394
2023-03-28,NotMayo,402,3818,harina de garbanzo,0,0.317,21,131239,0,1,3,2023,India,1368,Australia,394
2023-03-29,NotMayo,424,3818,harina de garbanzo,0,0.34,22,130837,0,2,3,2023,India,1368,Australia,394
2023-03-30,NotMayo,442,3818,harina de garbanzo,0,0.357,18,130413,0,3,3,2023,India,1368,Australia,394
2023-03-31,NotMayo,509,3818,harina de garbanzo,0,0.327,15,129971,0,4,3,2023,India,1368,Australia,394
2023-04-01,NotMayo,450,3818,harina de garbanzo,0,0.428,15,129462,0,5,4,2023,India,1368,Australia,394
2023-04-02,NotMayo,501,3818,harina de garbanzo,1,0.295,19,129012,0,6,4,2023,India,1368,Australia,394
2023-04-03,NotMayo,431,3818,harina de garbanzo,0,0.319,20,128511,0,0,4,2023,India,1368,Australia,394
2023-04-04,NotMayo,410,3818,harina de garbanzo,0,0.406,19,128080,0,1,4,2023,India,1368,Australia,394
2023-04-05,NotMayo,409,3818,harina de garbanzo,0,0.329,18,127670,0,2,4,2023,India,1368,Australia,394
2023-04-06,NotMayo,419,3818,harina de garbanzo,0,0.333,17,127261,0,3,4,2023,India,1368,Australia,394
2023-04-07,NotMayo,506,3818,harina de garbanzo,0,0.404,21,126842,0,4,4,2023,India,1368,Australia,394
2023-04-08,NotMayo,452,3818,harina de garbanzo,0,0.351,22,126336,0,5,4,2023,India,1368,Australia,394
2023-04-09,NotMayo,453,3818,harina de garbanzo,0,0.402,15,125884,0,6,4,2023,India,1368,Australia,394
2023-04-10,NotMayo,479,3818,harina de garbanzo,0,0.379,19,125431,0,0,4,2023,India,1368,Australia,394
2023-04-11,NotMayo,427,3818,harina de garbanzo,0,0.376,17,124952,0,1,4,2023,India,1368,Australia,394
2023-04-12,NotMayo,378,3818,harina de garbanzo,0,0.319,16,124525,0,2,4,2023,India,1368,Australia,394
2023-04-13,NotMayo,524,3818,harina de garbanzo,1,0.436,17,124147,0,3,4,2023,India,1368,Australia,394
2023-04-14,NotMayo,496,3818,harina de garbanzo,0,0.372,20,123623,0,4,4,2023,India,1368,Australia,394
2023-04-15,NotMayo,433,3818,harina de garbanzo,0,0.43,20,123127,0,5,4,2023,India,1368,Australia,394
2023-04-16,NotMayo,381,3818,harina de garbanzo,0,0.418,22,122694,0,6,4,2023,India,1368,Australia,394
2023-04-17,NotMayo,434,3818,harina de garbanzo,0,0.437,20,122313,0,0,4,2023,India,1368,Australia,394
2023-04-18,NotMayo,412,3818,harina de garbanzo,0,0.444,16,121879,0,1,4,2023,India,1368,Australia,394
2023-04-19,NotMayo,435,3818,harina de garbanzo,0,0.466,19,121467,0,2,4,2023,India,1368,Australia,394
2023-04-20,NotMayo,467,3818,harina de garbanzo,0,0.423,17,121032,0,3,4,2023,India,1368,Australia,394
2023-04-21,NotMayo,482,3818,harina de garbanzo,0,0.526,18,120565,0,4,4,2023,India,1368,Australia,394
2023-04-22,NotMayo,456,3818,harina de garbanzo,0,0.375,20,120083,0,5,4,2023,India,1368,Australia,394
2023-04-23,NotMayo,467,3818,harina de garbanzo,0,0.459,20,119627,0,6,4,2023,India,1368,Australia,394
2023-04-24,NotMayo,461,3818,harina de garbanzo,0,0.516,21,119160,0,0,4,2023,India,1368,Australia,394
2023-04-25,NotMayo,381,3818,harina de garbanzo,0,0.501,19,118699,0,1,4,2023,India,1368,Australia,394
2023-04-26,NotMayo,381,3818,harina de garbanzo,0,0.431,21,118318,0,2,4,2023,India,1368,Australia,394
2023-04-27,NotMayo,411,3818,harina de garbanzo,0,0.442,19,117937,0,3,4,2023,India,1368,Australia,394
2023-04-28,NotMayo,446,3818,harina de garbanzo,0,0.435,22,117526,0,4,4,2023,India,1368,Australia,394
2023-04-29,NotMayo,483,3818,harina de garbanzo,0,0.517,21,117080,0,5,4,2023,India,1368,Australia,394
2023-04-30,NotMayo,367,3818,harina de garbanzo,0,0.453,19,116597,0,6,4,2023,India,1368,Australia,394
2023-05-01,NotMayo,420,3818,harina de garbanzo,0,0.504,20,116230,0,0,5,2023,India,1368,Australia,394
2023-05-02,NotMayo,412,3818,harina de garbanzo,0,0.506,20,115810,0,1,5,2023,India,1368,Australia,394
2023-05-03,NotMayo,351,3818,harina de garbanzo,0,0.613,24,115398,0,2,5,2023,India,1368,Australia,394
2023-05-04,NotMayo,411,3818,harina de garbanzo,0,0.512,21,115047,0,3,5,2023,India,1368,Australia,394
2023-05-05,NotMayo,475,3818,harina de garbanzo,0,0.457,20,114636,0,4,5,2023,India,1368,Australia,394
2023-05-06,NotMayo,463,3818,harina de garbanzo,0,0.425,19,114161,0,5,5,2023,India,1368,Australia,394
2023-05-07,NotMayo,455,3818,harina de garbanzo,0,0.485,22,113698,0,6,5,2023,India,1368,Australia,394
2023-05-08,NotMayo,396,3818,harina de garbanzo,0,0.494,21,113243,0,0,5,2023,India,1368,Australia,394
2023-05-09,NotMayo,425,3818,harina de garbanzo,0,0.389,19,112847,0,1,5,2023,India,1368,Australia,394
2023-05-10,NotMayo,393,3818,harina de garbanzo,0,0.464,17,112422,0,2,5,2023,India,1368,Australia,394
2023-05-11,NotMayo,405,3818,harina de garbanzo,0,0.515,18,112029,0,3,5,2023,India,1368,Australia,394
2023-05-12,NotMayo,426,3818,harina de garbanzo,0,0.473,19,111624,0,4,5,2023,India,1368,Australia,394
2023-05-13,NotMayo,489,3818,harina de garbanzo,0,0.548,23,111198,0,5,5,2023,India,1368,Australia,394
2023-05-14,NotMayo,431,3818,harina de garbanzo,0,0.421,19,110709,0,6,5,2023,India,1368,Australia,394
2023-05-15,NotMayo,414,3818,harina de garbanzo,0,0.531,19,110278,0,0,5,2023,India,1368,Australia,394
2023-05-16,NotMayo,399,3818,harina de garbanzo,0,0.542,17,109864,0,1,5,2023,India,1368,Australia,394
2023-05-17,NotMayo,333,3818,harina de garbanzo,0,0.543,23,109465,0,2,5,2023,India,1368,Australia,394
2023-05-18,NotMayo,393,3818,harina de garbanzo,0,0.415,20,109132,0,3,5,2023,India,1368,Australia,394
2023-05-19,NotMayo,421,3818,harina de garbanzo,0,0.508,22,108739,0,4,5,2023,India,1368,Australia,394
2023-05-20,NotMayo,425,3818,harina de garbanzo,0,0.457,22,108318,0,5,5,2023,India,1368,Australia,394
2023-05-21,NotMayo,409,3818,harina de garbanzo,0,0.418,19,107893,0,6,5,2023,India,1368,Australia,394
2023-05-22,NotMayo,419,3818,harina de garbanzo,0,0.465,20,107484,0,0,5,2023,India,1368,Australia,394
2023-05-23,NotMayo,410,3818,harina de garbanzo,0,0.438,22,107065,0,1,5,2023,India,1368,Australia,394
2023-05-24,NotMayo,382,3818,harina de garbanzo,0,0.526,21,106655,0,2,5,2023,India,1368,Australia,394
2023-05-25,NotMayo,417,3818,harina de garbanzo,0,0.503,21,106273,0,3,5,2023,India,1368,Australia,394
2023-05-26,NotMayo,559,3818,harina de garbanzo,1,0.417,21,105856,0,4,5,2023,India,1368,Australia,394
2023-05-27,NotMayo,450,3818,harina de garbanzo,0,0.435,21,105297,0,5,5,2023,India,1368,Australia,394
2023-05-28,NotMayo,423,3818,harina de garbanzo,0,0.449,19,104847,0,6,5,2023,India,1368,Australia,394
2023-05-29,NotMayo,510,3818,harina de garbanzo,1,0.461,20,104424,0,0,5,2023,India,1368,Australia,394
2023-05-30,NotMayo,532,3818,harina de garbanzo,1,0.511,22,103914,0,1,5,2023,India,1368,Australia,394
2023-05-31,NotMayo,314,3818,harina de garbanzo,0,0.491,21,103382,0,2,5,2023,India,1368,Australia,394
2023-06-01,NotMayo,414,3818,harina de garbanzo,0,0.455,22,103068,0,3,6,2023,India,1368,Australia,394
2023-06-02,NotMayo,595,3818,harina de garbanzo,1,0.435,21,102654,0,4,6,2023,India,1368,Australia,394
2023-06-03,NotMayo,424,3818,harina de garbanzo,0,0.355,20,102059,0,5,6,2023,India,1368,Australia,394
2023-06-04,NotMayo,447,3818,harina de garbanzo,0,0.504,19,101635,0,6,6,2023,India,1368,Australia,394
2023-06-05,NotMayo,366,3818,harina de garbanzo,0,0.413,18,101188,0,0,6,2023,India,1368,Australia,394
2023-06-06,NotMayo,498,3818,harina de garbanzo,1,0.508,22,100822,0,1,6,2023,India,1368,Australia,394
2023-06-07,NotMayo,344,3818,harina de garbanzo,0,0.435,18,100324,0,2,6,2023,India,1368,Australia,394
2023-06-08,NotMayo,375,3818,harina de garbanzo,0,0.522,20,99980,0,3,6,2023,India,1368,Australia,394
2023-06-09,NotMayo,461,3818,harina de garbanzo,0,0.446,22,99605,0,4,6,2023,India,1368,Australia,394
2023-06-10,NotMayo,463,3818,harina de garbanzo,0,0.339,21,99144,0,5,6,2023,India,1368,Australia,394
2023-06-11,NotMayo,523,3818,harina de garbanzo,1,0.374,20,98681,0,6,6,2023,India,1368,Australia,394
2023-06-12,NotMayo,333,3818,harina de garbanzo,0,0.391,19,98158,0,0,6,2023,India,1368,Australia,394
2023-06-13,NotMayo,357,3818,harina de garbanzo,0,0.35,19,97825,0,1,6,2023,India,1368,Australia,394
2023-06-14,NotMayo,409,3818,harina de garbanzo,0,0.369,21,97468,0,2,6,2023,India,1368,Australia,394
2023-06-15,NotMayo,461,3818,harina de garbanzo,0,0.314,18,97059,0,3,6,2023,India,1368,Australia,394
2023-06-16,NotMayo,418,3818,harina de garbanzo,0,0.377,18,96598,0,4,6,2023,India,1368,Australia,394
2023-06-17,NotMayo,369,3818,harina de garbanzo,0,0.383,21,96180,0,5,6,2023,India,1368,Australia,394
2023-06-18,NotMayo,423,3818,harina de garbanzo,0,0.315,19,95811,0,6,6,2023,India,1368,Australia,394
2023-06-19,NotMayo,355,3818,harina de garbanzo,0,0.456,18,95388,0,0,6,2023,India,1368,Australia,394
2023-06-20,NotMayo,376,3818,harina de garbanzo,0,0.357,20,95033,0,1,6,2023,India,1368,Australia,394
2023-06-21,NotMayo,374,3818,harina de garbanzo,0,0.307,20,94657,0,2,6,2023,India,1368,Australia,394
2023-06-22,NotMayo,370,3818,harina de garbanzo,0,0.26,16,94283,0,3,6,2023,India,1368,Australia,394
2023-06-23,NotMayo,424,3818,harina de garbanzo,0,0.339,18,93913,0,4,6,2023,India,1368,Australia,394
2023-06-24,NotMayo,462,3818,harina de garbanzo,0,0.317,18,93489,0,5,6,2023,India,1368,Australia,394
2023-06-25,NotMayo,385,3818,harina de garbanzo,0,0.363,20,93027,0,6,6,2023,India,1368,Australia,394
2023-06-26,NotMayo,327,3818,harina de garbanzo,0,0.31,20,92642,0,0,6,2023,India,1368,Australia,394
2023-06-27,NotMayo,300,3818,harina de garbanzo,0,0.252,17,92315,0,1,6,2023,India,1368,Australia,394
2023-06-28,NotMayo,420,3818,harina de garbanzo,1,0.389,16,92015,0,2,6,2023,India,1368,Australia,394
2023-06-29,NotMayo,379,3818,harina de garbanzo,0,0.321,21,91595,0,3,6,2023,India,1368,Australia,394
2023-06-30,NotMayo,442,3818,harina de garbanzo,0,0.281,16,91216,0,4,6,2023,India,1368,Australia,394
2023-07-01,NotMayo,375,3818,harina de garbanzo,0,0.296,19,90774,0,5,7,2023,India,1368,Australia,394
2023-07-02,NotMayo,431,3818,harina de garbanzo,0,0.306,18,90399,0,6,7,2023,India,1368,Australia,394
2023-07-03,NotMayo,314,3818,harina de garbanzo,0,0.205,18,89968,0,0,7,2023,India,1368,Australia,394
2023-07-04,NotMayo,402,3818,harina de garbanzo,0,0.278,22,89654,0,1,7,2023,India,1368,Australia,394
2023-07-05,NotMayo,403,3818,harina de garbanzo,0,0.242,24,89252,0,2,7,2023,India,1368,Australia,394
2023-07-06,NotMayo,546,3818,harina de garbanzo,1,0.284,15,88849,0,3,7,2023,India,1368,Australia,394
2023-07-07,NotMayo,355,3818,harina de garbanzo,0,0.216,20,88303,0,4,7,2023,India,1368,Australia,394
2023-07-08,NotMayo,553,3818,harina de garbanzo,1,0.218,17,87948,0,5,7,2023,India,1368,Australia,394
2023-07-09,NotMayo,366,3818,harina de garbanzo,0,0.326,21,87395,0,6,7,2023,India,1368,Australia,394
2023-07-10,NotMayo,311,3818,harina de garbanzo,0,0.299,20,87029,0,0,7,2023,India,1368,Australia,394
2023-07-11,NotMayo,342,3818,harina de garbanzo,0,0.067,19,86718,0,1,7,2023,India,1368,Australia,394
2023-07-12,NotMayo,327,3818,harina de garbanzo,0,0.285,19,86376,0,2,7,2023,India,1368,Australia,394
2023-07-13,NotMayo,359,3818,harina de garbanzo,0,0.219,16,86049,0,3,7,2023,India,1368,Australia,394
2023-07-14,NotMayo,397,3818,harina de garbanzo,0,0.182,19,85690,0,4,7,2023,India,1368,Australia,394
2023-07-15,NotMayo,382,3818,harina de garbanzo,0,0.162,18,85293,0,5,7,2023,India,1368,Australia,394
2023-07-16,NotMayo,435,3818,harina de garbanzo,0,0.161,17,84911,0,6,7,2023,India,1368,Australia,394
2023-07-17,NotMayo,327,3818,harina de garbanzo,0,0.17,16,84476,0,0,7,2023,India,1368,Australia,394
2023-07-18,NotMayo,341,3818,harina de garbanzo,0,0.143,19,84149,0,1,7,2023,India,1368,Australia,394
2023-07-19,NotMayo,434,3818,harina de garbanzo,1,0.128,20,83808,0,2,7,2023,India,1368,Australia,394
2023-07-20,NotMayo,387,3818,harina de garbanzo,0,0.139,15,83374,0,3,7,2023,India,1368,Australia,394
2023-07-21,NotMayo,412,3818,harina de garbanzo,0,0.204,19,82987,0,4,7,2023,India,1368,Australia,394
2023-07-22,NotMayo,423,3818,harina de garbanzo,0,0.186,17,82575,0,5,7,2023,India,1368,Australia,394
2023-07-23,NotMayo,377,3818,harina de garbanzo,0,0.208,15,82152,0,6,7,2023,India,1368,Australia,394
2023-07-24,NotMayo,344,3818,harina de garbanzo,0,0.174,18,81775,0,0,7,2023,India,1368,Australia,394
2023-07-25,NotMayo,328,3818,harina de garbanzo,0,0.109,15,81431,0,1,7,2023,India,1368,Australia,394
2023-07-26,NotMayo,338,3818,harina de garbanzo,0,0.196,14,81103,0,2,7,2023,India,1368,Australia,394
2023-07-27,NotMayo,345,3818,harina de garbanzo,0,0.118,15,80765,0,3,7,2023,India,1368,Australia,394
2023-07-28,NotMayo,392,3818,harina de garbanzo,0,0.198,16,80420,0,4,7,2023,India,1368,Australia,394
2023-07-29,NotMayo,399,3818,harina de garbanzo,0,0.105,16,80028,0,5,7,2023,India,1368,Australia,394
2023-07-30,NotMayo,377,3818,harina de garbanzo,0,0.127,14,79629,0,6,7,2023,India,1368,Australia,394
2023-07-31,NotMayo,340,3818,harina de garbanzo,0,0.141,16,79252,0,0,7,2023,India,1368,Australia,394
2023-08-01,NotMayo,317,3818,harina de garbanzo,0,0.191,16,78912,0,1,8,2023,India,1368,Australia,394
2023-08-02,NotMayo,337,3818,harina de garbanzo,0,0.164,18,78595,0,2,8,2023,India,1368,Australia,394
2023-08-03,NotMayo,453,3818,harina de garbanzo,1,0.155,18,78258,0,3,8,2023,India,1368,Australia,394
2023-08-04,NotMayo,401,3818,harina de garbanzo,0,0.247,18,77805,0,4,8,2023,India,1368,Australia,394
2023-08-05,NotMayo,381,3818,harina de garbanzo,0,0.06,16,77404,0,5,8,2023,India,1368,Australia,394
2023-08-06,NotMayo,368,3818,harina de garbanzo,0,0.099,16,77023,0,6,8,2023,India,1368,Australia,394
2023-08-07,NotMayo,359,3818,harina de garbanzo,0,0.097,15,76655,0,0,8,2023,India,1368,Australia,394
2023-08-08,NotMayo,303,3818,harina de garbanzo,0,0.062,15,76296,0,1,8,2023,India,1368,Australia,394
2023-08-09,NotMayo,352,3818,harina de garbanzo,0,0.114,18,75993,0,2,8,2023,India,1368,Australia,394
2023-08-10,NotMayo,367,3818,harina de garbanzo,0,0.184,14,75641,0,3,8,2023,India,1368,Australia,394
2023-08-11,NotMayo,595,3818,harina de garbanzo,1,0.121,17,75274,0,4,8,2023,India,1368,Australia,394
2023-08-12,NotMayo,379,3818,harina de garbanzo,0,0.134,16,74679,0,5,8,2023,India,1368,Australia,394
2023-08-13,NotMayo,380,3818,harina de garbanzo,0,0.065,18,74300,0,6,8,2023,India,1368,Australia,394
2023-08-14,NotMayo,331,3818,harina de garbanzo,0,0.112,14,73920,0,0,8,2023,India,1368,Australia,394
2023-08-15,NotMayo,284,3818,harina de garbanzo,0,0.13,17,73589,0,1,8,2023,India,1368,Australia,394
2023-08-16,NotMayo,321,3818,harina de garbanzo,0,0.187,18,73305,0,2,8,2023,India,1368,Australia,394
2023-08-17,NotMayo,391,3818,harina de garbanzo,0,0.072,13,72984,0,3,8,2023,India,1368,Australia,394
2023-08-18,NotMayo,374,3818,harina de garbanzo,0,0.135,15,72593,0,4,8,2023,India,1368,Australia,394
2023-08-19,NotMayo,316,3818,harina de garbanzo,0,0.214,18,72219,0,5,8,2023,India,1368,Australia,394
2023-08-20,NotMayo,358,3818,harina de garbanzo,0,0.139,18,71903,0,6,8,2023,India,1368,Australia,394
2023-08-21,NotMayo,301,3818,harina de garbanzo,0,0.058,17,71545,0,0,8,2023,India,1368,Australia,394
2023-08-22,NotMayo,322,3818,harina de garbanzo,0,0.23,19,71244,0,1,8,2023,India,1368,Australia,394
2023-08-23,NotMayo,376,3818,harina de garbanzo,0,0.205,15,70922,0,2,8,2023,India,1368,Australia,394
2023-08-24,NotMayo,387,3818,harina de garbanzo,0,0.215,15,70546,0,3,8,2023,India,1368,Australia,394
2023-08-25,NotMayo,434,3818,harina de garbanzo,0,0.087,17,70159,0,4,8,2023,India,1368,Australia,394
2023-08-26,NotMayo,367,3818,harina de garbanzo,0,0.253,16,69725,0,5,8,2023,India,1368,Australia,394
2023-08-27,NotMayo,355,3818,harina de garbanzo,0,0.142,15,69358,0,6,8,2023,India,1368,Australia,394
2023-08-28,NotMayo,302,3818,harina de garbanzo,0,0.159,19,69003,0,0,8,2023,India,1368,Australia,394
2023-08-29,NotMayo,301,3818,harina de garbanzo,0,0.153,18,68701,0,1,8,2023,India,1368,Australia,394
2023-08-30,NotMayo,309,3818,harina de garbanzo,0,0.239,17,68400,0,2,8,2023,India,1368,Australia,394
2023-08-31,NotMayo,327,3818,harina de garbanzo,0,0.187,16,68091,0,3,8,2023,India,1368,Australia,394
2023-09-01,NotMayo,430,3818,harina de garbanzo,0,0.224,19,67764,0,4,9,2023,India,1368,Australia,394
2023-09-02,NotMayo,321,3818,harina de garbanzo,0,0.208,18,67334,0,5,9,2023,India,1368,Australia,394
2023-09-03,NotMayo,399,3818,harina de garbanzo,0,0.204,15,67013,0,6,9,2023,India,1368,Australia,394
2023-09-04,NotMayo,364,3818,harina de garbanzo,0,0.166,13,66614,0,0,9,2023,India,1368,Australia,394
2023-09-05,NotMayo,332,3818,harina de garbanzo,0,0.309,22,66250,0,1,9,2023,India,1368,Australia,394
2023-09-06,NotMayo,305,3818,harina de garbanzo,0,0.15,15,65918,0,2,9,2023,India,1368,Australia,394
2023-09-07,NotMayo,411,3818,harina de garbanzo,1,0.249,19,65613,0,3,9,2023,India,1368,Australia,394
2023-09-08,NotMayo,372,3818,harina de garbanzo,0,0.252,21,65202,0,4,9,2023,India,1368,Australia,394
2023-09-09,NotMayo,406,3818,harina de garbanzo,0,0.296,19,64830,0,5,9,2023,India,1368,Australia,394
2023-09-10,NotMayo,362,3818,harina de garbanzo,0,0.313,17,64424,0,6,9,2023,India,1368,Australia,394
2023-09-11,NotMayo,388,3818,harina de garbanzo,1,0.242,15,64062,0,0,9,2023,India,1368,Australia,394
2023-09-12,NotMayo,351,3818,harina de garbanzo,0,0.281,15,63674,0,1,9,2023,India,1368,Australia,394
2023-09-13,NotMayo,383,3818,harina de garbanzo,0,0.348,20,63323,0,2,9,2023,India,1368,Australia,394
2023-09-14,NotMayo,362,3818,harina de garbanzo,0,0.262,21,62940,0,3,9,2023,India,1368,Australia,394
2023-09-15,NotMayo,395,3818,harina de garbanzo,0,0.218,17,62578,0,4,9,2023,India,1368,Australia,394
2023-09-16,NotMayo,342,3818,harina de garbanzo,0,0.258,17,62183,0,5,9,2023,India,1368,Australia,394
2023-09-17,NotMayo,352,3818,harina de garbanzo,0,0.218,19,61841,0,6,9,2023,India,1368,Australia,394
2023-09-18,NotMayo,348,3818,harina de garbanzo,0,0.307,17,61489,0,0,9,2023,India,1368,Australia,394
2023-09-19,NotMayo,333,3818,harina de garbanzo,0,0.348,19,61141,0,1,9,2023,India,1368,Australia,394
2023-09-20,NotMayo,326,3818,harina de garbanzo,0,0.294,18,60808,0,2,9,2023,India,1368,Australia,394
2023-09-21,NotMayo,363,3818,harina de garbanzo,0,0.225,17,60482,0,3,9,2023,India,1368,Australia,394
2023-09-22,NotMayo,381,3818,harina de garbanzo,0,0.364,19,60119,0,4,9,2023,India,1368,Australia,394
2023-09-23,NotMayo,384,3818,harina de garbanzo,0,0.23,21,59738,0,5,9,2023,India,1368,Australia,394
2023-09-24,NotMayo,380,3818,harina de garbanzo,0,0.247,19,59354,0,6,9,2023,India,1368,Australia,394
2023-09-25,NotMayo,285,3818,harina de garbanzo,0,0.322,21,58974,0,0,9,2023,India,1368,Australia,394
2023-09-26,NotMayo,325,3818,harina de garbanzo,0,0.349,17,58689,0,1,9,2023,India,1368,Australia,394
2023-09-27,NotMayo,353,3818,harina de garbanzo,0,0.364,21,58364,0,2,9,2023,India,1368,Australia,394
2023-09-28,NotMayo,358,3818,harina de garbanzo,0,0.345,20,58011,0,3,9,2023,India,1368,Australia,394
2023-09-29,NotMayo,384,3818,harina de garbanzo,0,0.442,17,57653,0,4,9,2023,India,1368,Australia,394
2023-09-30,NotMayo,383,3818,harina de garbanzo,0,0.364,20,57269,0,5,9,2023,India,1368,Australia,394
2023-10-01,NotMayo,357,3818,harina de garbanzo,0,0.418,18,56886,0,6,10,2023,India,1368,Australia,394
2023-10-02,NotMayo,342,3818,harina de garbanzo,0,0.411,16,56529,0,0,10,2023,India,1368,Australia,394
2023-10-03,NotMayo,334,3818,harina de garbanzo,0,0.313,19,56187,0,1,10,2023,India,1368,Australia,394
2023-10-04,NotMayo,367,3818,harina de garbanzo,1,0.375,20,55853,0,2,10,2023,India,1368,Australia,394
2023-10-05,NotMayo,400,3818,harina de garbanzo,0,0.495,20,55486,0,3,10,2023,India,1368,Australia,394
2023-10-06,NotMayo,395,3818,harina de garbanzo,0,0.37,19,55086,0,4,10,2023,India,1368,Australia,394
2023-10-07,NotMayo,465,3818,harina de garbanzo,0,0.367,18,54691,0,5,10,2023,India,1368,Australia,394
2023-10-08,NotMayo,341,3818,harina de garbanzo,0,0.414,24,54226,0,6,10,2023,India,1368,Australia,394
2023-10-09,NotMayo,323,3818,harina de garbanzo,0,0.388,17,53885,0,0,10,2023,India,1368,Australia,394
2023-10-10,NotMayo,330,3818,harina de garbanzo,0,0.376,21,53562,0,1,10,2023,India,1368,Australia,394
2023-10-11,NotMayo,364,3818,harina de garbanzo,0,0.397,19,53232,0,2,10,2023,India,1368,Australia,394
2023-10-12,NotMayo,396,3818,harina de garbanzo,1,0.498,18,52868,0,3,10,2023,India,1368,Australia,394
2023-10-13,NotMayo,383,3818,harina de garbanzo,0,0.424,19,52472,0,4,10,2023,India,1368,Australia,394
2023-10-14,NotMayo,428,3818,harina de garbanzo,0,0.369,16,52089,0,5,10,2023,India,1368,Australia,394
2023-10-15,NotMayo,353,3818,harina de garbanzo,0,0.365,18,51661,0,6,10,2023,India,1368,Australia,394
2023-10-16,NotMayo,391,3818,harina de garbanzo,0,0.555,20,51308,0,0,10,2023,India,1368,Australia,394
2023-10-17,NotMayo,329,3818,harina de garbanzo,0,0.438,16,50917,0,1,10,2023,India,1368,Australia,394
2023-10-18,NotMayo,333,3818,harina de garbanzo,0,0.475,21,50588,0,2,10,2023,India,1368,Australia,394
2023-10-19,NotMayo,411,3818,harina de garbanzo,0,0.419,17,50255,0,3,10,2023,India,1368,Australia,394
2023-10-20,NotMayo,471,3818,harina de garbanzo,0,0.477,17,49844,0,4,10,2023,India,1368,Australia,394
2023-10-21,NotMayo,429,3818,harina de garbanzo,0,0.538,18,49373,0,5,10,2023,India,1368,Australia,394
2023-10-22,NotMayo,428,3818,harina de garbanzo,0,0.436,24,48944,0,6,10,2023,India,1368,Australia,394
2023-10-23,NotMayo,406,3818,harina de garbanzo,0,0.495,16,48516,0,0,10,2023,India,1368,Australia,394
2023-10-24,NotMayo,321,3818,harina de garbanzo,0,0.405,20,48110,0,1,10,2023,India,1368,Australia,394
2023-10-25,NotMayo,392,3818,harina de garbanzo,0,0.579,19,47789,0,2,10,2023,India,1368,Australia,394
2023-10-26,NotMayo,350,3818,harina de garbanzo,0,0.494,19,47397,0,3,10,2023,India,1368,Australia,394
2023-10-27,NotMayo,439,3818,harina de garbanzo,0,0.463,21,47047,0,4,10,2023,India,1368,Australia,394
2023-10-28,NotMayo,420,3818,harina de garbanzo,0,0.471,21,46608,0,5,10,2023,India,1368,Australia,394
2023-10-29,NotMayo,435,3818,harina de garbanzo,0,0.463,18,46188,0,6,10,2023,India,1368,Australia,394
2023-10-30,NotMayo,399,3818,harina de garbanzo,0,0.467,17,45753,0,0,10,2023,India,1368,Australia,394
2023-10-31,NotMayo,369,3818,harina de garbanzo,0,0.37,20,45354,0,1,10,2023,India,1368,Australia,394
2023-11-01,NotMayo,514,3818,harina de garbanzo,1,0.489,21,44985,0,2,11,2023,India,1368,Australia,394
2023-11-02,NotMayo,423,3818,harina de garbanzo,0,0.488,19,44471,0,3,11,2023,India,1368,Australia,394
2023-11-03,NotMayo,434,3818,harina de garbanzo,0,0.521,21,44048,0,4,11,2023,India,1368,Australia,394
2023-11-04,NotMayo,537,3818,harina de garbanzo,1,0.472,19,43614,0,5,11,2023,India,1368,Australia,394
2023-11-05,NotMayo,562,3818,harina de garbanzo,1,0.46,18,43077,0,6,11,2023,India,1368,Australia,394
2023-11-06,NotMayo,418,3818,harina de garbanzo,0,0.499,20,42515,0,0,11,2023,India,1368,Australia,394
2023-11-07,NotMayo,356,3818,harina de garbanzo,0,0.419,20,42097,0,1,11,2023,India,1368,Australia,394
2023-11-08,NotMayo,466,3818,harina de garbanzo,1,0.507,21,41741,0,2,11,2023,India,1368,Australia,394
2023-11-09,NotMayo,417,3818,harina de garbanzo,0,0.407,20,41275,0,3,11,2023,India,1368,Australia,394
2023-11-10,NotMayo,384,3818,harina de garbanzo,0,0.556,19,40858,0,4,11,2023,India,1368,Australia,394
2023-11-11,NotMayo,427,3818,harina de garbanzo,0,0.534,23,40474,0,5,11,2023,India,1368,Australia,394
2023-11-12,NotMayo,464,3818,harina de garbanzo,0,0.453,19,40047,0,6,11,2023,India,1368,Australia,394
2023-11-13,NotMayo,356,3818,harina de garbanzo,0,0.531,20,39583,0,0,11,2023,India,1368,Australia,394
2023-11-14,NotMayo,429,3818,harina de garbanzo,0,0.503,17,39227,0,1,11,2023,India,1368,Australia,394
2023-11-15,NotMayo,422,3818,harina de garbanzo,0,0.445,19,38798,0,2,11,2023,India,1368,Australia,394
2023-11-16,NotMayo,436,3818,harina de garbanzo,0,0.393,20,38376,0,3,11,2023,India,1368,Australia,394
2023-11-17,NotMayo,469,3818,harina de garbanzo,0,0.509,22,37940,0,4,11,2023,India,1368,Australia,394
2023-11-18,NotMayo,415,3818,harina de garbanzo,0,0.451,23,37471,0,5,11,2023,India,1368,Australia,394
2023-11-19,NotMayo,410,3818,harina de garbanzo,0,0.544,21,37056,0,6,11,2023,India,1368,Australia,394
2023-11-20,NotMayo,431,3818,harina de garbanzo,0,0.488,20,36646,0,0,11,2023,India,1368,Australia,394
2023-11-21,NotMayo,356,3818,harina de garbanzo,0,0.45,19,36215,0,1,11,2023,India,1368,Australia,394
2023-11-22,NotMayo,427,3818,harina de garbanzo,0,0.572,19,35859,0,2,11,2023,India,1368,Australia,394
2023-11-23,NotMayo,383,3818,harina de garbanzo,0,0.508,22,35432,0,3,11,2023,India,1368,Australia,394
2023-11-24,NotMayo,414,3818,harina de garbanzo,0,0.294,20,35049,0,4,11,2023,India,1368,Australia,394
2023-11-25,NotMayo,526,3818,harina de garbanzo,0,0.449,17,34635,0,5,11,2023,India,1368,Australia,394
2023-11-26,NotMayo,427,3818,harina de garbanzo,0,0.401,21,34109,0,6,11,2023,India,1368,Australia,394
2023-11-27,NotMayo,377,3818,harina de garbanzo,0,0.427,21,33682,0,0,11,2023,India,1368,Australia,394
2023-11-28,NotMayo,423,3818,harina de garbanzo,0,0.456,17,33305,0,1,11,2023,India,1368,Australia,394
2023-11-29,NotMayo,441,3818,harina de garbanzo,0,0.477,21,32882,0,2,11,2023,India,1368,Australia,394
2023-11-30,NotMayo,471,3818,harina de garbanzo,0,0.468,18,32441,0,3,11,2023,India,1368,Australia,394
2023-12-01,NotMayo,446,3818,harina de garbanzo,0,0.505,15,31970,0,4,12,2023,India,1368,Australia,394
2023-12-02,NotMayo,455,3818,harina de garbanzo,0,0.479,20,31524,0,5,12,2023,India,1368,Australia,394
2023-12-03,NotMayo,447,3818,harina de garbanzo,0,0.471,20,31069,0,6,12,2023,India,1368,Australia,394
2023-12-04,NotMayo,424,3818,harina de garbanzo,0,0.448,19,30622,0,0,12,2023,India,1368,Australia,394
2023-12-05,NotMayo,373,3818,harina de garbanzo,0,0.498,26,30198,0,1,12,2023,India,1368,Australia,394
2023-12-06,NotMayo,414,3818,harina de garbanzo,0,0.413,20,29825,0,2,12,2023,India,1368,Australia,394
2023-12-07,NotMayo,457,3818,harina de garbanzo,0,0.409,20,29411,0,3,12,2023,India,1368,Australia,394
2023-12-08,NotMayo,525,3818,harina de garbanzo,0,0.323,19,28954,0,4,12,2023,India,1368,Australia,394
2023-12-09,NotMayo,677,3818,harina de garbanzo,1,0.466,19,28429,0,5,12,2023,India,1368,Australia,394
2023-12-10,NotMayo,391,3818,harina de garbanzo,0,0.404,21,27752,0,6,12,2023,India,1368,Australia,394
2023-12-11,NotMayo,402,3818,harina de garbanzo,0,0.549,21,27361,0,0,12,2023,India,1368,Australia,394
2023-12-12,NotMayo,367,3818,harina de garbanzo,0,0.377,20,26959,0,1,12,2023,India,1368,Australia,394
2023-12-13,NotMayo,435,3818,harina de garbanzo,0,0.396,18,26592,0,2,12,2023,India,1368,Australia,394
2023-12-14,NotMayo,489,3818,harina de garbanzo,0,0.414,16,26157,0,3,12,2023,India,1368,Australia,394
2023-12-15,NotMayo,647,3818,harina de garbanzo,1,0.325,18,25668,0,4,12,2023,India,1368,Australia,394
2023-12-16,NotMayo,473,3818,harina de garbanzo,0,0.393,20,25021,0,5,12,2023,India,1368,Australia,394
2023-12-17,NotMayo,455,3818,harina de garbanzo,0,0.371,18,24548,0,6,12,2023,India,1368,Australia,394
2023-12-18,NotMayo,423,3818,harina de garbanzo,0,0.348,19,24093,0,0,12,2023,India,1368,Australia,394
2023-12-19,NotMayo,383,3818,harina de garbanzo,0,0.416,19,23670,0,1,12,2023,India,1368,Australia,394
2023-12-20,NotMayo,383,3818,harina de garbanzo,0,0.306,19,23287,0,2,12,2023,India,1368,Australia,394
2023-12-21,NotMayo,388,3818,harina de garbanzo,0,0.359,17,22904,0,3,12,2023,India,1368,Australia,394
2023-12-22,NotMayo,729,3818,harina de garbanzo,1,0.412,20,22516,0,4,12,2023,India,1368,Australia,394
2023-12-23,NotMayo,511,3818,harina de garbanzo,0,0.298,17,21787,0,5,12,2023,India,1368,Australia,394
2023-12-24,NotMayo,473,3818,harina de garbanzo,0,0.313,15,21276,0,6,12,2023,India,1368,Australia,394
2023-12-25,NotMayo,466,3818,harina de garbanzo,0,0.439,19,20803,0,0,12,2023,India,1368,Australia,394
2023-12-26,NotMayo,369,3818,harina de garbanzo,0,0.339,22,20337,0,1,12,2023,India,1368,Australia,394
2023-12-27,NotMayo,371,3818,harina de garbanzo,0,0.284,15,19968,0,2,12,2023,India,1368,Australia,394
2023-12-28,NotMayo,486,3818,harina de garbanzo,0,0.343,19,19597,0,3,12,2023,India,1368,Australia,394
2023-12-29,NotMayo,513,3818,harina de garbanzo,0,0.269,20,19111,0,4,12,2023,India,1368,Australia,394
2023-12-30,NotMayo,430,3818,harina de garbanzo,0,0.213,22,18598,0,5,12,2023,India,1368,Australia,394
2023-12-31,NotMayo,481,3818,harina de garbanzo,0,0.354,18,18168,0,6,12,2023,India,1368,Australia,394
2024-01-01,NotMayo,416,3966,harina de garbanzo,0,0.225,17,17687,0,0,1,2024,India,1368,Australia,394
2024-01-02,NotMayo,390,3966,harina de garbanzo,0,0.397,17,17271,0,1,1,2024,India,1368,Australia,394
2024-01-03,NotMayo,426,3966,harina de garbanzo,0,0.244,20,16881,0,2,1,2024,India,1368,Australia,394
2024-01-04,NotMayo,488,3966,harina de garbanzo,1,0.369,17,16455,0,3,1,2024,India,1368,Australia,394
2024-01-05,NotMayo,679,3966,harina de garbanzo,1,0.189,17,15967,0,4,1,2024,India,1368,Australia,394
2024-01-06,NotMayo,478,3966,harina de garbanzo,0,0.303,15,15288,0,5,1,2024,India,1368,Australia,394
2024-01-07,NotMayo,496,3966,harina de garbanzo,0,0.271,20,14810,0,6,1,2024,India,1368,Australia,394
2024-01-08,NotMayo,431,3966,harina de garbanzo,0,0.283,21,14314,0,0,1,2024,India,1368,Australia,394
2024-01-09,NotMayo,444,3966,harina de garbanzo,0,0.284,20,13883,0,1,1,2024,India,1368,Australia,394
2024-01-10,NotMayo,353,3966,harina de garbanzo,0,0.205,14,13439,0,2,1,2024,India,1368,Australia,394
2024-01-11,NotMayo,453,3966,harina de garbanzo,0,0.16,18,13086,0,3,1,2024,India,1368,Australia,394
2024-01-12,NotMayo,539,3966,harina de garbanzo,0,0.218,14,12633,0,4,1,2024,India,1368,Australia,394
2024-01-13,NotMayo,501,3966,harina de garbanzo,0,0.227,18,12094,0,5,1,2024,India,1368,Australia,394
2024-01-14,NotMayo,513,3966,harina de garbanzo,0,0.187,18,11593,0,6,1,2024,India,1368,Australia,394
2024-01-15,NotMayo,378,3966,harina de garbanzo,0,0.22,18,11080,0,0,1,2024,India,1368,Australia,394
2024-01-16,NotMayo,453,3966,harina de garbanzo,0,0.219,19,10702,0,1,1,2024,India,1368,Australia,394
2024-01-17,NotMayo,427,3966,harina de garbanzo,0,0.152,17,10249,0,2,1,2024,India,1368,Australia,394
2024-01-18,NotMayo,462,3966,harina de garbanzo,0,0.214,14,9822,0,3,1,2024,India,1368,Australia,394
2024-01-19,NotMayo,564,3966,harina de garbanzo,0,0.177,18,9360,0,4,1,2024,India,1368,Australia,394
2024-01-20,NotMayo,568,3966,harina de garbanzo,0,0.151,17,8796,0,5,1,2024,India,1368,Australia,394
2024-01-21,NotMayo,527,3966,harina de garbanzo,0,0.222,16,8228,0,6,1,2024,India,1368,Australia,394
2024-01-22,NotMayo,520,3966,harina de garbanzo,0,0.14,14,7701,0,0,1,2024,India,1368,Australia,394
2024-01-23,NotMayo,477,3966,harina de garbanzo,0,0.153,20,7181,0,1,1,2024,India,1368,Australia,394
2024-01-24,NotMayo,426,3966,harina de garbanzo,0,0.177,20,6704,0,2,1,2024,India,1368,Australia,394
2024-01-25,NotMayo,502,3966,harina de garbanzo,0,0.239,19,6278,0,3,1,2024,India,1368,Australia,394
2024-01-26,NotMayo,513,3966,harina de garbanzo,0,0.177,16,5776,0,4,1,2024,India,1368,Australia,394
2024-01-27,NotMayo,611,3966,harina de garbanzo,0,0.191,12,5263,0,5,1,2024,India,1368,Australia,394
2024-01-28,NotMayo,650,3966,harina de garbanzo,1,0.148,19,4652,0,6,1,2024,India,1368,Australia,394
2024-01-29,NotMayo,445,3966,harina de garbanzo,0,0.156,18,4002,0,0,1,2024,India,1368,Australia,394
2024-01-30,NotMayo,468,3966,harina de garbanzo,0,0.156,16,3557,0,1,1,2024,India,1368,Australia,394
2024-01-31,NotMayo,414,3966,harina de garbanzo,0,0.171,20,3089,0,2,1,2024,India,1368,Australia,394
2024-02-01,NotMayo,685,3966,harina de garbanzo,1,0.14,19,2675,0,3,2,2024,India,1368,Australia,394
2024-02-02,NotMayo,493,3966,harina de garbanzo,0,0.221,18,1990,0,4,2,2024,India,1368,Australia,394
2024-02-03,NotMayo,458,3966,harina de garbanzo,0,0.134,17,1497,0,5,2,2024,India,1368,Australia,394
2024-02-04,NotMayo,527,3966,harina de garbanzo,0,0.066,17,1039,0,6,2,2024,India,1368,Australia,394
2024-02-05,NotMayo,489,3966,harina de garbanzo,0,0.288,20,512,0,0,2,2024,India,1368,Australia,394
2024-02-06,NotMayo,457,3966,harina de garbanzo,0,0.134,15,23,0,1,2,2024,India,1368,Australia,394
2024-02-07,NotMayo,456,3966,harina de garbanzo,0,0.216,19,0,1,2,2,2024,India,1368,Australia,394
2024-02-08,NotMayo,454,3966,harina de garbanzo,0,0.22,16,0,1,3,2,2024,India,1368,Australia,394
2024-02-09,NotMayo,487,3966,harina de garbanzo,0,0.197,20,0,1,4,2,2024,India,1368,Australia,394
2024-02-10,NotMayo,492,3966,harina de garbanzo,0,0.14,18,0,1,5,2,2024,India,1368,Australia,394
2024-02-11,NotMayo,489,3966,harina de garbanzo,0,0.165,16,0,1,6,2,2024,India,1368,Australia,394
2024-02-12,NotMayo,498,3966,harina de garbanzo,0,0.088,17,0,1,0,2,2024,India,1368,Australia,394
2024-02-13,NotMayo,481,3966,harina de garbanzo,0,0.252,16,0,1,1,2,2024,India,1368,Australia,394
2024-02-14,NotMayo,404,3966,harina de garbanzo,0,0.111,20,0,1,2,2,2024,India,1368,Australia,394
2024-02-15,NotMayo,479,3966,harina de garbanzo,0,0.142,20,8096,0,3,2,2024,India,1368,Australia,394
2024-02-16,NotMayo,508,3966,harina de garbanzo,0,0.161,19,24617,0,4,2,2024,India,1368,Australia,394
2024-02-17,NotMayo,428,3966,harina de garbanzo,0,0.153,20,24109,0,5,2,2024,India,1368,Australia,394
2024-02-18,NotMayo,524,3966,harina de garbanzo,0,0.127,17,23681,0,6,2,2024,India,1368,Australia,394
2024-02-19,NotMayo,451,3966,harina de garbanzo,0,0.232,19,23157,0,0,2,2024,India,1368,Australia,394
2024-02-20,NotMayo,441,3966,harina de garbanzo,0,0.212,20,56706,0,1,2,2024,India,1368,Australia,394
2024-02-21,NotMayo,517,3966,harina de garbanzo,0,0.183,17,73265,0,2,2,2024,India,1368,Australia,394
2024-02-22,NotMayo,623,3966,harina de garbanzo,1,0.15,17,72748,0,3,2,2024,India,1368,Australia,394
2024-02-23,NotMayo,522,3966,harina de garbanzo,0,0.226,20,72125,0,4,2,2024,India,1368,Australia,394
2024-02-24,NotMayo,562,3966,harina de garbanzo,0,0.152,19,80103,0,5,2,2024,India,1368,Australia,394
2024-02-25,NotMayo,545,3966,harina de garbanzo,0,0.257,17,88041,0,6,2,2024,India,1368,Australia,394
2024-02-26,NotMayo,472,3966,harina de garbanzo,0,0.188,13,95996,0,0,2,2024,India,1368,Australia,394
2024-02-27,NotMayo,588,3966,harina de garbanzo,1,0.247,18,104024,0,1,2,2024,India,1368,Australia,394
2024-02-28,NotMayo,462,3966,harina de garbanzo,0,0.184,13,111936,0,2,2,2024,India,1368,Australia,394
2024-02-29,NotMayo,507,3966,harina de garbanzo,0,0.197,16,136974,0,3,2,2024,India,1368,Australia,394
2024-03-01,NotMayo,547,3966,harina de garbanzo,0,0.259,16,136467,0,4,3,2024,India,1368,Australia,394
2024-03-02,NotMayo,506,3966,harina de garbanzo,0,0.311,17,135920,0,5,3,2024,India,1368,Australia,394
2024-03-03,NotMayo,480,3966,harina de garbanzo,0,0.284,20,135414,0,6,3,2024,India,1368,Australia,394
2024-03-04,NotMayo,513,3966,harina de garbanzo,0,0.254,20,134934,0,0,3,2024,India,1368,Australia,394
2024-03-05,NotMayo,518,3966,harina de garbanzo,0,0.245,19,142921,0,1,3,2024,India,1368,Australia,394
2024-03-06,NotMayo,527,3966,harina de garbanzo,0,0.195,19,142403,0,2,3,2024,India,1368,Australia,394
2024-03-07,NotMayo,456,3966,harina de garbanzo,0,0.24,19,141876,0,3,3,2024,India,1368,Australia,394
2024-03-08,NotMayo,659,3966,harina de garbanzo,1,0.184,12,141420,0,4,3,2024,India,1368,Australia,394
2024-03-09,NotMayo,487,3966,harina de garbanzo,0,0.254,18,140761,0,5,3,2024,India,1368,Australia,394
2024-03-10,NotMayo,508,3966,harina de garbanzo,0,0.262,15,140274,0,6,3,2024,India,1368,Australia,394
2024-03-11,NotMayo,358,3966,harina de garbanzo,0,0.147,18,139766,0,0,3,2024,India,1368,Australia,394
2024-03-12,NotMayo,425,3966,harina de garbanzo,0,0.253,14,139408,0,1,3,2024,India,1368,Australia,394
2024-03-13,NotMayo,520,3966,harina de garbanzo,0,0.277,18,138983,0,2,3,2024,India,1368,Australia,394
2024-03-14,NotMayo,549,3966,harina de garbanzo,0,0.258,19,138463,0,3,3,2024,India,1368,Australia,394
2024-03-15,NotMayo,518,3966,harina de garbanzo,0,0.286,16,137914,0,4,3,2024,India,1368,Australia,394
2024-03-16,NotMayo,518,3966,harina de garbanzo,0,0.206,20,137396,0,5,3,2024,India,1368,Australia,394
2024-03-17,NotMayo,524,3966,harina de garbanzo,0,0.24,19,136878,0,6,3,2024,India,1368,Australia,394
2024-03-18,NotMayo,494,3966,harina de garbanzo,0,0.337,19,136354,0,0,3,2024,India,1368,Australia,394
2024-03-19,NotMayo,425,3966,harina de garbanzo,0,0.291,20,135860,0,1,3,2024,India,1368,Australia,394
2024-03-20,NotMayo,457,3966,harina de garbanzo,0,0.314,18,135435,0,2,3,2024,India,1368,Australia,394
2024-03-21,NotMayo,484,3966,harina de garbanzo,0,0.275,19,134978,0,3,3,2024,India,1368,Australia,394
2024-03-22,NotMayo,481,3966,harina de garbanzo,0,0.31,18,134494,0,4,3,2024,India,1368,Australia,394
2024-03-23,NotMayo,525,3966,harina de garbanzo,0,0.2,18,134013,0,5,3,2024,India,1368,Australia,394
2024-03-24,NotMayo,647,3966,harina de garbanzo,1,0.363,18,133488,0,6,3,2024,India,1368,Australia,394
2024-03-25,NotMayo,411,3966,harina de garbanzo,0,0.417,17,132841,0,0,3,2024,India,1368,Australia,394
2024-03-26,NotMayo,601,3966,harina de garbanzo,1,0.28,18,132430,0,1,3,2024,India,1368,Australia,394
2024-03-27,NotMayo,481,3966,harina de garbanzo,0,0.292,18,131829,0,2,3,2024,India,1368,Australia,394
2024-03-28,NotMayo,532,3966,harina de garbanzo,0,0.367,17,131348,0,3,3,2024,India,1368,Australia,394
2024-03-29,NotMayo,502,3966,harina de garbanzo,0,0.424,21,130816,0,4,3,2024,India,1368,Australia,394
2024-03-30,NotMayo,447,3966,harina de garbanzo,0,0.357,17,130314,0,5,3,2024,India,1368,Australia,394
2024-03-31,NotMayo,671,3966,harina de garbanzo,1,0.301,18,129867,0,6,3,2024,India,1368,Australia,394
2024-04-01,NotMayo,430,3966,harina de garbanzo,0,0.358,21,129196,0,0,4,2024,India,1368,Australia,394
2024-04-02,NotMayo,407,3966,harina de garbanzo,0,0.323,20,128766,0,1,4,2024,India,1368,Australia,394
2024-04-03,NotMayo,413,3966,harina de garbanzo,0,0.347,21,128359,0,2,4,2024,India,1368,Australia,394
2024-04-04,NotMayo,490,3966,harina de garbanzo,0,0.371,18,127946,0,3,4,2024,India,1368,Australia,394
2024-04-05,NotMayo,598,3966,harina de garbanzo,0,0.345,20,127456,0,4,4,2024,India,1368,Australia,394
2024-04-06,NotMayo,506,3966,harina de garbanzo,0,0.358,17,126858,0,5,4,2024,India,1368,Australia,394
2024-04-07,NotMayo,449,3966,harina de garbanzo,0,0.406,19,126352,0,6,4,2024,India,1368,Australia,394
2024-04-08,NotMayo,474,3966,harina de garbanzo,0,0.418,19,125903,0,0,4,2024,India,1368,Australia,394
2024-04-09,NotMayo,441,3966,harina de garbanzo,0,0.342,18,125429,0,1,4,2024,India,1368,Australia,394
2024-04-10,NotMayo,378,3966,harina de garbanzo,0,0.438,19,124988,0,2,4,2024,India,1368,Australia,394
2024-04-11,NotMayo,522,3966,harina de garbanzo,0,0.404,18,124610,0,3,4,2024,India,1368,Australia,394
2024-04-12,NotMayo,616,3966,harina de garbanzo,0,0.464,18,124088,0,4,4,2024,India,1368,Australia,394
2024-04-13,NotMayo,413,3966,harina de garbanzo,0,0.472,21,123472,0,5,4,2024,India,1368,Australia,394
2024-04-14,NotMayo,439,3966,harina de garbanzo,0,0.41,19,123059,0,6,4,2024,India,1368,Australia,394
2024-04-15,NotMayo,345,3966,harina de garbanzo,0,0.473,20,122620,0,0,4,2024,India,1368,Australia,394
2024-04-16,NotMayo,550,3966,harina de garbanzo,1,0.405,20,122275,0,1,4,2024,India,1368,Australia,394
2024-04-17,NotMayo,486,3966,harina de garbanzo,0,0.517,20,121725,0,2,4,2024,India,1368,Australia,394
2024-04-18,NotMayo,495,3966,harina de garbanzo,0,0.415,20,121239,0,3,4,2024,India,1368,Australia,394
2024-04-19,NotMayo,578,3966,harina de garbanzo,0,0.476,19,120744,0,4,4,2024,India,1368,Australia,394
2024-04-20,NotMayo,550,3966,harina de garbanzo,0,0.453,22,120166,0,5,4,2024,India,1368,Australia,394
2024-04-21,NotMayo,547,3966,harina de garbanzo,0,0.415,21,119616,0,6,4,2024,India,1368,Australia,394
2024-04-22,NotMayo,482,3966,harina de garbanzo,0,0.515,20,119069,0,0,4,2024,India,1368,Australia,394
2024-04-23,NotMayo,412,3966,harina de garbanzo,0,0.442,19,118587,0,1,4,2024,India,1368,Australia,394
2024-04-24,NotMayo,448,3966,harina de garbanzo,0,0.391,19,118175,0,2,4,2024,India,1368,Australia,394
2024-04-25,NotMayo,451,3966,harina de garbanzo,0,0.335,20,117727,0,3,4,2024,India,1368,Australia,394
2024-04-26,NotMayo,504,3966,harina de garbanzo,0,0.438,23,117276,0,4,4,2024,India,1368,Australia,394
2024-04-27,NotMayo,630,3966,harina de garbanzo,1,0.553,18,116772,0,5,4,2024,India,1368,Australia,394
2024-04-28,NotMayo,472,3966,harina de garbanzo,0,0.55,22,116142,0,6,4,2024,India,1368,Australia,394
2024-04-29,NotMayo,482,3966,harina de garbanzo,0,0.453,22,115670,0,0,4,2024,India,1368,Australia,394
2024-04-30,NotMayo,409,3966,harina de garbanzo,0,0.472,17,115188,0,1,4,2024,India,1368,Australia,394
2024-05-01,NotMayo,407,3966,harina de garbanzo,0,0.47,19,114779,0,2,5,2024,India,1368,Australia,394
2024-05-02,NotMayo,445,3966,harina de garbanzo,0,0.428,17,114372,0,3,5,2024,India,1368,Australia,394
2024-05-03,NotMayo,534,3966,harina de garbanzo,0,0.448,20,113927,0,4,5,2024,India,1368,Australia,394
2024-05-04,NotMayo,446,3966,harina de garbanzo,0,0.546,20,113393,0,5,5,2024,India,1368,Australia,394
2024-05-05,NotMayo,461,3966,harina de garbanzo,0,0.523,20,112947,0,6,5,2024,India,1368,Australia,394
2024-05-06,NotMayo,628,3966,harina de garbanzo,1,0.512,19,112486,0,0,5,2024,India,1368,Australia,394
2024-05-07,NotMayo,424,3966,harina de garbanzo,0,0.433,21,111858,0,1,5,2024,India,1368,Australia,394
2024-05-08,NotMayo,552,3966,harina de garbanzo,1,0.505,20,111434,0,2,5,2024,India,1368,Australia,394
2024-05-09,NotMayo,470,3966,harina de garbanzo,0,0.385,20,110882,0,3,5,2024,India,1368,Australia,394
2024-05-10,NotMayo,459,3966,harina de garbanzo,0,0.542,21,110412,0,4,5,2024,India,1368,Australia,394
2024-05-11,NotMayo,462,3966,harina de garbanzo,0,0.513,21,109953,0,5,5,2024,India,1368,Australia,394
2024-05-12,NotMayo,455,3966,harina de garbanzo,0,0.432,19,109491,0,6,5,2024,India,1368,Australia,394
2024-05-13,NotMayo,555,3966,harina de garbanzo,1,0.579,24,109036,0,0,5,2024,India,1368,Australia,394
2024-05-14,NotMayo,439,3966,harina de garbanzo,0,0.408,17,108481,0,1,5,2024,India,1368,Australia,394
2024-05-15,NotMayo,430,3966,harina de garbanzo,0,0.523,17,108042,0,2,5,2024,India,1368,Australia,394
2024-05-16,NotMayo,681,3966,harina de garbanzo,1,0.523,17,107612,0,3,5,2024,India,1368,Australia,394
2024-05-17,NotMayo,555,3966,harina de garbanzo,0,0.432,15,106931,0,4,5,2024,India,1368,Australia,394
2024-05-18,NotMayo,519,3966,harina de garbanzo,0,0.49,21,106376,0,5,5,2024,India,1368,Australia,394
2024-05-19,NotMayo,499,3966,harina de garbanzo,0,0.409,20,105857,0,6,5,2024,India,1368,Australia,394
2024-05-20,NotMayo,383,3966,harina de garbanzo,0,0.346,21,105358,0,0,5,2024,India,1368,Australia,394
2024-05-21,NotMayo,365,3966,harina de garbanzo,0,0.433,17,104975,0,1,5,2024,India,1368,Australia,394
2024-05-22,NotMayo,437,3966,harina de garbanzo,0,0.453,21,104610,0,2,5,2024,India,1368,Australia,394
2024-05-23,NotMayo,408,3966,harina de garbanzo,0,0.513,20,104173,0,3,5,2024,India,1368,Australia,394
2024-05-24,NotMayo,473,3966,harina de garbanzo,0,0.482,20,103765,0,4,5,2024,India,1368,Australia,394
2024-05-25,NotMayo,510,3966,harina de garbanzo,0,0.48,21,103292,0,5,5,2024,India,1368,Australia,394
2024-05-26,NotMayo,498,3966,harina de garbanzo,0,0.421,18,102782,0,6,5,2024,India,1368,Australia,394
2024-05-27,NotMayo,401,3966,harina de garbanzo,0,0.442,25,102284,0,0,5,2024,India,1368,Australia,394
2024-05-28,NotMayo,374,3966,harina de garbanzo,0,0.419,22,101883,0,1,5,2024,India,1368,Australia,394
2024-05-29,NotMayo,424,3966,harina de garbanzo,0,0.4,18,101509,0,2,5,2024,India,1368,Australia,394
2024-05-30,NotMayo,411,3966,harina de garbanzo,0,0.428,17,101085,0,3,5,2024,India,1368,Australia,394
2024-05-31,NotMayo,469,3966,harina de garbanzo,0,0.457,19,100674,0,4,5,2024,India,1368,Australia,394
2024-06-01,NotMayo,472,3966,harina de garbanzo,0,0.421,20,100205,0,5,6,2024,India,1368,Australia,394
2024-06-02,NotMayo,439,3966,harina de garbanzo,0,0.429,22,99733,0,6,6,2024,India,1368,Australia,394
2024-06-03,NotMayo,406,3966,harina de garbanzo,0,0.476,17,99294,0,0,6,2024,India,1368,Australia,394
2024-06-04,NotMayo,470,3966,harina de garbanzo,1,0.411,20,98888,0,1,6,2024,India,1368,Australia,394
2024-06-05,NotMayo,382,3966,harina de garbanzo,0,0.365,16,98418,0,2,6,2024,India,1368,Australia,394
2024-06-06,NotMayo,415,3966,harina de garbanzo,0,0.455,21,98036,0,3,6,2024,India,1368,Australia,394
2024-06-07,NotMayo,407,3966,harina de garbanzo,0,0.435,19,97621,0,4,6,2024,India,1368,Australia,394
2024-06-08,NotMayo,477,3966,harina de garbanzo,0,0.433,23,97214,0,5,6,2024,India,1368,Australia,394
2024-06-09,NotMayo,463,3966,harina de garbanzo,0,0.443,16,96737,0,6,6,2024,India,1368,Australia,394
2024-06-10,NotMayo,421,3966,harina de garbanzo,0,0.429,22,96274,0,0,6,2024,India,1368,Australia,394
2024-06-11,NotMayo,374,3966,harina de garbanzo,0,0.402,16,95853,0,1,6,2024,India,1368,Australia,394
2024-06-12,NotMayo,373,3966,harina de garbanzo,0,0.515,17,95479,0,2,6,2024,India,1368,Australia,394
2024-06-13,NotMayo,460,3966,harina de garbanzo,0,0.325,15,95106,0,3,6,2024,India,1368,Australia,394
2024-06-14,NotMayo,484,3966,harina de garbanzo,0,0.355,19,94646,0,4,6,2024,India,1368,Australia,394
2024-06-15,NotMayo,571,3966,harina de garbanzo,1,0.427,17,94162,0,5,6,2024,India,1368,Australia,394
2024-06-16,NotMayo,621,3966,harina de garbanzo,1,0.38,16,93591,0,6,6,2024,India,1368,Australia,394
2024-06-17,NotMayo,389,3966,harina de garbanzo,0,0.405,20,92970,0,0,6,2024,India,1368,Australia,394
2024-06-18,NotMayo,368,3966,harina de garbanzo,0,0.369,20,92581,0,1,6,2024,India,1368,Australia,394
2024-06-19,NotMayo,380,3966,harina de garbanzo,0,0.424,19,92213,0,2,6,2024,India,1368,Australia,394
2024-06-20,NotMayo,374,3966,harina de garbanzo,0,0.299,18,91833,0,3,6,2024,India,1368,Australia,394
2024-06-21,NotMayo,476,3966,harina de garbanzo,0,0.41,23,91459,0,4,6,2024,India,1368,Australia,394
2024-06-22,NotMayo,445,3966,harina de garbanzo,0,0.396,19,90983,0,5,6,2024,India,1368,Australia,394
2024-06-23,NotMayo,435,3966,harina de garbanzo,0,0.271,20,90538,0,6,6,2024,India,1368,Australia,394
2024-06-24,NotMayo,439,3966,harina de garbanzo,0,0.357,19,90103,0,0,6,2024,India,1368,Australia,394
2024-06-25,NotMayo,358,3966,harina de garbanzo,0,0.317,16,89664,0,1,6,2024,India,1368,Australia,394
2024-06-26,NotMayo,314,3966,harina de garbanzo,0,0.283,19,89306,0,2,6,2024,India,1368,Australia,394
2024-06-27,NotMayo,437,3966,harina de garbanzo,0,0.213,16,88992,0,3,6,2024,India,1368,Australia,394
2024-06-28,NotMayo,451,3966,harina de garbanzo,0,0.251,18,88555,0,4,6,2024,India,1368,Australia,394
2024-06-29,NotMayo,416,3966,harina de garbanzo,0,0.331,19,88104,0,5,6,2024,India,1368,Australia,394
2024-06-30,NotMayo,547,3966,harina de garbanzo,1,0.33,15,87688,0,6,6,2024,India,1368,Australia,394
2024-07-01,NotMayo,401,3966,harina de garbanzo,0,0.273,15,87141,0,0,7,2024,India,1368,Australia,394
2024-07-02,NotMayo,336,3966,harina de garbanzo,0,0.318,20,86740,0,1,7,2024,India,1368,Australia,394
2024-07-03,NotMayo,371,3966,harina de garbanzo,0,0.319,17,86404,0,2,7,2024,India,1368,Australia,394
2024-07-04,NotMayo,463,3966,harina de garbanzo,0,0.274,17,86033,0,3,7,2024,India,1368,Australia,394
2024-07-05,NotMayo,413,3966,harina de garbanzo,0,0.224,18,85570,0,4,7,2024,India,1368,Australia,394
2024-07-06,NotMayo,437,3966,harina de garbanzo,0,0.277,17,85157,0,5,7,2024,India,1368,Australia,394
2024-07-07,NotMayo,320,3966,harina de garbanzo,0,0.274,19,84720,0,6,7,2024,India,1368,Australia,394
2024-07-08,NotMayo,328,3966,harina de garbanzo,0,0.278,18,84400,0,0,7,2024,India,1368,Australia,394
2024-07-09,NotMayo,363,3966,harina de garbanzo,0,0.282,19,84072,0,1,7,2024,India,1368,Australia,394
2024-07-10,NotMayo,412,3966,harina de garbanzo,0,0.165,16,83709,0,2,7,2024,India,1368,Australia,394
2024-07-11,NotMayo,364,3966,harina de garbanzo,0,0.203,18,83297,0,3,7,2024,India,1368,Australia,394
2024-07-12,NotMayo,435,3966,harina de garbanzo,0,0.129,19,82933,0,4,7,2024,India,1368,Australia,394
2024-07-13,NotMayo,416,3966,harina de garbanzo,0,0.256,17,82498,0,5,7,2024,India,1368,Australia,394
2024-07-14,NotMayo,430,3966,harina de garbanzo,0,0.203,19,82082,0,6,7,2024,India,1368,Australia,394
2024-07-15,NotMayo,331,3966,harina de garbanzo,0,0.231,18,81652,0,0,7,2024,India,1368,Australia,394
2024-07-16,NotMayo,366,3966,harina de garbanzo,0,0.131,19,81321,0,1,7,2024,India,1368,Australia,394
2024-07-17,NotMayo,351,3966,harina de garbanzo,0,0.271,18,80955,0,2,7,2024,India,1368,Australia,394
2024-07-18,NotMayo,410,3966,harina de garbanzo,0,0.137,17,80604,0,3,7,2024,India,1368,Australia,394
2024-07-19,NotMayo,430,3966,harina de garbanzo,0,0.231,19,80194,0,4,7,2024,India,1368,Australia,394
2024-07-20,NotMayo,519,3966,harina de garbanzo,1,0.194,20,79764,0,5,7,2024,India,1368,Australia,394
2024-07-21,NotMayo,410,3966,harina de garbanzo,0,0.175,18,79245,0,6,7,2024,India,1368,Australia,394
2024-07-22,NotMayo,364,3966,harina de garbanzo,0,0.168,18,78835,0,0,7,2024,India,1368,Australia,394
2024-07-23,NotMayo,346,3966,harina de garbanzo,0,0.146,16,78471,0,1,7,2024,India,1368,Australia,394
2024-07-24,NotMayo,356,3966,harina de garbanzo,0,0.24,21,78125,0,2,7,2024,India,1368,Australia,394
2024-07-25,NotMayo,401,3966,harina de garbanzo,0,0.172,19,77769,0,3,7,2024,India,1368,Australia,394
2024-07-26,NotMayo,430,3966,harina de garbanzo,0,0.106,17,77368,0,4,7,2024,India,1368,Australia,394
2024-07-27,NotMayo,386,3966,harina de garbanzo,0,0.147,17,76938,0,5,7,2024,India,1368,Australia,394
2024-07-28,NotMayo,380,3966,harina de garbanzo,0,0.17,19,76552,0,6,7,2024,India,1368,Australia,394
2024-07-29,NotMayo,328,3966,harina de garbanzo,0,0.207,16,76172,0,0,7,2024,India,1368,Australia,394
2024-07-30,NotMayo,345,3966,harina de garbanzo,0,0.129,13,75844,0,1,7,2024,India,1368,Australia,394
2024-07-31,NotMayo,345,3966,harina de garbanzo,0,0.131,17,75499,0,2,7,2024,India,1368,Australia,394
2024-08-01,NotMayo,419,3966,harina de garbanzo,0,0.157,20,75154,0,3,8,2024,India,1368,Australia,394
2024-08-02,NotMayo,441,3966,harina de garbanzo,0,0.198,21,74735,0,4,8,2024,India,1368,Australia,394
2024-08-03,NotMayo,491,3966,harina de garbanzo,1,0.085,16,74294,0,5,8,2024,India,1368,Australia,394
2024-08-04,NotMayo,388,3966,harina de garbanzo,0,0.178,18,73803,0,6,8,2024,India,1368,Australia,394
2024-08-05,NotMayo,374,3966,harina de garbanzo,0,0.128,18,73415,0,0,8,2024,India,1368,Australia,394
2024-08-06,NotMayo,339,3966,harina de garbanzo,0,0.135,17,73041,0,1,8,2024,India,1368,Australia,394
2024-08-07,NotMayo,339,3966,harina de garbanzo,0,0.25,19,72702,0,2,8,2024,India,1368,Australia,394
2024-08-08,NotMayo,358,3966,harina de garbanzo,0,0.14,17,72363,0,3,8,2024,India,1368,Australia,394
2024-08-09,NotMayo,445,3966,harina de garbanzo,0,0.188,20,72005,0,4,8,2024,India,1368,Australia,394
2024-08-10,NotMayo,443,3966,harina de garbanzo,0,0.186,19,71560,0,5,8,2024,India,1368,Australia,394
2024-08-11,NotMayo,379,3966,harina de garbanzo,0,0.092,18,71117,0,6,8,2024,India,1368,Australia,394
2024-08-12,NotMayo,376,3966,harina de garbanzo,0,0.059,16,70738,0,0,8,2024,India,1368,Australia,394
2024-08-13,NotMayo,261,3966,harina de garbanzo,0,0.193,21,70362,0,1,8,2024,India,1368,Australia,394
2024-08-14,NotMayo,396,3966,harina de garbanzo,0,0.099,18,70101,0,2,8,2024,India,1368,Australia,394
2024-08-15,NotMayo,386,3966,harina de garbanzo,0,0.071,17,69705,0,3,8,2024,India,1368,Australia,394
2024-08-16,NotMayo,419,3966,harina de garbanzo,0,0.207,16,69319,0,4,8,2024,India,1368,Australia,394
2024-08-17,NotMayo,401,3966,harina de garbanzo,0,0.106,17,68900,0,5,8,2024,India,1368,Australia,394
2024-08-18,NotMayo,427,3966,harina de garbanzo,0,0.12,17,68499,0,6,8,2024,India,1368,Australia,394
2024-08-19,NotMayo,323,3966,harina de garbanzo,0,0.26,17,68072,0,0,8,2024,India,1368,Australia,394
2024-08-20,NotMayo,381,3966,harina de garbanzo,0,0.08,16,67749,0,1,8,2024,India,1368,Australia,394
2024-08-21,NotMayo,369,3966,harina de garbanzo,0,0.103,16,67368,0,2,8,2024,India,1368,Australia,394
2024-08-22,NotMayo,409,3966,harina de garbanzo,0,0.145,17,66999,0,3,8,2024,India,1368,Australia,394
2024-08-23,NotMayo,403,3966,harina de garbanzo,0,0.159,14,66590,0,4,8,2024,India,1368,Australia,394
2024-08-24,NotMayo,368,3966,harina de garbanzo,0,0.129,17,66187,0,5,8,2024,India,1368,Australia,394
2024-08-25,NotMayo,412,3966,harina de garbanzo,0,0.119,16,65819,0,6,8,2024,India,1368,Australia,394
2024-08-26,NotMayo,361,3966,harina de garbanzo,0,0.256,18,65407,0,0,8,2024,India,1368,Australia,394
2024-08-27,NotMayo,378,3966,harina de garbanzo,0,0.197,20,65046,0,1,8,2024,India,1368,Australia,394
2024-08-28,NotMayo,432,3966,harina de garbanzo,1,0.217,22,64668,0,2,8,2024,India,1368,Australia,394
2024-08-29,NotMayo,377,3966,harina de garbanzo,0,0.184,19,64236,0,3,8,2024,India,1368,Australia,394
2024-08-30,NotMayo,460,3966,harina de garbanzo,0,0.21,15,63859,0,4,8,2024,India,1368,Australia,394
2024-08-31,NotMayo,474,3966,harina de garbanzo,0,0.246,17,63399,0,5,8,2024,India,1368,Australia,394
2024-09-01,NotMayo,385,3966,harina de garbanzo,0,0.154,18,62925,0,6,9,2024,India,1368,Australia,394
2024-09-02,NotMayo,332,3966,harina de garbanzo,0,0.221,19,62540,0,0,9,2024,India,1368,Australia,394
2024-09-03,NotMayo,364,3966,harina de garbanzo,0,0.247,20,62208,0,1,9,2024,India,1368,Australia,394
2024-09-04,NotMayo,351,3966,harina de garbanzo,0,0.294,18,61844,0,2,9,2024,India,1368,Australia,394
2024-09-05,NotMayo,410,3966,harina de garbanzo,0,0.319,18,61493,0,3,9,2024,India,1368,Australia,394
2024-09-06,NotMayo,407,3966,harina de garbanzo,0,0.23,21,61083,0,4,9,2024,India,1368,Australia,394
2024-09-07,NotMayo,465,3966,harina de garbanzo,0,0.289,18,60676,0,5,9,2024,India,1368,Australia,394
2024-09-08,NotMayo,364,3966,harina de garbanzo,0,0.103,15,60211,0,6,9,2024,India,1368,Australia,394
2024-09-09,NotMayo,368,3966,harina de garbanzo,0,0.32,22,59847,0,0,9,2024,India,1368,Australia,394
2024-09-10,NotMayo,330,3966,harina de garbanzo,0,0.211,15,59479,0,1,9,2024,India,1368,Australia,394
2024-09-11,NotMayo,352,3966,harina de garbanzo,0,0.241,11,59149,0,2,9,2024,India,1368,Australia,394
2024-09-12,NotMayo,380,3966,harina de garbanzo,0,0.281,20,58797,0,3,9,2024,India,1368,Australia,394
2024-09-13,NotMayo,442,3966,harina de garbanzo,0,0.256,20,58417,0,4,9,2024,India,1368,Australia,394
2024-09-14,NotMayo,446,3966,harina de garbanzo,0,0.28,19,57975,0,5,9,2024,India,1368,Australia,394
2024-09-15,NotMayo,551,3966,harina de garbanzo,1,0.355,16,57529,0,6,9,2024,India,1368,Australia,394
2024-09-16,NotMayo,354,3966,harina de garbanzo,0,0.262,18,56978,0,0,9,2024,India,1368,Australia,394
2024-09-17,NotMayo,455,3966,harina de garbanzo,1,0.233,17,56624,0,1,9,2024,India,1368,Australia,394
2024-09-18,NotMayo,389,3966,harina de garbanzo,0,0.384,18,56169,0,2,9,2024,India,1368,Australia,394
2024-09-19,NotMayo,426,3966,harina de garbanzo,0,0.325,21,55780,0,3,9,2024,India,1368,Australia,394
2024-09-20,NotMayo,331,3966,harina de garbanzo,0,0.401,17,55354,0,4,9,2024,India,1368,Australia,394
2024-09-21,NotMayo,410,3966,harina de garbanzo,0,0.354,19,55023,0,5,9,2024,India,1368,Australia,394
2024-09-22,NotMayo,385,3966,harina de garbanzo,0,0.251,20,54613,0,6,9,2024,India,1368,Australia,394
2024-09-23,NotMayo,380,3966,harina de garbanzo,0,0.355,20,54228,0,0,9,2024,India,1368,Australia,394
2024-09-24,NotMayo,347,3966,harina de garbanzo,0,0.28,21,53848,0,1,9,2024,India,1368,Australia,394
2024-09-25,NotMayo,387,3966,harina de garbanzo,0,0.335,20,53501,0,2,9,2024,India,1368,Australia,394
2024-09-26,NotMayo,366,3966,harina de garbanzo,0,0.337,20,53114,0,3,9,2024,India,1368,Australia,394
2024-09-27,NotMayo,538,3966,harina de garbanzo,1,0.266,19,52748,0,4,9,2024,India,1368,Australia,394
2024-09-28,NotMayo,454,3966,harina de garbanzo,0,0.312,20,52210,0,5,9,2024,India,1368,Australia,394
2024-09-29,NotMayo,350,3966,harina de garbanzo,0,0.469,19,51756,0,6,9,2024,India,1368,Australia,394
2024-09-30,NotMayo,438,3966,harina de garbanzo,0,0.377,16,51406,0,0,9,2024,India,1368,Australia,394
2024-10-01,NotMayo,511,3966,harina de garbanzo,1,0.362,21,50968,0,1,10,2024,India,1368,Australia,394
2024-10-02,NotMayo,371,3966,harina de garbanzo,0,0.467,22,50457,0,2,10,2024,India,1368,Australia,394
2024-10-03,NotMayo,466,3966,harina de garbanzo,1,0.362,19,50086,0,3,10,2024,India,1368,Australia,394
2024-10-04,NotMayo,425,3966,harina de garbanzo,0,0.383,18,49620,0,4,10,2024,India,1368,Australia,394
2024-10-05,NotMayo,432,3966,harina de garbanzo,0,0.443,16,49195,0,5,10,2024,India,1368,Australia,394
2024-10-06,NotMayo,416,3966,harina de garbanzo,0,0.379,19,48763,0,6,10,2024,India,1368,Australia,394
2024-10-07,NotMayo,414,3966,harina de garbanzo,0,0.367,16,48347,0,0,10,2024,India,1368,Australia,394
2024-10-08,NotMayo,344,3966,harina de garbanzo,0,0.297,15,47933,0,1,10,2024,India,1368,Australia,394
2024-10-09,NotMayo,393,3966,harina de garbanzo,0,0.368,19,47589,0,2,10,2024,India,1368,Australia,394
2024-10-10,NotMayo,368,3966,harina de garbanzo,0,0.373,17,47196,0,3,10,2024,India,1368,Australia,394
2024-10-11,NotMayo,423,3966,harina de garbanzo,0,0.433,20,46828,0,4,10,2024,India,1368,Australia,394
2024-10-12,NotMayo,449,3966,harina de garbanzo,0,0.399,19,46405,0,5,10,2024,India,1368,Australia,394
2024-10-13,NotMayo,430,3966,harina de garbanzo,0,0.543,19,45956,0,6,10,2024,India,1368,Australia,394
2024-10-14,NotMayo,353,3966,harina de garbanzo,0,0.386,16,45526,0,0,10,2024,India,1368,Australia,394
2024-10-15,NotMayo,350,3966,harina de garbanzo,0,0.514,18,45173,0,1,10,2024,India,1368,Australia,394
2024-10-16,NotMayo,426,3966,harina de garbanzo,0,0.459,18,44823,0,2,10,2024,India,1368,Australia,394
2024-10-17,NotMayo,588,3966,harina de garbanzo,1,0.493,17,44397,0,3,10,2024,India,1368,Australia,394
2024-10-18,NotMayo,452,3966,harina de garbanzo,0,0.494,19,43809,0,4,10,2024,India,1368,Australia,394
2024-10-19,NotMayo,363,3966,harina de garbanzo,0,0.349,17,43357,0,5,10,2024,India,1368,Australia,394
2024-10-20,NotMayo,498,3966,harina de garbanzo,0,0.463,19,42994,0,6,10,2024,India,1368,Australia,394
2024-10-21,NotMayo,381,3966,harina de garbanzo,0,0.454,20,42496,0,0,10,2024,India,1368,Australia,394
2024-10-22,NotMayo,360,3966,harina de garbanzo,0,0.414,18,42115,0,1,10,2024,India,1368,Australia,394
2024-10-23,NotMayo,372,3966,harina de garbanzo,0,0.497,21,41755,0,2,10,2024,India,1368,Australia,394
2024-10-24,NotMayo,437,3966,harina de garbanzo,0,0.563,18,41383,0,3,10,2024,India,1368,Australia,394
2024-10-25,NotMayo,466,3966,harina de garbanzo,0,0.346,17,40946,0,4,10,2024,India,1368,Australia,394
2024-10-26,NotMayo,485,3966,harina de garbanzo,0,0.456,19,40480,0,5,10,2024,India,1368,Australia,394
2024-10-27,NotMayo,390,3966,harina de garbanzo,0,0.423,21,39995,0,6,10,2024,India,1368,Australia,394
2024-10-28,NotMayo,484,3966,harina de garbanzo,1,0.491,22,39605,0,0,10,2024,India,1368,Australia,394
2024-10-29,NotMayo,525,3966,harina de garbanzo,1,0.473,23,39121,0,1,10,2024,India,1368,Australia,394
2024-10-30,NotMayo,402,3966,harina de garbanzo,0,0.461,19,38596,0,2,10,2024,India,1368,Australia,394
2024-10-31,NotMayo,426,3966,harina de garbanzo,0,0.528,20,38194,0,3,10,2024,India,1368,Australia,394
2024-11-01,NotMayo,426,3966,harina de garbanzo,0,0.577,19,37768,0,4,11,2024,India,1368,Australia,394
2024-11-02,NotMayo,477,3966,harina de garbanzo,0,0.629,19,37342,0,5,11,2024,India,1368,Australia,394
2024-11-03,NotMayo,465,3966,harina de garbanzo,0,0.46,20,36865,0,6,11,2024,India,1368,Australia,394
2024-11-04,NotMayo,423,3966,harina de garbanzo,0,0.407,18,36400,0,0,11,2024,India,1368,Australia,394
2024-11-05,NotMayo,375,3966,harina de garbanzo,0,0.527,23,35977,0,1,11,2024,India,1368,Australia,394
2024-11-06,NotMayo,414,3966,harina de garbanzo,0,0.58,18,35602,0,2,11,2024,India,1368,Australia,394
2024-11-07,NotMayo,500,3966,harina de garbanzo,0,0.541,21,35188,0,3,11,2024,India,1368,Australia,394
2024-11-08,NotMayo,509,3966,harina de garbanzo,0,0.58,19,34688,0,4,11,2024,India,1368,Australia,394
2024-11-09,NotMayo,438,3966,harina de garbanzo,0,0.489,18,34179,0,5,11,2024,India,1368,Australia,394
2024-11-10,NotMayo,349,3966,harina de garbanzo,0,0.469,21,33741,0,6,11,2024,India,1368,Australia,394
2024-11-11,NotMayo,568,3966,harina de garbanzo,1,0.505,19,33392,0,0,11,2024,India,1368,Australia,394
2024-11-12,NotMayo,416,3966,harina de garbanzo,0,0.482,19,32824,0,1,11,2024,India,1368,Australia,394
2024-11-13,NotMayo,375,3966,harina de garbanzo,0,0.531,19,32408,0,2,11,2024,India,1368,Australia,394
2024-11-14,NotMayo,449,3966,harina de garbanzo,0,0.545,24,32033,0,3,11,2024,India,1368,Australia,394
2024-11-15,NotMayo,468,3966,harina de garbanzo,0,0.547,19,31584,0,4,11,2024,India,1368,Australia,394
2024-11-16,NotMayo,481,3966,harina de garbanzo,0,0.519,20,31116,0,5,11,2024,India,1368,Australia,394
2024-11-17,NotMayo,427,3966,harina de garbanzo,0,0.504,20,30635,0,6,11,2024,India,1368,Australia,394
2024-11-18,NotMayo,453,3966,harina de garbanzo,0,0.529,21,30208,0,0,11,2024,India,1368,Australia,394
2024-11-19,NotMayo,403,3966,harina de garbanzo,0,0.389,18,29755,0,1,11,2024,India,1368,Australia,394
2024-11-20,NotMayo,389,3966,harina de garbanzo,0,0.496,20,29352,0,2,11,2024,India,1368,Australia,394
2024-11-21,NotMayo,492,3966,harina de garbanzo,0,0.485,21,28963,0,3,11,2024,India,1368,Australia,394
2024-11-22,NotMayo,438,3966,harina de garbanzo,0,0.491,18,28471,0,4,11,2024,India,1368,Australia,394
2024-11-23,NotMayo,536,3966,harina de garbanzo,0,0.473,22,28033,0,5,11,2024,India,1368,Australia,394
2024-11-24,NotMayo,491,3966,harina de garbanzo,0,0.496,22,27497,0,6,11,2024,India,1368,Australia,394
2024-11-25,NotMayo,646,3966,harina de garbanzo,1,0.442,21,27006,0,0,11,2024,India,1368,Australia,394
2024-11-26,NotMayo,401,3966,harina de garbanzo,0,0.524,20,26360,0,1,11,2024,India,1368,Australia,394
2024-11-27,NotMayo,410,3966,harina de garbanzo,0,0.488,14,25959,0,2,11,2024,India,1368,Australia,394
2024-11-28,NotMayo,470,3966,harina de garbanzo,0,0.468,21,25549,0,3,11,2024,India,1368,Australia,394
2024-11-29,NotMayo,494,3966,harina de garbanzo,0,0.421,19,25079,0,4,11,2024,India,1368,Australia,394
2024-11-30,NotMayo,470,3966,harina de garbanzo,0,0.493,19,24585,0,5,11,2024,India,1368,Australia,394
2024-12-01,NotMayo,443,3966,harina de garbanzo,0,0.458,16,24115,0,6,12,2024,India,1368,Australia,394
2024-12-02,NotMayo,415,3966,harina de garbanzo,0,0.406,20,23672,0,0,12,2024,India,1368,Australia,394
2024-12-03,NotMayo,375,3966,harina de garbanzo,0,0.436,17,23257,0,1,12,2024,India,1368,Australia,394
2024-12-04,NotMayo,459,3966,harina de garbanzo,0,0.466,20,22882,0,2,12,2024,India,1368,Australia,394
2024-12-05,NotMayo,642,3966,harina de garbanzo,1,0.457,21,22423,0,3,12,2024,India,1368,Australia,394
2024-12-06,NotMayo,494,3966,harina de garbanzo,0,0.449,19,21781,0,4,12,2024,India,1368,Australia,394
2024-12-07,NotMayo,460,3966,harina de garbanzo,0,0.424,22,21287,0,5,12,2024,India,1368,Australia,394
2024-12-08,NotMayo,429,3966,harina de garbanzo,0,0.466,18,20827,0,6,12,2024,India,1368,Australia,394
2024-12-09,NotMayo,503,3966,harina de garbanzo,0,0.471,21,20398,0,0,12,2024,India,1368,Australia,394
2024-12-10,NotMayo,401,3966,harina de garbanzo,0,0.441,17,19895,0,1,12,2024,India,1368,Australia,394
2024-12-11,NotMayo,465,3966,harina de garbanzo,0,0.369,21,19494,0,2,12,2024,India,1368,Australia,394
2024-12-12,NotMayo,491,3966,harina de garbanzo,0,0.34,20,19029,0,3,12,2024,India,1368,Australia,394
2024-12-13,NotMayo,401,3966,harina de garbanzo,0,0.36,20,18538,0,4,12,2024,India,1368,Australia,394
2024-12-14,NotMayo,588,3966,harina de garbanzo,0,0.48,19,18137,0,5,12,2024,India,1368,Australia,394
2024-12-15,NotMayo,508,3966,harina de garbanzo,0,0.39,16,17549,0,6,12,2024,India,1368,Australia,394
2024-12-16,NotMayo,416,3966,harina de garbanzo,0,0.477,19,17041,0,0,12,2024,India,1368,Australia,394
2024-12-17,NotMayo,428,3966,harina de garbanzo,0,0.359,21,16625,0,1,12,2024,India,1368,Australia,394
2024-12-18,NotMayo,410,3966,harina de garbanzo,0,0.346,19,16197,0,2,12,2024,India,1368,Australia,394
2024-12-19,NotMayo,566,3966,harina de garbanzo,0,0.349,16,15787,0,3,12,2024,India,1368,Australia,394
2024-12-20,NotMayo,487,3966,harina de garbanzo,0,0.342,16,15221,0,4,12,2024,India,1368,Australia,394
2024-12-21,NotMayo,501,3966,harina de garbanzo,0,0.302,21,14734,0,5,12,2024,India,1368,Australia,394
2024-12-22,NotMayo,461,3966,harina de garbanzo,0,0.277,19,14233,0,6,12,2024,India,1368,Australia,394
2024-12-23,NotMayo,454,3966,harina de garbanzo,0,0.354,16,13772,0,0,12,2024,India,1368,Australia,394
2024-12-24,NotMayo,484,3966,harina de garbanzo,0,0.376,15,13318,0,1,12,2024,India,1368,Australia,394
2024-12-25,NotMayo,525,3966,harina de garbanzo,0,0.439,18,12834,0,2,12,2024,India,1368,Australia,394
2024-12-26,NotMayo,630,3966,harina de garbanzo,1,0.289,15,12309,0,3,12,2024,India,1368,Australia,394
2024-12-27,NotMayo,550,3966,harina de garbanzo,0,0.287,18,11679,0,4,12,2024,India,1368,Australia,394
2024-12-28,NotMayo,535,3966,harina de garbanzo,0,0.26,23,11129,0,5,12,2024,India,1368,Australia,394
2024-12-29,NotMayo,459,3966,harina de garbanzo,0,0.349,16,10594,0,6,12,2024,India,1368,Australia,394
2024-12-30,NotMayo,547,3966,harina de garbanzo,0,0.328,18,10135,0,0,12,2024,India,1368,Australia,394
2024-12-31,NotMayo,492,3966,harina de garbanzo,0,0.237,21,9588,0,1,12,2024,India,1368,Australia,394
2025-01-01,NotMayo,645,4145,harina de garbanzo,1,0.23,19,9096,0,2,1,2025,India,1368,Australia,394
2025-01-02,NotMayo,574,4145,harina de garbanzo,0,0.317,18,8451,0,3,1,2025,India,1368,Australia,394
2025-01-03,NotMayo,826,4145,harina de garbanzo,1,0.283,18,7877,0,4,1,2025,India,1368,Australia,394
2025-01-04,NotMayo,543,4145,harina de garbanzo,0,0.296,16,7051,0,5,1,2025,India,1368,Australia,394
2025-01-05,NotMayo,518,4145,harina de garbanzo,0,0.209,17,6508,0,6,1,2025,India,1368,Australia,394
2025-01-06,NotMayo,521,4145,harina de garbanzo,0,0.153,18,5990,0,0,1,2025,India,1368,Australia,394
2025-01-07,NotMayo,511,4145,harina de garbanzo,1,0.198,20,5469,0,1,1,2025,India,1368,Australia,394
2025-01-08,NotMayo,536,4145,harina de garbanzo,0,0.271,17,4958,0,2,1,2025,India,1368,Australia,394
2025-01-09,NotMayo,507,4145,harina de garbanzo,0,0.337,18,4422,0,3,1,2025,India,1368,Australia,394
2025-01-10,NotMayo,617,4145,harina de garbanzo,0,0.205,16,3915,0,4,1,2025,India,1368,Australia,394
2025-01-11,NotMayo,547,4145,harina de garbanzo,0,0.335,19,3298,0,5,1,2025,India,1368,Australia,394
2025-01-12,NotMayo,526,4145,harina de garbanzo,0,0.258,20,2751,0,6,1,2025,India,1368,Australia,394
2025-01-13,NotMayo,470,4145,harina de garbanzo,0,0.143,18,2225,0,0,1,2025,India,1368,Australia,394
2025-01-14,NotMayo,437,4145,harina de garbanzo,0,0.218,15,1755,0,1,1,2025,India,1368,Australia,394
2025-01-15,NotMayo,469,4145,harina de garbanzo,0,0.246,18,1318,0,2,1,2025,India,1368,Australia,394
2025-01-16,NotMayo,581,4145,harina de garbanzo,0,0.078,15,849,0,3,1,2025,India,1368,Australia,394
2025-01-17,NotMayo,453,4145,harina de garbanzo,0,0.227,20,268,0,4,1,2025,India,1368,Australia,394
2025-01-18,NotMayo,499,4145,harina de garbanzo,0,0.25,18,0,1,5,1,2025,India,1368,Australia,394
2025-01-19,NotMayo,488,4145,harina de garbanzo,0,0.207,15,0,1,6,1,2025,India,1368,Australia,394
2025-01-20,NotMayo,435,4145,harina de garbanzo,0,0.18,17,0,1,0,1,2025,India,1368,Australia,394
2025-01-21,NotMayo,517,4145,harina de garbanzo,0,0.171,18,0,1,1,1,2025,India,1368,Australia,394
2025-01-22,NotMayo,533,4145,harina de garbanzo,0,0.165,18,0,1,2,1,2025,India,1368,Australia,394
2025-01-23,NotMayo,554,4145,harina de garbanzo,0,0.115,16,0,1,3,1,2025,India,1368,Australia,394
2025-01-24,NotMayo,534,4145,harina de garbanzo,0,0.136,16,0,1,4,1,2025,India,1368,Australia,394
2025-01-25,NotMayo,620,4145,harina de garbanzo,0,0.147,15,7966,0,5,1,2025,India,1368,Australia,394
2025-01-26,NotMayo,457,4145,harina de garbanzo,0,0.171,17,15846,0,6,1,2025,India,1368,Australia,394
2025-01-27,NotMayo,564,4145,harina de garbanzo,0,0.135,15,23889,0,0,1,2025,India,1368,Australia,394
2025-01-28,NotMayo,440,4145,harina de garbanzo,0,0.117,19,23325,0,1,1,2025,India,1368,Australia,394
2025-01-29,NotMayo,479,4145,harina de garbanzo,0,0.197,16,31385,0,2,1,2025,India,1368,Australia,394
2025-01-30,NotMayo,516,4145,harina de garbanzo,0,0.176,18,39406,0,3,1,2025,India,1368,Australia,394
2025-01-31,NotMayo,519,4145,harina de garbanzo,0,0.129,17,55890,0,4,1,2025,India,1368,Australia,394
2025-02-01,NotMayo,652,4145,harina de garbanzo,0,0.179,19,63871,0,5,2,2025,India,1368,Australia,394
2025-02-02,NotMayo,561,4145,harina de garbanzo,0,0.13,19,71719,0,6,2,2025,India,1368,Australia,394
2025-02-03,NotMayo,533,4145,harina de garbanzo,0,0.155,19,79658,0,0,2,2025,India,1368,Australia,394
2025-02-04,NotMayo,424,4145,harina de garbanzo,0,0.2,18,79125,0,1,2,2025,India,1368,Australia,394
2025-02-05,NotMayo,500,4145,harina de garbanzo,0,0.12,15,87201,0,2,2,2025,India,1368,Australia,394
2025-02-06,NotMayo,561,4145,harina de garbanzo,0,0.092,15,103701,0,3,2,2025,India,1368,Australia,394
2025-02-07,NotMayo,584,4145,harina de garbanzo,0,0.143,15,103140,0,4,2,2025,India,1368,Australia,394
2025-02-08,NotMayo,516,4145,harina de garbanzo,0,0.082,18,119556,0,5,2,2025,India,1368,Australia,394
2025-02-09,NotMayo,577,4145,harina de garbanzo,0,0.136,17,136040,0,6,2,2025,India,1368,Australia,394
2025-02-10,NotMayo,493,4145,harina de garbanzo,0,0.137,19,135463,0,0,2,2025,India,1368,Australia,394
2025-02-11,NotMayo,436,4145,harina de garbanzo,0,0.028,18,134970,0,1,2,2025,India,1368,Australia,394
2025-02-12,NotMayo,422,4145,harina de garbanzo,0,0.179,16,134534,0,2,2,2025,India,1368,Australia,394
2025-02-13,NotMayo,567,4145,harina de garbanzo,0,0.144,17,134112,0,3,2,2025,India,1368,Australia,394
2025-02-14,NotMayo,688,4145,harina de garbanzo,0,0.214,18,133545,0,4,2,2025,India,1368,Australia,394
2025-02-15,NotMayo,525,4145,harina de garbanzo,0,0.167,17,132857,0,5,2,2025,India,1368,Australia,394
2025-02-16,NotMayo,542,4145,harina de garbanzo,0,0.195,16,132332,0,6,2,2025,India,1368,Australia,394
2025-02-17,NotMayo,534,4145,harina de garbanzo,0,0.219,20,131790,0,0,2,2025,India,1368,Australia,394
2025-02-18,NotMayo,426,4145,harina de garbanzo,0,0.155,17,131256,0,1,2,2025,India,1368,Australia,394
2025-02-19,NotMayo,479,4145,harina de garbanzo,0,0.164,17,130830,0,2,2,2025,India,1368,Australia,394
2025-02-20,NotMayo,506,4145,harina de garbanzo,0,0.088,15,130351,0,3,2,2025,India,1368,Australia,394
2025-02-21,NotMayo,622,4145,harina de garbanzo,0,0.231,19,129845,0,4,2,2025,India,1368,Australia,394
2025-02-22,NotMayo,634,4145,harina de garbanzo,0,0.165,15,129223,0,5,2,2025,India,1368,Australia,394
2025-02-23,NotMayo,543,4145,harina de garbanzo,0,0.125,18,128589,0,6,2,2025,India,1368,Australia,394
2025-02-24,NotMayo,459,4145,harina de garbanzo,0,0.215,19,128046,0,0,2,2025,India,1368,Australia,394
2025-02-25,NotMayo,459,4145,harina de garbanzo,0,0.072,16,127587,0,1,2,2025,India,1368,Australia,394
2025-02-26,NotMayo,474,4145,harina de garbanzo,0,0.164,18,127128,0,2,2,2025,India,1368,Australia,394
2025-02-27,NotMayo,606,4145,harina de garbanzo,1,0.234,18,126654,0,3,2,2025,India,1368,Australia,394
2025-02-28,NotMayo,573,4145,harina de garbanzo,0,0.171,17,126048,0,4,2,2025,India,1368,Australia,394
2025-03-01,NotMayo,601,4145,harina de garbanzo,0,0.161,17,125475,0,5,3,2025,India,1368,Australia,394
2025-03-02,NotMayo,713,4145,harina de garbanzo,1,0.18,18,124874,0,6,3,2025,India,1368,Australia,394
2025-03-03,NotMayo,492,4145,harina de garbanzo,0,0.105,17,124161,0,0,3,2025,India,1368,Australia,394
2025-03-04,NotMayo,478,4145,harina de garbanzo,0,0.245,18,123669,0,1,3,2025,India,1368,Australia,394
2025-03-05,NotMayo,496,4145,harina de garbanzo,0,0.208,15,123191,0,2,3,2025,India,1368,Australia,394
2025-03-06,NotMayo,488,4145,harina de garbanzo,0,0.205,17,122695,0,3,3,2025,India,1368,Australia,394
2025-03-07,NotMayo,585,4145,harina de garbanzo,0,0.21,18,122207,0,4,3,2025,India,1368,Australia,394
2025-03-08,NotMayo,547,4145,harina de garbanzo,0,0.229,18,121622,0,5,3,2025,India,1368,Australia,394
2025-03-09,NotMayo,654,4145,harina de garbanzo,1,0.266,20,121075,0,6,3,2025,India,1368,Australia,394
2025-03-10,NotMayo,507,4145,harina de garbanzo,0,0.236,19,120421,0,0,3,2025,India,1368,Australia,394
2025-03-11,NotMayo,452,4145,harina de garbanzo,0,0.176,16,119914,0,1,3,2025,India,1368,Australia,394
2025-03-12,NotMayo,507,4145,harina de garbanzo,0,0.278,18,119462,0,2,3,2025,India,1368,Australia,394
2025-03-13,NotMayo,580,4145,harina de garbanzo,0,0.28,18,118955,0,3,3,2025,India,1368,Australia,394
2025-03-14,NotMayo,533,4145,harina de garbanzo,0,0.271,18,118375,0,4,3,2025,India,1368,Australia,394
2025-03-15,NotMayo,577,4145,harina de garbanzo,0,0.32,19,117842,0,5,3,2025,India,1368,Australia,394
2025-03-16,NotMayo,457,4145,harina de garbanzo,0,0.273,19,117265,0,6,3,2025,India,1368,Australia,394
2025-03-17,NotMayo,551,4145,harina de garbanzo,0,0.333,19,116808,0,0,3,2025,India,1368,Australia,394
2025-03-18,NotMayo,422,4145,harina de garbanzo,0,0.354,21,116257,0,1,3,2025,India,1368,Australia,394
2025-03-19,NotMayo,476,4145,harina de garbanzo,0,0.319,19,115835,0,2,3,2025,India,1368,Australia,394
2025-03-20,NotMayo,599,4145,harina de garbanzo,0,0.258,16,115359,0,3,3,2025,India,1368,Australia,394
2025-03-21,NotMayo,564,4145,harina de garbanzo,0,0.295,17,114760,0,4,3,2025,India,1368,Australia,394
2025-03-22,NotMayo,516,4145,harina de garbanzo,0,0.369,20,114196,0,5,3,2025,India,1368,Australia,394
2025-03-23,NotMayo,563,4145,harina de garbanzo,0,0.238,15,113680,0,6,3,2025,India,1368,Australia,394
2025-03-24,NotMayo,516,4145,harina de garbanzo,0,0.3,16,113117,0,0,3,2025,India,1368,Australia,394
2025-03-25,NotMayo,448,4145,harina de garbanzo,0,0.308,18,112601,0,1,3,2025,India,1368,Australia,394
2025-03-26,NotMayo,473,4145,harina de garbanzo,0,0.288,20,112153,0,2,3,2025,India,1368,Australia,394
2025-03-27,NotMayo,520,4145,harina de garbanzo,0,0.381,22,111680,0,3,3,2025,India,1368,Australia,394
2025-03-28,NotMayo,562,4145,harina de garbanzo,0,0.362,18,111160,0,4,3,2025,India,1368,Australia,394
2025-03-29,NotMayo,481,4145,harina de garbanzo,0,0.314,21,110598,0,5,3,2025,India,1368,Australia,394
2025-03-30,NotMayo,521,4145,harina de garbanzo,0,0.386,19,110117,0,6,3,2025,India,1368,Australia,394
2025-03-31,NotMayo,555,4145,harina de garbanzo,0,0.353,16,109596,0,0,3,2025,India,1368,Australia,394
2025-04-01,NotMayo,568,4145,harina de garbanzo,1,0.323,19,109041,0,1,4,2025,India,1368,Australia,394
2025-04-02,NotMayo,468,4145,harina de garbanzo,0,0.337,17,108473,0,2,4,2025,India,1368,Australia,394
2025-04-03,NotMayo,643,4145,harina de garbanzo,1,0.4,21,108005,0,3,4,2025,India,1368,Australia,394
2025-04-04,NotMayo,595,4145,harina de garbanzo,0,0.431,19,107362,0,4,4,2025,India,1368,Australia,394
2025-04-05,NotMayo,617,4145,harina de garbanzo,0,0.366,16,106767,0,5,4,2025,India,1368,Australia,394
2025-04-06,NotMayo,574,4145,harina de garbanzo,0,0.423,16,106150,0,6,4,2025,India,1368,Australia,394
2025-04-07,NotMayo,433,4145,harina de garbanzo,0,0.48,20,105576,0,0,4,2025,India,1368,Australia,394
2025-04-08,NotMayo,483,4145,harina de garbanzo,0,0.343,14,105143,0,1,4,2025,India,1368,Australia,394
2025-04-09,NotMayo,542,4145,harina de garbanzo,0,0.429,18,104660,0,2,4,2025,India,1368,Australia,394
2025-04-10,NotMayo,552,4145,harina de garbanzo,0,0.458,20,104118,0,3,4,2025,India,1368,Australia,394
2025-04-11,NotMayo,583,4145,harina de garbanzo,0,0.417,17,103566,0,4,4,2025,India,1368,Australia,394
2025-04-12,NotMayo,537,4145,harina de garbanzo,0,0.489,22,102983,0,5,4,2025,India,1368,Australia,394
2025-04-13,NotMayo,529,4145,harina de garbanzo,0,0.542,23,102446,0,6,4,2025,India,1368,Australia,394
2025-04-14,NotMayo,524,4145,harina de garbanzo,0,0.454,18,101917,0,0,4,2025,India,1368,Australia,394
2025-04-15,NotMayo,472,4145,harina de garbanzo,0,0.429,19,101393,0,1,4,2025,India,1368,Australia,394
2025-04-16,NotMayo,433,4145,harina de garbanzo,0,0.494,22,100921,0,2,4,2025,India,1368,Australia,394
2025-04-17,NotMayo,505,4145,harina de garbanzo,0,0.492,20,100488,0,3,4,2025,India,1368,Australia,394
2025-04-18,NotMayo,610,4145,harina de garbanzo,0,0.328,16,99983,0,4,4,2025,India,1368,Australia,394
2025-04-19,NotMayo,566,4145,harina de garbanzo,0,0.458,19,99373,0,5,4,2025,India,1368,Australia,394
2025-04-20,NotMayo,519,4145,harina de garbanzo,0,0.442,18,98807,0,6,4,2025,India,1368,Australia,394
2025-04-21,NotMayo,451,4145,harina de garbanzo,0,0.485,22,98288,0,0,4,2025,India,1368,Australia,394
2025-04-22,NotMayo,498,4145,harina de garbanzo,0,0.459,21,97837,0,1,4,2025,India,1368,Australia,394
2025-04-23,NotMayo,539,4145,harina de garbanzo,0,0.468,19,97339,0,2,4,2025,India,1368,Australia,394
2025-04-24,NotMayo,571,4145,harina de garbanzo,0,0.432,20,96800,0,3,4,2025,India,1368,Australia,394
2025-04-25,NotMayo,613,4145,harina de garbanzo,0,0.515,18,96229,0,4,4,2025,India,1368,Australia,394
2025-04-26,NotMayo,529,4145,harina de garbanzo,0,0.564,19,95616,0,5,4,2025,India,1368,Australia,394
2025-04-27,NotMayo,487,4145,harina de garbanzo,0,0.441,23,95087,0,6,4,2025,India,1368,Australia,394
2025-04-28,NotMayo,460,4145,harina de garbanzo,0,0.416,19,94600,0,0,4,2025,India,1368,Australia,394
2025-04-29,NotMayo,450,4145,harina de garbanzo,0,0.489,22,94140,0,1,4,2025,India,1368,Australia,394
2025-04-30,NotMayo,524,4145,harina de garbanzo,0,0.489,20,93690,0,2,4,2025,India,1368,Australia,394
2025-05-01,NotMayo,559,4145,harina de garbanzo,0,0.551,23,93166,0,3,5,2025,India,1368,Australia,394
2025-05-02,NotMayo,565,4145,harina de garbanzo,0,0.433,15,92607,0,4,5,2025,India,1368,Australia,394
2025-05-03,NotMayo,476,4145,harina de garbanzo,0,0.469,19,92042,0,5,5,2025,India,1368,Australia,394
2025-05-04,NotMayo,433,4145,harina de garbanzo,0,0.389,22,91566,0,6,5,2025,India,1368,Australia,394
2025-05-05,NotMayo,468,4145,harina de garbanzo,0,0.567,22,91133,0,0,5,2025,India,1368,Australia,394
2025-05-06,NotMayo,474,4145,harina de garbanzo,0,0.511,23,90665,0,1,5,2025,India,1368,Australia,394
2025-05-07,NotMayo,460,4145,harina de garbanzo,0,0.476,20,90191,0,2,5,2025,India,1368,Australia,394
2025-05-08,NotMayo,581,4145,harina de garbanzo,0,0.434,18,89731,0,3,5,2025,India,1368,Australia,394
2025-05-09,NotMayo,610,4145,harina de garbanzo,1,0.438,17,89150,0,4,5,2025,India,1368,Australia,394
2025-05-10,NotMayo,478,4145,harina de garbanzo,0,0.521,18,88540,0,5,5,2025,India,1368,Australia,394
2025-05-11,NotMayo,467,4145,harina de garbanzo,0,0.444,21,88062,0,6,5,2025,India,1368,Australia,394
2025-05-12,NotMayo,427,4145,harina de garbanzo,0,0.505,21,87595,0,0,5,2025,India,1368,Australia,394
2025-05-13,NotMayo,454,4145,harina de garbanzo,0,0.601,21,87168,0,1,5,2025,India,1368,Australia,394
2025-05-14,NotMayo,441,4145,harina de garbanzo,0,0.481,21,86714,0,2,5,2025,India,1368,Australia,394
2025-05-15,NotMayo,435,4145,harina de garbanzo,0,0.449,20,86273,0,3,5,2025,India,1368,Australia,394
2025-05-16,NotMayo,563,4145,harina de garbanzo,0,0.515,22,85838,0,4,5,2025,India,1368,Australia,394
2025-05-17,NotMayo,448,4145,harina de garbanzo,0,0.433,21,85275,0,5,5,2025,India,1368,Australia,394
2025-05-18,NotMayo,444,4145,harina de garbanzo,0,0.579,18,84827,0,6,5,2025,India,1368,Australia,394
2025-05-19,NotMayo,387,4145,harina de garbanzo,0,0.561,21,84383,0,0,5,2025,India,1368,Australia,394
2025-05-20,NotMayo,436,4145,harina de garbanzo,0,0.481,17,83996,0,1,5,2025,India,1368,Australia,394
2025-05-21,NotMayo,456,4145,harina de garbanzo,0,0.442,20,83560,0,2,5,2025,India,1368,Australia,394
2025-05-22,NotMayo,563,4145,harina de garbanzo,0,0.463,21,83104,0,3,5,2025,India,1368,Australia,394
2025-05-23,NotMayo,555,4145,harina de garbanzo,0,0.467,17,82541,0,4,5,2025,India,1368,Australia,394
2025-05-24,NotMayo,736,4145,harina de garbanzo,1,0.498,19,81986,0,5,5,2025,India,1368,Australia,394
2025-05-25,NotMayo,489,4145,harina de garbanzo,0,0.528,20,81250,0,6,5,2025,India,1368,Australia,394
2025-05-26,NotMayo,404,4145,harina de garbanzo,0,0.421,20,80761,0,0,5,2025,India,1368,Australia,394
2025-05-27,NotMayo,426,4145,harina de garbanzo,0,0.52,20,80357,0,1,5,2025,India,1368,Australia,394
2025-05-28,NotMayo,462,4145,harina de garbanzo,0,0.497,18,79931,0,2,5,2025,India,1368,Australia,394
2025-05-29,NotMayo,508,4145,harina de garbanzo,0,0.437,19,79469,0,3,5,2025,India,1368,Australia,394
2025-05-30,NotMayo,490,4145,harina de garbanzo,0,0.404,16,78961,0,4,5,2025,India,1368,Australia,394
2025-05-31,NotMayo,524,4145,harina de garbanzo,0,0.461,19,78471,0,5,5,2025,India,1368,Australia,394
2025-06-01,NotMayo,435,4145,harina de garbanzo,0,0.398,18,77947,0,6,6,2025,India,1368,Australia,394
2025-06-02,NotMayo,395,4145,harina de garbanzo,0,0.498,20,77512,0,0,6,2025,India,1368,Australia,394
2025-06-03,NotMayo,378,4145,harina de garbanzo,0,0.386,18,77117,0,1,6,2025,India,1368,Australia,394
2025-06-04,NotMayo,435,4145,harina de garbanzo,0,0.465,17,76739,0,2,6,2025,India,1368,Australia,394
2025-06-05,NotMayo,428,4145,harina de garbanzo,0,0.429,19,76304,0,3,6,2025,India,1368,Australia,394
2025-06-06,NotMayo,483,4145,harina de garbanzo,0,0.4,21,75876,0,4,6,2025,India,1368,Australia,394
2025-06-07,NotMayo,532,4145,harina de garbanzo,0,0.418,22,75393,0,5,6,2025,India,1368,Australia,394
2025-06-08,NotMayo,424,4145,harina de garbanzo,0,0.472,25,74861,0,6,6,2025,India,1368,Australia,394
2025-06-09,NotMayo,406,4145,harina de garbanzo,0,0.353,22,74437,0,0,6,2025,India,1368,Australia,394
2025-06-10,NotMayo,410,4145,harina de garbanzo,0,0.387,17,74031,0,1,6,2025,India,1368,Australia,394
2025-06-11,NotMayo,435,4145,harina de garbanzo,0,0.365,18,73621,0,2,6,2025,India,1368,Australia,394
2025-06-12,NotMayo,446,4145,harina de garbanzo,0,0.395,19,73186,0,3,6,2025,India,1368,Australia,394
2025-06-13,NotMayo,523,4145,harina de garbanzo,0,0.357,19,72740,0,4,6,2025,India,1368,Australia,394
2025-06-14,NotMayo,511,4145,harina de garbanzo,0,0.297,19,72217,0,5,6,2025,India,1368,Australia,394
2025-06-15,NotMayo,496,4145,harina de garbanzo,0,0.327,23,71706,0,6,6,2025,India,1368,Australia,394
2025-06-16,NotMayo,413,4145,harina de garbanzo,0,0.456,17,71210,0,0,6,2025,India,1368,Australia,394
2025-06-17,NotMayo,385,4145,harina de garbanzo,0,0.381,18,70797,0,1,6,2025,India,1368,Australia,394
2025-06-18,NotMayo,397,4145,harina de garbanzo,0,0.373,22,70412,0,2,6,2025,India,1368,Australia,394
2025-06-19,NotMayo,468,4145,harina de garbanzo,0,0.342,18,70015,0,3,6,2025,India,1368,Australia,394
2025-06-20,NotMayo,469,4145,harina de garbanzo,0,0.348,20,69547,0,4,6,2025,India,1368,Australia,394
2025-06-21,NotMayo,458,4145,harina de garbanzo,0,0.323,21,69078,0,5,6,2025,India,1368,Australia,394
2025-06-22,NotMayo,431,4145,harina de garbanzo,0,0.365,20,68620,0,6,6,2025,India,1368,Australia,394
2025-06-23,NotMayo,387,4145,harina de garbanzo,0,0.338,19,68189,0,0,6,2025,India,1368,Australia,394
2025-06-24,NotMayo,401,4145,harina de garbanzo,0,0.268,20,67802,0,1,6,2025,India,1368,Australia,394
2025-06-25,NotMayo,366,4145,harina de garbanzo,0,0.333,17,67401,0,2,6,2025,India,1368,Australia,394
2025-06-26,NotMayo,460,4145,harina de garbanzo,0,0.192,17,67035,0,3,6,2025,India,1368,Australia,394
2025-06-27,NotMayo,502,4145,harina de garbanzo,0,0.329,20,66575,0,4,6,2025,India,1368,Australia,394
2025-06-28,NotMayo,450,4145,harina de garbanzo,0,0.232,14,66073,0,5,6,2025,India,1368,Australia,394
2025-06-29,NotMayo,507,4145,harina de garbanzo,0,0.292,21,65623,0,6,6,2025,India,1368,Australia,394
2025-06-30,NotMayo,403,4145,harina de garbanzo,0,0.231,18,65116,0,0,6,2025,India,1368,Australia,394
2025-07-01,NotMayo,340,4145,harina de garbanzo,0,0.285,19,64713,0,1,7,2025,India,1368,Australia,394
2025-07-02,NotMayo,529,4145,harina de garbanzo,1,0.308,15,64373,0,2,7,2025,India,1368,Australia,394
2025-07-03,NotMayo,444,4145,harina de garbanzo,0,0.348,16,63844,0,3,7,2025,India,1368,Australia,394
2025-07-04,NotMayo,485,4145,harina de garbanzo,0,0.19,17,63400,0,4,7,2025,India,1368,Australia,394
2025-07-05,NotMayo,455,4145,harina de garbanzo,0,0.311,20,62915,0,5,7,2025,India,1368,Australia,394
2025-07-06,NotMayo,398,4145,harina de garbanzo,0,0.263,14,62460,0,6,7,2025,India,1368,Australia,394
2025-07-07,NotMayo,492,4145,harina de garbanzo,1,0.228,19,62062,0,0,7,2025,India,1368,Australia,394
2025-07-08,NotMayo,363,4145,harina de garbanzo,0,0.283,18,61570,0,1,7,2025,India,1368,Australia,394
2025-07-09,NotMayo,383,4145,harina de garbanzo,0,0.228,17,61207,0,2,7,2025,India,1368,Australia,394
2025-07-10,NotMayo,396,4145,harina de garbanzo,0,0.271,19,60824,0,3,7,2025,India,1368,Australia,394
2025-07-11,NotMayo,435,4145,harina de garbanzo,0,0.18,18,60428,0,4,7,2025,India,1368,Australia,394
2025-07-12,NotMayo,482,4145,harina de garbanzo,0,0.193,16,59993,0,5,7,2025,India,1368,Australia,394
2025-07-13,NotMayo,483,4145,harina de garbanzo,0,0.267,19,59511,0,6,7,2025,India,1368,Australia,394
2025-07-14,NotMayo,415,4145,harina de garbanzo,0,0.289,14,59028,0,0,7,2025,India,1368,Australia,394
2025-07-15,NotMayo,417,4145,harina de garbanzo,0,0.209,17,58613,0,1,7,2025,India,1368,Australia,394
2025-07-16,NotMayo,426,4145,harina de garbanzo,0,0.067,17,58196,0,2,7,2025,India,1368,Australia,394
2025-07-17,NotMayo,459,4145,harina de garbanzo,0,0.192,17,57770,0,3,7,2025,India,1368,Australia,394
2025-07-18,NotMayo,444,4145,harina de garbanzo,0,0.199,14,57311,0,4,7,2025,India,1368,Australia,394
2025-07-19,NotMayo,457,4145,harina de garbanzo,0,0.182,19,56867,0,5,7,2025,India,1368,Australia,394
2025-07-20,NotMayo,408,4145,harina de garbanzo,0,0.206,15,56410,0,6,7,2025,India,1368,Australia,394
2025-07-21,NotMayo,380,4145,harina de garbanzo,0,0.162,17,56002,0,0,7,2025,India,1368,Australia,394
2025-07-22,NotMayo,375,4145,harina de garbanzo,0,0.224,18,55622,0,1,7,2025,India,1368,Australia,394
2025-07-23,NotMayo,413,4145,harina de garbanzo,0,0.12,17,55247,0,2,7,2025,India,1368,Australia,394
2025-07-24,NotMayo,440,4145,harina de garbanzo,0,0.237,20,54834,0,3,7,2025,India,1368,Australia,394
2025-07-25,NotMayo,610,4145,harina de garbanzo,1,0.25,18,54394,0,4,7,2025,India,1368,Australia,394
2025-07-26,NotMayo,626,4145,harina de garbanzo,1,0.124,18,53784,0,5,7,2025,India,1368,Australia,394
2025-07-27,NotMayo,432,4145,harina de garbanzo,0,0.121,17,53158,0,6,7,2025,India,1368,Australia,394
2025-07-28,NotMayo,403,4145,harina de garbanzo,0,0.185,19,52726,0,0,7,2025,India,1368,Australia,394
2025-07-29,NotMayo,324,4145,harina de garbanzo,0,0.103,20,52323,0,1,7,2025,India,1368,Australia,394
2025-07-30,NotMayo,353,4145,harina de garbanzo,0,0.135,17,51999,0,2,7,2025,India,1368,Australia,394
2025-07-31,NotMayo,459,4145,harina de garbanzo,0,0.213,19,51646,0,3,7,2025,India,1368,Australia,394
2025-08-01,NotMayo,445,4145,harina de garbanzo,0,0.193,20,51187,0,4,8,2025,India,1368,Australia,394
2025-08-02,NotMayo,428,4145,harina de garbanzo,0,0.254,21,50742,0,5,8,2025,India,1368,Australia,394
2025-08-03,NotMayo,405,4145,harina de garbanzo,0,0.162,17,50314,0,6,8,2025,India,1368,Australia,394
2025-08-04,NotMayo,371,4145,harina de garbanzo,0,0.122,19,49909,0,0,8,2025,India,1368,Australia,394
2025-08-05,NotMayo,383,4145,harina de garbanzo,0,0.154,18,49538,0,1,8,2025,India,1368,Australia,394
2025-08-06,NotMayo,350,4145,harina de garbanzo,0,0.143,19,49155,0,2,8,2025,India,1368,Australia,394
2025-08-07,NotMayo,419,4145,harina de garbanzo,0,0.144,18,48805,0,3,8,2025,India,1368,Australia,394
2025-08-08,NotMayo,565,4145,harina de garbanzo,1,0.149,18,48386,0,4,8,2025,India,1368,Australia,394
2025-08-09,NotMayo,557,4145,harina de garbanzo,1,0.103,18,47821,0,5,8,2025,India,1368,Australia,394
2025-08-10,NotMayo,418,4145,harina de garbanzo,0,0.164,18,47264,0,6,8,2025,India,1368,Australia,394
2025-08-11,NotMayo,393,4145,harina de garbanzo,0,0.08,17,46846,0,0,8,2025,India,1368,Australia,394
2025-08-12,NotMayo,348,4145,harina de garbanzo,0,0.115,17,46453,0,1,8,2025,India,1368,Australia,394
2025-08-13,NotMayo,353,4145,harina de garbanzo,0,0.146,17,46105,0,2,8,2025,India,1368,Australia,394
2025-08-14,NotMayo,498,4145,harina de garbanzo,0,0.04,20,45752,0,3,8,2025,India,1368,Australia,394
2025-08-15,NotMayo,431,4145,harina de garbanzo,0,0.192,18,45254,0,4,8,2025,India,1368,Australia,394
2025-08-16,NotMayo,432,4145,harina de garbanzo,0,0.053,15,44823,0,5,8,2025,India,1368,Australia,394
2025-08-17,NotMayo,432,4145,harina de garbanzo,0,0.19,17,44391,0,6,8,2025,India,1368,Australia,394
2025-08-18,NotMayo,424,4145,harina de garbanzo,0,0.094,19,43959,0,0,8,2025,India,1368,Australia,394
2025-08-19,NotMayo,347,4145,harina de garbanzo,0,0.14,16,43535,0,1,8,2025,India,1368,Australia,394
2025-08-20,NotMayo,350,4145,harina de garbanzo,0,0.189,15,43188,0,2,8,2025,India,1368,Australia,394
2025-08-21,NotMayo,374,4145,harina de garbanzo,0,0.275,15,42838,0,3,8,2025,India,1368,Australia,394
2025-08-22,NotMayo,497,4145,harina de garbanzo,0,0.173,14,42464,0,4,8,2025,India,1368,Australia,394
2025-08-23,NotMayo,401,4145,harina de garbanzo,0,0.071,14,41967,0,5,8,2025,India,1368,Australia,394
2025-08-24,NotMayo,408,4145,harina de garbanzo,0,0.221,15,41566,0,6,8,2025,India,1368,Australia,394
2025-08-25,NotMayo,421,4145,harina de garbanzo,1,0.165,20,41158,0,0,8,2025,India,1368,Australia,394
2025-08-26,NotMayo,321,4145,harina de garbanzo,0,0.183,17,40737,0,1,8,2025,India,1368,Australia,394
2025-08-27,NotMayo,371,4145,harina de garbanzo,0,0.211,17,40416,0,2,8,2025,India,1368,Australia,394
2025-08-28,NotMayo,384,4145,harina de garbanzo,0,0.075,14,40045,0,3,8,2025,India,1368,Australia,394
2025-08-29,NotMayo,416,4145,harina de garbanzo,0,0.19,17,39661,0,4,8,2025,India,1368,Australia,394
2025-08-30,NotMayo,508,4145,harina de garbanzo,0,0.174,14,39245,0,5,8,2025,India,1368,Australia,394
2025-08-31,NotMayo,423,4145,harina de garbanzo,0,0.259,17,38737,0,6,8,2025,India,1368,Australia,394
2025-09-01,NotMayo,404,4145,harina de garbanzo,0,0.239,22,38314,0,0,9,2025,India,1368,Australia,394
2025-09-02,NotMayo,387,4145,harina de garbanzo,0,0.125,18,37910,0,1,9,2025,India,1368,Australia,394
2025-09-03,NotMayo,378,4145,harina de garbanzo,0,0.274,18,37523,0,2,9,2025,India,1368,Australia,394
2025-09-04,NotMayo,401,4145,harina de garbanzo,0,0.238,19,37145,0,3,9,2025,India,1368,Australia,394
2025-09-05,NotMayo,451,4145,harina de garbanzo,0,0.143,16,36744,0,4,9,2025,India,1368,Australia,394
2025-09-06,NotMayo,445,4145,harina de garbanzo,0,0.228,16,36293,0,5,9,2025,India,1368,Australia,394
2025-09-07,NotMayo,392,4145,harina de garbanzo,0,0.282,22,35848,0,6,9,2025,India,1368,Australia,394
2025-09-08,NotMayo,381,4145,harina de garbanzo,0,0.175,15,35456,0,0,9,2025,India,1368,Australia,394
2025-09-09,NotMayo,344,4145,harina de garbanzo,0,0.31,18,35075,0,1,9,2025,India,1368,Australia,394
2025-09-10,NotMayo,378,4145,harina de garbanzo,0,0.171,18,34731,0,2,9,2025,India,1368,Australia,394
2025-09-11,NotMayo,407,4145,harina de garbanzo,0,0.212,16,34353,0,3,9,2025,India,1368,Australia,394
2025-09-12,NotMayo,399,4145,harina de garbanzo,0,0.21,19,33946,0,4,9,2025,India,1368,Australia,394
2025-09-13,NotMayo,359,4145,harina de garbanzo,0,0.332,18,33547,0,5,9,2025,India,1368,Australia,394
2025-09-14,NotMayo,382,4145,harina de garbanzo,0,0.244,19,33188,0,6,9,2025,India,1368,Australia,394
2025-09-15,NotMayo,434,4145,harina de garbanzo,0,0.216,19,32806,0,0,9,2025,India,1368,Australia,394
2025-09-16,NotMayo,358,4145,harina de garbanzo,0,0.302,18,32372,0,1,9,2025,India,1368,Australia,394
2025-09-17,NotMayo,409,4145,harina de garbanzo,0,0.319,22,32014,0,2,9,2025,India,1368,Australia,394
2025-09-18,NotMayo,350,4145,harina de garbanzo,0,0.325,17,31605,0,3,9,2025,India,1368,Australia,394
2025-09-19,NotMayo,411,4145,harina de garbanzo,0,0.284,21,31255,0,4,9,2025,India,1368,Australia,394
2025-09-20,NotMayo,397,4145,harina de garbanzo,0,0.316,21,30844,0,5,9,2025,India,1368,Australia,394
2025-09-21,NotMayo,410,4145,harina de garbanzo,0,0.277,22,30447,0,6,9,2025,India,1368,Australia,394
2025-09-22,NotMayo,589,4145,harina de garbanzo,1,0.399,20,30037,0,0,9,2025,India,1368,Australia,394
2025-09-23,NotMayo,384,4145,harina de garbanzo,0,0.379,17,29448,0,1,9,2025,India,1368,Australia,394
2025-09-24,NotMayo,442,4145,harina de garbanzo,0,0.382,23,29064,0,2,9,2025,India,1368,Australia,394
2025-09-25,NotMayo,417,4145,harina de garbanzo,0,0.373,18,28622,0,3,9,2025,India,1368,Australia,394
2025-09-26,NotMayo,501,4145,harina de garbanzo,0,0.366,17,28205,0,4,9,2025,India,1368,Australia,394
2025-09-27,NotMayo,525,4145,harina de garbanzo,0,0.283,18,27704,0,5,9,2025,India,1368,Australia,394
2025-09-28,NotMayo,417,4145,harina de garbanzo,0,0.383,17,27179,0,6,9,2025,India,1368,Australia,394
2025-09-29,NotMayo,371,4145,harina de garbanzo,0,0.363,20,26762,0,0,9,2025,India,1368,Australia,394
2025-09-30,NotMayo,335,4145,harina de garbanzo,0,0.427,18,26391,0,1,9,2025,India,1368,Australia,394
2025-10-01,NotMayo,384,4145,harina de garbanzo,0,0.41,19,26056,0,2,10,2025,India,1368,Australia,394
2025-10-02,NotMayo,433,4145,harina de garbanzo,0,0.403,21,25672,0,3,10,2025,India,1368,Australia,394
2025-10-03,NotMayo,532,4145,harina de garbanzo,0,0.297,20,25239,0,4,10,2025,India,1368,Australia,394
2025-10-04,NotMayo,408,4145,harina de garbanzo,0,0.382,19,24707,0,5,10,2025,India,1368,Australia,394
2025-10-05,NotMayo,428,4145,harina de garbanzo,0,0.364,19,24299,0,6,10,2025,India,1368,Australia,394
2025-10-06,NotMayo,436,4145,harina de garbanzo,1,0.41,19,23871,0,0,10,2025,India,1368,Australia,394
2025-10-07,NotMayo,367,4145,harina de garbanzo,0,0.382,18,23435,0,1,10,2025,India,1368,Australia,394
2025-10-08,NotMayo,409,4145,harina de garbanzo,0,0.395,19,23068,0,2,10,2025,India,1368,Australia,394
2025-10-09,NotMayo,454,4145,harina de garbanzo,0,0.437,20,22659,0,3,10,2025,India,1368,Australia,394
2025-10-10,NotMayo,486,4145,harina de garbanzo,0,0.397,19,22205,0,4,10,2025,India,1368,Australia,394
2025-10-11,NotMayo,477,4145,harina de garbanzo,0,0.43,20,21719,0,5,10,2025,India,1368,Australia,394
2025-10-12,NotMayo,453,4145,harina de garbanzo,0,0.353,17,21242,0,6,10,2025,India,1368,Australia,394
2025-10-13,NotMayo,400,4145,harina de garbanzo,0,0.392,18,20789,0,0,10,2025,India,1368,Australia,394
2025-10-14,NotMayo,353,4145,harina de garbanzo,0,0.471,18,20389,0,1,10,2025,India,1368,Australia,394
2025-10-15,NotMayo,345,4145,harina de garbanzo,0,0.381,18,20036,0,2,10,2025,India,1368,Australia,394
2025-10-16,NotMayo,424,4145,harina de garbanzo,0,0.509,23,19691,0,3,10,2025,India,1368,Australia,394
2025-10-17,NotMayo,466,4145,harina de garbanzo,0,0.5,21,19267,0,4,10,2025,India,1368,Australia,394
2025-10-18,NotMayo,517,4145,harina de garbanzo,0,0.442,17,18801,0,5,10,2025,India,1368,Australia,394
2025-10-19,NotMayo,436,4145,harina de garbanzo,0,0.609,22,18284,0,6,10,2025,India,1368,Australia,394
2025-10-20,NotMayo,398,4145,harina de garbanzo,0,0.525,19,17848,0,0,10,2025,India,1368,Australia,394
2025-10-21,NotMayo,404,4145,harina de garbanzo,0,0.419,18,17450,0,1,10,2025,India,1368,Australia,394
2025-10-22,NotMayo,403,4145,harina de garbanzo,0,0.507,17,17046,0,2,10,2025,India,1368,Australia,394
2025-10-23,NotMayo,480,4145,harina de garbanzo,0,0.477,22,16643,0,3,10,2025,India,1368,Australia,394
2025-10-24,NotMayo,555,4145,harina de garbanzo,0,0.438,17,16163,0,4,10,2025,India,1368,Australia,394
2025-10-25,NotMayo,561,4145,harina de garbanzo,0,0.426,19,15608,0,5,10,2025,India,1368,Australia,394
2025-10-26,NotMayo,451,4145,harina de garbanzo,0,0.532,18,15047,0,6,10,2025,India,1368,Australia,394
2025-10-27,NotMayo,423,4145,harina de garbanzo,0,0.455,21,14596,0,0,10,2025,India,1368,Australia,394
2025-10-28,NotMayo,449,4145,harina de garbanzo,0,0.482,19,14173,0,1,10,2025,India,1368,Australia,394
2025-10-29,NotMayo,414,4145,harina de garbanzo,0,0.443,19,13724,0,2,10,2025,India,1368,Australia,394
2025-10-30,NotMayo,483,4145,harina de garbanzo,0,0.454,19,13310,0,3,10,2025,India,1368,Australia,394
2025-10-31,NotMayo,444,4145,harina de garbanzo,0,0.487,20,12827,0,4,10,2025,India,1368,Australia,394
2025-11-01,NotMayo,474,4145,harina de garbanzo,0,0.514,20,12383,0,5,11,2025,India,1368,Australia,394
2025-11-02,NotMayo,498,4145,harina de garbanzo,0,0.367,19,11909,0,6,11,2025,India,1368,Australia,394
2025-11-03,NotMayo,395,4145,harina de garbanzo,0,0.498,19,11411,0,0,11,2025,India,1368,Australia,394
2025-11-04,NotMayo,402,4145,harina de garbanzo,0,0.461,17,11016,0,1,11,2025,India,1368,Australia,394
2025-11-05,NotMayo,373,4145,harina de garbanzo,0,0.569,18,10614,0,2,11,2025,India,1368,Australia,394
2025-11-06,NotMayo,542,4145,harina de garbanzo,0,0.647,23,10241,0,3,11,2025,India,1368,Australia,394
2025-11-07,NotMayo,752,4145,harina de garbanzo,1,0.482,19,9699,0,4,11,2025,India,1368,Australia,394
2025-11-08,NotMayo,503,4145,harina de garbanzo,0,0.414,18,8947,0,5,11,2025,India,1368,Australia,394
2025-11-09,NotMayo,647,4145,harina de garbanzo,1,0.506,17,8444,0,6,11,2025,India,1368,Australia,394
2025-11-10,NotMayo,541,4145,harina de garbanzo,1,0.489,16,7797,0,0,11,2025,India,1368,Australia,394
2025-11-11,NotMayo,460,4145,harina de garbanzo,0,0.598,19,7256,0,1,11,2025,India,1368,Australia,394
2025-11-12,NotMayo,417,4145,harina de garbanzo,0,0.582,22,6796,0,2,11,2025,India,1368,Australia,394
2025-11-13,NotMayo,504,4145,harina de garbanzo,0,0.541,19,6379,0,3,11,2025,India,1368,Australia,394
2025-11-14,NotMayo,551,4145,harina de garbanzo,0,0.467,21,5875,0,4,11,2025,India,1368,Australia,394
2025-11-15,NotMayo,554,4145,harina de garbanzo,0,0.529,19,5324,0,5,11,2025,India,1368,Australia,394
2025-11-16,NotMayo,388,4145,harina de garbanzo,0,0.507,21,4770,0,6,11,2025,India,1368,Australia,394
2025-11-17,NotMayo,415,4145,harina de garbanzo,0,0.504,19,4382,0,0,11,2025,India,1368,Australia,394
2025-11-18,NotMayo,388,4145,harina de garbanzo,0,0.412,17,3967,0,1,11,2025,India,1368,Australia,394
2025-11-19,NotMayo,449,4145,harina de garbanzo,0,0.541,20,3579,0,2,11,2025,India,1368,Australia,394
2025-11-20,NotMayo,407,4145,harina de garbanzo,0,0.491,24,3130,0,3,11,2025,India,1368,Australia,394
2025-11-21,NotMayo,432,4145,harina de garbanzo,0,0.478,23,2723,0,4,11,2025,India,1368,Australia,394
2025-11-22,NotMayo,605,4145,harina de garbanzo,0,0.451,21,2291,0,5,11,2025,India,1368,Australia,394
2025-11-23,NotMayo,506,4145,harina de garbanzo,0,0.438,19,1686,0,6,11,2025,India,1368,Australia,394
2025-11-24,NotMayo,449,4145,harina de garbanzo,0,0.491,21,1180,0,0,11,2025,India,1368,Australia,394
2025-11-25,NotMayo,443,4145,harina de garbanzo,0,0.384,20,731,0,1,11,2025,India,1368,Australia,394
2025-11-26,NotMayo,458,4145,harina de garbanzo,0,0.508,20,288,0,2,11,2025,India,1368,Australia,394
2025-11-27,NotMayo,535,4145,harina de garbanzo,0,0.412,20,0,1,3,11,2025,India,1368,Australia,394
2025-11-28,NotMayo,500,4145,harina de garbanzo,0,0.358,19,0,1,4,11,2025,India,1368,Australia,394
2025-11-29,NotMayo,533,4145,harina de garbanzo,0,0.548,20,0,1,5,11,2025,India,1368,Australia,394
2025-11-30,NotMayo,501,4145,harina de garbanzo,0,0.41,17,0,1,6,11,2025,India,1368,Australia,394
2025-12-01,NotMayo,415,4145,harina de garbanzo,0,0.413,18,0,1,0,12,2025,India,1368,Australia,394
2025-12-02,NotMayo,484,4145,harina de garbanzo,0,0.501,22,0,1,1,12,2025,India,1368,Australia,394
2025-12-03,NotMayo,445,4145,harina de garbanzo,0,0.533,20,0,1,2,12,2025,India,1368,Australia,394
2025-12-04,NotMayo,546,4145,harina de garbanzo,0,0.359,19,0,1,3,12,2025,India,1368,Australia,394
2025-12-05,NotMayo,542,4145,harina de garbanzo,0,0.383,18,7954,0,4,12,2025,India,1368,Australia,394
2025-12-06,NotMayo,605,4145,harina de garbanzo,0,0.382,17,15912,0,5,12,2025,India,1368,Australia,394
2025-12-07,NotMayo,459,4145,harina de garbanzo,0,0.468,19,23807,0,6,12,2025,India,1368,Australia,394
2025-12-08,NotMayo,421,4145,harina de garbanzo,0,0.498,18,23348,0,0,12,2025,India,1368,Australia,394
2025-12-09,NotMayo,415,4145,harina de garbanzo,0,0.357,17,31427,0,1,12,2025,India,1368,Australia,394
2025-12-10,NotMayo,598,4145,harina de garbanzo,1,0.476,22,31012,0,2,12,2025,India,1368,Australia,394
2025-12-11,NotMayo,577,4145,harina de garbanzo,0,0.365,18,30414,0,3,12,2025,India,1368,Australia,394
2025-12-12,NotMayo,617,4145,harina de garbanzo,0,0.411,18,38337,0,4,12,2025,India,1368,Australia,394
2025-12-13,NotMayo,444,4145,harina de garbanzo,0,0.325,22,46220,0,5,12,2025,India,1368,Australia,394
2025-12-14,NotMayo,521,4145,harina de garbanzo,0,0.377,21,62776,0,6,12,2025,India,1368,Australia,394
2025-12-15,NotMayo,349,4145,harina de garbanzo,0,0.372,18,79255,0,0,12,2025,India,1368,Australia,394
2025-12-16,NotMayo,484,4145,harina de garbanzo,0,0.356,20,87406,0,1,12,2025,India,1368,Australia,394
2025-12-17,NotMayo,521,4145,harina de garbanzo,0,0.385,19,112422,0,2,12,2025,India,1368,Australia,394
2025-12-18,NotMayo,521,4145,harina de garbanzo,0,0.31,17,111901,0,3,12,2025,India,1368,Australia,394
2025-12-19,NotMayo,679,4145,harina de garbanzo,1,0.31,19,128380,0,4,12,2025,India,1368,Australia,394
2025-12-20,NotMayo,558,4145,harina de garbanzo,0,0.37,18,127701,0,5,12,2025,India,1368,Australia,394
2025-12-21,NotMayo,487,4145,harina de garbanzo,0,0.409,19,127143,0,6,12,2025,India,1368,Australia,394
2025-12-22,NotMayo,494,4145,harina de garbanzo,0,0.335,21,126656,0,0,12,2025,India,1368,Australia,394
2025-12-23,NotMayo,454,4145,harina de garbanzo,0,0.356,21,143162,0,1,12,2025,India,1368,Australia,394
2025-12-24,NotMayo,523,4145,harina de garbanzo,0,0.362,18,151208,0,2,12,2025,India,1368,Australia,394
2025-12-25,NotMayo,527,4145,harina de garbanzo,0,0.36,20,150685,0,3,12,2025,India,1368,Australia,394
2025-12-26,NotMayo,527,4145,harina de garbanzo,0,0.265,16,150158,0,4,12,2025,India,1368,Australia,394
2025-12-27,NotMayo,495,4145,harina de garbanzo,0,0.267,19,149631,0,5,12,2025,India,1368,Australia,394
2025-12-28,NotMayo,449,4145,harina de garbanzo,0,0.266,18,149136,0,6,12,2025,India,1368,Australia,394
2025-12-29,NotMayo,537,4145,harina de garbanzo,0,0.391,20,148687,0,0,12,2025,India,1368,Australia,394
2025-12-30,NotMayo,453,4145,harina de garbanzo,0,0.314,18,148150,0,1,12,2025,India,1368,Australia,394
2021-01-01,NotIceCream,543,3388,aceite de coco,0,0.263,34,5600,0,4,1,2021,Filipinas,2528,Indonesia,2264
2021-01-02,NotIceCream,479,3388,aceite de coco,0,0.282,37,5057,0,5,1,2021,Filipinas,2528,Indonesia,2264
2021-01-03,NotIceCream,370,3388,aceite de coco,0,0.22,32,4578,0,6,1,2021,Filipinas,2528,Indonesia,2264
2021-01-04,NotIceCream,276,3388,aceite de coco,0,0.348,35,4208,0,0,1,2021,Filipinas,2528,Indonesia,2264
2021-01-05,NotIceCream,218,3388,aceite de coco,0,0.251,31,3932,0,1,1,2021,Filipinas,2528,Indonesia,2264
2021-01-06,NotIceCream,389,3388,aceite de coco,1,0.312,33,3714,0,2,1,2021,Filipinas,2528,Indonesia,2264
2021-01-07,NotIceCream,404,3388,aceite de coco,0,0.158,30,3325,0,3,1,2021,Filipinas,2528,Indonesia,2264
2021-01-08,NotIceCream,437,3388,aceite de coco,0,0.195,33,2921,0,4,1,2021,Filipinas,2528,Indonesia,2264
2021-01-09,NotIceCream,623,3388,aceite de coco,1,0.266,35,2484,0,5,1,2021,Filipinas,2528,Indonesia,2264
2021-01-10,NotIceCream,333,3388,aceite de coco,0,0.215,34,1861,0,6,1,2021,Filipinas,2528,Indonesia,2264
2021-01-11,NotIceCream,285,3388,aceite de coco,0,0.168,31,1528,0,0,1,2021,Filipinas,2528,Indonesia,2264
2021-01-12,NotIceCream,275,3388,aceite de coco,0,0.125,33,1243,0,1,1,2021,Filipinas,2528,Indonesia,2264
2021-01-13,NotIceCream,315,3388,aceite de coco,0,0.249,34,968,0,2,1,2021,Filipinas,2528,Indonesia,2264
2021-01-14,NotIceCream,435,3388,aceite de coco,0,0.24,33,653,0,3,1,2021,Filipinas,2528,Indonesia,2264
2021-01-15,NotIceCream,462,3388,aceite de coco,0,0.215,31,218,0,4,1,2021,Filipinas,2528,Indonesia,2264
2021-01-16,NotIceCream,560,3388,aceite de coco,0,0.174,33,0,1,5,1,2021,Filipinas,2528,Indonesia,2264
2021-01-17,NotIceCream,441,3388,aceite de coco,0,0.139,32,0,1,6,1,2021,Filipinas,2528,Indonesia,2264
2021-01-18,NotIceCream,269,3388,aceite de coco,0,0.188,33,0,1,0,1,2021,Filipinas,2528,Indonesia,2264
2021-01-19,NotIceCream,239,3388,aceite de coco,0,0.121,32,0,1,1,1,2021,Filipinas,2528,Indonesia,2264
2021-01-20,NotIceCream,338,3388,aceite de coco,0,0.146,33,0,1,2,1,2021,Filipinas,2528,Indonesia,2264
2021-01-21,NotIceCream,485,3388,aceite de coco,0,0.243,31,0,1,3,1,2021,Filipinas,2528,Indonesia,2264
2021-01-22,NotIceCream,459,3388,aceite de coco,0,0.084,31,0,1,4,1,2021,Filipinas,2528,Indonesia,2264
2021-01-23,NotIceCream,463,3388,aceite de coco,0,0.208,34,0,1,5,1,2021,Filipinas,2528,Indonesia,2264
2021-01-24,NotIceCream,403,3388,aceite de coco,0,0.245,33,0,1,6,1,2021,Filipinas,2528,Indonesia,2264
2021-01-25,NotIceCream,245,3388,aceite de coco,0,0.209,35,0,1,0,1,2021,Filipinas,2528,Indonesia,2264
2021-01-26,NotIceCream,254,3388,aceite de coco,0,0.185,33,0,1,1,1,2021,Filipinas,2528,Indonesia,2264
2021-01-27,NotIceCream,344,3388,aceite de coco,0,0.14,28,0,1,2,1,2021,Filipinas,2528,Indonesia,2264
2021-01-28,NotIceCream,384,3388,aceite de coco,0,0.129,33,0,1,3,1,2021,Filipinas,2528,Indonesia,2264
2021-01-29,NotIceCream,528,3388,aceite de coco,0,0.046,30,0,1,4,1,2021,Filipinas,2528,Indonesia,2264
2021-01-30,NotIceCream,490,3388,aceite de coco,0,0.159,29,0,1,5,1,2021,Filipinas,2528,Indonesia,2264
2021-01-31,NotIceCream,471,3388,aceite de coco,0,0.135,31,0,1,6,1,2021,Filipinas,2528,Indonesia,2264
2021-02-01,NotIceCream,288,3388,aceite de coco,0,0.119,29,0,1,0,2,2021,Filipinas,2528,Indonesia,2264
2021-02-02,NotIceCream,291,3388,aceite de coco,0,0.152,34,0,1,1,2,2021,Filipinas,2528,Indonesia,2264
2021-02-03,NotIceCream,305,3388,aceite de coco,0,0.155,32,0,1,2,2,2021,Filipinas,2528,Indonesia,2264
2021-02-04,NotIceCream,469,3388,aceite de coco,0,0.119,30,0,1,3,2,2021,Filipinas,2528,Indonesia,2264
2021-02-05,NotIceCream,542,3388,aceite de coco,0,0.231,35,6531,0,4,2,2021,Filipinas,2528,Indonesia,2264
2021-02-06,NotIceCream,517,3388,aceite de coco,0,0.187,34,12989,0,5,2,2021,Filipinas,2528,Indonesia,2264
2021-02-07,NotIceCream,491,3388,aceite de coco,1,0.195,32,12472,0,6,2,2021,Filipinas,2528,Indonesia,2264
2021-02-08,NotIceCream,315,3388,aceite de coco,0,0.145,30,18981,0,0,2,2021,Filipinas,2528,Indonesia,2264
2021-02-09,NotIceCream,254,3388,aceite de coco,0,0.176,31,18666,0,1,2,2021,Filipinas,2528,Indonesia,2264
2021-02-10,NotIceCream,307,3388,aceite de coco,0,0.106,30,25412,0,2,2,2021,Filipinas,2528,Indonesia,2264
2021-02-11,NotIceCream,500,3388,aceite de coco,0,0.185,34,32105,0,3,2,2021,Filipinas,2528,Indonesia,2264
2021-02-12,NotIceCream,562,3388,aceite de coco,0,0.142,29,31605,0,4,2,2021,Filipinas,2528,Indonesia,2264
2021-02-13,NotIceCream,557,3388,aceite de coco,0,0.102,31,45043,0,5,2,2021,Filipinas,2528,Indonesia,2264
2021-02-14,NotIceCream,415,3388,aceite de coco,0,0.153,32,51486,0,6,2,2021,Filipinas,2528,Indonesia,2264
2021-02-15,NotIceCream,306,3388,aceite de coco,0,0.142,34,58071,0,0,2,2021,Filipinas,2528,Indonesia,2264
2021-02-16,NotIceCream,261,3388,aceite de coco,0,0.274,34,71765,0,1,2,2021,Filipinas,2528,Indonesia,2264
2021-02-17,NotIceCream,337,3388,aceite de coco,0,0.181,34,71504,0,2,2,2021,Filipinas,2528,Indonesia,2264
2021-02-18,NotIceCream,475,3388,aceite de coco,0,0.241,32,85167,0,3,2,2021,Filipinas,2528,Indonesia,2264
2021-02-19,NotIceCream,542,3388,aceite de coco,0,0.221,31,84692,0,4,2,2021,Filipinas,2528,Indonesia,2264
2021-02-20,NotIceCream,500,3388,aceite de coco,0,0.168,32,98150,0,5,2,2021,Filipinas,2528,Indonesia,2264
2021-02-21,NotIceCream,457,3388,aceite de coco,0,0.147,34,104650,0,6,2,2021,Filipinas,2528,Indonesia,2264
2021-02-22,NotIceCream,313,3388,aceite de coco,0,0.085,33,118193,0,0,2,2021,Filipinas,2528,Indonesia,2264
2021-02-23,NotIceCream,237,3388,aceite de coco,0,0.131,31,117880,0,1,2,2021,Filipinas,2528,Indonesia,2264
2021-02-24,NotIceCream,274,3388,aceite de coco,0,0.211,31,124643,0,2,2,2021,Filipinas,2528,Indonesia,2264
2021-02-25,NotIceCream,465,3388,aceite de coco,0,0.166,30,124369,0,3,2,2021,Filipinas,2528,Indonesia,2264
2021-02-26,NotIceCream,509,3388,aceite de coco,0,0.204,33,137904,0,4,2,2021,Filipinas,2528,Indonesia,2264
2021-02-27,NotIceCream,554,3388,aceite de coco,0,0.087,31,137395,0,5,2,2021,Filipinas,2528,Indonesia,2264
2021-02-28,NotIceCream,406,3388,aceite de coco,0,0.215,36,157841,0,6,2,2021,Filipinas,2528,Indonesia,2264
2021-03-01,NotIceCream,316,3388,aceite de coco,0,0.251,34,164435,0,0,3,2021,Filipinas,2528,Indonesia,2264
2021-03-02,NotIceCream,260,3388,aceite de coco,0,0.112,33,178119,0,1,3,2021,Filipinas,2528,Indonesia,2264
2021-03-03,NotIceCream,377,3388,aceite de coco,0,0.224,32,184859,0,2,3,2021,Filipinas,2528,Indonesia,2264
2021-03-04,NotIceCream,489,3388,aceite de coco,0,0.277,34,184482,0,3,3,2021,Filipinas,2528,Indonesia,2264
2021-03-05,NotIceCream,604,3388,aceite de coco,0,0.298,34,183993,0,4,3,2021,Filipinas,2528,Indonesia,2264
2021-03-06,NotIceCream,536,3388,aceite de coco,0,0.194,32,190389,0,5,3,2021,Filipinas,2528,Indonesia,2264
2021-03-07,NotIceCream,460,3388,aceite de coco,0,0.263,34,196853,0,6,3,2021,Filipinas,2528,Indonesia,2264
2021-03-08,NotIceCream,315,3388,aceite de coco,0,0.3,34,203393,0,0,3,2021,Filipinas,2528,Indonesia,2264
2021-03-09,NotIceCream,298,3388,aceite de coco,0,0.254,35,203078,0,1,3,2021,Filipinas,2528,Indonesia,2264
2021-03-10,NotIceCream,328,3388,aceite de coco,0,0.303,37,202780,0,2,3,2021,Filipinas,2528,Indonesia,2264
2021-03-11,NotIceCream,402,3388,aceite de coco,0,0.242,29,202452,0,3,3,2021,Filipinas,2528,Indonesia,2264
2021-03-12,NotIceCream,456,3388,aceite de coco,0,0.269,36,202050,0,4,3,2021,Filipinas,2528,Indonesia,2264
2021-03-13,NotIceCream,833,3388,aceite de coco,1,0.224,30,201594,0,5,3,2021,Filipinas,2528,Indonesia,2264
2021-03-14,NotIceCream,445,3388,aceite de coco,0,0.252,34,200761,0,6,3,2021,Filipinas,2528,Indonesia,2264
2021-03-15,NotIceCream,324,3388,aceite de coco,0,0.288,39,200316,0,0,3,2021,Filipinas,2528,Indonesia,2264
2021-03-16,NotIceCream,362,3388,aceite de coco,1,0.237,33,199992,0,1,3,2021,Filipinas,2528,Indonesia,2264
2021-03-17,NotIceCream,284,3388,aceite de coco,0,0.267,34,199630,0,2,3,2021,Filipinas,2528,Indonesia,2264
2021-03-18,NotIceCream,435,3388,aceite de coco,0,0.322,34,199346,0,3,3,2021,Filipinas,2528,Indonesia,2264
2021-03-19,NotIceCream,527,3388,aceite de coco,0,0.392,37,198911,0,4,3,2021,Filipinas,2528,Indonesia,2264
2021-03-20,NotIceCream,558,3388,aceite de coco,0,0.193,33,198384,0,5,3,2021,Filipinas,2528,Indonesia,2264
2021-03-21,NotIceCream,541,3388,aceite de coco,1,0.4,34,197826,0,6,3,2021,Filipinas,2528,Indonesia,2264
2021-03-22,NotIceCream,277,3388,aceite de coco,0,0.294,34,197285,0,0,3,2021,Filipinas,2528,Indonesia,2264
2021-03-23,NotIceCream,237,3388,aceite de coco,0,0.361,33,197008,0,1,3,2021,Filipinas,2528,Indonesia,2264
2021-03-24,NotIceCream,352,3388,aceite de coco,0,0.377,35,196771,0,2,3,2021,Filipinas,2528,Indonesia,2264
2021-03-25,NotIceCream,416,3388,aceite de coco,0,0.404,35,196419,0,3,3,2021,Filipinas,2528,Indonesia,2264
2021-03-26,NotIceCream,507,3388,aceite de coco,0,0.295,34,196003,0,4,3,2021,Filipinas,2528,Indonesia,2264
2021-03-27,NotIceCream,546,3388,aceite de coco,0,0.326,33,195496,0,5,3,2021,Filipinas,2528,Indonesia,2264
2021-03-28,NotIceCream,395,3388,aceite de coco,0,0.341,34,194950,0,6,3,2021,Filipinas,2528,Indonesia,2264
2021-03-29,NotIceCream,261,3388,aceite de coco,0,0.331,35,194555,0,0,3,2021,Filipinas,2528,Indonesia,2264
2021-03-30,NotIceCream,225,3388,aceite de coco,0,0.421,36,194294,0,1,3,2021,Filipinas,2528,Indonesia,2264
2021-03-31,NotIceCream,316,3388,aceite de coco,0,0.357,36,194069,0,2,3,2021,Filipinas,2528,Indonesia,2264
2021-04-01,NotIceCream,452,3388,aceite de coco,0,0.286,34,193753,0,3,4,2021,Filipinas,2528,Indonesia,2264
2021-04-02,NotIceCream,512,3388,aceite de coco,0,0.341,33,193301,0,4,4,2021,Filipinas,2528,Indonesia,2264
2021-04-03,NotIceCream,527,3388,aceite de coco,0,0.3,34,192789,0,5,4,2021,Filipinas,2528,Indonesia,2264
2021-04-04,NotIceCream,357,3388,aceite de coco,0,0.373,35,192262,0,6,4,2021,Filipinas,2528,Indonesia,2264
2021-04-05,NotIceCream,259,3388,aceite de coco,0,0.424,38,191905,0,0,4,2021,Filipinas,2528,Indonesia,2264
2021-04-06,NotIceCream,298,3388,aceite de coco,0,0.363,37,191646,0,1,4,2021,Filipinas,2528,Indonesia,2264
2021-04-07,NotIceCream,341,3388,aceite de coco,0,0.381,33,191348,0,2,4,2021,Filipinas,2528,Indonesia,2264
2021-04-08,NotIceCream,451,3388,aceite de coco,0,0.393,37,191007,0,3,4,2021,Filipinas,2528,Indonesia,2264
2021-04-09,NotIceCream,482,3388,aceite de coco,0,0.419,37,190556,0,4,4,2021,Filipinas,2528,Indonesia,2264
2021-04-10,NotIceCream,488,3388,aceite de coco,0,0.443,34,190074,0,5,4,2021,Filipinas,2528,Indonesia,2264
2021-04-11,NotIceCream,400,3388,aceite de coco,0,0.462,38,189586,0,6,4,2021,Filipinas,2528,Indonesia,2264
2021-04-12,NotIceCream,319,3388,aceite de coco,0,0.54,39,189186,0,0,4,2021,Filipinas,2528,Indonesia,2264
2021-04-13,NotIceCream,254,3388,aceite de coco,0,0.438,34,188867,0,1,4,2021,Filipinas,2528,Indonesia,2264
2021-04-14,NotIceCream,431,3388,aceite de coco,1,0.473,36,188613,0,2,4,2021,Filipinas,2528,Indonesia,2264
2021-04-15,NotIceCream,408,3388,aceite de coco,0,0.362,35,188182,0,3,4,2021,Filipinas,2528,Indonesia,2264
2021-04-16,NotIceCream,527,3388,aceite de coco,0,0.426,37,187774,0,4,4,2021,Filipinas,2528,Indonesia,2264
2021-04-17,NotIceCream,496,3388,aceite de coco,0,0.436,34,187247,0,5,4,2021,Filipinas,2528,Indonesia,2264
2021-04-18,NotIceCream,390,3388,aceite de coco,0,0.403,38,186751,0,6,4,2021,Filipinas,2528,Indonesia,2264
2021-04-19,NotIceCream,264,3388,aceite de coco,0,0.431,32,186361,0,0,4,2021,Filipinas,2528,Indonesia,2264
2021-04-20,NotIceCream,237,3388,aceite de coco,0,0.456,39,186097,0,1,4,2021,Filipinas,2528,Indonesia,2264
2021-04-21,NotIceCream,268,3388,aceite de coco,0,0.44,37,185860,0,2,4,2021,Filipinas,2528,Indonesia,2264
2021-04-22,NotIceCream,400,3388,aceite de coco,0,0.599,37,185592,0,3,4,2021,Filipinas,2528,Indonesia,2264
2021-04-23,NotIceCream,483,3388,aceite de coco,0,0.498,39,185192,0,4,4,2021,Filipinas,2528,Indonesia,2264
2021-04-24,NotIceCream,464,3388,aceite de coco,1,0.575,36,184709,0,5,4,2021,Filipinas,2528,Indonesia,2264
2021-04-25,NotIceCream,479,3388,aceite de coco,1,0.553,38,184245,0,6,4,2021,Filipinas,2528,Indonesia,2264
2021-04-26,NotIceCream,246,3388,aceite de coco,0,0.449,37,183766,0,0,4,2021,Filipinas,2528,Indonesia,2264
2021-04-27,NotIceCream,240,3388,aceite de coco,0,0.486,37,183520,0,1,4,2021,Filipinas,2528,Indonesia,2264
2021-04-28,NotIceCream,298,3388,aceite de coco,0,0.464,35,183280,0,2,4,2021,Filipinas,2528,Indonesia,2264
2021-04-29,NotIceCream,374,3388,aceite de coco,0,0.48,36,182982,0,3,4,2021,Filipinas,2528,Indonesia,2264
2021-04-30,NotIceCream,483,3388,aceite de coco,0,0.442,36,182608,0,4,4,2021,Filipinas,2528,Indonesia,2264
2021-05-01,NotIceCream,474,3388,aceite de coco,0,0.47,35,182125,0,5,5,2021,Filipinas,2528,Indonesia,2264
2021-05-02,NotIceCream,356,3388,aceite de coco,0,0.512,38,181651,0,6,5,2021,Filipinas,2528,Indonesia,2264
2021-05-03,NotIceCream,293,3388,aceite de coco,0,0.512,36,181295,0,0,5,2021,Filipinas,2528,Indonesia,2264
2021-05-04,NotIceCream,280,3388,aceite de coco,1,0.509,39,181002,0,1,5,2021,Filipinas,2528,Indonesia,2264
2021-05-05,NotIceCream,305,3388,aceite de coco,0,0.495,40,180722,0,2,5,2021,Filipinas,2528,Indonesia,2264
2021-05-06,NotIceCream,366,3388,aceite de coco,0,0.542,37,180417,0,3,5,2021,Filipinas,2528,Indonesia,2264
2021-05-07,NotIceCream,504,3388,aceite de coco,1,0.486,39,180051,0,4,5,2021,Filipinas,2528,Indonesia,2264
2021-05-08,NotIceCream,422,3388,aceite de coco,0,0.569,38,179547,0,5,5,2021,Filipinas,2528,Indonesia,2264
2021-05-09,NotIceCream,318,3388,aceite de coco,0,0.408,34,179125,0,6,5,2021,Filipinas,2528,Indonesia,2264
2021-05-10,NotIceCream,267,3388,aceite de coco,0,0.533,37,178807,0,0,5,2021,Filipinas,2528,Indonesia,2264
2021-05-11,NotIceCream,186,3388,aceite de coco,0,0.524,38,178540,0,1,5,2021,Filipinas,2528,Indonesia,2264
2021-05-12,NotIceCream,291,3388,aceite de coco,0,0.466,33,178354,0,2,5,2021,Filipinas,2528,Indonesia,2264
2021-05-13,NotIceCream,330,3388,aceite de coco,0,0.481,38,178063,0,3,5,2021,Filipinas,2528,Indonesia,2264
2021-05-14,NotIceCream,455,3388,aceite de coco,0,0.521,37,177733,0,4,5,2021,Filipinas,2528,Indonesia,2264
2021-05-15,NotIceCream,416,3388,aceite de coco,0,0.543,40,177278,0,5,5,2021,Filipinas,2528,Indonesia,2264
2021-05-16,NotIceCream,340,3388,aceite de coco,0,0.408,37,176862,0,6,5,2021,Filipinas,2528,Indonesia,2264
2021-05-17,NotIceCream,228,3388,aceite de coco,0,0.526,38,176522,0,0,5,2021,Filipinas,2528,Indonesia,2264
2021-05-18,NotIceCream,209,3388,aceite de coco,0,0.47,36,176294,0,1,5,2021,Filipinas,2528,Indonesia,2264
2021-05-19,NotIceCream,252,3388,aceite de coco,0,0.547,41,176085,0,2,5,2021,Filipinas,2528,Indonesia,2264
2021-05-20,NotIceCream,418,3388,aceite de coco,1,0.397,40,175833,0,3,5,2021,Filipinas,2528,Indonesia,2264
2021-05-21,NotIceCream,375,3388,aceite de coco,0,0.609,38,175415,0,4,5,2021,Filipinas,2528,Indonesia,2264
2021-05-22,NotIceCream,379,3388,aceite de coco,0,0.44,38,175040,0,5,5,2021,Filipinas,2528,Indonesia,2264
2021-05-23,NotIceCream,298,3388,aceite de coco,0,0.553,36,174661,0,6,5,2021,Filipinas,2528,Indonesia,2264
2021-05-24,NotIceCream,251,3388,aceite de coco,0,0.476,35,174363,0,0,5,2021,Filipinas,2528,Indonesia,2264
2021-05-25,NotIceCream,194,3388,aceite de coco,0,0.435,35,174112,0,1,5,2021,Filipinas,2528,Indonesia,2264
2021-05-26,NotIceCream,223,3388,aceite de coco,0,0.486,38,173918,0,2,5,2021,Filipinas,2528,Indonesia,2264
2021-05-27,NotIceCream,311,3388,aceite de coco,0,0.521,35,173695,0,3,5,2021,Filipinas,2528,Indonesia,2264
2021-05-28,NotIceCream,466,3388,aceite de coco,1,0.388,39,173384,0,4,5,2021,Filipinas,2528,Indonesia,2264
2021-05-29,NotIceCream,368,3388,aceite de coco,0,0.498,39,172918,0,5,5,2021,Filipinas,2528,Indonesia,2264
2021-05-30,NotIceCream,276,3388,aceite de coco,0,0.458,38,172550,0,6,5,2021,Filipinas,2528,Indonesia,2264
2021-05-31,NotIceCream,203,3388,aceite de coco,0,0.484,36,172274,0,0,5,2021,Filipinas,2528,Indonesia,2264
2021-06-01,NotIceCream,195,3388,aceite de coco,0,0.451,38,172071,0,1,6,2021,Filipinas,2528,Indonesia,2264
2021-06-02,NotIceCream,229,3388,aceite de coco,0,0.418,30,171876,0,2,6,2021,Filipinas,2528,Indonesia,2264
2021-06-03,NotIceCream,303,3388,aceite de coco,0,0.386,36,171647,0,3,6,2021,Filipinas,2528,Indonesia,2264
2021-06-04,NotIceCream,500,3388,aceite de coco,1,0.471,37,171344,0,4,6,2021,Filipinas,2528,Indonesia,2264
2021-06-05,NotIceCream,355,3388,aceite de coco,0,0.466,33,170844,0,5,6,2021,Filipinas,2528,Indonesia,2264
2021-06-06,NotIceCream,281,3388,aceite de coco,0,0.461,37,170489,0,6,6,2021,Filipinas,2528,Indonesia,2264
2021-06-07,NotIceCream,214,3388,aceite de coco,0,0.444,37,170208,0,0,6,2021,Filipinas,2528,Indonesia,2264
2021-06-08,NotIceCream,180,3388,aceite de coco,0,0.465,33,169994,0,1,6,2021,Filipinas,2528,Indonesia,2264
2021-06-09,NotIceCream,186,3388,aceite de coco,0,0.483,34,169814,0,2,6,2021,Filipinas,2528,Indonesia,2264
2021-06-10,NotIceCream,287,3388,aceite de coco,0,0.314,39,169628,0,3,6,2021,Filipinas,2528,Indonesia,2264
2021-06-11,NotIceCream,386,3388,aceite de coco,1,0.285,34,169341,0,4,6,2021,Filipinas,2528,Indonesia,2264
2021-06-12,NotIceCream,354,3388,aceite de coco,0,0.483,39,168955,0,5,6,2021,Filipinas,2528,Indonesia,2264
2021-06-13,NotIceCream,286,3388,aceite de coco,0,0.324,37,168601,0,6,6,2021,Filipinas,2528,Indonesia,2264
2021-06-14,NotIceCream,184,3388,aceite de coco,0,0.331,35,168315,0,0,6,2021,Filipinas,2528,Indonesia,2264
2021-06-15,NotIceCream,163,3388,aceite de coco,0,0.365,37,168131,0,1,6,2021,Filipinas,2528,Indonesia,2264
2021-06-16,NotIceCream,167,3388,aceite de coco,0,0.291,30,167968,0,2,6,2021,Filipinas,2528,Indonesia,2264
2021-06-17,NotIceCream,295,3388,aceite de coco,0,0.349,34,167801,0,3,6,2021,Filipinas,2528,Indonesia,2264
2021-06-18,NotIceCream,345,3388,aceite de coco,0,0.315,28,167506,0,4,6,2021,Filipinas,2528,Indonesia,2264
2021-06-19,NotIceCream,347,3388,aceite de coco,0,0.345,31,167161,0,5,6,2021,Filipinas,2528,Indonesia,2264
2021-06-20,NotIceCream,285,3388,aceite de coco,0,0.365,34,166814,0,6,6,2021,Filipinas,2528,Indonesia,2264
2021-06-21,NotIceCream,165,3388,aceite de coco,0,0.327,33,166529,0,0,6,2021,Filipinas,2528,Indonesia,2264
2021-06-22,NotIceCream,166,3388,aceite de coco,0,0.319,35,166364,0,1,6,2021,Filipinas,2528,Indonesia,2264
2021-06-23,NotIceCream,212,3388,aceite de coco,0,0.346,35,166198,0,2,6,2021,Filipinas,2528,Indonesia,2264
2021-06-24,NotIceCream,228,3388,aceite de coco,0,0.379,36,165986,0,3,6,2021,Filipinas,2528,Indonesia,2264
2021-06-25,NotIceCream,304,3388,aceite de coco,0,0.401,36,165758,0,4,6,2021,Filipinas,2528,Indonesia,2264
2021-06-26,NotIceCream,291,3388,aceite de coco,0,0.304,35,165454,0,5,6,2021,Filipinas,2528,Indonesia,2264
2021-06-27,NotIceCream,256,3388,aceite de coco,0,0.4,34,165163,0,6,6,2021,Filipinas,2528,Indonesia,2264
2021-06-28,NotIceCream,139,3388,aceite de coco,0,0.346,33,164907,0,0,6,2021,Filipinas,2528,Indonesia,2264
2021-06-29,NotIceCream,167,3388,aceite de coco,0,0.235,33,164768,0,1,6,2021,Filipinas,2528,Indonesia,2264
2021-06-30,NotIceCream,177,3388,aceite de coco,0,0.228,33,164601,0,2,6,2021,Filipinas,2528,Indonesia,2264
2021-07-01,NotIceCream,262,3388,aceite de coco,0,0.256,31,164424,0,3,7,2021,Filipinas,2528,Indonesia,2264
2021-07-02,NotIceCream,289,3388,aceite de coco,0,0.351,37,164162,0,4,7,2021,Filipinas,2528,Indonesia,2264
2021-07-03,NotIceCream,294,3388,aceite de coco,0,0.248,35,163873,0,5,7,2021,Filipinas,2528,Indonesia,2264
2021-07-04,NotIceCream,184,3388,aceite de coco,0,0.173,31,163579,0,6,7,2021,Filipinas,2528,Indonesia,2264
2021-07-05,NotIceCream,157,3388,aceite de coco,0,0.25,33,163395,0,0,7,2021,Filipinas,2528,Indonesia,2264
2021-07-06,NotIceCream,147,3388,aceite de coco,0,0.157,36,163238,0,1,7,2021,Filipinas,2528,Indonesia,2264
2021-07-07,NotIceCream,173,3388,aceite de coco,0,0.198,33,163091,0,2,7,2021,Filipinas,2528,Indonesia,2264
2021-07-08,NotIceCream,200,3388,aceite de coco,0,0.216,34,162918,0,3,7,2021,Filipinas,2528,Indonesia,2264
2021-07-09,NotIceCream,275,3388,aceite de coco,0,0.248,32,162718,0,4,7,2021,Filipinas,2528,Indonesia,2264
2021-07-10,NotIceCream,249,3388,aceite de coco,0,0.286,33,162443,0,5,7,2021,Filipinas,2528,Indonesia,2264
2021-07-11,NotIceCream,198,3388,aceite de coco,0,0.264,37,162194,0,6,7,2021,Filipinas,2528,Indonesia,2264
2021-07-12,NotIceCream,135,3388,aceite de coco,0,0.166,33,161996,0,0,7,2021,Filipinas,2528,Indonesia,2264
2021-07-13,NotIceCream,137,3388,aceite de coco,0,0.201,33,161861,0,1,7,2021,Filipinas,2528,Indonesia,2264
2021-07-14,NotIceCream,174,3388,aceite de coco,0,0.219,33,161724,0,2,7,2021,Filipinas,2528,Indonesia,2264
2021-07-15,NotIceCream,254,3388,aceite de coco,0,0.197,38,161550,0,3,7,2021,Filipinas,2528,Indonesia,2264
2021-07-16,NotIceCream,229,3388,aceite de coco,0,0.193,33,161296,0,4,7,2021,Filipinas,2528,Indonesia,2264
2021-07-17,NotIceCream,268,3388,aceite de coco,0,0.116,30,161067,0,5,7,2021,Filipinas,2528,Indonesia,2264
2021-07-18,NotIceCream,216,3388,aceite de coco,0,0.14,31,160799,0,6,7,2021,Filipinas,2528,Indonesia,2264
2021-07-19,NotIceCream,139,3388,aceite de coco,0,0.173,34,160583,0,0,7,2021,Filipinas,2528,Indonesia,2264
2021-07-20,NotIceCream,115,3388,aceite de coco,0,0.035,28,160444,0,1,7,2021,Filipinas,2528,Indonesia,2264
2021-07-21,NotIceCream,138,3388,aceite de coco,0,0.218,34,160329,0,2,7,2021,Filipinas,2528,Indonesia,2264
2021-07-22,NotIceCream,254,3388,aceite de coco,1,0.114,30,160191,0,3,7,2021,Filipinas,2528,Indonesia,2264
2021-07-23,NotIceCream,250,3388,aceite de coco,0,0.213,29,159937,0,4,7,2021,Filipinas,2528,Indonesia,2264
2021-07-24,NotIceCream,267,3388,aceite de coco,0,0.206,31,159687,0,5,7,2021,Filipinas,2528,Indonesia,2264
2021-07-25,NotIceCream,210,3388,aceite de coco,0,0.145,32,159420,0,6,7,2021,Filipinas,2528,Indonesia,2264
2021-07-26,NotIceCream,162,3388,aceite de coco,1,0.22,36,159210,0,0,7,2021,Filipinas,2528,Indonesia,2264
2021-07-27,NotIceCream,110,3388,aceite de coco,0,0.204,35,159048,0,1,7,2021,Filipinas,2528,Indonesia,2264
2021-07-28,NotIceCream,160,3388,aceite de coco,0,0.149,31,158938,0,2,7,2021,Filipinas,2528,Indonesia,2264
2021-07-29,NotIceCream,186,3388,aceite de coco,0,0.141,34,158778,0,3,7,2021,Filipinas,2528,Indonesia,2264
2021-07-30,NotIceCream,235,3388,aceite de coco,0,0.215,32,158592,0,4,7,2021,Filipinas,2528,Indonesia,2264
2021-07-31,NotIceCream,199,3388,aceite de coco,0,0.17,29,158357,0,5,7,2021,Filipinas,2528,Indonesia,2264
2021-08-01,NotIceCream,202,3388,aceite de coco,0,0.209,33,158158,0,6,8,2021,Filipinas,2528,Indonesia,2264
2021-08-02,NotIceCream,113,3388,aceite de coco,0,0.035,27,157956,0,0,8,2021,Filipinas,2528,Indonesia,2264
2021-08-03,NotIceCream,98,3388,aceite de coco,0,0.159,34,157843,0,1,8,2021,Filipinas,2528,Indonesia,2264
2021-08-04,NotIceCream,151,3388,aceite de coco,0,0.074,33,157745,0,2,8,2021,Filipinas,2528,Indonesia,2264
2021-08-05,NotIceCream,219,3388,aceite de coco,0,0.15,30,157594,0,3,8,2021,Filipinas,2528,Indonesia,2264
2021-08-06,NotIceCream,222,3388,aceite de coco,0,0.187,33,157375,0,4,8,2021,Filipinas,2528,Indonesia,2264
2021-08-07,NotIceCream,221,3388,aceite de coco,0,0.237,34,157153,0,5,8,2021,Filipinas,2528,Indonesia,2264
2021-08-08,NotIceCream,191,3388,aceite de coco,0,0.103,33,156932,0,6,8,2021,Filipinas,2528,Indonesia,2264
2021-08-09,NotIceCream,132,3388,aceite de coco,0,0.124,29,156741,0,0,8,2021,Filipinas,2528,Indonesia,2264
2021-08-10,NotIceCream,106,3388,aceite de coco,0,0.145,33,156609,0,1,8,2021,Filipinas,2528,Indonesia,2264
2021-08-11,NotIceCream,129,3388,aceite de coco,0,0.102,29,156503,0,2,8,2021,Filipinas,2528,Indonesia,2264
2021-08-12,NotIceCream,161,3388,aceite de coco,0,0.2,34,156374,0,3,8,2021,Filipinas,2528,Indonesia,2264
2021-08-13,NotIceCream,225,3388,aceite de coco,0,0.148,34,156213,0,4,8,2021,Filipinas,2528,Indonesia,2264
2021-08-14,NotIceCream,214,3388,aceite de coco,0,0.159,31,155988,0,5,8,2021,Filipinas,2528,Indonesia,2264
2021-08-15,NotIceCream,168,3388,aceite de coco,0,0.185,35,155774,0,6,8,2021,Filipinas,2528,Indonesia,2264
2021-08-16,NotIceCream,115,3388,aceite de coco,0,0.152,29,155606,0,0,8,2021,Filipinas,2528,Indonesia,2264
2021-08-17,NotIceCream,125,3388,aceite de coco,1,0.116,34,155491,0,1,8,2021,Filipinas,2528,Indonesia,2264
2021-08-18,NotIceCream,138,3388,aceite de coco,0,0.155,35,155366,0,2,8,2021,Filipinas,2528,Indonesia,2264
2021-08-19,NotIceCream,194,3388,aceite de coco,0,0.118,32,155228,0,3,8,2021,Filipinas,2528,Indonesia,2264
2021-08-20,NotIceCream,211,3388,aceite de coco,0,0.168,32,155034,0,4,8,2021,Filipinas,2528,Indonesia,2264
2021-08-21,NotIceCream,205,3388,aceite de coco,0,0.215,34,154823,0,5,8,2021,Filipinas,2528,Indonesia,2264
2021-08-22,NotIceCream,160,3388,aceite de coco,0,0.109,30,154618,0,6,8,2021,Filipinas,2528,Indonesia,2264
2021-08-23,NotIceCream,133,3388,aceite de coco,0,0.094,37,154458,0,0,8,2021,Filipinas,2528,Indonesia,2264
2021-08-24,NotIceCream,106,3388,aceite de coco,0,0.175,31,154325,0,1,8,2021,Filipinas,2528,Indonesia,2264
2021-08-25,NotIceCream,135,3388,aceite de coco,0,0.138,35,154219,0,2,8,2021,Filipinas,2528,Indonesia,2264
2021-08-26,NotIceCream,185,3388,aceite de coco,0,0.181,31,154084,0,3,8,2021,Filipinas,2528,Indonesia,2264
2021-08-27,NotIceCream,288,3388,aceite de coco,1,0.199,36,153899,0,4,8,2021,Filipinas,2528,Indonesia,2264
2021-08-28,NotIceCream,192,3388,aceite de coco,0,0.079,35,153611,0,5,8,2021,Filipinas,2528,Indonesia,2264
2021-08-29,NotIceCream,157,3388,aceite de coco,0,0.225,34,153419,0,6,8,2021,Filipinas,2528,Indonesia,2264
2021-08-30,NotIceCream,135,3388,aceite de coco,0,0.136,32,153262,0,0,8,2021,Filipinas,2528,Indonesia,2264
2021-08-31,NotIceCream,100,3388,aceite de coco,0,0.197,31,153127,0,1,8,2021,Filipinas,2528,Indonesia,2264
2021-09-01,NotIceCream,127,3388,aceite de coco,0,0.169,30,153027,0,2,9,2021,Filipinas,2528,Indonesia,2264
2021-09-02,NotIceCream,164,3388,aceite de coco,0,0.179,33,152900,0,3,9,2021,Filipinas,2528,Indonesia,2264
2021-09-03,NotIceCream,196,3388,aceite de coco,0,0.296,37,152736,0,4,9,2021,Filipinas,2528,Indonesia,2264
2021-09-04,NotIceCream,200,3388,aceite de coco,0,0.232,32,152540,0,5,9,2021,Filipinas,2528,Indonesia,2264
2021-09-05,NotIceCream,196,3388,aceite de coco,0,0.266,38,152340,0,6,9,2021,Filipinas,2528,Indonesia,2264
2021-09-06,NotIceCream,132,3388,aceite de coco,0,0.233,32,152144,0,0,9,2021,Filipinas,2528,Indonesia,2264
2021-09-07,NotIceCream,128,3388,aceite de coco,1,0.262,34,152012,0,1,9,2021,Filipinas,2528,Indonesia,2264
2021-09-08,NotIceCream,144,3388,aceite de coco,0,0.257,34,151884,0,2,9,2021,Filipinas,2528,Indonesia,2264
2021-09-09,NotIceCream,242,3388,aceite de coco,1,0.254,33,151740,0,3,9,2021,Filipinas,2528,Indonesia,2264
2021-09-10,NotIceCream,244,3388,aceite de coco,0,0.302,30,151498,0,4,9,2021,Filipinas,2528,Indonesia,2264
2021-09-11,NotIceCream,256,3388,aceite de coco,0,0.259,32,151254,0,5,9,2021,Filipinas,2528,Indonesia,2264
2021-09-12,NotIceCream,190,3388,aceite de coco,0,0.371,36,150998,0,6,9,2021,Filipinas,2528,Indonesia,2264
2021-09-13,NotIceCream,129,3388,aceite de coco,0,0.311,34,150808,0,0,9,2021,Filipinas,2528,Indonesia,2264
2021-09-14,NotIceCream,116,3388,aceite de coco,0,0.211,34,150679,0,1,9,2021,Filipinas,2528,Indonesia,2264
2021-09-15,NotIceCream,136,3388,aceite de coco,0,0.265,35,150563,0,2,9,2021,Filipinas,2528,Indonesia,2264
2021-09-16,NotIceCream,160,3388,aceite de coco,0,0.3,34,150427,0,3,9,2021,Filipinas,2528,Indonesia,2264
2021-09-17,NotIceCream,215,3388,aceite de coco,0,0.288,32,150267,0,4,9,2021,Filipinas,2528,Indonesia,2264
2021-09-18,NotIceCream,207,3388,aceite de coco,0,0.326,38,150052,0,5,9,2021,Filipinas,2528,Indonesia,2264
2021-09-19,NotIceCream,172,3388,aceite de coco,0,0.337,32,149845,0,6,9,2021,Filipinas,2528,Indonesia,2264
2021-09-20,NotIceCream,151,3388,aceite de coco,0,0.236,32,149673,0,0,9,2021,Filipinas,2528,Indonesia,2264
2021-09-21,NotIceCream,124,3388,aceite de coco,0,0.374,34,149522,0,1,9,2021,Filipinas,2528,Indonesia,2264
2021-09-22,NotIceCream,146,3388,aceite de coco,0,0.291,36,149398,0,2,9,2021,Filipinas,2528,Indonesia,2264
2021-09-23,NotIceCream,208,3388,aceite de coco,0,0.292,37,149252,0,3,9,2021,Filipinas,2528,Indonesia,2264
2021-09-24,NotIceCream,200,3388,aceite de coco,0,0.298,34,149044,0,4,9,2021,Filipinas,2528,Indonesia,2264
2021-09-25,NotIceCream,246,3388,aceite de coco,0,0.374,36,148844,0,5,9,2021,Filipinas,2528,Indonesia,2264
2021-09-26,NotIceCream,203,3388,aceite de coco,0,0.326,35,148598,0,6,9,2021,Filipinas,2528,Indonesia,2264
2021-09-27,NotIceCream,113,3388,aceite de coco,0,0.312,38,148395,0,0,9,2021,Filipinas,2528,Indonesia,2264
2021-09-28,NotIceCream,126,3388,aceite de coco,0,0.33,31,148282,0,1,9,2021,Filipinas,2528,Indonesia,2264
2021-09-29,NotIceCream,131,3388,aceite de coco,0,0.268,35,148156,0,2,9,2021,Filipinas,2528,Indonesia,2264
2021-09-30,NotIceCream,172,3388,aceite de coco,0,0.321,35,148025,0,3,9,2021,Filipinas,2528,Indonesia,2264
2021-10-01,NotIceCream,273,3388,aceite de coco,0,0.307,34,147853,0,4,10,2021,Filipinas,2528,Indonesia,2264
2021-10-02,NotIceCream,224,3388,aceite de coco,0,0.362,36,147580,0,5,10,2021,Filipinas,2528,Indonesia,2264
2021-10-03,NotIceCream,187,3388,aceite de coco,0,0.414,37,147356,0,6,10,2021,Filipinas,2528,Indonesia,2264
2021-10-04,NotIceCream,156,3388,aceite de coco,0,0.414,37,147169,0,0,10,2021,Filipinas,2528,Indonesia,2264
2021-10-05,NotIceCream,122,3388,aceite de coco,0,0.455,41,147013,0,1,10,2021,Filipinas,2528,Indonesia,2264
2021-10-06,NotIceCream,153,3388,aceite de coco,0,0.449,37,146891,0,2,10,2021,Filipinas,2528,Indonesia,2264
2021-10-07,NotIceCream,211,3388,aceite de coco,0,0.377,35,146738,0,3,10,2021,Filipinas,2528,Indonesia,2264
2021-10-08,NotIceCream,267,3388,aceite de coco,0,0.409,35,146527,0,4,10,2021,Filipinas,2528,Indonesia,2264
2021-10-09,NotIceCream,253,3388,aceite de coco,0,0.412,37,146260,0,5,10,2021,Filipinas,2528,Indonesia,2264
2021-10-10,NotIceCream,211,3388,aceite de coco,0,0.311,34,146007,0,6,10,2021,Filipinas,2528,Indonesia,2264
2021-10-11,NotIceCream,147,3388,aceite de coco,0,0.363,35,145796,0,0,10,2021,Filipinas,2528,Indonesia,2264
2021-10-12,NotIceCream,135,3388,aceite de coco,0,0.42,36,145649,0,1,10,2021,Filipinas,2528,Indonesia,2264
2021-10-13,NotIceCream,168,3388,aceite de coco,0,0.425,36,145514,0,2,10,2021,Filipinas,2528,Indonesia,2264
2021-10-14,NotIceCream,262,3388,aceite de coco,0,0.464,35,145346,0,3,10,2021,Filipinas,2528,Indonesia,2264
2021-10-15,NotIceCream,267,3388,aceite de coco,0,0.466,37,145084,0,4,10,2021,Filipinas,2528,Indonesia,2264
2021-10-16,NotIceCream,268,3388,aceite de coco,0,0.358,34,144817,0,5,10,2021,Filipinas,2528,Indonesia,2264
2021-10-17,NotIceCream,226,3388,aceite de coco,0,0.477,38,144549,0,6,10,2021,Filipinas,2528,Indonesia,2264
2021-10-18,NotIceCream,174,3388,aceite de coco,0,0.464,37,144323,0,0,10,2021,Filipinas,2528,Indonesia,2264
2021-10-19,NotIceCream,128,3388,aceite de coco,0,0.49,36,144149,0,1,10,2021,Filipinas,2528,Indonesia,2264
2021-10-20,NotIceCream,175,3388,aceite de coco,0,0.516,40,144021,0,2,10,2021,Filipinas,2528,Indonesia,2264
2021-10-21,NotIceCream,258,3388,aceite de coco,1,0.46,36,143846,0,3,10,2021,Filipinas,2528,Indonesia,2264
2021-10-22,NotIceCream,286,3388,aceite de coco,0,0.532,39,143588,0,4,10,2021,Filipinas,2528,Indonesia,2264
2021-10-23,NotIceCream,314,3388,aceite de coco,0,0.429,35,143302,0,5,10,2021,Filipinas,2528,Indonesia,2264
2021-10-24,NotIceCream,222,3388,aceite de coco,0,0.429,32,142988,0,6,10,2021,Filipinas,2528,Indonesia,2264
2021-10-25,NotIceCream,175,3388,aceite de coco,0,0.501,36,142766,0,0,10,2021,Filipinas,2528,Indonesia,2264
2021-10-26,NotIceCream,142,3388,aceite de coco,0,0.464,32,142591,0,1,10,2021,Filipinas,2528,Indonesia,2264
2021-10-27,NotIceCream,172,3388,aceite de coco,0,0.498,36,142449,0,2,10,2021,Filipinas,2528,Indonesia,2264
2021-10-28,NotIceCream,276,3388,aceite de coco,0,0.587,41,142277,0,3,10,2021,Filipinas,2528,Indonesia,2264
2021-10-29,NotIceCream,359,3388,aceite de coco,1,0.509,35,142001,0,4,10,2021,Filipinas,2528,Indonesia,2264
2021-10-30,NotIceCream,315,3388,aceite de coco,0,0.502,33,141642,0,5,10,2021,Filipinas,2528,Indonesia,2264
2021-10-31,NotIceCream,257,3388,aceite de coco,0,0.45,39,141327,0,6,10,2021,Filipinas,2528,Indonesia,2264
2021-11-01,NotIceCream,171,3388,aceite de coco,0,0.41,35,141070,0,0,11,2021,Filipinas,2528,Indonesia,2264
2021-11-02,NotIceCream,160,3388,aceite de coco,0,0.492,37,140899,0,1,11,2021,Filipinas,2528,Indonesia,2264
2021-11-03,NotIceCream,182,3388,aceite de coco,0,0.551,39,140739,0,2,11,2021,Filipinas,2528,Indonesia,2264
2021-11-04,NotIceCream,284,3388,aceite de coco,0,0.482,38,140557,0,3,11,2021,Filipinas,2528,Indonesia,2264
2021-11-05,NotIceCream,296,3388,aceite de coco,0,0.519,39,140273,0,4,11,2021,Filipinas,2528,Indonesia,2264
2021-11-06,NotIceCream,319,3388,aceite de coco,0,0.571,40,139977,0,5,11,2021,Filipinas,2528,Indonesia,2264
2021-11-07,NotIceCream,261,3388,aceite de coco,0,0.57,34,139658,0,6,11,2021,Filipinas,2528,Indonesia,2264
2021-11-08,NotIceCream,212,3388,aceite de coco,0,0.521,34,139397,0,0,11,2021,Filipinas,2528,Indonesia,2264
2021-11-09,NotIceCream,215,3388,aceite de coco,1,0.508,39,139185,0,1,11,2021,Filipinas,2528,Indonesia,2264
2021-11-10,NotIceCream,225,3388,aceite de coco,0,0.424,34,138970,0,2,11,2021,Filipinas,2528,Indonesia,2264
2021-11-11,NotIceCream,303,3388,aceite de coco,0,0.468,35,138745,0,3,11,2021,Filipinas,2528,Indonesia,2264
2021-11-12,NotIceCream,367,3388,aceite de coco,0,0.484,34,138442,0,4,11,2021,Filipinas,2528,Indonesia,2264
2021-11-13,NotIceCream,339,3388,aceite de coco,0,0.455,36,138075,0,5,11,2021,Filipinas,2528,Indonesia,2264
2021-11-14,NotIceCream,307,3388,aceite de coco,0,0.509,36,137736,0,6,11,2021,Filipinas,2528,Indonesia,2264
2021-11-15,NotIceCream,201,3388,aceite de coco,0,0.591,36,137429,0,0,11,2021,Filipinas,2528,Indonesia,2264
2021-11-16,NotIceCream,154,3388,aceite de coco,0,0.57,36,137228,0,1,11,2021,Filipinas,2528,Indonesia,2264
2021-11-17,NotIceCream,219,3388,aceite de coco,0,0.504,38,137074,0,2,11,2021,Filipinas,2528,Indonesia,2264
2021-11-18,NotIceCream,319,3388,aceite de coco,0,0.529,36,136855,0,3,11,2021,Filipinas,2528,Indonesia,2264
2021-11-19,NotIceCream,325,3388,aceite de coco,0,0.452,35,136536,0,4,11,2021,Filipinas,2528,Indonesia,2264
2021-11-20,NotIceCream,344,3388,aceite de coco,0,0.559,33,136211,0,5,11,2021,Filipinas,2528,Indonesia,2264
2021-11-21,NotIceCream,271,3388,aceite de coco,0,0.405,40,135867,0,6,11,2021,Filipinas,2528,Indonesia,2264
2021-11-22,NotIceCream,233,3388,aceite de coco,0,0.526,39,135596,0,0,11,2021,Filipinas,2528,Indonesia,2264
2021-11-23,NotIceCream,215,3388,aceite de coco,0,0.503,36,135363,0,1,11,2021,Filipinas,2528,Indonesia,2264
2021-11-24,NotIceCream,324,3388,aceite de coco,1,0.437,34,135148,0,2,11,2021,Filipinas,2528,Indonesia,2264
2021-11-25,NotIceCream,340,3388,aceite de coco,0,0.461,36,134824,0,3,11,2021,Filipinas,2528,Indonesia,2264
2021-11-26,NotIceCream,411,3388,aceite de coco,0,0.412,36,134484,0,4,11,2021,Filipinas,2528,Indonesia,2264
2021-11-27,NotIceCream,440,3388,aceite de coco,0,0.41,33,134073,0,5,11,2021,Filipinas,2528,Indonesia,2264
2021-11-28,NotIceCream,302,3388,aceite de coco,0,0.382,30,133633,0,6,11,2021,Filipinas,2528,Indonesia,2264
2021-11-29,NotIceCream,228,3388,aceite de coco,0,0.496,36,133331,0,0,11,2021,Filipinas,2528,Indonesia,2264
2021-11-30,NotIceCream,195,3388,aceite de coco,0,0.513,34,133103,0,1,11,2021,Filipinas,2528,Indonesia,2264
2021-12-01,NotIceCream,251,3388,aceite de coco,0,0.341,35,132908,0,2,12,2021,Filipinas,2528,Indonesia,2264
2021-12-02,NotIceCream,414,3388,aceite de coco,0,0.537,38,132657,0,3,12,2021,Filipinas,2528,Indonesia,2264
2021-12-03,NotIceCream,419,3388,aceite de coco,0,0.44,34,132243,0,4,12,2021,Filipinas,2528,Indonesia,2264
2021-12-04,NotIceCream,385,3388,aceite de coco,0,0.45,35,131824,0,5,12,2021,Filipinas,2528,Indonesia,2264
2021-12-05,NotIceCream,305,3388,aceite de coco,0,0.357,39,131439,0,6,12,2021,Filipinas,2528,Indonesia,2264
2021-12-06,NotIceCream,270,3388,aceite de coco,0,0.492,38,131134,0,0,12,2021,Filipinas,2528,Indonesia,2264
2021-12-07,NotIceCream,197,3388,aceite de coco,0,0.431,35,130864,0,1,12,2021,Filipinas,2528,Indonesia,2264
2021-12-08,NotIceCream,277,3388,aceite de coco,0,0.473,41,130667,0,2,12,2021,Filipinas,2528,Indonesia,2264
2021-12-09,NotIceCream,344,3388,aceite de coco,0,0.472,34,130390,0,3,12,2021,Filipinas,2528,Indonesia,2264
2021-12-10,NotIceCream,395,3388,aceite de coco,0,0.472,35,130046,0,4,12,2021,Filipinas,2528,Indonesia,2264
2021-12-11,NotIceCream,456,3388,aceite de coco,0,0.368,35,129651,0,5,12,2021,Filipinas,2528,Indonesia,2264
2021-12-12,NotIceCream,336,3388,aceite de coco,0,0.384,32,129195,0,6,12,2021,Filipinas,2528,Indonesia,2264
2021-12-13,NotIceCream,267,3388,aceite de coco,0,0.358,39,128859,0,0,12,2021,Filipinas,2528,Indonesia,2264
2021-12-14,NotIceCream,231,3388,aceite de coco,0,0.428,36,128592,0,1,12,2021,Filipinas,2528,Indonesia,2264
2021-12-15,NotIceCream,288,3388,aceite de coco,0,0.394,34,128361,0,2,12,2021,Filipinas,2528,Indonesia,2264
2021-12-16,NotIceCream,373,3388,aceite de coco,0,0.425,37,128073,0,3,12,2021,Filipinas,2528,Indonesia,2264
2021-12-17,NotIceCream,487,3388,aceite de coco,0,0.422,36,127700,0,4,12,2021,Filipinas,2528,Indonesia,2264
2021-12-18,NotIceCream,422,3388,aceite de coco,0,0.274,33,127213,0,5,12,2021,Filipinas,2528,Indonesia,2264
2021-12-19,NotIceCream,298,3388,aceite de coco,0,0.422,33,126791,0,6,12,2021,Filipinas,2528,Indonesia,2264
2021-12-20,NotIceCream,285,3388,aceite de coco,0,0.396,33,126493,0,0,12,2021,Filipinas,2528,Indonesia,2264
2021-12-21,NotIceCream,235,3388,aceite de coco,0,0.324,39,126208,0,1,12,2021,Filipinas,2528,Indonesia,2264
2021-12-22,NotIceCream,275,3388,aceite de coco,0,0.354,32,125973,0,2,12,2021,Filipinas,2528,Indonesia,2264
2021-12-23,NotIceCream,352,3388,aceite de coco,0,0.324,38,125698,0,3,12,2021,Filipinas,2528,Indonesia,2264
2021-12-24,NotIceCream,404,3388,aceite de coco,0,0.355,33,125346,0,4,12,2021,Filipinas,2528,Indonesia,2264
2021-12-25,NotIceCream,634,3388,aceite de coco,1,0.3,36,124942,0,5,12,2021,Filipinas,2528,Indonesia,2264
2021-12-26,NotIceCream,438,3388,aceite de coco,0,0.336,36,124308,0,6,12,2021,Filipinas,2528,Indonesia,2264
2021-12-27,NotIceCream,278,3388,aceite de coco,0,0.31,36,123870,0,0,12,2021,Filipinas,2528,Indonesia,2264
2021-12-28,NotIceCream,235,3388,aceite de coco,0,0.279,35,123592,0,1,12,2021,Filipinas,2528,Indonesia,2264
2021-12-29,NotIceCream,300,3388,aceite de coco,0,0.304,31,123357,0,2,12,2021,Filipinas,2528,Indonesia,2264
2021-12-30,NotIceCream,488,3388,aceite de coco,0,0.424,35,123057,0,3,12,2021,Filipinas,2528,Indonesia,2264
2021-12-31,NotIceCream,532,3388,aceite de coco,0,0.248,31,122569,0,4,12,2021,Filipinas,2528,Indonesia,2264
2022-01-01,NotIceCream,458,3700,aceite de coco,0,0.264,34,122037,0,5,1,2022,Filipinas,2528,Indonesia,2264
2022-01-02,NotIceCream,494,3700,aceite de coco,1,0.238,31,121579,0,6,1,2022,Filipinas,2528,Indonesia,2264
2022-01-03,NotIceCream,300,3700,aceite de coco,0,0.237,29,121085,0,0,1,2022,Filipinas,2528,Indonesia,2264
2022-01-04,NotIceCream,230,3700,aceite de coco,0,0.301,34,120785,0,1,1,2022,Filipinas,2528,Indonesia,2264
2022-01-05,NotIceCream,331,3700,aceite de coco,0,0.29,30,120555,0,2,1,2022,Filipinas,2528,Indonesia,2264
2022-01-06,NotIceCream,403,3700,aceite de coco,0,0.248,34,120224,0,3,1,2022,Filipinas,2528,Indonesia,2264
2022-01-07,NotIceCream,457,3700,aceite de coco,0,0.295,32,119821,0,4,1,2022,Filipinas,2528,Indonesia,2264
2022-01-08,NotIceCream,516,3700,aceite de coco,0,0.278,32,119364,0,5,1,2022,Filipinas,2528,Indonesia,2264
2022-01-09,NotIceCream,503,3700,aceite de coco,1,0.225,29,118848,0,6,1,2022,Filipinas,2528,Indonesia,2264
2022-01-10,NotIceCream,303,3700,aceite de coco,0,0.151,35,118345,0,0,1,2022,Filipinas,2528,Indonesia,2264
2022-01-11,NotIceCream,340,3700,aceite de coco,1,0.264,31,118042,0,1,1,2022,Filipinas,2528,Indonesia,2264
2022-01-12,NotIceCream,306,3700,aceite de coco,0,0.227,32,117702,0,2,1,2022,Filipinas,2528,Indonesia,2264
2022-01-13,NotIceCream,485,3700,aceite de coco,0,0.214,29,117396,0,3,1,2022,Filipinas,2528,Indonesia,2264
2022-01-14,NotIceCream,556,3700,aceite de coco,0,0.185,31,116911,0,4,1,2022,Filipinas,2528,Indonesia,2264
2022-01-15,NotIceCream,489,3700,aceite de coco,0,0.242,37,116355,0,5,1,2022,Filipinas,2528,Indonesia,2264
2022-01-16,NotIceCream,362,3700,aceite de coco,0,0.217,34,115866,0,6,1,2022,Filipinas,2528,Indonesia,2264
2022-01-17,NotIceCream,289,3700,aceite de coco,0,0.184,31,115504,0,0,1,2022,Filipinas,2528,Indonesia,2264
2022-01-18,NotIceCream,271,3700,aceite de coco,0,0.131,32,115215,0,1,1,2022,Filipinas,2528,Indonesia,2264
2022-01-19,NotIceCream,315,3700,aceite de coco,0,0.241,32,114944,0,2,1,2022,Filipinas,2528,Indonesia,2264
2022-01-20,NotIceCream,587,3700,aceite de coco,1,0.215,33,114629,0,3,1,2022,Filipinas,2528,Indonesia,2264
2022-01-21,NotIceCream,525,3700,aceite de coco,0,0.194,34,114042,0,4,1,2022,Filipinas,2528,Indonesia,2264
2022-01-22,NotIceCream,540,3700,aceite de coco,0,0.045,30,113517,0,5,1,2022,Filipinas,2528,Indonesia,2264
2022-01-23,NotIceCream,468,3700,aceite de coco,0,0.173,33,112977,0,6,1,2022,Filipinas,2528,Indonesia,2264
2022-01-24,NotIceCream,320,3700,aceite de coco,0,0.159,33,112509,0,0,1,2022,Filipinas,2528,Indonesia,2264
2022-01-25,NotIceCream,276,3700,aceite de coco,0,0.138,31,112189,0,1,1,2022,Filipinas,2528,Indonesia,2264
2022-01-26,NotIceCream,334,3700,aceite de coco,0,0.204,31,111913,0,2,1,2022,Filipinas,2528,Indonesia,2264
2022-01-27,NotIceCream,450,3700,aceite de coco,0,0.199,32,111579,0,3,1,2022,Filipinas,2528,Indonesia,2264
2022-01-28,NotIceCream,604,3700,aceite de coco,0,0.183,34,111129,0,4,1,2022,Filipinas,2528,Indonesia,2264
2022-01-29,NotIceCream,589,3700,aceite de coco,0,0.211,35,110525,0,5,1,2022,Filipinas,2528,Indonesia,2264
2022-01-30,NotIceCream,523,3700,aceite de coco,0,0.106,29,109936,0,6,1,2022,Filipinas,2528,Indonesia,2264
2022-01-31,NotIceCream,342,3700,aceite de coco,0,0.133,31,109413,0,0,1,2022,Filipinas,2528,Indonesia,2264
2022-02-01,NotIceCream,269,3700,aceite de coco,0,0.158,31,109071,0,1,2,2022,Filipinas,2528,Indonesia,2264
2022-02-02,NotIceCream,321,3700,aceite de coco,0,0.122,33,108802,0,2,2,2022,Filipinas,2528,Indonesia,2264
2022-02-03,NotIceCream,514,3700,aceite de coco,0,0.188,32,108481,0,3,2,2022,Filipinas,2528,Indonesia,2264
2022-02-04,NotIceCream,537,3700,aceite de coco,0,0.125,36,107967,0,4,2,2022,Filipinas,2528,Indonesia,2264
2022-02-05,NotIceCream,602,3700,aceite de coco,0,0.216,33,107430,0,5,2,2022,Filipinas,2528,Indonesia,2264
2022-02-06,NotIceCream,430,3700,aceite de coco,0,0.104,34,106828,0,6,2,2022,Filipinas,2528,Indonesia,2264
2022-02-07,NotIceCream,341,3700,aceite de coco,0,0.257,32,106398,0,0,2,2022,Filipinas,2528,Indonesia,2264
2022-02-08,NotIceCream,260,3700,aceite de coco,0,0.251,34,106057,0,1,2,2022,Filipinas,2528,Indonesia,2264
2022-02-09,NotIceCream,374,3700,aceite de coco,0,0.145,33,105797,0,2,2,2022,Filipinas,2528,Indonesia,2264
2022-02-10,NotIceCream,436,3700,aceite de coco,0,0.208,31,105423,0,3,2,2022,Filipinas,2528,Indonesia,2264
2022-02-11,NotIceCream,595,3700,aceite de coco,0,0.131,32,104987,0,4,2,2022,Filipinas,2528,Indonesia,2264
2022-02-12,NotIceCream,779,3700,aceite de coco,1,0.203,35,104392,0,5,2,2022,Filipinas,2528,Indonesia,2264
2022-02-13,NotIceCream,467,3700,aceite de coco,0,0.144,31,103613,0,6,2,2022,Filipinas,2528,Indonesia,2264
2022-02-14,NotIceCream,325,3700,aceite de coco,0,0.09,30,103146,0,0,2,2022,Filipinas,2528,Indonesia,2264
2022-02-15,NotIceCream,278,3700,aceite de coco,0,0.0,34,102821,0,1,2,2022,Filipinas,2528,Indonesia,2264
2022-02-16,NotIceCream,360,3700,aceite de coco,0,0.144,30,102543,0,2,2,2022,Filipinas,2528,Indonesia,2264
2022-02-17,NotIceCream,450,3700,aceite de coco,0,0.173,33,102183,0,3,2,2022,Filipinas,2528,Indonesia,2264
2022-02-18,NotIceCream,541,3700,aceite de coco,0,0.228,32,101733,0,4,2,2022,Filipinas,2528,Indonesia,2264
2022-02-19,NotIceCream,561,3700,aceite de coco,0,0.165,30,101192,0,5,2,2022,Filipinas,2528,Indonesia,2264
2022-02-20,NotIceCream,452,3700,aceite de coco,0,0.216,35,100631,0,6,2,2022,Filipinas,2528,Indonesia,2264
2022-02-21,NotIceCream,311,3700,aceite de coco,0,0.146,32,100179,0,0,2,2022,Filipinas,2528,Indonesia,2264
2022-02-22,NotIceCream,311,3700,aceite de coco,0,0.154,33,99868,0,1,2,2022,Filipinas,2528,Indonesia,2264
2022-02-23,NotIceCream,348,3700,aceite de coco,0,0.227,29,99557,0,2,2,2022,Filipinas,2528,Indonesia,2264
2022-02-24,NotIceCream,483,3700,aceite de coco,0,0.054,32,99209,0,3,2,2022,Filipinas,2528,Indonesia,2264
2022-02-25,NotIceCream,650,3700,aceite de coco,1,0.181,31,98726,0,4,2,2022,Filipinas,2528,Indonesia,2264
2022-02-26,NotIceCream,677,3700,aceite de coco,0,0.164,29,98076,0,5,2,2022,Filipinas,2528,Indonesia,2264
2022-02-27,NotIceCream,559,3700,aceite de coco,0,0.256,37,97399,0,6,2,2022,Filipinas,2528,Indonesia,2264
2022-02-28,NotIceCream,318,3700,aceite de coco,0,0.165,34,96840,0,0,2,2022,Filipinas,2528,Indonesia,2264
2022-03-01,NotIceCream,319,3700,aceite de coco,0,0.221,34,96522,0,1,3,2022,Filipinas,2528,Indonesia,2264
2022-03-02,NotIceCream,356,3700,aceite de coco,0,0.246,36,96203,0,2,3,2022,Filipinas,2528,Indonesia,2264
2022-03-03,NotIceCream,555,3700,aceite de coco,0,0.129,32,95847,0,3,3,2022,Filipinas,2528,Indonesia,2264
2022-03-04,NotIceCream,607,3700,aceite de coco,0,0.201,31,95292,0,4,3,2022,Filipinas,2528,Indonesia,2264
2022-03-05,NotIceCream,585,3700,aceite de coco,0,0.191,32,94685,0,5,3,2022,Filipinas,2528,Indonesia,2264
2022-03-06,NotIceCream,374,3700,aceite de coco,0,0.265,32,94100,0,6,3,2022,Filipinas,2528,Indonesia,2264
2022-03-07,NotIceCream,315,3700,aceite de coco,0,0.256,33,93726,0,0,3,2022,Filipinas,2528,Indonesia,2264
2022-03-08,NotIceCream,290,3700,aceite de coco,0,0.216,31,93411,0,1,3,2022,Filipinas,2528,Indonesia,2264
2022-03-09,NotIceCream,363,3700,aceite de coco,0,0.18,31,93121,0,2,3,2022,Filipinas,2528,Indonesia,2264
2022-03-10,NotIceCream,443,3700,aceite de coco,0,0.289,36,92758,0,3,3,2022,Filipinas,2528,Indonesia,2264
2022-03-11,NotIceCream,554,3700,aceite de coco,0,0.239,34,92315,0,4,3,2022,Filipinas,2528,Indonesia,2264
2022-03-12,NotIceCream,603,3700,aceite de coco,0,0.167,31,91761,0,5,3,2022,Filipinas,2528,Indonesia,2264
2022-03-13,NotIceCream,414,3700,aceite de coco,0,0.177,30,91158,0,6,3,2022,Filipinas,2528,Indonesia,2264
2022-03-14,NotIceCream,340,3700,aceite de coco,0,0.281,33,90744,0,0,3,2022,Filipinas,2528,Indonesia,2264
2022-03-15,NotIceCream,410,3700,aceite de coco,1,0.201,29,90404,0,1,3,2022,Filipinas,2528,Indonesia,2264
2022-03-16,NotIceCream,366,3700,aceite de coco,0,0.363,35,89994,0,2,3,2022,Filipinas,2528,Indonesia,2264
2022-03-17,NotIceCream,500,3700,aceite de coco,0,0.229,35,89628,0,3,3,2022,Filipinas,2528,Indonesia,2264
2022-03-18,NotIceCream,489,3700,aceite de coco,0,0.282,39,89128,0,4,3,2022,Filipinas,2528,Indonesia,2264
2022-03-19,NotIceCream,534,3700,aceite de coco,0,0.296,32,88639,0,5,3,2022,Filipinas,2528,Indonesia,2264
2022-03-20,NotIceCream,537,3700,aceite de coco,0,0.257,35,88105,0,6,3,2022,Filipinas,2528,Indonesia,2264
2022-03-21,NotIceCream,317,3700,aceite de coco,0,0.188,31,87568,0,0,3,2022,Filipinas,2528,Indonesia,2264
2022-03-22,NotIceCream,313,3700,aceite de coco,0,0.315,32,87251,0,1,3,2022,Filipinas,2528,Indonesia,2264
2022-03-23,NotIceCream,333,3700,aceite de coco,0,0.274,32,86938,0,2,3,2022,Filipinas,2528,Indonesia,2264
2022-03-24,NotIceCream,470,3700,aceite de coco,0,0.324,35,86605,0,3,3,2022,Filipinas,2528,Indonesia,2264
2022-03-25,NotIceCream,600,3700,aceite de coco,0,0.318,33,86135,0,4,3,2022,Filipinas,2528,Indonesia,2264
2022-03-26,NotIceCream,569,3700,aceite de coco,0,0.343,34,85535,0,5,3,2022,Filipinas,2528,Indonesia,2264
2022-03-27,NotIceCream,468,3700,aceite de coco,0,0.414,35,84966,0,6,3,2022,Filipinas,2528,Indonesia,2264
2022-03-28,NotIceCream,307,3700,aceite de coco,0,0.315,33,84498,0,0,3,2022,Filipinas,2528,Indonesia,2264
2022-03-29,NotIceCream,255,3700,aceite de coco,0,0.324,33,84191,0,1,3,2022,Filipinas,2528,Indonesia,2264
2022-03-30,NotIceCream,320,3700,aceite de coco,0,0.27,29,83936,0,2,3,2022,Filipinas,2528,Indonesia,2264
2022-03-31,NotIceCream,452,3700,aceite de coco,0,0.35,35,83616,0,3,3,2022,Filipinas,2528,Indonesia,2264
2022-04-01,NotIceCream,555,3700,aceite de coco,0,0.386,36,83164,0,4,4,2022,Filipinas,2528,Indonesia,2264
2022-04-02,NotIceCream,600,3700,aceite de coco,0,0.347,33,82609,0,5,4,2022,Filipinas,2528,Indonesia,2264
2022-04-03,NotIceCream,449,3700,aceite de coco,0,0.398,36,82009,0,6,4,2022,Filipinas,2528,Indonesia,2264
2022-04-04,NotIceCream,334,3700,aceite de coco,0,0.374,38,81560,0,0,4,2022,Filipinas,2528,Indonesia,2264
2022-04-05,NotIceCream,278,3700,aceite de coco,0,0.323,35,81226,0,1,4,2022,Filipinas,2528,Indonesia,2264
2022-04-06,NotIceCream,308,3700,aceite de coco,0,0.41,38,80948,0,2,4,2022,Filipinas,2528,Indonesia,2264
2022-04-07,NotIceCream,463,3700,aceite de coco,0,0.389,40,80640,0,3,4,2022,Filipinas,2528,Indonesia,2264
2022-04-08,NotIceCream,559,3700,aceite de coco,0,0.411,41,80177,0,4,4,2022,Filipinas,2528,Indonesia,2264
2022-04-09,NotIceCream,693,3700,aceite de coco,1,0.382,33,79618,0,5,4,2022,Filipinas,2528,Indonesia,2264
2022-04-10,NotIceCream,398,3700,aceite de coco,0,0.383,33,78925,0,6,4,2022,Filipinas,2528,Indonesia,2264
2022-04-11,NotIceCream,263,3700,aceite de coco,0,0.428,35,78527,0,0,4,2022,Filipinas,2528,Indonesia,2264
2022-04-12,NotIceCream,272,3700,aceite de coco,0,0.414,36,78264,0,1,4,2022,Filipinas,2528,Indonesia,2264
2022-04-13,NotIceCream,339,3700,aceite de coco,0,0.517,40,77992,0,2,4,2022,Filipinas,2528,Indonesia,2264
2022-04-14,NotIceCream,444,3700,aceite de coco,0,0.475,38,77653,0,3,4,2022,Filipinas,2528,Indonesia,2264
2022-04-15,NotIceCream,540,3700,aceite de coco,0,0.467,34,77209,0,4,4,2022,Filipinas,2528,Indonesia,2264
2022-04-16,NotIceCream,564,3700,aceite de coco,0,0.435,35,76669,0,5,4,2022,Filipinas,2528,Indonesia,2264
2022-04-17,NotIceCream,408,3700,aceite de coco,0,0.347,35,76105,0,6,4,2022,Filipinas,2528,Indonesia,2264
2022-04-18,NotIceCream,299,3700,aceite de coco,0,0.412,33,75697,0,0,4,2022,Filipinas,2528,Indonesia,2264
2022-04-19,NotIceCream,262,3700,aceite de coco,0,0.424,36,75398,0,1,4,2022,Filipinas,2528,Indonesia,2264
2022-04-20,NotIceCream,288,3700,aceite de coco,0,0.447,34,75136,0,2,4,2022,Filipinas,2528,Indonesia,2264
2022-04-21,NotIceCream,432,3700,aceite de coco,0,0.463,33,74848,0,3,4,2022,Filipinas,2528,Indonesia,2264
2022-04-22,NotIceCream,520,3700,aceite de coco,0,0.501,35,74416,0,4,4,2022,Filipinas,2528,Indonesia,2264
2022-04-23,NotIceCream,578,3700,aceite de coco,0,0.485,38,73896,0,5,4,2022,Filipinas,2528,Indonesia,2264
2022-04-24,NotIceCream,400,3700,aceite de coco,0,0.533,38,73318,0,6,4,2022,Filipinas,2528,Indonesia,2264
2022-04-25,NotIceCream,300,3700,aceite de coco,0,0.462,37,72918,0,0,4,2022,Filipinas,2528,Indonesia,2264
2022-04-26,NotIceCream,270,3700,aceite de coco,0,0.493,39,72618,0,1,4,2022,Filipinas,2528,Indonesia,2264
2022-04-27,NotIceCream,288,3700,aceite de coco,0,0.5,39,72348,0,2,4,2022,Filipinas,2528,Indonesia,2264
2022-04-28,NotIceCream,469,3700,aceite de coco,0,0.498,37,72060,0,3,4,2022,Filipinas,2528,Indonesia,2264
2022-04-29,NotIceCream,576,3700,aceite de coco,0,0.552,38,71591,0,4,4,2022,Filipinas,2528,Indonesia,2264
2022-04-30,NotIceCream,492,3700,aceite de coco,0,0.53,38,71015,0,5,4,2022,Filipinas,2528,Indonesia,2264
2022-05-01,NotIceCream,379,3700,aceite de coco,0,0.426,36,70523,0,6,5,2022,Filipinas,2528,Indonesia,2264
2022-05-02,NotIceCream,322,3700,aceite de coco,0,0.488,32,70144,0,0,5,2022,Filipinas,2528,Indonesia,2264
2022-05-03,NotIceCream,258,3700,aceite de coco,0,0.494,39,69822,0,1,5,2022,Filipinas,2528,Indonesia,2264
2022-05-04,NotIceCream,299,3700,aceite de coco,0,0.604,39,69564,0,2,5,2022,Filipinas,2528,Indonesia,2264
2022-05-05,NotIceCream,453,3700,aceite de coco,0,0.481,34,69265,0,3,5,2022,Filipinas,2528,Indonesia,2264
2022-05-06,NotIceCream,537,3700,aceite de coco,0,0.449,39,68812,0,4,5,2022,Filipinas,2528,Indonesia,2264
2022-05-07,NotIceCream,461,3700,aceite de coco,0,0.521,36,68275,0,5,5,2022,Filipinas,2528,Indonesia,2264
2022-05-08,NotIceCream,527,3700,aceite de coco,1,0.524,37,67814,0,6,5,2022,Filipinas,2528,Indonesia,2264
2022-05-09,NotIceCream,286,3700,aceite de coco,0,0.496,39,67287,0,0,5,2022,Filipinas,2528,Indonesia,2264
2022-05-10,NotIceCream,233,3700,aceite de coco,0,0.489,37,67001,0,1,5,2022,Filipinas,2528,Indonesia,2264
2022-05-11,NotIceCream,254,3700,aceite de coco,0,0.547,40,66768,0,2,5,2022,Filipinas,2528,Indonesia,2264
2022-05-12,NotIceCream,360,3700,aceite de coco,0,0.457,36,66514,0,3,5,2022,Filipinas,2528,Indonesia,2264
2022-05-13,NotIceCream,414,3700,aceite de coco,0,0.482,40,66154,0,4,5,2022,Filipinas,2528,Indonesia,2264
2022-05-14,NotIceCream,471,3700,aceite de coco,0,0.472,35,65740,0,5,5,2022,Filipinas,2528,Indonesia,2264
2022-05-15,NotIceCream,329,3700,aceite de coco,0,0.552,40,65269,0,6,5,2022,Filipinas,2528,Indonesia,2264
2022-05-16,NotIceCream,266,3700,aceite de coco,0,0.51,33,64940,0,0,5,2022,Filipinas,2528,Indonesia,2264
2022-05-17,NotIceCream,255,3700,aceite de coco,0,0.441,34,64674,0,1,5,2022,Filipinas,2528,Indonesia,2264
2022-05-18,NotIceCream,400,3700,aceite de coco,1,0.445,37,64419,0,2,5,2022,Filipinas,2528,Indonesia,2264
2022-05-19,NotIceCream,317,3700,aceite de coco,0,0.585,37,64019,0,3,5,2022,Filipinas,2528,Indonesia,2264
2022-05-20,NotIceCream,398,3700,aceite de coco,0,0.544,37,63702,0,4,5,2022,Filipinas,2528,Indonesia,2264
2022-05-21,NotIceCream,406,3700,aceite de coco,0,0.529,37,63304,0,5,5,2022,Filipinas,2528,Indonesia,2264
2022-05-22,NotIceCream,314,3700,aceite de coco,0,0.486,34,62898,0,6,5,2022,Filipinas,2528,Indonesia,2264
2022-05-23,NotIceCream,216,3700,aceite de coco,0,0.558,36,62584,0,0,5,2022,Filipinas,2528,Indonesia,2264
2022-05-24,NotIceCream,211,3700,aceite de coco,0,0.425,36,62368,0,1,5,2022,Filipinas,2528,Indonesia,2264
2022-05-25,NotIceCream,362,3700,aceite de coco,1,0.514,36,62157,0,2,5,2022,Filipinas,2528,Indonesia,2264
2022-05-26,NotIceCream,381,3700,aceite de coco,0,0.452,39,61795,0,3,5,2022,Filipinas,2528,Indonesia,2264
2022-05-27,NotIceCream,406,3700,aceite de coco,0,0.458,36,61414,0,4,5,2022,Filipinas,2528,Indonesia,2264
2022-05-28,NotIceCream,402,3700,aceite de coco,0,0.503,38,61008,0,5,5,2022,Filipinas,2528,Indonesia,2264
2022-05-29,NotIceCream,339,3700,aceite de coco,0,0.456,37,60606,0,6,5,2022,Filipinas,2528,Indonesia,2264
2022-05-30,NotIceCream,235,3700,aceite de coco,0,0.438,35,60267,0,0,5,2022,Filipinas,2528,Indonesia,2264
2022-05-31,NotIceCream,214,3700,aceite de coco,0,0.431,32,60032,0,1,5,2022,Filipinas,2528,Indonesia,2264
2022-06-01,NotIceCream,255,3700,aceite de coco,0,0.352,37,59818,0,2,6,2022,Filipinas,2528,Indonesia,2264
2022-06-02,NotIceCream,325,3700,aceite de coco,0,0.486,35,59563,0,3,6,2022,Filipinas,2528,Indonesia,2264
2022-06-03,NotIceCream,340,3700,aceite de coco,0,0.393,35,59238,0,4,6,2022,Filipinas,2528,Indonesia,2264
2022-06-04,NotIceCream,436,3700,aceite de coco,0,0.531,37,58898,0,5,6,2022,Filipinas,2528,Indonesia,2264
2022-06-05,NotIceCream,295,3700,aceite de coco,0,0.419,36,58462,0,6,6,2022,Filipinas,2528,Indonesia,2264
2022-06-06,NotIceCream,231,3700,aceite de coco,0,0.495,39,58167,0,0,6,2022,Filipinas,2528,Indonesia,2264
2022-06-07,NotIceCream,161,3700,aceite de coco,0,0.334,35,57936,0,1,6,2022,Filipinas,2528,Indonesia,2264
2022-06-08,NotIceCream,233,3700,aceite de coco,0,0.456,36,57775,0,2,6,2022,Filipinas,2528,Indonesia,2264
2022-06-09,NotIceCream,320,3700,aceite de coco,0,0.463,39,57542,0,3,6,2022,Filipinas,2528,Indonesia,2264
2022-06-10,NotIceCream,383,3700,aceite de coco,0,0.474,38,57222,0,4,6,2022,Filipinas,2528,Indonesia,2264
2022-06-11,NotIceCream,457,3700,aceite de coco,0,0.327,33,56839,0,5,6,2022,Filipinas,2528,Indonesia,2264
2022-06-12,NotIceCream,341,3700,aceite de coco,1,0.363,33,56382,0,6,6,2022,Filipinas,2528,Indonesia,2264
2022-06-13,NotIceCream,226,3700,aceite de coco,0,0.421,34,56041,0,0,6,2022,Filipinas,2528,Indonesia,2264
2022-06-14,NotIceCream,187,3700,aceite de coco,0,0.394,35,55815,0,1,6,2022,Filipinas,2528,Indonesia,2264
2022-06-15,NotIceCream,208,3700,aceite de coco,0,0.396,33,55628,0,2,6,2022,Filipinas,2528,Indonesia,2264
2022-06-16,NotIceCream,319,3700,aceite de coco,0,0.358,35,55420,0,3,6,2022,Filipinas,2528,Indonesia,2264
2022-06-17,NotIceCream,352,3700,aceite de coco,0,0.447,36,55101,0,4,6,2022,Filipinas,2528,Indonesia,2264
2022-06-18,NotIceCream,372,3700,aceite de coco,0,0.494,32,54749,0,5,6,2022,Filipinas,2528,Indonesia,2264
2022-06-19,NotIceCream,322,3700,aceite de coco,0,0.363,32,54377,0,6,6,2022,Filipinas,2528,Indonesia,2264
2022-06-20,NotIceCream,202,3700,aceite de coco,0,0.375,29,54055,0,0,6,2022,Filipinas,2528,Indonesia,2264
2022-06-21,NotIceCream,166,3700,aceite de coco,0,0.349,34,53853,0,1,6,2022,Filipinas,2528,Indonesia,2264
2022-06-22,NotIceCream,225,3700,aceite de coco,0,0.404,38,53687,0,2,6,2022,Filipinas,2528,Indonesia,2264
2022-06-23,NotIceCream,314,3700,aceite de coco,0,0.376,31,53462,0,3,6,2022,Filipinas,2528,Indonesia,2264
2022-06-24,NotIceCream,313,3700,aceite de coco,0,0.275,31,53148,0,4,6,2022,Filipinas,2528,Indonesia,2264
2022-06-25,NotIceCream,316,3700,aceite de coco,0,0.291,34,52835,0,5,6,2022,Filipinas,2528,Indonesia,2264
2022-06-26,NotIceCream,276,3700,aceite de coco,0,0.266,32,52519,0,6,6,2022,Filipinas,2528,Indonesia,2264
2022-06-27,NotIceCream,186,3700,aceite de coco,0,0.445,34,52243,0,0,6,2022,Filipinas,2528,Indonesia,2264
2022-06-28,NotIceCream,147,3700,aceite de coco,0,0.336,36,52057,0,1,6,2022,Filipinas,2528,Indonesia,2264
2022-06-29,NotIceCream,204,3700,aceite de coco,0,0.268,33,51910,0,2,6,2022,Filipinas,2528,Indonesia,2264
2022-06-30,NotIceCream,281,3700,aceite de coco,0,0.258,31,51706,0,3,6,2022,Filipinas,2528,Indonesia,2264
2022-07-01,NotIceCream,309,3700,aceite de coco,0,0.327,30,51425,0,4,7,2022,Filipinas,2528,Indonesia,2264
2022-07-02,NotIceCream,310,3700,aceite de coco,0,0.326,39,51116,0,5,7,2022,Filipinas,2528,Indonesia,2264
2022-07-03,NotIceCream,236,3700,aceite de coco,0,0.315,37,50806,0,6,7,2022,Filipinas,2528,Indonesia,2264
2022-07-04,NotIceCream,162,3700,aceite de coco,0,0.248,33,50570,0,0,7,2022,Filipinas,2528,Indonesia,2264
2022-07-05,NotIceCream,145,3700,aceite de coco,0,0.279,34,50408,0,1,7,2022,Filipinas,2528,Indonesia,2264
2022-07-06,NotIceCream,185,3700,aceite de coco,0,0.263,33,50263,0,2,7,2022,Filipinas,2528,Indonesia,2264
2022-07-07,NotIceCream,222,3700,aceite de coco,0,0.205,34,50078,0,3,7,2022,Filipinas,2528,Indonesia,2264
2022-07-08,NotIceCream,289,3700,aceite de coco,0,0.2,31,49856,0,4,7,2022,Filipinas,2528,Indonesia,2264
2022-07-09,NotIceCream,294,3700,aceite de coco,0,0.262,33,49567,0,5,7,2022,Filipinas,2528,Indonesia,2264
2022-07-10,NotIceCream,354,3700,aceite de coco,1,0.246,34,49273,0,6,7,2022,Filipinas,2528,Indonesia,2264
2022-07-11,NotIceCream,163,3700,aceite de coco,0,0.259,37,48919,0,0,7,2022,Filipinas,2528,Indonesia,2264
2022-07-12,NotIceCream,128,3700,aceite de coco,0,0.266,35,48756,0,1,7,2022,Filipinas,2528,Indonesia,2264
2022-07-13,NotIceCream,171,3700,aceite de coco,0,0.296,37,48628,0,2,7,2022,Filipinas,2528,Indonesia,2264
2022-07-14,NotIceCream,227,3700,aceite de coco,0,0.177,32,48457,0,3,7,2022,Filipinas,2528,Indonesia,2264
2022-07-15,NotIceCream,296,3700,aceite de coco,0,0.243,32,48230,0,4,7,2022,Filipinas,2528,Indonesia,2264
2022-07-16,NotIceCream,268,3700,aceite de coco,0,0.245,30,47934,0,5,7,2022,Filipinas,2528,Indonesia,2264
2022-07-17,NotIceCream,173,3700,aceite de coco,0,0.187,33,47666,0,6,7,2022,Filipinas,2528,Indonesia,2264
2022-07-18,NotIceCream,206,3700,aceite de coco,0,0.205,34,47493,0,0,7,2022,Filipinas,2528,Indonesia,2264
2022-07-19,NotIceCream,136,3700,aceite de coco,0,0.18,32,47287,0,1,7,2022,Filipinas,2528,Indonesia,2264
2022-07-20,NotIceCream,166,3700,aceite de coco,0,0.296,33,47151,0,2,7,2022,Filipinas,2528,Indonesia,2264
2022-07-21,NotIceCream,198,3700,aceite de coco,0,0.192,35,46985,0,3,7,2022,Filipinas,2528,Indonesia,2264
2022-07-22,NotIceCream,237,3700,aceite de coco,0,0.206,34,46787,0,4,7,2022,Filipinas,2528,Indonesia,2264
2022-07-23,NotIceCream,260,3700,aceite de coco,0,0.166,35,46550,0,5,7,2022,Filipinas,2528,Indonesia,2264
2022-07-24,NotIceCream,216,3700,aceite de coco,0,0.152,30,46290,0,6,7,2022,Filipinas,2528,Indonesia,2264
2022-07-25,NotIceCream,160,3700,aceite de coco,0,0.108,30,46074,0,0,7,2022,Filipinas,2528,Indonesia,2264
2022-07-26,NotIceCream,131,3700,aceite de coco,0,0.225,36,45914,0,1,7,2022,Filipinas,2528,Indonesia,2264
2022-07-27,NotIceCream,143,3700,aceite de coco,0,0.206,33,45783,0,2,7,2022,Filipinas,2528,Indonesia,2264
2022-07-28,NotIceCream,172,3700,aceite de coco,0,0.15,31,45640,0,3,7,2022,Filipinas,2528,Indonesia,2264
2022-07-29,NotIceCream,255,3700,aceite de coco,0,0.118,31,45468,0,4,7,2022,Filipinas,2528,Indonesia,2264
2022-07-30,NotIceCream,240,3700,aceite de coco,0,0.17,32,45213,0,5,7,2022,Filipinas,2528,Indonesia,2264
2022-07-31,NotIceCream,181,3700,aceite de coco,0,0.134,34,44973,0,6,7,2022,Filipinas,2528,Indonesia,2264
2022-08-01,NotIceCream,154,3700,aceite de coco,0,0.146,32,44792,0,0,8,2022,Filipinas,2528,Indonesia,2264
2022-08-02,NotIceCream,108,3700,aceite de coco,0,0.092,33,44638,0,1,8,2022,Filipinas,2528,Indonesia,2264
2022-08-03,NotIceCream,159,3700,aceite de coco,0,0.165,33,44530,0,2,8,2022,Filipinas,2528,Indonesia,2264
2022-08-04,NotIceCream,254,3700,aceite de coco,1,0.165,31,44371,0,3,8,2022,Filipinas,2528,Indonesia,2264
2022-08-05,NotIceCream,249,3700,aceite de coco,0,0.207,31,44117,0,4,8,2022,Filipinas,2528,Indonesia,2264
2022-08-06,NotIceCream,259,3700,aceite de coco,0,0.144,31,43868,0,5,8,2022,Filipinas,2528,Indonesia,2264
2022-08-07,NotIceCream,188,3700,aceite de coco,0,0.134,29,43609,0,6,8,2022,Filipinas,2528,Indonesia,2264
2022-08-08,NotIceCream,159,3700,aceite de coco,0,0.072,30,43421,0,0,8,2022,Filipinas,2528,Indonesia,2264
2022-08-09,NotIceCream,137,3700,aceite de coco,0,0.205,36,43262,0,1,8,2022,Filipinas,2528,Indonesia,2264
2022-08-10,NotIceCream,149,3700,aceite de coco,0,0.195,33,43125,0,2,8,2022,Filipinas,2528,Indonesia,2264
2022-08-11,NotIceCream,209,3700,aceite de coco,0,0.152,31,42976,0,3,8,2022,Filipinas,2528,Indonesia,2264
2022-08-12,NotIceCream,260,3700,aceite de coco,0,0.084,35,42767,0,4,8,2022,Filipinas,2528,Indonesia,2264
2022-08-13,NotIceCream,245,3700,aceite de coco,0,0.091,29,42507,0,5,8,2022,Filipinas,2528,Indonesia,2264
2022-08-14,NotIceCream,195,3700,aceite de coco,0,0.125,30,42262,0,6,8,2022,Filipinas,2528,Indonesia,2264
2022-08-15,NotIceCream,130,3700,aceite de coco,0,0.202,35,42067,0,0,8,2022,Filipinas,2528,Indonesia,2264
2022-08-16,NotIceCream,139,3700,aceite de coco,1,0.169,34,41937,0,1,8,2022,Filipinas,2528,Indonesia,2264
2022-08-17,NotIceCream,127,3700,aceite de coco,0,0.082,31,41798,0,2,8,2022,Filipinas,2528,Indonesia,2264
2022-08-18,NotIceCream,286,3700,aceite de coco,1,0.178,34,41671,0,3,8,2022,Filipinas,2528,Indonesia,2264
2022-08-19,NotIceCream,241,3700,aceite de coco,0,0.118,32,41385,0,4,8,2022,Filipinas,2528,Indonesia,2264
2022-08-20,NotIceCream,226,3700,aceite de coco,0,0.136,30,41144,0,5,8,2022,Filipinas,2528,Indonesia,2264
2022-08-21,NotIceCream,204,3700,aceite de coco,0,0.213,28,40918,0,6,8,2022,Filipinas,2528,Indonesia,2264
2022-08-22,NotIceCream,126,3700,aceite de coco,0,0.205,32,40714,0,0,8,2022,Filipinas,2528,Indonesia,2264
2022-08-23,NotIceCream,120,3700,aceite de coco,0,0.224,35,40588,0,1,8,2022,Filipinas,2528,Indonesia,2264
2022-08-24,NotIceCream,142,3700,aceite de coco,0,0.171,32,40468,0,2,8,2022,Filipinas,2528,Indonesia,2264
2022-08-25,NotIceCream,201,3700,aceite de coco,0,0.219,34,40326,0,3,8,2022,Filipinas,2528,Indonesia,2264
2022-08-26,NotIceCream,227,3700,aceite de coco,0,0.149,32,40125,0,4,8,2022,Filipinas,2528,Indonesia,2264
2022-08-27,NotIceCream,211,3700,aceite de coco,0,0.169,29,39898,0,5,8,2022,Filipinas,2528,Indonesia,2264
2022-08-28,NotIceCream,172,3700,aceite de coco,0,0.169,32,39687,0,6,8,2022,Filipinas,2528,Indonesia,2264
2022-08-29,NotIceCream,125,3700,aceite de coco,0,0.19,33,39515,0,0,8,2022,Filipinas,2528,Indonesia,2264
2022-08-30,NotIceCream,138,3700,aceite de coco,1,0.129,30,39390,0,1,8,2022,Filipinas,2528,Indonesia,2264
2022-08-31,NotIceCream,124,3700,aceite de coco,0,0.186,32,39252,0,2,8,2022,Filipinas,2528,Indonesia,2264
2022-09-01,NotIceCream,243,3700,aceite de coco,1,0.274,35,39128,0,3,9,2022,Filipinas,2528,Indonesia,2264
2022-09-02,NotIceCream,236,3700,aceite de coco,0,0.151,32,38885,0,4,9,2022,Filipinas,2528,Indonesia,2264
2022-09-03,NotIceCream,228,3700,aceite de coco,0,0.144,34,38649,0,5,9,2022,Filipinas,2528,Indonesia,2264
2022-09-04,NotIceCream,189,3700,aceite de coco,0,0.152,33,38421,0,6,9,2022,Filipinas,2528,Indonesia,2264
2022-09-05,NotIceCream,134,3700,aceite de coco,0,0.352,33,38232,0,0,9,2022,Filipinas,2528,Indonesia,2264
2022-09-06,NotIceCream,139,3700,aceite de coco,0,0.248,33,38098,0,1,9,2022,Filipinas,2528,Indonesia,2264
2022-09-07,NotIceCream,144,3700,aceite de coco,0,0.216,33,37959,0,2,9,2022,Filipinas,2528,Indonesia,2264
2022-09-08,NotIceCream,191,3700,aceite de coco,0,0.238,36,37815,0,3,9,2022,Filipinas,2528,Indonesia,2264
2022-09-09,NotIceCream,239,3700,aceite de coco,0,0.251,33,37624,0,4,9,2022,Filipinas,2528,Indonesia,2264
2022-09-10,NotIceCream,253,3700,aceite de coco,0,0.213,30,37385,0,5,9,2022,Filipinas,2528,Indonesia,2264
2022-09-11,NotIceCream,188,3700,aceite de coco,0,0.224,34,37132,0,6,9,2022,Filipinas,2528,Indonesia,2264
2022-09-12,NotIceCream,145,3700,aceite de coco,0,0.248,32,36944,0,0,9,2022,Filipinas,2528,Indonesia,2264
2022-09-13,NotIceCream,122,3700,aceite de coco,0,0.225,31,36799,0,1,9,2022,Filipinas,2528,Indonesia,2264
2022-09-14,NotIceCream,143,3700,aceite de coco,0,0.247,33,36677,0,2,9,2022,Filipinas,2528,Indonesia,2264
2022-09-15,NotIceCream,204,3700,aceite de coco,0,0.29,36,36534,0,3,9,2022,Filipinas,2528,Indonesia,2264
2022-09-16,NotIceCream,275,3700,aceite de coco,0,0.229,32,36330,0,4,9,2022,Filipinas,2528,Indonesia,2264
2022-09-17,NotIceCream,245,3700,aceite de coco,0,0.415,37,36055,0,5,9,2022,Filipinas,2528,Indonesia,2264
2022-09-18,NotIceCream,242,3700,aceite de coco,1,0.328,36,35810,0,6,9,2022,Filipinas,2528,Indonesia,2264
2022-09-19,NotIceCream,138,3700,aceite de coco,0,0.233,35,35568,0,0,9,2022,Filipinas,2528,Indonesia,2264
2022-09-20,NotIceCream,101,3700,aceite de coco,0,0.178,31,35430,0,1,9,2022,Filipinas,2528,Indonesia,2264
2022-09-21,NotIceCream,153,3700,aceite de coco,0,0.274,32,35329,0,2,9,2022,Filipinas,2528,Indonesia,2264
2022-09-22,NotIceCream,231,3700,aceite de coco,0,0.348,33,35176,0,3,9,2022,Filipinas,2528,Indonesia,2264
2022-09-23,NotIceCream,281,3700,aceite de coco,1,0.345,36,34945,0,4,9,2022,Filipinas,2528,Indonesia,2264
2022-09-24,NotIceCream,252,3700,aceite de coco,0,0.32,36,34664,0,5,9,2022,Filipinas,2528,Indonesia,2264
2022-09-25,NotIceCream,218,3700,aceite de coco,0,0.302,32,34412,0,6,9,2022,Filipinas,2528,Indonesia,2264
2022-09-26,NotIceCream,160,3700,aceite de coco,0,0.293,38,34194,0,0,9,2022,Filipinas,2528,Indonesia,2264
2022-09-27,NotIceCream,182,3700,aceite de coco,1,0.324,32,34034,0,1,9,2022,Filipinas,2528,Indonesia,2264
2022-09-28,NotIceCream,134,3700,aceite de coco,0,0.299,36,33852,0,2,9,2022,Filipinas,2528,Indonesia,2264
2022-09-29,NotIceCream,227,3700,aceite de coco,0,0.336,38,33718,0,3,9,2022,Filipinas,2528,Indonesia,2264
2022-09-30,NotIceCream,232,3700,aceite de coco,0,0.428,36,33491,0,4,9,2022,Filipinas,2528,Indonesia,2264
2022-10-01,NotIceCream,240,3700,aceite de coco,0,0.329,33,33259,0,5,10,2022,Filipinas,2528,Indonesia,2264
2022-10-02,NotIceCream,226,3700,aceite de coco,0,0.404,34,33019,0,6,10,2022,Filipinas,2528,Indonesia,2264
2022-10-03,NotIceCream,157,3700,aceite de coco,0,0.417,35,32793,0,0,10,2022,Filipinas,2528,Indonesia,2264
2022-10-04,NotIceCream,141,3700,aceite de coco,0,0.331,37,32636,0,1,10,2022,Filipinas,2528,Indonesia,2264
2022-10-05,NotIceCream,153,3700,aceite de coco,0,0.348,32,32495,0,2,10,2022,Filipinas,2528,Indonesia,2264
2022-10-06,NotIceCream,351,3700,aceite de coco,1,0.45,33,32342,0,3,10,2022,Filipinas,2528,Indonesia,2264
2022-10-07,NotIceCream,293,3700,aceite de coco,0,0.355,36,31991,0,4,10,2022,Filipinas,2528,Indonesia,2264
2022-10-08,NotIceCream,295,3700,aceite de coco,0,0.404,37,31698,0,5,10,2022,Filipinas,2528,Indonesia,2264
2022-10-09,NotIceCream,204,3700,aceite de coco,0,0.514,41,31403,0,6,10,2022,Filipinas,2528,Indonesia,2264
2022-10-10,NotIceCream,179,3700,aceite de coco,0,0.466,34,31199,0,0,10,2022,Filipinas,2528,Indonesia,2264
2022-10-11,NotIceCream,137,3700,aceite de coco,0,0.427,36,31020,0,1,10,2022,Filipinas,2528,Indonesia,2264
2022-10-12,NotIceCream,167,3700,aceite de coco,0,0.469,39,30883,0,2,10,2022,Filipinas,2528,Indonesia,2264
2022-10-13,NotIceCream,255,3700,aceite de coco,0,0.429,36,30716,0,3,10,2022,Filipinas,2528,Indonesia,2264
2022-10-14,NotIceCream,308,3700,aceite de coco,0,0.488,36,30461,0,4,10,2022,Filipinas,2528,Indonesia,2264
2022-10-15,NotIceCream,271,3700,aceite de coco,0,0.339,36,30153,0,5,10,2022,Filipinas,2528,Indonesia,2264
2022-10-16,NotIceCream,276,3700,aceite de coco,0,0.439,35,29882,0,6,10,2022,Filipinas,2528,Indonesia,2264
2022-10-17,NotIceCream,198,3700,aceite de coco,0,0.346,37,29606,0,0,10,2022,Filipinas,2528,Indonesia,2264
2022-10-18,NotIceCream,156,3700,aceite de coco,0,0.462,34,29408,0,1,10,2022,Filipinas,2528,Indonesia,2264
2022-10-19,NotIceCream,192,3700,aceite de coco,0,0.447,33,29252,0,2,10,2022,Filipinas,2528,Indonesia,2264
2022-10-20,NotIceCream,343,3700,aceite de coco,1,0.53,37,29060,0,3,10,2022,Filipinas,2528,Indonesia,2264
2022-10-21,NotIceCream,352,3700,aceite de coco,1,0.501,32,28717,0,4,10,2022,Filipinas,2528,Indonesia,2264
2022-10-22,NotIceCream,312,3700,aceite de coco,0,0.443,36,28365,0,5,10,2022,Filipinas,2528,Indonesia,2264
2022-10-23,NotIceCream,254,3700,aceite de coco,0,0.452,33,28053,0,6,10,2022,Filipinas,2528,Indonesia,2264
2022-10-24,NotIceCream,175,3700,aceite de coco,0,0.495,37,27799,0,0,10,2022,Filipinas,2528,Indonesia,2264
2022-10-25,NotIceCream,155,3700,aceite de coco,0,0.45,37,27624,0,1,10,2022,Filipinas,2528,Indonesia,2264
2022-10-26,NotIceCream,160,3700,aceite de coco,0,0.48,37,27469,0,2,10,2022,Filipinas,2528,Indonesia,2264
2022-10-27,NotIceCream,250,3700,aceite de coco,0,0.55,39,27309,0,3,10,2022,Filipinas,2528,Indonesia,2264
2022-10-28,NotIceCream,356,3700,aceite de coco,0,0.445,37,27059,0,4,10,2022,Filipinas,2528,Indonesia,2264
2022-10-29,NotIceCream,374,3700,aceite de coco,0,0.466,36,26703,0,5,10,2022,Filipinas,2528,Indonesia,2264
2022-10-30,NotIceCream,247,3700,aceite de coco,0,0.475,40,26329,0,6,10,2022,Filipinas,2528,Indonesia,2264
2022-10-31,NotIceCream,198,3700,aceite de coco,0,0.651,40,26082,0,0,10,2022,Filipinas,2528,Indonesia,2264
2022-11-01,NotIceCream,184,3700,aceite de coco,0,0.525,39,25884,0,1,11,2022,Filipinas,2528,Indonesia,2264
2022-11-02,NotIceCream,201,3700,aceite de coco,0,0.552,40,25700,0,2,11,2022,Filipinas,2528,Indonesia,2264
2022-11-03,NotIceCream,307,3700,aceite de coco,0,0.535,39,25499,0,3,11,2022,Filipinas,2528,Indonesia,2264
2022-11-04,NotIceCream,352,3700,aceite de coco,0,0.54,42,25192,0,4,11,2022,Filipinas,2528,Indonesia,2264
2022-11-05,NotIceCream,383,3700,aceite de coco,0,0.522,38,24840,0,5,11,2022,Filipinas,2528,Indonesia,2264
2022-11-06,NotIceCream,255,3700,aceite de coco,0,0.518,37,24457,0,6,11,2022,Filipinas,2528,Indonesia,2264
2022-11-07,NotIceCream,190,3700,aceite de coco,0,0.427,35,24202,0,0,11,2022,Filipinas,2528,Indonesia,2264
2022-11-08,NotIceCream,183,3700,aceite de coco,0,0.518,37,24012,0,1,11,2022,Filipinas,2528,Indonesia,2264
2022-11-09,NotIceCream,225,3700,aceite de coco,0,0.495,35,23829,0,2,11,2022,Filipinas,2528,Indonesia,2264
2022-11-10,NotIceCream,308,3700,aceite de coco,0,0.527,39,23604,0,3,11,2022,Filipinas,2528,Indonesia,2264
2022-11-11,NotIceCream,393,3700,aceite de coco,0,0.496,35,23296,0,4,11,2022,Filipinas,2528,Indonesia,2264
2022-11-12,NotIceCream,344,3700,aceite de coco,0,0.537,38,22903,0,5,11,2022,Filipinas,2528,Indonesia,2264
2022-11-13,NotIceCream,269,3700,aceite de coco,0,0.545,39,22559,0,6,11,2022,Filipinas,2528,Indonesia,2264
2022-11-14,NotIceCream,212,3700,aceite de coco,0,0.351,35,22290,0,0,11,2022,Filipinas,2528,Indonesia,2264
2022-11-15,NotIceCream,185,3700,aceite de coco,0,0.474,35,22078,0,1,11,2022,Filipinas,2528,Indonesia,2264
2022-11-16,NotIceCream,232,3700,aceite de coco,0,0.401,37,21893,0,2,11,2022,Filipinas,2528,Indonesia,2264
2022-11-17,NotIceCream,362,3700,aceite de coco,0,0.504,37,21661,0,3,11,2022,Filipinas,2528,Indonesia,2264
2022-11-18,NotIceCream,423,3700,aceite de coco,0,0.476,31,21299,0,4,11,2022,Filipinas,2528,Indonesia,2264
2022-11-19,NotIceCream,412,3700,aceite de coco,0,0.556,36,20876,0,5,11,2022,Filipinas,2528,Indonesia,2264
2022-11-20,NotIceCream,327,3700,aceite de coco,0,0.497,40,20464,0,6,11,2022,Filipinas,2528,Indonesia,2264
2022-11-21,NotIceCream,226,3700,aceite de coco,0,0.46,39,20137,0,0,11,2022,Filipinas,2528,Indonesia,2264
2022-11-22,NotIceCream,188,3700,aceite de coco,0,0.528,38,19911,0,1,11,2022,Filipinas,2528,Indonesia,2264
2022-11-23,NotIceCream,228,3700,aceite de coco,0,0.463,38,19723,0,2,11,2022,Filipinas,2528,Indonesia,2264
2022-11-24,NotIceCream,329,3700,aceite de coco,0,0.451,35,19495,0,3,11,2022,Filipinas,2528,Indonesia,2264
2022-11-25,NotIceCream,421,3700,aceite de coco,0,0.492,36,19166,0,4,11,2022,Filipinas,2528,Indonesia,2264
2022-11-26,NotIceCream,379,3700,aceite de coco,0,0.55,40,18745,0,5,11,2022,Filipinas,2528,Indonesia,2264
2022-11-27,NotIceCream,345,3700,aceite de coco,0,0.508,38,18366,0,6,11,2022,Filipinas,2528,Indonesia,2264
2022-11-28,NotIceCream,244,3700,aceite de coco,0,0.49,37,18021,0,0,11,2022,Filipinas,2528,Indonesia,2264
2022-11-29,NotIceCream,207,3700,aceite de coco,0,0.596,38,17777,0,1,11,2022,Filipinas,2528,Indonesia,2264
2022-11-30,NotIceCream,291,3700,aceite de coco,0,0.418,38,17570,0,2,11,2022,Filipinas,2528,Indonesia,2264
2022-12-01,NotIceCream,296,3700,aceite de coco,0,0.412,38,17279,0,3,12,2022,Filipinas,2528,Indonesia,2264
2022-12-02,NotIceCream,433,3700,aceite de coco,0,0.453,38,16983,0,4,12,2022,Filipinas,2528,Indonesia,2264
2022-12-03,NotIceCream,444,3700,aceite de coco,1,0.517,37,16550,0,5,12,2022,Filipinas,2528,Indonesia,2264
2022-12-04,NotIceCream,366,3700,aceite de coco,0,0.39,35,16106,0,6,12,2022,Filipinas,2528,Indonesia,2264
2022-12-05,NotIceCream,338,3700,aceite de coco,1,0.52,39,15740,0,0,12,2022,Filipinas,2528,Indonesia,2264
2022-12-06,NotIceCream,201,3700,aceite de coco,0,0.355,33,15402,0,1,12,2022,Filipinas,2528,Indonesia,2264
2022-12-07,NotIceCream,253,3700,aceite de coco,0,0.416,34,15201,0,2,12,2022,Filipinas,2528,Indonesia,2264
2022-12-08,NotIceCream,336,3700,aceite de coco,0,0.426,33,14948,0,3,12,2022,Filipinas,2528,Indonesia,2264
2022-12-09,NotIceCream,472,3700,aceite de coco,0,0.368,38,14612,0,4,12,2022,Filipinas,2528,Indonesia,2264
2022-12-10,NotIceCream,452,3700,aceite de coco,0,0.376,34,14140,0,5,12,2022,Filipinas,2528,Indonesia,2264
2022-12-11,NotIceCream,369,3700,aceite de coco,0,0.441,37,13688,0,6,12,2022,Filipinas,2528,Indonesia,2264
2022-12-12,NotIceCream,267,3700,aceite de coco,0,0.468,36,13319,0,0,12,2022,Filipinas,2528,Indonesia,2264
2022-12-13,NotIceCream,219,3700,aceite de coco,0,0.285,40,13052,0,1,12,2022,Filipinas,2528,Indonesia,2264
2022-12-14,NotIceCream,322,3700,aceite de coco,0,0.394,36,12833,0,2,12,2022,Filipinas,2528,Indonesia,2264
2022-12-15,NotIceCream,417,3700,aceite de coco,0,0.373,32,12511,0,3,12,2022,Filipinas,2528,Indonesia,2264
2022-12-16,NotIceCream,447,3700,aceite de coco,0,0.379,38,12094,0,4,12,2022,Filipinas,2528,Indonesia,2264
2022-12-17,NotIceCream,460,3700,aceite de coco,0,0.352,34,11647,0,5,12,2022,Filipinas,2528,Indonesia,2264
2022-12-18,NotIceCream,369,3700,aceite de coco,0,0.297,34,11187,0,6,12,2022,Filipinas,2528,Indonesia,2264
2022-12-19,NotIceCream,321,3700,aceite de coco,0,0.433,35,10818,0,0,12,2022,Filipinas,2528,Indonesia,2264
2022-12-20,NotIceCream,263,3700,aceite de coco,0,0.408,36,10497,0,1,12,2022,Filipinas,2528,Indonesia,2264
2022-12-21,NotIceCream,306,3700,aceite de coco,0,0.339,35,10234,0,2,12,2022,Filipinas,2528,Indonesia,2264
2022-12-22,NotIceCream,485,3700,aceite de coco,0,0.313,33,9928,0,3,12,2022,Filipinas,2528,Indonesia,2264
2022-12-23,NotIceCream,576,3700,aceite de coco,0,0.301,33,9443,0,4,12,2022,Filipinas,2528,Indonesia,2264
2022-12-24,NotIceCream,500,3700,aceite de coco,0,0.197,33,8867,0,5,12,2022,Filipinas,2528,Indonesia,2264
2022-12-25,NotIceCream,400,3700,aceite de coco,0,0.338,30,8367,0,6,12,2022,Filipinas,2528,Indonesia,2264
2022-12-26,NotIceCream,293,3700,aceite de coco,0,0.353,32,7967,0,0,12,2022,Filipinas,2528,Indonesia,2264
2022-12-27,NotIceCream,240,3700,aceite de coco,0,0.315,38,7674,0,1,12,2022,Filipinas,2528,Indonesia,2264
2022-12-28,NotIceCream,367,3700,aceite de coco,0,0.298,35,7434,0,2,12,2022,Filipinas,2528,Indonesia,2264
2022-12-29,NotIceCream,409,3700,aceite de coco,0,0.303,33,7067,0,3,12,2022,Filipinas,2528,Indonesia,2264
2022-12-30,NotIceCream,575,3700,aceite de coco,0,0.247,30,6658,0,4,12,2022,Filipinas,2528,Indonesia,2264
2022-12-31,NotIceCream,560,3700,aceite de coco,0,0.259,34,6083,0,5,12,2022,Filipinas,2528,Indonesia,2264
2023-01-01,NotIceCream,420,4174,aceite de coco,0,0.27,36,5523,0,6,1,2023,Filipinas,2528,Indonesia,2264
2023-01-02,NotIceCream,359,4174,aceite de coco,0,0.307,40,5103,0,0,1,2023,Filipinas,2528,Indonesia,2264
2023-01-03,NotIceCream,236,4174,aceite de coco,0,0.336,38,4744,0,1,1,2023,Filipinas,2528,Indonesia,2264
2023-01-04,NotIceCream,332,4174,aceite de coco,0,0.25,32,4508,0,2,1,2023,Filipinas,2528,Indonesia,2264
2023-01-05,NotIceCream,444,4174,aceite de coco,0,0.203,32,4176,0,3,1,2023,Filipinas,2528,Indonesia,2264
2023-01-06,NotIceCream,600,4174,aceite de coco,0,0.252,31,3732,0,4,1,2023,Filipinas,2528,Indonesia,2264
2023-01-07,NotIceCream,565,4174,aceite de coco,0,0.345,33,3132,0,5,1,2023,Filipinas,2528,Indonesia,2264
2023-01-08,NotIceCream,384,4174,aceite de coco,0,0.191,32,2567,0,6,1,2023,Filipinas,2528,Indonesia,2264
2023-01-09,NotIceCream,357,4174,aceite de coco,0,0.278,33,2183,0,0,1,2023,Filipinas,2528,Indonesia,2264
2023-01-10,NotIceCream,290,4174,aceite de coco,0,0.296,38,1826,0,1,1,2023,Filipinas,2528,Indonesia,2264
2023-01-11,NotIceCream,317,4174,aceite de coco,0,0.206,30,1536,0,2,1,2023,Filipinas,2528,Indonesia,2264
2023-01-12,NotIceCream,464,4174,aceite de coco,0,0.184,32,1219,0,3,1,2023,Filipinas,2528,Indonesia,2264
2023-01-13,NotIceCream,516,4174,aceite de coco,0,0.243,29,755,0,4,1,2023,Filipinas,2528,Indonesia,2264
2023-01-14,NotIceCream,560,4174,aceite de coco,0,0.228,34,239,0,5,1,2023,Filipinas,2528,Indonesia,2264
2023-01-15,NotIceCream,465,4174,aceite de coco,0,0.24,31,0,1,6,1,2023,Filipinas,2528,Indonesia,2264
2023-01-16,NotIceCream,325,4174,aceite de coco,0,0.305,36,0,1,0,1,2023,Filipinas,2528,Indonesia,2264
2023-01-17,NotIceCream,277,4174,aceite de coco,0,0.205,32,0,1,1,1,2023,Filipinas,2528,Indonesia,2264
2023-01-18,NotIceCream,310,4174,aceite de coco,0,0.133,29,0,1,2,1,2023,Filipinas,2528,Indonesia,2264
2023-01-19,NotIceCream,504,4174,aceite de coco,0,0.192,28,0,1,3,1,2023,Filipinas,2528,Indonesia,2264
2023-01-20,NotIceCream,501,4174,aceite de coco,0,0.197,31,0,1,4,1,2023,Filipinas,2528,Indonesia,2264
2023-01-21,NotIceCream,585,4174,aceite de coco,0,0.245,34,0,1,5,1,2023,Filipinas,2528,Indonesia,2264
2023-01-22,NotIceCream,404,4174,aceite de coco,0,0.169,33,0,1,6,1,2023,Filipinas,2528,Indonesia,2264
2023-01-23,NotIceCream,345,4174,aceite de coco,0,0.155,31,0,1,0,1,2023,Filipinas,2528,Indonesia,2264
2023-01-24,NotIceCream,379,4174,aceite de coco,1,0.104,33,0,1,1,1,2023,Filipinas,2528,Indonesia,2264
2023-01-25,NotIceCream,377,4174,aceite de coco,0,0.197,30,0,1,2,1,2023,Filipinas,2528,Indonesia,2264
2023-01-26,NotIceCream,537,4174,aceite de coco,0,0.334,29,0,1,3,1,2023,Filipinas,2528,Indonesia,2264
2023-01-27,NotIceCream,656,4174,aceite de coco,0,0.153,33,0,1,4,1,2023,Filipinas,2528,Indonesia,2264
2023-01-28,NotIceCream,520,4174,aceite de coco,0,0.185,35,0,1,5,1,2023,Filipinas,2528,Indonesia,2264
2023-01-29,NotIceCream,654,4174,aceite de coco,1,0.132,34,0,1,6,1,2023,Filipinas,2528,Indonesia,2264
2023-01-30,NotIceCream,554,4174,aceite de coco,1,0.094,29,0,1,0,1,2023,Filipinas,2528,Indonesia,2264
2023-01-31,NotIceCream,304,4174,aceite de coco,0,0.178,31,0,1,1,1,2023,Filipinas,2528,Indonesia,2264
2023-02-01,NotIceCream,347,4174,aceite de coco,0,0.156,34,0,1,2,2,2023,Filipinas,2528,Indonesia,2264
2023-02-02,NotIceCream,509,4174,aceite de coco,0,0.034,29,0,1,3,2,2023,Filipinas,2528,Indonesia,2264
2023-02-03,NotIceCream,598,4174,aceite de coco,0,0.233,33,0,1,4,2,2023,Filipinas,2528,Indonesia,2264
2023-02-04,NotIceCream,550,4174,aceite de coco,0,0.172,31,0,1,5,2,2023,Filipinas,2528,Indonesia,2264
2023-02-05,NotIceCream,526,4174,aceite de coco,0,0.155,30,0,1,6,2,2023,Filipinas,2528,Indonesia,2264
2023-02-06,NotIceCream,373,4174,aceite de coco,0,0.129,30,13474,0,0,2,2023,Filipinas,2528,Indonesia,2264
2023-02-07,NotIceCream,273,4174,aceite de coco,0,0.17,34,13101,0,1,2,2023,Filipinas,2528,Indonesia,2264
2023-02-08,NotIceCream,375,4174,aceite de coco,0,0.173,32,12828,0,2,2,2023,Filipinas,2528,Indonesia,2264
2023-02-09,NotIceCream,497,4174,aceite de coco,0,0.17,35,26453,0,3,2,2023,Filipinas,2528,Indonesia,2264
2023-02-10,NotIceCream,546,4174,aceite de coco,0,0.204,34,32956,0,4,2,2023,Filipinas,2528,Indonesia,2264
2023-02-11,NotIceCream,546,4174,aceite de coco,0,0.216,36,46410,0,5,2,2023,Filipinas,2528,Indonesia,2264
2023-02-12,NotIceCream,448,4174,aceite de coco,0,0.252,35,45864,0,6,2,2023,Filipinas,2528,Indonesia,2264
2023-02-13,NotIceCream,359,4174,aceite de coco,0,0.111,33,52416,0,0,2,2023,Filipinas,2528,Indonesia,2264
2023-02-14,NotIceCream,298,4174,aceite de coco,0,0.125,32,52057,0,1,2,2023,Filipinas,2528,Indonesia,2264
2023-02-15,NotIceCream,471,4174,aceite de coco,1,0.173,38,58759,0,2,2,2023,Filipinas,2528,Indonesia,2264
2023-02-16,NotIceCream,510,4174,aceite de coco,0,0.118,32,72288,0,3,2,2023,Filipinas,2528,Indonesia,2264
2023-02-17,NotIceCream,670,4174,aceite de coco,0,0.128,28,85778,0,4,2,2023,Filipinas,2528,Indonesia,2264
2023-02-18,NotIceCream,640,4174,aceite de coco,0,0.184,33,92108,0,5,2,2023,Filipinas,2528,Indonesia,2264
2023-02-19,NotIceCream,543,4174,aceite de coco,0,0.208,31,91468,0,6,2,2023,Filipinas,2528,Indonesia,2264
2023-02-20,NotIceCream,357,4174,aceite de coco,0,0.229,35,97925,0,0,2,2023,Filipinas,2528,Indonesia,2264
2023-02-21,NotIceCream,440,4174,aceite de coco,1,0.158,34,104568,0,1,2,2023,Filipinas,2528,Indonesia,2264
2023-02-22,NotIceCream,481,4174,aceite de coco,1,0.194,32,104128,0,2,2,2023,Filipinas,2528,Indonesia,2264
2023-02-23,NotIceCream,509,4174,aceite de coco,0,0.186,31,110647,0,3,2,2023,Filipinas,2528,Indonesia,2264
2023-02-24,NotIceCream,879,4174,aceite de coco,1,0.177,33,138138,0,4,2,2023,Filipinas,2528,Indonesia,2264
2023-02-25,NotIceCream,563,4174,aceite de coco,0,0.139,31,137259,0,5,2,2023,Filipinas,2528,Indonesia,2264
2023-02-26,NotIceCream,492,4174,aceite de coco,0,0.136,33,143696,0,6,2,2023,Filipinas,2528,Indonesia,2264
2023-02-27,NotIceCream,378,4174,aceite de coco,0,0.22,34,143204,0,0,2,2023,Filipinas,2528,Indonesia,2264
2023-02-28,NotIceCream,328,4174,aceite de coco,0,0.149,38,149826,0,1,2,2023,Filipinas,2528,Indonesia,2264
2023-03-01,NotIceCream,465,4174,aceite de coco,1,0.106,31,156498,0,2,3,2023,Filipinas,2528,Indonesia,2264
2023-03-02,NotIceCream,646,4174,aceite de coco,0,0.197,32,156033,0,3,3,2023,Filipinas,2528,Indonesia,2264
2023-03-03,NotIceCream,628,4174,aceite de coco,0,0.276,34,169387,0,4,3,2023,Filipinas,2528,Indonesia,2264
2023-03-04,NotIceCream,541,4174,aceite de coco,0,0.068,31,182759,0,5,3,2023,Filipinas,2528,Indonesia,2264
2023-03-05,NotIceCream,553,4174,aceite de coco,0,0.197,35,182218,0,6,3,2023,Filipinas,2528,Indonesia,2264
2023-03-06,NotIceCream,383,4174,aceite de coco,0,0.25,33,181665,0,0,3,2023,Filipinas,2528,Indonesia,2264
2023-03-07,NotIceCream,318,4174,aceite de coco,0,0.13,36,202282,0,1,3,2023,Filipinas,2528,Indonesia,2264
2023-03-08,NotIceCream,371,4174,aceite de coco,0,0.215,34,208964,0,2,3,2023,Filipinas,2528,Indonesia,2264
2023-03-09,NotIceCream,545,4174,aceite de coco,0,0.174,31,208593,0,3,3,2023,Filipinas,2528,Indonesia,2264
2023-03-10,NotIceCream,717,4174,aceite de coco,0,0.186,31,208048,0,4,3,2023,Filipinas,2528,Indonesia,2264
2023-03-11,NotIceCream,633,4174,aceite de coco,0,0.221,35,207331,0,5,3,2023,Filipinas,2528,Indonesia,2264
2023-03-12,NotIceCream,443,4174,aceite de coco,0,0.191,33,206698,0,6,3,2023,Filipinas,2528,Indonesia,2264
2023-03-13,NotIceCream,263,4174,aceite de coco,0,0.192,33,206255,0,0,3,2023,Filipinas,2528,Indonesia,2264
2023-03-14,NotIceCream,320,4174,aceite de coco,0,0.255,32,205992,0,1,3,2023,Filipinas,2528,Indonesia,2264
2023-03-15,NotIceCream,352,4174,aceite de coco,0,0.375,35,205672,0,2,3,2023,Filipinas,2528,Indonesia,2264
2023-03-16,NotIceCream,521,4174,aceite de coco,0,0.307,33,205320,0,3,3,2023,Filipinas,2528,Indonesia,2264
2023-03-17,NotIceCream,589,4174,aceite de coco,0,0.325,37,204799,0,4,3,2023,Filipinas,2528,Indonesia,2264
2023-03-18,NotIceCream,574,4174,aceite de coco,0,0.32,36,204210,0,5,3,2023,Filipinas,2528,Indonesia,2264
2023-03-19,NotIceCream,575,4174,aceite de coco,1,0.252,33,203636,0,6,3,2023,Filipinas,2528,Indonesia,2264
2023-03-20,NotIceCream,340,4174,aceite de coco,0,0.308,34,203061,0,0,3,2023,Filipinas,2528,Indonesia,2264
2023-03-21,NotIceCream,326,4174,aceite de coco,0,0.353,35,202721,0,1,3,2023,Filipinas,2528,Indonesia,2264
2023-03-22,NotIceCream,396,4174,aceite de coco,0,0.346,35,202395,0,2,3,2023,Filipinas,2528,Indonesia,2264
2023-03-23,NotIceCream,469,4174,aceite de coco,0,0.32,33,201999,0,3,3,2023,Filipinas,2528,Indonesia,2264
2023-03-24,NotIceCream,719,4174,aceite de coco,1,0.342,31,201530,0,4,3,2023,Filipinas,2528,Indonesia,2264
2023-03-25,NotIceCream,628,4174,aceite de coco,0,0.445,35,200811,0,5,3,2023,Filipinas,2528,Indonesia,2264
2023-03-26,NotIceCream,532,4174,aceite de coco,0,0.37,35,200183,0,6,3,2023,Filipinas,2528,Indonesia,2264
2023-03-27,NotIceCream,384,4174,aceite de coco,0,0.319,33,199651,0,0,3,2023,Filipinas,2528,Indonesia,2264
2023-03-28,NotIceCream,384,4174,aceite de coco,1,0.337,36,199267,0,1,3,2023,Filipinas,2528,Indonesia,2264
2023-03-29,NotIceCream,402,4174,aceite de coco,0,0.294,34,198883,0,2,3,2023,Filipinas,2528,Indonesia,2264
2023-03-30,NotIceCream,438,4174,aceite de coco,0,0.47,40,198481,0,3,3,2023,Filipinas,2528,Indonesia,2264
2023-03-31,NotIceCream,601,4174,aceite de coco,0,0.438,35,198043,0,4,3,2023,Filipinas,2528,Indonesia,2264
2023-04-01,NotIceCream,622,4174,aceite de coco,0,0.368,35,197442,0,5,4,2023,Filipinas,2528,Indonesia,2264
2023-04-02,NotIceCream,402,4174,aceite de coco,0,0.479,36,196820,0,6,4,2023,Filipinas,2528,Indonesia,2264
2023-04-03,NotIceCream,406,4174,aceite de coco,0,0.407,37,196418,0,0,4,2023,Filipinas,2528,Indonesia,2264
2023-04-04,NotIceCream,328,4174,aceite de coco,0,0.36,37,196012,0,1,4,2023,Filipinas,2528,Indonesia,2264
2023-04-05,NotIceCream,384,4174,aceite de coco,0,0.432,37,195684,0,2,4,2023,Filipinas,2528,Indonesia,2264
2023-04-06,NotIceCream,461,4174,aceite de coco,0,0.413,32,195300,0,3,4,2023,Filipinas,2528,Indonesia,2264
2023-04-07,NotIceCream,595,4174,aceite de coco,0,0.44,37,194839,0,4,4,2023,Filipinas,2528,Indonesia,2264
2023-04-08,NotIceCream,623,4174,aceite de coco,0,0.335,33,194244,0,5,4,2023,Filipinas,2528,Indonesia,2264
2023-04-09,NotIceCream,429,4174,aceite de coco,0,0.368,35,193621,0,6,4,2023,Filipinas,2528,Indonesia,2264
2023-04-10,NotIceCream,435,4174,aceite de coco,1,0.489,38,193192,0,0,4,2023,Filipinas,2528,Indonesia,2264
2023-04-11,NotIceCream,311,4174,aceite de coco,0,0.504,35,192757,0,1,4,2023,Filipinas,2528,Indonesia,2264
2023-04-12,NotIceCream,314,4174,aceite de coco,0,0.495,39,192446,0,2,4,2023,Filipinas,2528,Indonesia,2264
2023-04-13,NotIceCream,500,4174,aceite de coco,0,0.54,37,192132,0,3,4,2023,Filipinas,2528,Indonesia,2264
2023-04-14,NotIceCream,501,4174,aceite de coco,0,0.463,41,191632,0,4,4,2023,Filipinas,2528,Indonesia,2264
2023-04-15,NotIceCream,527,4174,aceite de coco,0,0.464,37,191131,0,5,4,2023,Filipinas,2528,Indonesia,2264
2023-04-16,NotIceCream,440,4174,aceite de coco,0,0.398,39,190604,0,6,4,2023,Filipinas,2528,Indonesia,2264
2023-04-17,NotIceCream,344,4174,aceite de coco,0,0.419,38,190164,0,0,4,2023,Filipinas,2528,Indonesia,2264
2023-04-18,NotIceCream,266,4174,aceite de coco,0,0.352,34,189820,0,1,4,2023,Filipinas,2528,Indonesia,2264
2023-04-19,NotIceCream,349,4174,aceite de coco,0,0.44,34,189554,0,2,4,2023,Filipinas,2528,Indonesia,2264
2023-04-20,NotIceCream,447,4174,aceite de coco,0,0.357,35,189205,0,3,4,2023,Filipinas,2528,Indonesia,2264
2023-04-21,NotIceCream,542,4174,aceite de coco,0,0.518,36,188758,0,4,4,2023,Filipinas,2528,Indonesia,2264
2023-04-22,NotIceCream,608,4174,aceite de coco,0,0.487,40,188216,0,5,4,2023,Filipinas,2528,Indonesia,2264
2023-04-23,NotIceCream,403,4174,aceite de coco,0,0.369,35,187608,0,6,4,2023,Filipinas,2528,Indonesia,2264
2023-04-24,NotIceCream,417,4174,aceite de coco,1,0.464,36,187205,0,0,4,2023,Filipinas,2528,Indonesia,2264
2023-04-25,NotIceCream,272,4174,aceite de coco,0,0.575,35,186788,0,1,4,2023,Filipinas,2528,Indonesia,2264
2023-04-26,NotIceCream,319,4174,aceite de coco,0,0.474,37,186516,0,2,4,2023,Filipinas,2528,Indonesia,2264
2023-04-27,NotIceCream,413,4174,aceite de coco,0,0.433,34,186197,0,3,4,2023,Filipinas,2528,Indonesia,2264
2023-04-28,NotIceCream,497,4174,aceite de coco,0,0.396,36,185784,0,4,4,2023,Filipinas,2528,Indonesia,2264
2023-04-29,NotIceCream,503,4174,aceite de coco,0,0.4,37,185287,0,5,4,2023,Filipinas,2528,Indonesia,2264
2023-04-30,NotIceCream,424,4174,aceite de coco,0,0.516,36,184784,0,6,4,2023,Filipinas,2528,Indonesia,2264
2023-05-01,NotIceCream,324,4174,aceite de coco,0,0.47,38,184360,0,0,5,2023,Filipinas,2528,Indonesia,2264
2023-05-02,NotIceCream,256,4174,aceite de coco,0,0.476,36,184036,0,1,5,2023,Filipinas,2528,Indonesia,2264
2023-05-03,NotIceCream,316,4174,aceite de coco,0,0.473,34,183780,0,2,5,2023,Filipinas,2528,Indonesia,2264
2023-05-04,NotIceCream,438,4174,aceite de coco,0,0.489,40,183464,0,3,5,2023,Filipinas,2528,Indonesia,2264
2023-05-05,NotIceCream,546,4174,aceite de coco,0,0.436,34,183026,0,4,5,2023,Filipinas,2528,Indonesia,2264
2023-05-06,NotIceCream,540,4174,aceite de coco,0,0.514,38,182480,0,5,5,2023,Filipinas,2528,Indonesia,2264
2023-05-07,NotIceCream,366,4174,aceite de coco,0,0.428,37,181940,0,6,5,2023,Filipinas,2528,Indonesia,2264
2023-05-08,NotIceCream,290,4174,aceite de coco,0,0.462,37,181574,0,0,5,2023,Filipinas,2528,Indonesia,2264
2023-05-09,NotIceCream,277,4174,aceite de coco,0,0.55,38,181284,0,1,5,2023,Filipinas,2528,Indonesia,2264
2023-05-10,NotIceCream,277,4174,aceite de coco,0,0.519,35,181007,0,2,5,2023,Filipinas,2528,Indonesia,2264
2023-05-11,NotIceCream,425,4174,aceite de coco,0,0.534,41,180730,0,3,5,2023,Filipinas,2528,Indonesia,2264
2023-05-12,NotIceCream,497,4174,aceite de coco,0,0.607,40,180305,0,4,5,2023,Filipinas,2528,Indonesia,2264
2023-05-13,NotIceCream,470,4174,aceite de coco,0,0.496,38,179808,0,5,5,2023,Filipinas,2528,Indonesia,2264
2023-05-14,NotIceCream,445,4174,aceite de coco,0,0.5,34,179338,0,6,5,2023,Filipinas,2528,Indonesia,2264
2023-05-15,NotIceCream,285,4174,aceite de coco,0,0.484,35,178893,0,0,5,2023,Filipinas,2528,Indonesia,2264
2023-05-16,NotIceCream,270,4174,aceite de coco,0,0.474,38,178608,0,1,5,2023,Filipinas,2528,Indonesia,2264
2023-05-17,NotIceCream,296,4174,aceite de coco,0,0.445,32,178338,0,2,5,2023,Filipinas,2528,Indonesia,2264
2023-05-18,NotIceCream,418,4174,aceite de coco,0,0.498,38,178042,0,3,5,2023,Filipinas,2528,Indonesia,2264
2023-05-19,NotIceCream,459,4174,aceite de coco,0,0.51,34,177624,0,4,5,2023,Filipinas,2528,Indonesia,2264
2023-05-20,NotIceCream,448,4174,aceite de coco,0,0.511,35,177165,0,5,5,2023,Filipinas,2528,Indonesia,2264
2023-05-21,NotIceCream,388,4174,aceite de coco,0,0.491,34,176717,0,6,5,2023,Filipinas,2528,Indonesia,2264
2023-05-22,NotIceCream,280,4174,aceite de coco,0,0.532,38,176329,0,0,5,2023,Filipinas,2528,Indonesia,2264
2023-05-23,NotIceCream,241,4174,aceite de coco,0,0.485,39,176049,0,1,5,2023,Filipinas,2528,Indonesia,2264
2023-05-24,NotIceCream,290,4174,aceite de coco,0,0.46,37,175808,0,2,5,2023,Filipinas,2528,Indonesia,2264
2023-05-25,NotIceCream,343,4174,aceite de coco,0,0.431,37,175518,0,3,5,2023,Filipinas,2528,Indonesia,2264
2023-05-26,NotIceCream,527,4174,aceite de coco,1,0.397,36,175175,0,4,5,2023,Filipinas,2528,Indonesia,2264
2023-05-27,NotIceCream,477,4174,aceite de coco,0,0.544,39,174648,0,5,5,2023,Filipinas,2528,Indonesia,2264
2023-05-28,NotIceCream,302,4174,aceite de coco,0,0.433,37,174171,0,6,5,2023,Filipinas,2528,Indonesia,2264
2023-05-29,NotIceCream,263,4174,aceite de coco,0,0.418,30,173869,0,0,5,2023,Filipinas,2528,Indonesia,2264
2023-05-30,NotIceCream,216,4174,aceite de coco,0,0.44,38,173606,0,1,5,2023,Filipinas,2528,Indonesia,2264
2023-05-31,NotIceCream,285,4174,aceite de coco,0,0.443,38,173390,0,2,5,2023,Filipinas,2528,Indonesia,2264
2023-06-01,NotIceCream,377,4174,aceite de coco,0,0.535,37,173105,0,3,6,2023,Filipinas,2528,Indonesia,2264
2023-06-02,NotIceCream,411,4174,aceite de coco,0,0.432,32,172728,0,4,6,2023,Filipinas,2528,Indonesia,2264
2023-06-03,NotIceCream,399,4174,aceite de coco,0,0.576,39,172317,0,5,6,2023,Filipinas,2528,Indonesia,2264
2023-06-04,NotIceCream,325,4174,aceite de coco,0,0.443,37,171918,0,6,6,2023,Filipinas,2528,Indonesia,2264
2023-06-05,NotIceCream,255,4174,aceite de coco,0,0.538,37,171593,0,0,6,2023,Filipinas,2528,Indonesia,2264
2023-06-06,NotIceCream,169,4174,aceite de coco,0,0.475,37,171338,0,1,6,2023,Filipinas,2528,Indonesia,2264
2023-06-07,NotIceCream,256,4174,aceite de coco,0,0.443,38,171169,0,2,6,2023,Filipinas,2528,Indonesia,2264
2023-06-08,NotIceCream,320,4174,aceite de coco,0,0.499,42,170913,0,3,6,2023,Filipinas,2528,Indonesia,2264
2023-06-09,NotIceCream,417,4174,aceite de coco,0,0.471,37,170593,0,4,6,2023,Filipinas,2528,Indonesia,2264
2023-06-10,NotIceCream,411,4174,aceite de coco,0,0.442,37,170176,0,5,6,2023,Filipinas,2528,Indonesia,2264
2023-06-11,NotIceCream,278,4174,aceite de coco,0,0.521,36,169765,0,6,6,2023,Filipinas,2528,Indonesia,2264
2023-06-12,NotIceCream,226,4174,aceite de coco,0,0.374,34,169487,0,0,6,2023,Filipinas,2528,Indonesia,2264
2023-06-13,NotIceCream,198,4174,aceite de coco,0,0.344,35,169261,0,1,6,2023,Filipinas,2528,Indonesia,2264
2023-06-14,NotIceCream,241,4174,aceite de coco,0,0.355,37,169063,0,2,6,2023,Filipinas,2528,Indonesia,2264
2023-06-15,NotIceCream,322,4174,aceite de coco,0,0.47,38,168822,0,3,6,2023,Filipinas,2528,Indonesia,2264
2023-06-16,NotIceCream,350,4174,aceite de coco,0,0.45,40,168500,0,4,6,2023,Filipinas,2528,Indonesia,2264
2023-06-17,NotIceCream,345,4174,aceite de coco,0,0.345,32,168150,0,5,6,2023,Filipinas,2528,Indonesia,2264
2023-06-18,NotIceCream,354,4174,aceite de coco,1,0.248,31,167805,0,6,6,2023,Filipinas,2528,Indonesia,2264
2023-06-19,NotIceCream,227,4174,aceite de coco,0,0.349,37,167451,0,0,6,2023,Filipinas,2528,Indonesia,2264
2023-06-20,NotIceCream,182,4174,aceite de coco,0,0.303,37,167224,0,1,6,2023,Filipinas,2528,Indonesia,2264
2023-06-21,NotIceCream,224,4174,aceite de coco,0,0.323,35,167042,0,2,6,2023,Filipinas,2528,Indonesia,2264
2023-06-22,NotIceCream,265,4174,aceite de coco,0,0.289,25,166818,0,3,6,2023,Filipinas,2528,Indonesia,2264
2023-06-23,NotIceCream,365,4174,aceite de coco,0,0.255,32,166553,0,4,6,2023,Filipinas,2528,Indonesia,2264
2023-06-24,NotIceCream,374,4174,aceite de coco,0,0.424,37,166188,0,5,6,2023,Filipinas,2528,Indonesia,2264
2023-06-25,NotIceCream,243,4174,aceite de coco,0,0.289,32,165814,0,6,6,2023,Filipinas,2528,Indonesia,2264
2023-06-26,NotIceCream,196,4174,aceite de coco,0,0.388,36,165571,0,0,6,2023,Filipinas,2528,Indonesia,2264
2023-06-27,NotIceCream,152,4174,aceite de coco,0,0.3,38,165375,0,1,6,2023,Filipinas,2528,Indonesia,2264
2023-06-28,NotIceCream,205,4174,aceite de coco,0,0.249,36,165223,0,2,6,2023,Filipinas,2528,Indonesia,2264
2023-06-29,NotIceCream,268,4174,aceite de coco,0,0.325,36,165018,0,3,6,2023,Filipinas,2528,Indonesia,2264
2023-06-30,NotIceCream,355,4174,aceite de coco,0,0.274,34,164750,0,4,6,2023,Filipinas,2528,Indonesia,2264
2023-07-01,NotIceCream,447,4174,aceite de coco,1,0.277,33,164395,0,5,7,2023,Filipinas,2528,Indonesia,2264
2023-07-02,NotIceCream,383,4174,aceite de coco,1,0.289,36,163948,0,6,7,2023,Filipinas,2528,Indonesia,2264
2023-07-03,NotIceCream,192,4174,aceite de coco,0,0.235,33,163565,0,0,7,2023,Filipinas,2528,Indonesia,2264
2023-07-04,NotIceCream,168,4174,aceite de coco,0,0.189,33,163373,0,1,7,2023,Filipinas,2528,Indonesia,2264
2023-07-05,NotIceCream,191,4174,aceite de coco,0,0.262,31,163205,0,2,7,2023,Filipinas,2528,Indonesia,2264
2023-07-06,NotIceCream,249,4174,aceite de coco,0,0.307,33,163014,0,3,7,2023,Filipinas,2528,Indonesia,2264
2023-07-07,NotIceCream,347,4174,aceite de coco,0,0.208,34,162765,0,4,7,2023,Filipinas,2528,Indonesia,2264
2023-07-08,NotIceCream,348,4174,aceite de coco,0,0.256,31,162418,0,5,7,2023,Filipinas,2528,Indonesia,2264
2023-07-09,NotIceCream,268,4174,aceite de coco,0,0.318,35,162070,0,6,7,2023,Filipinas,2528,Indonesia,2264
2023-07-10,NotIceCream,184,4174,aceite de coco,0,0.233,34,161802,0,0,7,2023,Filipinas,2528,Indonesia,2264
2023-07-11,NotIceCream,142,4174,aceite de coco,0,0.237,34,161618,0,1,7,2023,Filipinas,2528,Indonesia,2264
2023-07-12,NotIceCream,206,4174,aceite de coco,0,0.23,34,161476,0,2,7,2023,Filipinas,2528,Indonesia,2264
2023-07-13,NotIceCream,270,4174,aceite de coco,0,0.188,34,161270,0,3,7,2023,Filipinas,2528,Indonesia,2264
2023-07-14,NotIceCream,357,4174,aceite de coco,0,0.168,31,161000,0,4,7,2023,Filipinas,2528,Indonesia,2264
2023-07-15,NotIceCream,272,4174,aceite de coco,0,0.163,29,160643,0,5,7,2023,Filipinas,2528,Indonesia,2264
2023-07-16,NotIceCream,317,4174,aceite de coco,1,0.227,31,160371,0,6,7,2023,Filipinas,2528,Indonesia,2264
2023-07-17,NotIceCream,180,4174,aceite de coco,0,0.242,35,160054,0,0,7,2023,Filipinas,2528,Indonesia,2264
2023-07-18,NotIceCream,142,4174,aceite de coco,0,0.24,31,159874,0,1,7,2023,Filipinas,2528,Indonesia,2264
2023-07-19,NotIceCream,199,4174,aceite de coco,0,0.176,30,159732,0,2,7,2023,Filipinas,2528,Indonesia,2264
2023-07-20,NotIceCream,348,4174,aceite de coco,1,0.246,31,159533,0,3,7,2023,Filipinas,2528,Indonesia,2264
2023-07-21,NotIceCream,270,4174,aceite de coco,0,0.203,29,159185,0,4,7,2023,Filipinas,2528,Indonesia,2264
2023-07-22,NotIceCream,281,4174,aceite de coco,0,0.188,30,158915,0,5,7,2023,Filipinas,2528,Indonesia,2264
2023-07-23,NotIceCream,210,4174,aceite de coco,0,0.014,32,158634,0,6,7,2023,Filipinas,2528,Indonesia,2264
2023-07-24,NotIceCream,158,4174,aceite de coco,0,0.136,30,158424,0,0,7,2023,Filipinas,2528,Indonesia,2264
2023-07-25,NotIceCream,147,4174,aceite de coco,0,0.098,28,158266,0,1,7,2023,Filipinas,2528,Indonesia,2264
2023-07-26,NotIceCream,184,4174,aceite de coco,0,0.202,32,158119,0,2,7,2023,Filipinas,2528,Indonesia,2264
2023-07-27,NotIceCream,237,4174,aceite de coco,0,0.173,33,157935,0,3,7,2023,Filipinas,2528,Indonesia,2264
2023-07-28,NotIceCream,261,4174,aceite de coco,0,0.112,28,157698,0,4,7,2023,Filipinas,2528,Indonesia,2264
2023-07-29,NotIceCream,280,4174,aceite de coco,0,0.179,34,157437,0,5,7,2023,Filipinas,2528,Indonesia,2264
2023-07-30,NotIceCream,230,4174,aceite de coco,0,0.09,28,157157,0,6,7,2023,Filipinas,2528,Indonesia,2264
2023-07-31,NotIceCream,132,4174,aceite de coco,0,0.107,31,156927,0,0,7,2023,Filipinas,2528,Indonesia,2264
2023-08-01,NotIceCream,134,4174,aceite de coco,0,0.122,31,156795,0,1,8,2023,Filipinas,2528,Indonesia,2264
2023-08-02,NotIceCream,161,4174,aceite de coco,0,0.183,31,156661,0,2,8,2023,Filipinas,2528,Indonesia,2264
2023-08-03,NotIceCream,240,4174,aceite de coco,0,0.224,33,156500,0,3,8,2023,Filipinas,2528,Indonesia,2264
2023-08-04,NotIceCream,275,4174,aceite de coco,0,0.124,33,156260,0,4,8,2023,Filipinas,2528,Indonesia,2264
2023-08-05,NotIceCream,271,4174,aceite de coco,0,0.218,33,155985,0,5,8,2023,Filipinas,2528,Indonesia,2264
2023-08-06,NotIceCream,201,4174,aceite de coco,0,0.154,31,155714,0,6,8,2023,Filipinas,2528,Indonesia,2264
2023-08-07,NotIceCream,151,4174,aceite de coco,0,0.162,33,155513,0,0,8,2023,Filipinas,2528,Indonesia,2264
2023-08-08,NotIceCream,138,4174,aceite de coco,0,0.147,32,155362,0,1,8,2023,Filipinas,2528,Indonesia,2264
2023-08-09,NotIceCream,157,4174,aceite de coco,0,0.14,31,155224,0,2,8,2023,Filipinas,2528,Indonesia,2264
2023-08-10,NotIceCream,219,4174,aceite de coco,0,0.172,32,155067,0,3,8,2023,Filipinas,2528,Indonesia,2264
2023-08-11,NotIceCream,227,4174,aceite de coco,0,0.187,31,154848,0,4,8,2023,Filipinas,2528,Indonesia,2264
2023-08-12,NotIceCream,252,4174,aceite de coco,0,0.106,30,154621,0,5,8,2023,Filipinas,2528,Indonesia,2264
2023-08-13,NotIceCream,171,4174,aceite de coco,0,0.142,34,154369,0,6,8,2023,Filipinas,2528,Indonesia,2264
2023-08-14,NotIceCream,141,4174,aceite de coco,0,0.236,34,154198,0,0,8,2023,Filipinas,2528,Indonesia,2264
2023-08-15,NotIceCream,126,4174,aceite de coco,0,0.162,34,154057,0,1,8,2023,Filipinas,2528,Indonesia,2264
2023-08-16,NotIceCream,164,4174,aceite de coco,0,0.169,34,153931,0,2,8,2023,Filipinas,2528,Indonesia,2264
2023-08-17,NotIceCream,194,4174,aceite de coco,0,0.214,31,153767,0,3,8,2023,Filipinas,2528,Indonesia,2264
2023-08-18,NotIceCream,261,4174,aceite de coco,0,0.133,34,153573,0,4,8,2023,Filipinas,2528,Indonesia,2264
2023-08-19,NotIceCream,277,4174,aceite de coco,0,0.158,32,153312,0,5,8,2023,Filipinas,2528,Indonesia,2264
2023-08-20,NotIceCream,189,4174,aceite de coco,0,0.202,35,153035,0,6,8,2023,Filipinas,2528,Indonesia,2264
2023-08-21,NotIceCream,126,4174,aceite de coco,0,0.226,33,152846,0,0,8,2023,Filipinas,2528,Indonesia,2264
2023-08-22,NotIceCream,126,4174,aceite de coco,0,0.048,31,152720,0,1,8,2023,Filipinas,2528,Indonesia,2264
2023-08-23,NotIceCream,138,4174,aceite de coco,0,0.132,33,152594,0,2,8,2023,Filipinas,2528,Indonesia,2264
2023-08-24,NotIceCream,195,4174,aceite de coco,0,0.122,33,152456,0,3,8,2023,Filipinas,2528,Indonesia,2264
2023-08-25,NotIceCream,269,4174,aceite de coco,0,0.168,29,152261,0,4,8,2023,Filipinas,2528,Indonesia,2264
2023-08-26,NotIceCream,384,4174,aceite de coco,1,0.132,29,151992,0,5,8,2023,Filipinas,2528,Indonesia,2264
2023-08-27,NotIceCream,182,4174,aceite de coco,0,0.214,34,151608,0,6,8,2023,Filipinas,2528,Indonesia,2264
2023-08-28,NotIceCream,135,4174,aceite de coco,0,0.193,33,151426,0,0,8,2023,Filipinas,2528,Indonesia,2264
2023-08-29,NotIceCream,118,4174,aceite de coco,0,0.233,32,151291,0,1,8,2023,Filipinas,2528,Indonesia,2264
2023-08-30,NotIceCream,145,4174,aceite de coco,0,0.24,34,151173,0,2,8,2023,Filipinas,2528,Indonesia,2264
2023-08-31,NotIceCream,241,4174,aceite de coco,0,0.23,30,151028,0,3,8,2023,Filipinas,2528,Indonesia,2264
2023-09-01,NotIceCream,240,4174,aceite de coco,0,0.183,39,150787,0,4,9,2023,Filipinas,2528,Indonesia,2264
2023-09-02,NotIceCream,239,4174,aceite de coco,0,0.21,36,150547,0,5,9,2023,Filipinas,2528,Indonesia,2264
2023-09-03,NotIceCream,225,4174,aceite de coco,0,0.186,34,150308,0,6,9,2023,Filipinas,2528,Indonesia,2264
2023-09-04,NotIceCream,184,4174,aceite de coco,1,0.145,32,150083,0,0,9,2023,Filipinas,2528,Indonesia,2264
2023-09-05,NotIceCream,134,4174,aceite de coco,0,0.266,32,149899,0,1,9,2023,Filipinas,2528,Indonesia,2264
2023-09-06,NotIceCream,142,4174,aceite de coco,0,0.219,30,149765,0,2,9,2023,Filipinas,2528,Indonesia,2264
2023-09-07,NotIceCream,202,4174,aceite de coco,0,0.153,32,149623,0,3,9,2023,Filipinas,2528,Indonesia,2264
2023-09-08,NotIceCream,233,4174,aceite de coco,0,0.26,32,149421,0,4,9,2023,Filipinas,2528,Indonesia,2264
2023-09-09,NotIceCream,266,4174,aceite de coco,0,0.227,32,149188,0,5,9,2023,Filipinas,2528,Indonesia,2264
2023-09-10,NotIceCream,222,4174,aceite de coco,0,0.141,29,148922,0,6,9,2023,Filipinas,2528,Indonesia,2264
2023-09-11,NotIceCream,140,4174,aceite de coco,0,0.18,33,148700,0,0,9,2023,Filipinas,2528,Indonesia,2264
2023-09-12,NotIceCream,123,4174,aceite de coco,0,0.219,32,148560,0,1,9,2023,Filipinas,2528,Indonesia,2264
2023-09-13,NotIceCream,152,4174,aceite de coco,0,0.27,35,148437,0,2,9,2023,Filipinas,2528,Indonesia,2264
2023-09-14,NotIceCream,250,4174,aceite de coco,1,0.305,35,148285,0,3,9,2023,Filipinas,2528,Indonesia,2264
2023-09-15,NotIceCream,246,4174,aceite de coco,0,0.309,35,148035,0,4,9,2023,Filipinas,2528,Indonesia,2264
2023-09-16,NotIceCream,272,4174,aceite de coco,0,0.307,40,147789,0,5,9,2023,Filipinas,2528,Indonesia,2264
2023-09-17,NotIceCream,193,4174,aceite de coco,0,0.281,36,147517,0,6,9,2023,Filipinas,2528,Indonesia,2264
2023-09-18,NotIceCream,152,4174,aceite de coco,0,0.375,33,147324,0,0,9,2023,Filipinas,2528,Indonesia,2264
2023-09-19,NotIceCream,116,4174,aceite de coco,0,0.33,36,147172,0,1,9,2023,Filipinas,2528,Indonesia,2264
2023-09-20,NotIceCream,160,4174,aceite de coco,0,0.312,34,147056,0,2,9,2023,Filipinas,2528,Indonesia,2264
2023-09-21,NotIceCream,213,4174,aceite de coco,0,0.335,32,146896,0,3,9,2023,Filipinas,2528,Indonesia,2264
2023-09-22,NotIceCream,243,4174,aceite de coco,0,0.293,31,146683,0,4,9,2023,Filipinas,2528,Indonesia,2264
2023-09-23,NotIceCream,283,4174,aceite de coco,0,0.316,35,146440,0,5,9,2023,Filipinas,2528,Indonesia,2264
2023-09-24,NotIceCream,292,4174,aceite de coco,1,0.22,34,146157,0,6,9,2023,Filipinas,2528,Indonesia,2264
2023-09-25,NotIceCream,145,4174,aceite de coco,0,0.311,32,145865,0,0,9,2023,Filipinas,2528,Indonesia,2264
2023-09-26,NotIceCream,133,4174,aceite de coco,0,0.425,38,145720,0,1,9,2023,Filipinas,2528,Indonesia,2264
2023-09-27,NotIceCream,207,4174,aceite de coco,1,0.35,35,145587,0,2,9,2023,Filipinas,2528,Indonesia,2264
2023-09-28,NotIceCream,199,4174,aceite de coco,0,0.354,37,145380,0,3,9,2023,Filipinas,2528,Indonesia,2264
2023-09-29,NotIceCream,250,4174,aceite de coco,0,0.404,38,145181,0,4,9,2023,Filipinas,2528,Indonesia,2264
2023-09-30,NotIceCream,306,4174,aceite de coco,0,0.378,35,144931,0,5,9,2023,Filipinas,2528,Indonesia,2264
2023-10-01,NotIceCream,207,4174,aceite de coco,0,0.327,38,144625,0,6,10,2023,Filipinas,2528,Indonesia,2264
2023-10-02,NotIceCream,181,4174,aceite de coco,0,0.373,33,144418,0,0,10,2023,Filipinas,2528,Indonesia,2264
2023-10-03,NotIceCream,127,4174,aceite de coco,0,0.321,39,144237,0,1,10,2023,Filipinas,2528,Indonesia,2264
2023-10-04,NotIceCream,186,4174,aceite de coco,0,0.393,34,144110,0,2,10,2023,Filipinas,2528,Indonesia,2264
2023-10-05,NotIceCream,238,4174,aceite de coco,0,0.347,35,143924,0,3,10,2023,Filipinas,2528,Indonesia,2264
2023-10-06,NotIceCream,291,4174,aceite de coco,0,0.441,35,143686,0,4,10,2023,Filipinas,2528,Indonesia,2264
2023-10-07,NotIceCream,336,4174,aceite de coco,0,0.375,34,143395,0,5,10,2023,Filipinas,2528,Indonesia,2264
2023-10-08,NotIceCream,214,4174,aceite de coco,0,0.364,41,143059,0,6,10,2023,Filipinas,2528,Indonesia,2264
2023-10-09,NotIceCream,182,4174,aceite de coco,0,0.405,35,142845,0,0,10,2023,Filipinas,2528,Indonesia,2264
2023-10-10,NotIceCream,156,4174,aceite de coco,0,0.434,38,142663,0,1,10,2023,Filipinas,2528,Indonesia,2264
2023-10-11,NotIceCream,322,4174,aceite de coco,1,0.361,35,142507,0,2,10,2023,Filipinas,2528,Indonesia,2264
2023-10-12,NotIceCream,236,4174,aceite de coco,0,0.4,37,142185,0,3,10,2023,Filipinas,2528,Indonesia,2264
2023-10-13,NotIceCream,375,4174,aceite de coco,1,0.436,35,141949,0,4,10,2023,Filipinas,2528,Indonesia,2264
2023-10-14,NotIceCream,329,4174,aceite de coco,0,0.503,38,141574,0,5,10,2023,Filipinas,2528,Indonesia,2264
2023-10-15,NotIceCream,248,4174,aceite de coco,0,0.314,36,141245,0,6,10,2023,Filipinas,2528,Indonesia,2264
2023-10-16,NotIceCream,177,4174,aceite de coco,0,0.476,35,140997,0,0,10,2023,Filipinas,2528,Indonesia,2264
2023-10-17,NotIceCream,171,4174,aceite de coco,0,0.43,42,140820,0,1,10,2023,Filipinas,2528,Indonesia,2264
2023-10-18,NotIceCream,193,4174,aceite de coco,0,0.429,37,140649,0,2,10,2023,Filipinas,2528,Indonesia,2264
2023-10-19,NotIceCream,254,4174,aceite de coco,0,0.423,35,140456,0,3,10,2023,Filipinas,2528,Indonesia,2264
2023-10-20,NotIceCream,350,4174,aceite de coco,0,0.443,35,140202,0,4,10,2023,Filipinas,2528,Indonesia,2264
2023-10-21,NotIceCream,338,4174,aceite de coco,0,0.496,37,139852,0,5,10,2023,Filipinas,2528,Indonesia,2264
2023-10-22,NotIceCream,260,4174,aceite de coco,0,0.442,34,139514,0,6,10,2023,Filipinas,2528,Indonesia,2264
2023-10-23,NotIceCream,189,4174,aceite de coco,0,0.555,41,139254,0,0,10,2023,Filipinas,2528,Indonesia,2264
2023-10-24,NotIceCream,156,4174,aceite de coco,0,0.506,38,139065,0,1,10,2023,Filipinas,2528,Indonesia,2264
2023-10-25,NotIceCream,222,4174,aceite de coco,0,0.488,37,138909,0,2,10,2023,Filipinas,2528,Indonesia,2264
2023-10-26,NotIceCream,282,4174,aceite de coco,0,0.473,39,138687,0,3,10,2023,Filipinas,2528,Indonesia,2264
2023-10-27,NotIceCream,330,4174,aceite de coco,0,0.543,36,138405,0,4,10,2023,Filipinas,2528,Indonesia,2264
2023-10-28,NotIceCream,313,4174,aceite de coco,0,0.553,35,138075,0,5,10,2023,Filipinas,2528,Indonesia,2264
2023-10-29,NotIceCream,293,4174,aceite de coco,0,0.43,36,137762,0,6,10,2023,Filipinas,2528,Indonesia,2264
2023-10-30,NotIceCream,199,4174,aceite de coco,0,0.455,37,137469,0,0,10,2023,Filipinas,2528,Indonesia,2264
2023-10-31,NotIceCream,150,4174,aceite de coco,0,0.524,38,137270,0,1,10,2023,Filipinas,2528,Indonesia,2264
2023-11-01,NotIceCream,202,4174,aceite de coco,0,0.541,35,137120,0,2,11,2023,Filipinas,2528,Indonesia,2264
2023-11-02,NotIceCream,303,4174,aceite de coco,0,0.48,36,136918,0,3,11,2023,Filipinas,2528,Indonesia,2264
2023-11-03,NotIceCream,368,4174,aceite de coco,0,0.459,30,136615,0,4,11,2023,Filipinas,2528,Indonesia,2264
2023-11-04,NotIceCream,364,4174,aceite de coco,0,0.502,35,136247,0,5,11,2023,Filipinas,2528,Indonesia,2264
2023-11-05,NotIceCream,398,4174,aceite de coco,1,0.572,39,135883,0,6,11,2023,Filipinas,2528,Indonesia,2264
2023-11-06,NotIceCream,195,4174,aceite de coco,0,0.501,39,135485,0,0,11,2023,Filipinas,2528,Indonesia,2264
2023-11-07,NotIceCream,177,4174,aceite de coco,0,0.436,34,135290,0,1,11,2023,Filipinas,2528,Indonesia,2264
2023-11-08,NotIceCream,260,4174,aceite de coco,0,0.505,36,135113,0,2,11,2023,Filipinas,2528,Indonesia,2264
2023-11-09,NotIceCream,356,4174,aceite de coco,0,0.539,38,134853,0,3,11,2023,Filipinas,2528,Indonesia,2264
2023-11-10,NotIceCream,417,4174,aceite de coco,0,0.495,39,134497,0,4,11,2023,Filipinas,2528,Indonesia,2264
2023-11-11,NotIceCream,410,4174,aceite de coco,0,0.562,41,134080,0,5,11,2023,Filipinas,2528,Indonesia,2264
2023-11-12,NotIceCream,345,4174,aceite de coco,0,0.542,38,133670,0,6,11,2023,Filipinas,2528,Indonesia,2264
2023-11-13,NotIceCream,214,4174,aceite de coco,0,0.495,36,133325,0,0,11,2023,Filipinas,2528,Indonesia,2264
2023-11-14,NotIceCream,203,4174,aceite de coco,0,0.499,34,133111,0,1,11,2023,Filipinas,2528,Indonesia,2264
2023-11-15,NotIceCream,230,4174,aceite de coco,0,0.404,36,132908,0,2,11,2023,Filipinas,2528,Indonesia,2264
2023-11-16,NotIceCream,318,4174,aceite de coco,0,0.555,42,132678,0,3,11,2023,Filipinas,2528,Indonesia,2264
2023-11-17,NotIceCream,436,4174,aceite de coco,0,0.476,39,132360,0,4,11,2023,Filipinas,2528,Indonesia,2264
2023-11-18,NotIceCream,451,4174,aceite de coco,0,0.471,37,131924,0,5,11,2023,Filipinas,2528,Indonesia,2264
2023-11-19,NotIceCream,336,4174,aceite de coco,0,0.462,37,131473,0,6,11,2023,Filipinas,2528,Indonesia,2264
2023-11-20,NotIceCream,282,4174,aceite de coco,0,0.51,36,131137,0,0,11,2023,Filipinas,2528,Indonesia,2264
2023-11-21,NotIceCream,218,4174,aceite de coco,0,0.428,35,130855,0,1,11,2023,Filipinas,2528,Indonesia,2264
2023-11-22,NotIceCream,251,4174,aceite de coco,0,0.433,36,130637,0,2,11,2023,Filipinas,2528,Indonesia,2264
2023-11-23,NotIceCream,338,4174,aceite de coco,0,0.477,37,130386,0,3,11,2023,Filipinas,2528,Indonesia,2264
2023-11-24,NotIceCream,485,4174,aceite de coco,0,0.445,38,130048,0,4,11,2023,Filipinas,2528,Indonesia,2264
2023-11-25,NotIceCream,449,4174,aceite de coco,0,0.49,39,129563,0,5,11,2023,Filipinas,2528,Indonesia,2264
2023-11-26,NotIceCream,381,4174,aceite de coco,0,0.441,37,129114,0,6,11,2023,Filipinas,2528,Indonesia,2264
2023-11-27,NotIceCream,208,4174,aceite de coco,0,0.546,36,128733,0,0,11,2023,Filipinas,2528,Indonesia,2264
2023-11-28,NotIceCream,232,4174,aceite de coco,0,0.498,35,128525,0,1,11,2023,Filipinas,2528,Indonesia,2264
2023-11-29,NotIceCream,271,4174,aceite de coco,0,0.493,35,128293,0,2,11,2023,Filipinas,2528,Indonesia,2264
2023-11-30,NotIceCream,348,4174,aceite de coco,0,0.425,36,128022,0,3,11,2023,Filipinas,2528,Indonesia,2264
2023-12-01,NotIceCream,472,4174,aceite de coco,0,0.571,34,127674,0,4,12,2023,Filipinas,2528,Indonesia,2264
2023-12-02,NotIceCream,510,4174,aceite de coco,0,0.425,36,127202,0,5,12,2023,Filipinas,2528,Indonesia,2264
2023-12-03,NotIceCream,451,4174,aceite de coco,0,0.407,39,126692,0,6,12,2023,Filipinas,2528,Indonesia,2264
2023-12-04,NotIceCream,284,4174,aceite de coco,0,0.473,38,126241,0,0,12,2023,Filipinas,2528,Indonesia,2264
2023-12-05,NotIceCream,226,4174,aceite de coco,0,0.443,36,125957,0,1,12,2023,Filipinas,2528,Indonesia,2264
2023-12-06,NotIceCream,280,4174,aceite de coco,0,0.388,34,125731,0,2,12,2023,Filipinas,2528,Indonesia,2264
2023-12-07,NotIceCream,445,4174,aceite de coco,0,0.533,39,125451,0,3,12,2023,Filipinas,2528,Indonesia,2264
2023-12-08,NotIceCream,460,4174,aceite de coco,0,0.467,37,125006,0,4,12,2023,Filipinas,2528,Indonesia,2264
2023-12-09,NotIceCream,519,4174,aceite de coco,0,0.414,35,124546,0,5,12,2023,Filipinas,2528,Indonesia,2264
2023-12-10,NotIceCream,524,4174,aceite de coco,1,0.528,36,124027,0,6,12,2023,Filipinas,2528,Indonesia,2264
2023-12-11,NotIceCream,297,4174,aceite de coco,0,0.443,36,123503,0,0,12,2023,Filipinas,2528,Indonesia,2264
2023-12-12,NotIceCream,266,4174,aceite de coco,1,0.397,35,123206,0,1,12,2023,Filipinas,2528,Indonesia,2264
2023-12-13,NotIceCream,371,4174,aceite de coco,1,0.506,39,122940,0,2,12,2023,Filipinas,2528,Indonesia,2264
2023-12-14,NotIceCream,383,4174,aceite de coco,0,0.419,38,122569,0,3,12,2023,Filipinas,2528,Indonesia,2264
2023-12-15,NotIceCream,500,4174,aceite de coco,0,0.411,33,122186,0,4,12,2023,Filipinas,2528,Indonesia,2264
2023-12-16,NotIceCream,557,4174,aceite de coco,0,0.356,33,121686,0,5,12,2023,Filipinas,2528,Indonesia,2264
2023-12-17,NotIceCream,463,4174,aceite de coco,0,0.371,38,121129,0,6,12,2023,Filipinas,2528,Indonesia,2264
2023-12-18,NotIceCream,313,4174,aceite de coco,0,0.343,35,120666,0,0,12,2023,Filipinas,2528,Indonesia,2264
2023-12-19,NotIceCream,252,4174,aceite de coco,0,0.429,34,120353,0,1,12,2023,Filipinas,2528,Indonesia,2264
2023-12-20,NotIceCream,370,4174,aceite de coco,0,0.271,36,120101,0,2,12,2023,Filipinas,2528,Indonesia,2264
2023-12-21,NotIceCream,433,4174,aceite de coco,0,0.414,36,119731,0,3,12,2023,Filipinas,2528,Indonesia,2264
2023-12-22,NotIceCream,499,4174,aceite de coco,0,0.296,39,119298,0,4,12,2023,Filipinas,2528,Indonesia,2264
2023-12-23,NotIceCream,573,4174,aceite de coco,0,0.33,34,118799,0,5,12,2023,Filipinas,2528,Indonesia,2264
2023-12-24,NotIceCream,457,4174,aceite de coco,0,0.313,37,118226,0,6,12,2023,Filipinas,2528,Indonesia,2264
2023-12-25,NotIceCream,307,4174,aceite de coco,0,0.295,31,117769,0,0,12,2023,Filipinas,2528,Indonesia,2264
2023-12-26,NotIceCream,381,4174,aceite de coco,1,0.35,38,117462,0,1,12,2023,Filipinas,2528,Indonesia,2264
2023-12-27,NotIceCream,355,4174,aceite de coco,0,0.309,36,117081,0,2,12,2023,Filipinas,2528,Indonesia,2264
2023-12-28,NotIceCream,590,4174,aceite de coco,1,0.27,37,116726,0,3,12,2023,Filipinas,2528,Indonesia,2264
2023-12-29,NotIceCream,593,4174,aceite de coco,0,0.305,36,116136,0,4,12,2023,Filipinas,2528,Indonesia,2264
2023-12-30,NotIceCream,542,4174,aceite de coco,0,0.257,33,115543,0,5,12,2023,Filipinas,2528,Indonesia,2264
2023-12-31,NotIceCream,478,4174,aceite de coco,0,0.259,31,115001,0,6,12,2023,Filipinas,2528,Indonesia,2264
2024-01-01,NotIceCream,334,4336,aceite de coco,0,0.205,32,114523,0,0,1,2024,Filipinas,2528,Indonesia,2264
2024-01-02,NotIceCream,276,4336,aceite de coco,0,0.251,30,114189,0,1,1,2024,Filipinas,2528,Indonesia,2264
2024-01-03,NotIceCream,349,4336,aceite de coco,0,0.293,32,113913,0,2,1,2024,Filipinas,2528,Indonesia,2264
2024-01-04,NotIceCream,488,4336,aceite de coco,0,0.264,35,113564,0,3,1,2024,Filipinas,2528,Indonesia,2264
2024-01-05,NotIceCream,525,4336,aceite de coco,0,0.348,35,113076,0,4,1,2024,Filipinas,2528,Indonesia,2264
2024-01-06,NotIceCream,556,4336,aceite de coco,0,0.382,35,112551,0,5,1,2024,Filipinas,2528,Indonesia,2264
2024-01-07,NotIceCream,478,4336,aceite de coco,0,0.223,32,111995,0,6,1,2024,Filipinas,2528,Indonesia,2264
2024-01-08,NotIceCream,308,4336,aceite de coco,0,0.199,29,111517,0,0,1,2024,Filipinas,2528,Indonesia,2264
2024-01-09,NotIceCream,282,4336,aceite de coco,0,0.292,34,111209,0,1,1,2024,Filipinas,2528,Indonesia,2264
2024-01-10,NotIceCream,439,4336,aceite de coco,0,0.247,34,110927,0,2,1,2024,Filipinas,2528,Indonesia,2264
2024-01-11,NotIceCream,463,4336,aceite de coco,0,0.282,32,110488,0,3,1,2024,Filipinas,2528,Indonesia,2264
2024-01-12,NotIceCream,595,4336,aceite de coco,0,0.24,32,110025,0,4,1,2024,Filipinas,2528,Indonesia,2264
2024-01-13,NotIceCream,565,4336,aceite de coco,0,0.206,36,109430,0,5,1,2024,Filipinas,2528,Indonesia,2264
2024-01-14,NotIceCream,486,4336,aceite de coco,0,0.202,35,108865,0,6,1,2024,Filipinas,2528,Indonesia,2264
2024-01-15,NotIceCream,333,4336,aceite de coco,0,0.228,30,108379,0,0,1,2024,Filipinas,2528,Indonesia,2264
2024-01-16,NotIceCream,300,4336,aceite de coco,0,0.192,33,108046,0,1,1,2024,Filipinas,2528,Indonesia,2264
2024-01-17,NotIceCream,358,4336,aceite de coco,0,0.259,37,107746,0,2,1,2024,Filipinas,2528,Indonesia,2264
2024-01-18,NotIceCream,760,4336,aceite de coco,1,0.129,31,107388,0,3,1,2024,Filipinas,2528,Indonesia,2264
2024-01-19,NotIceCream,636,4336,aceite de coco,0,0.251,33,106628,0,4,1,2024,Filipinas,2528,Indonesia,2264
2024-01-20,NotIceCream,573,4336,aceite de coco,0,0.093,33,105992,0,5,1,2024,Filipinas,2528,Indonesia,2264
2024-01-21,NotIceCream,538,4336,aceite de coco,0,0.19,35,105419,0,6,1,2024,Filipinas,2528,Indonesia,2264
2024-01-22,NotIceCream,338,4336,aceite de coco,0,0.163,34,104881,0,0,1,2024,Filipinas,2528,Indonesia,2264
2024-01-23,NotIceCream,364,4336,aceite de coco,1,0.1,31,104543,0,1,1,2024,Filipinas,2528,Indonesia,2264
2024-01-24,NotIceCream,502,4336,aceite de coco,1,0.07,32,104179,0,2,1,2024,Filipinas,2528,Indonesia,2264
2024-01-25,NotIceCream,619,4336,aceite de coco,0,0.115,35,103677,0,3,1,2024,Filipinas,2528,Indonesia,2264
2024-01-26,NotIceCream,552,4336,aceite de coco,0,0.17,32,103058,0,4,1,2024,Filipinas,2528,Indonesia,2264
2024-01-27,NotIceCream,569,4336,aceite de coco,0,0.135,31,102506,0,5,1,2024,Filipinas,2528,Indonesia,2264
2024-01-28,NotIceCream,547,4336,aceite de coco,0,0.11,34,101937,0,6,1,2024,Filipinas,2528,Indonesia,2264
2024-01-29,NotIceCream,355,4336,aceite de coco,0,0.228,37,101390,0,0,1,2024,Filipinas,2528,Indonesia,2264
2024-01-30,NotIceCream,337,4336,aceite de coco,0,0.097,36,101035,0,1,1,2024,Filipinas,2528,Indonesia,2264
2024-01-31,NotIceCream,371,4336,aceite de coco,0,0.191,32,100698,0,2,1,2024,Filipinas,2528,Indonesia,2264
2024-02-01,NotIceCream,554,4336,aceite de coco,0,0.111,31,100327,0,3,2,2024,Filipinas,2528,Indonesia,2264
2024-02-02,NotIceCream,752,4336,aceite de coco,0,0.098,29,99773,0,4,2,2024,Filipinas,2528,Indonesia,2264
2024-02-03,NotIceCream,587,4336,aceite de coco,0,0.122,32,99021,0,5,2,2024,Filipinas,2528,Indonesia,2264
2024-02-04,NotIceCream,568,4336,aceite de coco,0,0.183,30,98434,0,6,2,2024,Filipinas,2528,Indonesia,2264
2024-02-05,NotIceCream,402,4336,aceite de coco,0,0.082,30,97866,0,0,2,2024,Filipinas,2528,Indonesia,2264
2024-02-06,NotIceCream,288,4336,aceite de coco,0,0.165,34,97464,0,1,2,2024,Filipinas,2528,Indonesia,2264
2024-02-07,NotIceCream,422,4336,aceite de coco,0,0.102,32,97176,0,2,2,2024,Filipinas,2528,Indonesia,2264
2024-02-08,NotIceCream,560,4336,aceite de coco,0,0.111,28,96754,0,3,2,2024,Filipinas,2528,Indonesia,2264
2024-02-09,NotIceCream,675,4336,aceite de coco,0,0.17,36,96194,0,4,2,2024,Filipinas,2528,Indonesia,2264
2024-02-10,NotIceCream,677,4336,aceite de coco,0,0.259,31,95519,0,5,2,2024,Filipinas,2528,Indonesia,2264
2024-02-11,NotIceCream,518,4336,aceite de coco,0,0.105,30,94842,0,6,2,2024,Filipinas,2528,Indonesia,2264
2024-02-12,NotIceCream,389,4336,aceite de coco,0,0.188,30,94324,0,0,2,2024,Filipinas,2528,Indonesia,2264
2024-02-13,NotIceCream,337,4336,aceite de coco,0,0.137,31,93935,0,1,2,2024,Filipinas,2528,Indonesia,2264
2024-02-14,NotIceCream,434,4336,aceite de coco,0,0.13,30,93598,0,2,2,2024,Filipinas,2528,Indonesia,2264
2024-02-15,NotIceCream,494,4336,aceite de coco,0,0.209,31,93164,0,3,2,2024,Filipinas,2528,Indonesia,2264
2024-02-16,NotIceCream,747,4336,aceite de coco,0,0.114,27,92670,0,4,2,2024,Filipinas,2528,Indonesia,2264
2024-02-17,NotIceCream,604,4336,aceite de coco,0,0.101,32,91923,0,5,2,2024,Filipinas,2528,Indonesia,2264
2024-02-18,NotIceCream,571,4336,aceite de coco,0,0.183,33,91319,0,6,2,2024,Filipinas,2528,Indonesia,2264
2024-02-19,NotIceCream,392,4336,aceite de coco,0,0.242,38,90748,0,0,2,2024,Filipinas,2528,Indonesia,2264
2024-02-20,NotIceCream,300,4336,aceite de coco,0,0.202,34,90356,0,1,2,2024,Filipinas,2528,Indonesia,2264
2024-02-21,NotIceCream,430,4336,aceite de coco,0,0.097,30,90056,0,2,2,2024,Filipinas,2528,Indonesia,2264
2024-02-22,NotIceCream,524,4336,aceite de coco,0,0.139,30,89626,0,3,2,2024,Filipinas,2528,Indonesia,2264
2024-02-23,NotIceCream,739,4336,aceite de coco,0,0.222,33,89102,0,4,2,2024,Filipinas,2528,Indonesia,2264
2024-02-24,NotIceCream,822,4336,aceite de coco,1,0.255,34,88363,0,5,2,2024,Filipinas,2528,Indonesia,2264
2024-02-25,NotIceCream,476,4336,aceite de coco,0,0.19,32,87541,0,6,2,2024,Filipinas,2528,Indonesia,2264
2024-02-26,NotIceCream,440,4336,aceite de coco,0,0.153,32,87065,0,0,2,2024,Filipinas,2528,Indonesia,2264
2024-02-27,NotIceCream,340,4336,aceite de coco,0,0.268,38,86625,0,1,2,2024,Filipinas,2528,Indonesia,2264
2024-02-28,NotIceCream,442,4336,aceite de coco,0,0.186,32,86285,0,2,2,2024,Filipinas,2528,Indonesia,2264
2024-02-29,NotIceCream,530,4336,aceite de coco,0,0.163,29,85843,0,3,2,2024,Filipinas,2528,Indonesia,2264
2024-03-01,NotIceCream,579,4336,aceite de coco,0,0.159,34,85313,0,4,3,2024,Filipinas,2528,Indonesia,2264
2024-03-02,NotIceCream,760,4336,aceite de coco,0,0.142,33,84734,0,5,3,2024,Filipinas,2528,Indonesia,2264
2024-03-03,NotIceCream,540,4336,aceite de coco,0,0.348,31,83974,0,6,3,2024,Filipinas,2528,Indonesia,2264
2024-03-04,NotIceCream,490,4336,aceite de coco,1,0.282,35,83434,0,0,3,2024,Filipinas,2528,Indonesia,2264
2024-03-05,NotIceCream,352,4336,aceite de coco,0,0.182,31,82944,0,1,3,2024,Filipinas,2528,Indonesia,2264
2024-03-06,NotIceCream,402,4336,aceite de coco,0,0.307,35,82592,0,2,3,2024,Filipinas,2528,Indonesia,2264
2024-03-07,NotIceCream,577,4336,aceite de coco,0,0.252,37,82190,0,3,3,2024,Filipinas,2528,Indonesia,2264
2024-03-08,NotIceCream,767,4336,aceite de coco,0,0.254,33,81613,0,4,3,2024,Filipinas,2528,Indonesia,2264
2024-03-09,NotIceCream,666,4336,aceite de coco,0,0.199,35,80846,0,5,3,2024,Filipinas,2528,Indonesia,2264
2024-03-10,NotIceCream,579,4336,aceite de coco,0,0.214,31,80180,0,6,3,2024,Filipinas,2528,Indonesia,2264
2024-03-11,NotIceCream,327,4336,aceite de coco,0,0.243,30,79601,0,0,3,2024,Filipinas,2528,Indonesia,2264
2024-03-12,NotIceCream,363,4336,aceite de coco,0,0.153,36,79274,0,1,3,2024,Filipinas,2528,Indonesia,2264
2024-03-13,NotIceCream,361,4336,aceite de coco,0,0.232,34,78911,0,2,3,2024,Filipinas,2528,Indonesia,2264
2024-03-14,NotIceCream,609,4336,aceite de coco,0,0.262,35,78550,0,3,3,2024,Filipinas,2528,Indonesia,2264
2024-03-15,NotIceCream,697,4336,aceite de coco,0,0.333,37,77941,0,4,3,2024,Filipinas,2528,Indonesia,2264
2024-03-16,NotIceCream,658,4336,aceite de coco,0,0.243,32,77244,0,5,3,2024,Filipinas,2528,Indonesia,2264
2024-03-17,NotIceCream,530,4336,aceite de coco,0,0.32,36,76586,0,6,3,2024,Filipinas,2528,Indonesia,2264
2024-03-18,NotIceCream,508,4336,aceite de coco,1,0.182,34,76056,0,0,3,2024,Filipinas,2528,Indonesia,2264
2024-03-19,NotIceCream,308,4336,aceite de coco,0,0.349,32,75548,0,1,3,2024,Filipinas,2528,Indonesia,2264
2024-03-20,NotIceCream,400,4336,aceite de coco,0,0.252,37,75240,0,2,3,2024,Filipinas,2528,Indonesia,2264
2024-03-21,NotIceCream,655,4336,aceite de coco,0,0.309,37,74840,0,3,3,2024,Filipinas,2528,Indonesia,2264
2024-03-22,NotIceCream,737,4336,aceite de coco,0,0.329,32,74185,0,4,3,2024,Filipinas,2528,Indonesia,2264
2024-03-23,NotIceCream,609,4336,aceite de coco,0,0.325,35,73448,0,5,3,2024,Filipinas,2528,Indonesia,2264
2024-03-24,NotIceCream,538,4336,aceite de coco,0,0.315,34,72839,0,6,3,2024,Filipinas,2528,Indonesia,2264
2024-03-25,NotIceCream,384,4336,aceite de coco,0,0.265,37,72301,0,0,3,2024,Filipinas,2528,Indonesia,2264
2024-03-26,NotIceCream,321,4336,aceite de coco,0,0.288,31,71917,0,1,3,2024,Filipinas,2528,Indonesia,2264
2024-03-27,NotIceCream,368,4336,aceite de coco,0,0.389,43,71596,0,2,3,2024,Filipinas,2528,Indonesia,2264
2024-03-28,NotIceCream,568,4336,aceite de coco,0,0.315,34,71228,0,3,3,2024,Filipinas,2528,Indonesia,2264
2024-03-29,NotIceCream,701,4336,aceite de coco,0,0.346,36,70660,0,4,3,2024,Filipinas,2528,Indonesia,2264
2024-03-30,NotIceCream,725,4336,aceite de coco,1,0.282,37,69959,0,5,3,2024,Filipinas,2528,Indonesia,2264
2024-03-31,NotIceCream,599,4336,aceite de coco,0,0.406,35,69234,0,6,3,2024,Filipinas,2528,Indonesia,2264
2024-04-01,NotIceCream,419,4336,aceite de coco,0,0.303,34,68635,0,0,4,2024,Filipinas,2528,Indonesia,2264
2024-04-02,NotIceCream,445,4336,aceite de coco,1,0.42,35,68216,0,1,4,2024,Filipinas,2528,Indonesia,2264
2024-04-03,NotIceCream,354,4336,aceite de coco,0,0.327,33,67771,0,2,4,2024,Filipinas,2528,Indonesia,2264
2024-04-04,NotIceCream,555,4336,aceite de coco,0,0.436,37,67417,0,3,4,2024,Filipinas,2528,Indonesia,2264
2024-04-05,NotIceCream,658,4336,aceite de coco,0,0.392,35,66862,0,4,4,2024,Filipinas,2528,Indonesia,2264
2024-04-06,NotIceCream,656,4336,aceite de coco,0,0.369,34,66204,0,5,4,2024,Filipinas,2528,Indonesia,2264
2024-04-07,NotIceCream,571,4336,aceite de coco,0,0.482,36,65548,0,6,4,2024,Filipinas,2528,Indonesia,2264
2024-04-08,NotIceCream,360,4336,aceite de coco,0,0.404,37,64977,0,0,4,2024,Filipinas,2528,Indonesia,2264
2024-04-09,NotIceCream,363,4336,aceite de coco,0,0.395,34,64617,0,1,4,2024,Filipinas,2528,Indonesia,2264
2024-04-10,NotIceCream,396,4336,aceite de coco,0,0.464,36,64254,0,2,4,2024,Filipinas,2528,Indonesia,2264
2024-04-11,NotIceCream,512,4336,aceite de coco,0,0.349,37,63858,0,3,4,2024,Filipinas,2528,Indonesia,2264
2024-04-12,NotIceCream,954,4336,aceite de coco,1,0.302,35,63346,0,4,4,2024,Filipinas,2528,Indonesia,2264
2024-04-13,NotIceCream,655,4336,aceite de coco,0,0.491,35,62392,0,5,4,2024,Filipinas,2528,Indonesia,2264
2024-04-14,NotIceCream,475,4336,aceite de coco,0,0.396,35,61737,0,6,4,2024,Filipinas,2528,Indonesia,2264
2024-04-15,NotIceCream,358,4336,aceite de coco,0,0.485,38,61262,0,0,4,2024,Filipinas,2528,Indonesia,2264
2024-04-16,NotIceCream,318,4336,aceite de coco,0,0.449,38,60904,0,1,4,2024,Filipinas,2528,Indonesia,2264
2024-04-17,NotIceCream,368,4336,aceite de coco,0,0.393,34,60586,0,2,4,2024,Filipinas,2528,Indonesia,2264
2024-04-18,NotIceCream,515,4336,aceite de coco,0,0.485,36,60218,0,3,4,2024,Filipinas,2528,Indonesia,2264
2024-04-19,NotIceCream,569,4336,aceite de coco,0,0.438,35,59703,0,4,4,2024,Filipinas,2528,Indonesia,2264
2024-04-20,NotIceCream,515,4336,aceite de coco,0,0.409,34,59134,0,5,4,2024,Filipinas,2528,Indonesia,2264
2024-04-21,NotIceCream,483,4336,aceite de coco,0,0.414,37,58619,0,6,4,2024,Filipinas,2528,Indonesia,2264
2024-04-22,NotIceCream,349,4336,aceite de coco,0,0.383,37,58136,0,0,4,2024,Filipinas,2528,Indonesia,2264
2024-04-23,NotIceCream,306,4336,aceite de coco,0,0.493,39,57787,0,1,4,2024,Filipinas,2528,Indonesia,2264
2024-04-24,NotIceCream,344,4336,aceite de coco,0,0.429,36,57481,0,2,4,2024,Filipinas,2528,Indonesia,2264
2024-04-25,NotIceCream,440,4336,aceite de coco,0,0.477,34,57137,0,3,4,2024,Filipinas,2528,Indonesia,2264
2024-04-26,NotIceCream,544,4336,aceite de coco,0,0.473,38,56697,0,4,4,2024,Filipinas,2528,Indonesia,2264
2024-04-27,NotIceCream,624,4336,aceite de coco,0,0.437,36,56153,0,5,4,2024,Filipinas,2528,Indonesia,2264
2024-04-28,NotIceCream,437,4336,aceite de coco,0,0.411,36,55529,0,6,4,2024,Filipinas,2528,Indonesia,2264
2024-04-29,NotIceCream,321,4336,aceite de coco,0,0.616,36,55092,0,0,4,2024,Filipinas,2528,Indonesia,2264
2024-04-30,NotIceCream,276,4336,aceite de coco,0,0.489,36,54771,0,1,4,2024,Filipinas,2528,Indonesia,2264
2024-05-01,NotIceCream,330,4336,aceite de coco,0,0.584,36,54495,0,2,5,2024,Filipinas,2528,Indonesia,2264
2024-05-02,NotIceCream,449,4336,aceite de coco,0,0.553,39,54165,0,3,5,2024,Filipinas,2528,Indonesia,2264
2024-05-03,NotIceCream,528,4336,aceite de coco,0,0.48,36,53716,0,4,5,2024,Filipinas,2528,Indonesia,2264
2024-05-04,NotIceCream,616,4336,aceite de coco,0,0.506,36,53188,0,5,5,2024,Filipinas,2528,Indonesia,2264
2024-05-05,NotIceCream,469,4336,aceite de coco,0,0.506,34,52572,0,6,5,2024,Filipinas,2528,Indonesia,2264
2024-05-06,NotIceCream,352,4336,aceite de coco,0,0.591,40,52103,0,0,5,2024,Filipinas,2528,Indonesia,2264
2024-05-07,NotIceCream,403,4336,aceite de coco,1,0.541,37,51751,0,1,5,2024,Filipinas,2528,Indonesia,2264
2024-05-08,NotIceCream,271,4336,aceite de coco,0,0.459,37,51348,0,2,5,2024,Filipinas,2528,Indonesia,2264
2024-05-09,NotIceCream,468,4336,aceite de coco,0,0.518,36,51077,0,3,5,2024,Filipinas,2528,Indonesia,2264
2024-05-10,NotIceCream,692,4336,aceite de coco,1,0.54,34,50609,0,4,5,2024,Filipinas,2528,Indonesia,2264
2024-05-11,NotIceCream,578,4336,aceite de coco,0,0.441,35,49917,0,5,5,2024,Filipinas,2528,Indonesia,2264
2024-05-12,NotIceCream,400,4336,aceite de coco,0,0.524,37,49339,0,6,5,2024,Filipinas,2528,Indonesia,2264
2024-05-13,NotIceCream,280,4336,aceite de coco,0,0.566,39,48939,0,0,5,2024,Filipinas,2528,Indonesia,2264
2024-05-14,NotIceCream,230,4336,aceite de coco,0,0.455,36,48659,0,1,5,2024,Filipinas,2528,Indonesia,2264
2024-05-15,NotIceCream,311,4336,aceite de coco,0,0.461,35,48429,0,2,5,2024,Filipinas,2528,Indonesia,2264
2024-05-16,NotIceCream,467,4336,aceite de coco,0,0.553,35,48118,0,3,5,2024,Filipinas,2528,Indonesia,2264
2024-05-17,NotIceCream,530,4336,aceite de coco,0,0.476,37,47651,0,4,5,2024,Filipinas,2528,Indonesia,2264
2024-05-18,NotIceCream,458,4336,aceite de coco,0,0.443,35,47121,0,5,5,2024,Filipinas,2528,Indonesia,2264
2024-05-19,NotIceCream,476,4336,aceite de coco,0,0.535,40,46663,0,6,5,2024,Filipinas,2528,Indonesia,2264
2024-05-20,NotIceCream,307,4336,aceite de coco,0,0.517,38,46187,0,0,5,2024,Filipinas,2528,Indonesia,2264
2024-05-21,NotIceCream,264,4336,aceite de coco,0,0.491,38,45880,0,1,5,2024,Filipinas,2528,Indonesia,2264
2024-05-22,NotIceCream,335,4336,aceite de coco,0,0.54,37,45616,0,2,5,2024,Filipinas,2528,Indonesia,2264
2024-05-23,NotIceCream,360,4336,aceite de coco,0,0.541,38,45281,0,3,5,2024,Filipinas,2528,Indonesia,2264
2024-05-24,NotIceCream,459,4336,aceite de coco,0,0.474,35,44921,0,4,5,2024,Filipinas,2528,Indonesia,2264
2024-05-25,NotIceCream,514,4336,aceite de coco,0,0.574,36,44462,0,5,5,2024,Filipinas,2528,Indonesia,2264
2024-05-26,NotIceCream,361,4336,aceite de coco,0,0.551,38,43948,0,6,5,2024,Filipinas,2528,Indonesia,2264
2024-05-27,NotIceCream,272,4336,aceite de coco,0,0.37,36,43587,0,0,5,2024,Filipinas,2528,Indonesia,2264
2024-05-28,NotIceCream,234,4336,aceite de coco,0,0.414,32,43315,0,1,5,2024,Filipinas,2528,Indonesia,2264
2024-05-29,NotIceCream,259,4336,aceite de coco,0,0.349,34,43081,0,2,5,2024,Filipinas,2528,Indonesia,2264
2024-05-30,NotIceCream,382,4336,aceite de coco,0,0.441,40,42822,0,3,5,2024,Filipinas,2528,Indonesia,2264
2024-05-31,NotIceCream,504,4336,aceite de coco,0,0.393,36,42440,0,4,5,2024,Filipinas,2528,Indonesia,2264
2024-06-01,NotIceCream,484,4336,aceite de coco,0,0.409,39,41936,0,5,6,2024,Filipinas,2528,Indonesia,2264
2024-06-02,NotIceCream,399,4336,aceite de coco,0,0.5,36,41452,0,6,6,2024,Filipinas,2528,Indonesia,2264
2024-06-03,NotIceCream,284,4336,aceite de coco,0,0.353,34,41053,0,0,6,2024,Filipinas,2528,Indonesia,2264
2024-06-04,NotIceCream,231,4336,aceite de coco,0,0.443,38,40769,0,1,6,2024,Filipinas,2528,Indonesia,2264
2024-06-05,NotIceCream,281,4336,aceite de coco,0,0.438,37,40538,0,2,6,2024,Filipinas,2528,Indonesia,2264
2024-06-06,NotIceCream,380,4336,aceite de coco,0,0.423,36,40257,0,3,6,2024,Filipinas,2528,Indonesia,2264
2024-06-07,NotIceCream,422,4336,aceite de coco,0,0.428,33,39877,0,4,6,2024,Filipinas,2528,Indonesia,2264
2024-06-08,NotIceCream,517,4336,aceite de coco,1,0.305,37,39455,0,5,6,2024,Filipinas,2528,Indonesia,2264
2024-06-09,NotIceCream,327,4336,aceite de coco,0,0.371,40,38938,0,6,6,2024,Filipinas,2528,Indonesia,2264
2024-06-10,NotIceCream,242,4336,aceite de coco,0,0.483,34,38611,0,0,6,2024,Filipinas,2528,Indonesia,2264
2024-06-11,NotIceCream,200,4336,aceite de coco,0,0.341,38,38369,0,1,6,2024,Filipinas,2528,Indonesia,2264
2024-06-12,NotIceCream,267,4336,aceite de coco,0,0.479,36,38169,0,2,6,2024,Filipinas,2528,Indonesia,2264
2024-06-13,NotIceCream,358,4336,aceite de coco,0,0.319,34,37902,0,3,6,2024,Filipinas,2528,Indonesia,2264
2024-06-14,NotIceCream,430,4336,aceite de coco,0,0.308,35,37544,0,4,6,2024,Filipinas,2528,Indonesia,2264
2024-06-15,NotIceCream,420,4336,aceite de coco,0,0.331,32,37114,0,5,6,2024,Filipinas,2528,Indonesia,2264
2024-06-16,NotIceCream,358,4336,aceite de coco,0,0.429,36,36694,0,6,6,2024,Filipinas,2528,Indonesia,2264
2024-06-17,NotIceCream,235,4336,aceite de coco,0,0.34,32,36336,0,0,6,2024,Filipinas,2528,Indonesia,2264
2024-06-18,NotIceCream,215,4336,aceite de coco,0,0.378,36,36101,0,1,6,2024,Filipinas,2528,Indonesia,2264
2024-06-19,NotIceCream,254,4336,aceite de coco,0,0.359,39,35886,0,2,6,2024,Filipinas,2528,Indonesia,2264
2024-06-20,NotIceCream,362,4336,aceite de coco,0,0.346,34,35632,0,3,6,2024,Filipinas,2528,Indonesia,2264
2024-06-21,NotIceCream,446,4336,aceite de coco,0,0.407,35,35270,0,4,6,2024,Filipinas,2528,Indonesia,2264
2024-06-22,NotIceCream,403,4336,aceite de coco,0,0.376,35,34824,0,5,6,2024,Filipinas,2528,Indonesia,2264
2024-06-23,NotIceCream,311,4336,aceite de coco,0,0.274,36,34421,0,6,6,2024,Filipinas,2528,Indonesia,2264
2024-06-24,NotIceCream,223,4336,aceite de coco,0,0.311,35,34110,0,0,6,2024,Filipinas,2528,Indonesia,2264
2024-06-25,NotIceCream,181,4336,aceite de coco,0,0.406,38,33887,0,1,6,2024,Filipinas,2528,Indonesia,2264
2024-06-26,NotIceCream,220,4336,aceite de coco,0,0.329,34,33706,0,2,6,2024,Filipinas,2528,Indonesia,2264
2024-06-27,NotIceCream,335,4336,aceite de coco,0,0.232,34,33486,0,3,6,2024,Filipinas,2528,Indonesia,2264
2024-06-28,NotIceCream,344,4336,aceite de coco,0,0.229,26,33151,0,4,6,2024,Filipinas,2528,Indonesia,2264
2024-06-29,NotIceCream,410,4336,aceite de coco,0,0.34,36,32807,0,5,6,2024,Filipinas,2528,Indonesia,2264
2024-06-30,NotIceCream,287,4336,aceite de coco,0,0.324,32,32397,0,6,6,2024,Filipinas,2528,Indonesia,2264
2024-07-01,NotIceCream,256,4336,aceite de coco,0,0.237,33,32110,0,0,7,2024,Filipinas,2528,Indonesia,2264
2024-07-02,NotIceCream,167,4336,aceite de coco,0,0.315,36,31854,0,1,7,2024,Filipinas,2528,Indonesia,2264
2024-07-03,NotIceCream,221,4336,aceite de coco,0,0.352,32,31687,0,2,7,2024,Filipinas,2528,Indonesia,2264
2024-07-04,NotIceCream,287,4336,aceite de coco,0,0.339,37,31466,0,3,7,2024,Filipinas,2528,Indonesia,2264
2024-07-05,NotIceCream,329,4336,aceite de coco,0,0.341,35,31179,0,4,7,2024,Filipinas,2528,Indonesia,2264
2024-07-06,NotIceCream,371,4336,aceite de coco,0,0.283,37,30850,0,5,7,2024,Filipinas,2528,Indonesia,2264
2024-07-07,NotIceCream,250,4336,aceite de coco,0,0.241,32,30479,0,6,7,2024,Filipinas,2528,Indonesia,2264
2024-07-08,NotIceCream,229,4336,aceite de coco,1,0.224,30,30229,0,0,7,2024,Filipinas,2528,Indonesia,2264
2024-07-09,NotIceCream,175,4336,aceite de coco,0,0.238,33,30000,0,1,7,2024,Filipinas,2528,Indonesia,2264
2024-07-10,NotIceCream,217,4336,aceite de coco,0,0.19,34,29825,0,2,7,2024,Filipinas,2528,Indonesia,2264
2024-07-11,NotIceCream,248,4336,aceite de coco,0,0.21,34,29608,0,3,7,2024,Filipinas,2528,Indonesia,2264
2024-07-12,NotIceCream,347,4336,aceite de coco,0,0.287,32,29360,0,4,7,2024,Filipinas,2528,Indonesia,2264
2024-07-13,NotIceCream,327,4336,aceite de coco,0,0.138,29,29013,0,5,7,2024,Filipinas,2528,Indonesia,2264
2024-07-14,NotIceCream,240,4336,aceite de coco,0,0.137,31,28686,0,6,7,2024,Filipinas,2528,Indonesia,2264
2024-07-15,NotIceCream,174,4336,aceite de coco,0,0.251,35,28446,0,0,7,2024,Filipinas,2528,Indonesia,2264
2024-07-16,NotIceCream,132,4336,aceite de coco,0,0.187,34,28272,0,1,7,2024,Filipinas,2528,Indonesia,2264
2024-07-17,NotIceCream,220,4336,aceite de coco,0,0.104,35,28140,0,2,7,2024,Filipinas,2528,Indonesia,2264
2024-07-18,NotIceCream,285,4336,aceite de coco,0,0.193,32,27920,0,3,7,2024,Filipinas,2528,Indonesia,2264
2024-07-19,NotIceCream,282,4336,aceite de coco,0,0.182,29,27635,0,4,7,2024,Filipinas,2528,Indonesia,2264
2024-07-20,NotIceCream,326,4336,aceite de coco,0,0.167,35,27353,0,5,7,2024,Filipinas,2528,Indonesia,2264
2024-07-21,NotIceCream,234,4336,aceite de coco,0,0.219,33,27027,0,6,7,2024,Filipinas,2528,Indonesia,2264
2024-07-22,NotIceCream,190,4336,aceite de coco,0,0.115,32,26793,0,0,7,2024,Filipinas,2528,Indonesia,2264
2024-07-23,NotIceCream,144,4336,aceite de coco,0,0.179,34,26603,0,1,7,2024,Filipinas,2528,Indonesia,2264
2024-07-24,NotIceCream,179,4336,aceite de coco,0,0.164,35,26459,0,2,7,2024,Filipinas,2528,Indonesia,2264
2024-07-25,NotIceCream,334,4336,aceite de coco,1,0.174,32,26280,0,3,7,2024,Filipinas,2528,Indonesia,2264
2024-07-26,NotIceCream,284,4336,aceite de coco,0,0.082,34,25946,0,4,7,2024,Filipinas,2528,Indonesia,2264
2024-07-27,NotIceCream,325,4336,aceite de coco,0,0.14,33,25662,0,5,7,2024,Filipinas,2528,Indonesia,2264
2024-07-28,NotIceCream,251,4336,aceite de coco,0,0.165,31,25337,0,6,7,2024,Filipinas,2528,Indonesia,2264
2024-07-29,NotIceCream,170,4336,aceite de coco,0,0.189,32,25086,0,0,7,2024,Filipinas,2528,Indonesia,2264
2024-07-30,NotIceCream,155,4336,aceite de coco,0,0.252,35,24916,0,1,7,2024,Filipinas,2528,Indonesia,2264
2024-07-31,NotIceCream,153,4336,aceite de coco,0,0.198,31,24761,0,2,7,2024,Filipinas,2528,Indonesia,2264
2024-08-01,NotIceCream,217,4336,aceite de coco,0,0.179,34,24608,0,3,8,2024,Filipinas,2528,Indonesia,2264
2024-08-02,NotIceCream,298,4336,aceite de coco,0,0.218,33,24391,0,4,8,2024,Filipinas,2528,Indonesia,2264
2024-08-03,NotIceCream,374,4336,aceite de coco,1,0.138,33,24093,0,5,8,2024,Filipinas,2528,Indonesia,2264
2024-08-04,NotIceCream,230,4336,aceite de coco,0,0.23,36,23719,0,6,8,2024,Filipinas,2528,Indonesia,2264
2024-08-05,NotIceCream,138,4336,aceite de coco,0,0.207,34,23489,0,0,8,2024,Filipinas,2528,Indonesia,2264
2024-08-06,NotIceCream,126,4336,aceite de coco,0,0.128,32,23351,0,1,8,2024,Filipinas,2528,Indonesia,2264
2024-08-07,NotIceCream,176,4336,aceite de coco,0,0.246,33,23225,0,2,8,2024,Filipinas,2528,Indonesia,2264
2024-08-08,NotIceCream,349,4336,aceite de coco,1,0.172,32,23049,0,3,8,2024,Filipinas,2528,Indonesia,2264
2024-08-09,NotIceCream,305,4336,aceite de coco,0,0.26,34,22700,0,4,8,2024,Filipinas,2528,Indonesia,2264
2024-08-10,NotIceCream,306,4336,aceite de coco,0,0.165,35,22395,0,5,8,2024,Filipinas,2528,Indonesia,2264
2024-08-11,NotIceCream,224,4336,aceite de coco,0,0.122,30,22089,0,6,8,2024,Filipinas,2528,Indonesia,2264
2024-08-12,NotIceCream,162,4336,aceite de coco,0,0.113,30,21865,0,0,8,2024,Filipinas,2528,Indonesia,2264
2024-08-13,NotIceCream,123,4336,aceite de coco,0,0.134,34,21703,0,1,8,2024,Filipinas,2528,Indonesia,2264
2024-08-14,NotIceCream,178,4336,aceite de coco,0,0.124,31,21580,0,2,8,2024,Filipinas,2528,Indonesia,2264
2024-08-15,NotIceCream,225,4336,aceite de coco,0,0.218,33,21402,0,3,8,2024,Filipinas,2528,Indonesia,2264
2024-08-16,NotIceCream,380,4336,aceite de coco,1,0.154,31,21177,0,4,8,2024,Filipinas,2528,Indonesia,2264
2024-08-17,NotIceCream,267,4336,aceite de coco,0,0.076,28,20797,0,5,8,2024,Filipinas,2528,Indonesia,2264
2024-08-18,NotIceCream,219,4336,aceite de coco,0,0.17,33,20530,0,6,8,2024,Filipinas,2528,Indonesia,2264
2024-08-19,NotIceCream,154,4336,aceite de coco,0,0.167,35,20311,0,0,8,2024,Filipinas,2528,Indonesia,2264
2024-08-20,NotIceCream,134,4336,aceite de coco,0,0.14,32,20157,0,1,8,2024,Filipinas,2528,Indonesia,2264
2024-08-21,NotIceCream,176,4336,aceite de coco,0,0.179,30,20023,0,2,8,2024,Filipinas,2528,Indonesia,2264
2024-08-22,NotIceCream,201,4336,aceite de coco,0,0.166,33,19847,0,3,8,2024,Filipinas,2528,Indonesia,2264
2024-08-23,NotIceCream,236,4336,aceite de coco,0,0.203,31,19646,0,4,8,2024,Filipinas,2528,Indonesia,2264
2024-08-24,NotIceCream,272,4336,aceite de coco,0,0.203,28,19410,0,5,8,2024,Filipinas,2528,Indonesia,2264
2024-08-25,NotIceCream,237,4336,aceite de coco,0,0.195,33,19138,0,6,8,2024,Filipinas,2528,Indonesia,2264
2024-08-26,NotIceCream,219,4336,aceite de coco,1,0.115,33,18901,0,0,8,2024,Filipinas,2528,Indonesia,2264
2024-08-27,NotIceCream,118,4336,aceite de coco,0,0.29,36,18682,0,1,8,2024,Filipinas,2528,Indonesia,2264
2024-08-28,NotIceCream,157,4336,aceite de coco,0,0.109,35,18564,0,2,8,2024,Filipinas,2528,Indonesia,2264
2024-08-29,NotIceCream,196,4336,aceite de coco,0,0.185,34,18407,0,3,8,2024,Filipinas,2528,Indonesia,2264
2024-08-30,NotIceCream,256,4336,aceite de coco,0,0.14,34,18211,0,4,8,2024,Filipinas,2528,Indonesia,2264
2024-08-31,NotIceCream,287,4336,aceite de coco,0,0.219,30,17955,0,5,8,2024,Filipinas,2528,Indonesia,2264
2024-09-01,NotIceCream,212,4336,aceite de coco,0,0.21,36,17668,0,6,9,2024,Filipinas,2528,Indonesia,2264
2024-09-02,NotIceCream,150,4336,aceite de coco,0,0.199,35,17456,0,0,9,2024,Filipinas,2528,Indonesia,2264
2024-09-03,NotIceCream,177,4336,aceite de coco,1,0.288,33,17306,0,1,9,2024,Filipinas,2528,Indonesia,2264
2024-09-04,NotIceCream,153,4336,aceite de coco,0,0.272,35,17129,0,2,9,2024,Filipinas,2528,Indonesia,2264
2024-09-05,NotIceCream,253,4336,aceite de coco,0,0.205,34,16976,0,3,9,2024,Filipinas,2528,Indonesia,2264
2024-09-06,NotIceCream,271,4336,aceite de coco,0,0.267,37,16723,0,4,9,2024,Filipinas,2528,Indonesia,2264
2024-09-07,NotIceCream,258,4336,aceite de coco,0,0.31,34,16452,0,5,9,2024,Filipinas,2528,Indonesia,2264
2024-09-08,NotIceCream,226,4336,aceite de coco,0,0.292,33,16194,0,6,9,2024,Filipinas,2528,Indonesia,2264
2024-09-09,NotIceCream,168,4336,aceite de coco,0,0.235,32,15968,0,0,9,2024,Filipinas,2528,Indonesia,2264
2024-09-10,NotIceCream,152,4336,aceite de coco,0,0.168,34,15800,0,1,9,2024,Filipinas,2528,Indonesia,2264
2024-09-11,NotIceCream,164,4336,aceite de coco,0,0.269,30,15648,0,2,9,2024,Filipinas,2528,Indonesia,2264
2024-09-12,NotIceCream,249,4336,aceite de coco,0,0.292,28,15484,0,3,9,2024,Filipinas,2528,Indonesia,2264
2024-09-13,NotIceCream,279,4336,aceite de coco,0,0.226,35,15235,0,4,9,2024,Filipinas,2528,Indonesia,2264
2024-09-14,NotIceCream,259,4336,aceite de coco,0,0.271,34,14956,0,5,9,2024,Filipinas,2528,Indonesia,2264
2024-09-15,NotIceCream,207,4336,aceite de coco,0,0.271,34,14697,0,6,9,2024,Filipinas,2528,Indonesia,2264
2024-09-16,NotIceCream,147,4336,aceite de coco,0,0.351,32,14490,0,0,9,2024,Filipinas,2528,Indonesia,2264
2024-09-17,NotIceCream,161,4336,aceite de coco,1,0.38,32,14343,0,1,9,2024,Filipinas,2528,Indonesia,2264
2024-09-18,NotIceCream,187,4336,aceite de coco,0,0.352,34,14182,0,2,9,2024,Filipinas,2528,Indonesia,2264
2024-09-19,NotIceCream,250,4336,aceite de coco,0,0.295,35,13995,0,3,9,2024,Filipinas,2528,Indonesia,2264
2024-09-20,NotIceCream,257,4336,aceite de coco,0,0.362,34,13745,0,4,9,2024,Filipinas,2528,Indonesia,2264
2024-09-21,NotIceCream,243,4336,aceite de coco,0,0.343,37,13488,0,5,9,2024,Filipinas,2528,Indonesia,2264
2024-09-22,NotIceCream,209,4336,aceite de coco,0,0.313,32,13245,0,6,9,2024,Filipinas,2528,Indonesia,2264
2024-09-23,NotIceCream,156,4336,aceite de coco,0,0.428,35,13036,0,0,9,2024,Filipinas,2528,Indonesia,2264
2024-09-24,NotIceCream,140,4336,aceite de coco,0,0.292,35,12880,0,1,9,2024,Filipinas,2528,Indonesia,2264
2024-09-25,NotIceCream,195,4336,aceite de coco,0,0.365,34,12740,0,2,9,2024,Filipinas,2528,Indonesia,2264
2024-09-26,NotIceCream,236,4336,aceite de coco,0,0.383,35,12545,0,3,9,2024,Filipinas,2528,Indonesia,2264
2024-09-27,NotIceCream,338,4336,aceite de coco,0,0.333,33,12309,0,4,9,2024,Filipinas,2528,Indonesia,2264
2024-09-28,NotIceCream,255,4336,aceite de coco,0,0.381,34,11971,0,5,9,2024,Filipinas,2528,Indonesia,2264
2024-09-29,NotIceCream,298,4336,aceite de coco,1,0.406,36,11716,0,6,9,2024,Filipinas,2528,Indonesia,2264
2024-09-30,NotIceCream,185,4336,aceite de coco,0,0.377,36,11418,0,0,9,2024,Filipinas,2528,Indonesia,2264
2024-10-01,NotIceCream,160,4336,aceite de coco,0,0.394,36,11233,0,1,10,2024,Filipinas,2528,Indonesia,2264
2024-10-02,NotIceCream,182,4336,aceite de coco,0,0.382,34,11073,0,2,10,2024,Filipinas,2528,Indonesia,2264
2024-10-03,NotIceCream,279,4336,aceite de coco,0,0.422,36,10891,0,3,10,2024,Filipinas,2528,Indonesia,2264
2024-10-04,NotIceCream,333,4336,aceite de coco,0,0.376,38,10612,0,4,10,2024,Filipinas,2528,Indonesia,2264
2024-10-05,NotIceCream,293,4336,aceite de coco,0,0.378,32,10279,0,5,10,2024,Filipinas,2528,Indonesia,2264
2024-10-06,NotIceCream,258,4336,aceite de coco,0,0.4,39,9986,0,6,10,2024,Filipinas,2528,Indonesia,2264
2024-10-07,NotIceCream,194,4336,aceite de coco,0,0.463,37,9728,0,0,10,2024,Filipinas,2528,Indonesia,2264
2024-10-08,NotIceCream,151,4336,aceite de coco,0,0.322,34,9534,0,1,10,2024,Filipinas,2528,Indonesia,2264
2024-10-09,NotIceCream,224,4336,aceite de coco,0,0.369,37,9383,0,2,10,2024,Filipinas,2528,Indonesia,2264
2024-10-10,NotIceCream,255,4336,aceite de coco,0,0.534,33,9159,0,3,10,2024,Filipinas,2528,Indonesia,2264
2024-10-11,NotIceCream,334,4336,aceite de coco,0,0.439,39,8904,0,4,10,2024,Filipinas,2528,Indonesia,2264
2024-10-12,NotIceCream,294,4336,aceite de coco,0,0.409,39,8570,0,5,10,2024,Filipinas,2528,Indonesia,2264
2024-10-13,NotIceCream,268,4336,aceite de coco,0,0.474,39,8276,0,6,10,2024,Filipinas,2528,Indonesia,2264
2024-10-14,NotIceCream,178,4336,aceite de coco,0,0.4,31,8008,0,0,10,2024,Filipinas,2528,Indonesia,2264
2024-10-15,NotIceCream,164,4336,aceite de coco,0,0.339,36,7830,0,1,10,2024,Filipinas,2528,Indonesia,2264
2024-10-16,NotIceCream,182,4336,aceite de coco,0,0.466,40,7666,0,2,10,2024,Filipinas,2528,Indonesia,2264
2024-10-17,NotIceCream,308,4336,aceite de coco,0,0.416,39,7484,0,3,10,2024,Filipinas,2528,Indonesia,2264
2024-10-18,NotIceCream,360,4336,aceite de coco,0,0.461,34,7176,0,4,10,2024,Filipinas,2528,Indonesia,2264
2024-10-19,NotIceCream,476,4336,aceite de coco,1,0.477,39,6816,0,5,10,2024,Filipinas,2528,Indonesia,2264
2024-10-20,NotIceCream,274,4336,aceite de coco,0,0.471,40,6340,0,6,10,2024,Filipinas,2528,Indonesia,2264
2024-10-21,NotIceCream,225,4336,aceite de coco,0,0.382,35,6066,0,0,10,2024,Filipinas,2528,Indonesia,2264
2024-10-22,NotIceCream,178,4336,aceite de coco,0,0.472,34,5841,0,1,10,2024,Filipinas,2528,Indonesia,2264
2024-10-23,NotIceCream,224,4336,aceite de coco,0,0.496,39,5663,0,2,10,2024,Filipinas,2528,Indonesia,2264
2024-10-24,NotIceCream,359,4336,aceite de coco,0,0.407,38,5439,0,3,10,2024,Filipinas,2528,Indonesia,2264
2024-10-25,NotIceCream,358,4336,aceite de coco,0,0.404,35,5080,0,4,10,2024,Filipinas,2528,Indonesia,2264
2024-10-26,NotIceCream,405,4336,aceite de coco,0,0.429,34,4722,0,5,10,2024,Filipinas,2528,Indonesia,2264
2024-10-27,NotIceCream,312,4336,aceite de coco,0,0.523,39,4317,0,6,10,2024,Filipinas,2528,Indonesia,2264
2024-10-28,NotIceCream,209,4336,aceite de coco,0,0.388,34,4005,0,0,10,2024,Filipinas,2528,Indonesia,2264
2024-10-29,NotIceCream,169,4336,aceite de coco,0,0.531,38,3796,0,1,10,2024,Filipinas,2528,Indonesia,2264
2024-10-30,NotIceCream,216,4336,aceite de coco,0,0.511,40,3627,0,2,10,2024,Filipinas,2528,Indonesia,2264
2024-10-31,NotIceCream,356,4336,aceite de coco,0,0.481,33,3411,0,3,10,2024,Filipinas,2528,Indonesia,2264
2024-11-01,NotIceCream,451,4336,aceite de coco,0,0.421,38,3055,0,4,11,2024,Filipinas,2528,Indonesia,2264
2024-11-02,NotIceCream,395,4336,aceite de coco,0,0.456,36,2604,0,5,11,2024,Filipinas,2528,Indonesia,2264
2024-11-03,NotIceCream,323,4336,aceite de coco,0,0.537,37,2209,0,6,11,2024,Filipinas,2528,Indonesia,2264
2024-11-04,NotIceCream,248,4336,aceite de coco,0,0.561,39,1886,0,0,11,2024,Filipinas,2528,Indonesia,2264
2024-11-05,NotIceCream,202,4336,aceite de coco,0,0.448,35,1638,0,1,11,2024,Filipinas,2528,Indonesia,2264
2024-11-06,NotIceCream,359,4336,aceite de coco,1,0.557,35,1436,0,2,11,2024,Filipinas,2528,Indonesia,2264
2024-11-07,NotIceCream,356,4336,aceite de coco,0,0.534,34,1077,0,3,11,2024,Filipinas,2528,Indonesia,2264
2024-11-08,NotIceCream,425,4336,aceite de coco,0,0.5,39,721,0,4,11,2024,Filipinas,2528,Indonesia,2264
2024-11-09,NotIceCream,394,4336,aceite de coco,0,0.463,36,296,0,5,11,2024,Filipinas,2528,Indonesia,2264
2024-11-10,NotIceCream,314,4336,aceite de coco,0,0.471,38,0,1,6,11,2024,Filipinas,2528,Indonesia,2264
2024-11-11,NotIceCream,185,4336,aceite de coco,0,0.59,37,0,1,0,11,2024,Filipinas,2528,Indonesia,2264
2024-11-12,NotIceCream,235,4336,aceite de coco,0,0.507,35,0,1,1,11,2024,Filipinas,2528,Indonesia,2264
2024-11-13,NotIceCream,263,4336,aceite de coco,0,0.564,39,0,1,2,11,2024,Filipinas,2528,Indonesia,2264
2024-11-14,NotIceCream,357,4336,aceite de coco,0,0.508,38,0,1,3,11,2024,Filipinas,2528,Indonesia,2264
2024-11-15,NotIceCream,377,4336,aceite de coco,0,0.472,36,0,1,4,11,2024,Filipinas,2528,Indonesia,2264
2024-11-16,NotIceCream,552,4336,aceite de coco,1,0.523,38,0,1,5,11,2024,Filipinas,2528,Indonesia,2264
2024-11-17,NotIceCream,338,4336,aceite de coco,0,0.6,36,0,1,6,11,2024,Filipinas,2528,Indonesia,2264
2024-11-18,NotIceCream,246,4336,aceite de coco,0,0.458,39,0,1,0,11,2024,Filipinas,2528,Indonesia,2264
2024-11-19,NotIceCream,233,4336,aceite de coco,0,0.533,40,0,1,1,11,2024,Filipinas,2528,Indonesia,2264
2024-11-20,NotIceCream,363,4336,aceite de coco,1,0.495,38,0,1,2,11,2024,Filipinas,2528,Indonesia,2264
2024-11-21,NotIceCream,349,4336,aceite de coco,0,0.41,35,0,1,3,11,2024,Filipinas,2528,Indonesia,2264
2024-11-22,NotIceCream,425,4336,aceite de coco,0,0.406,36,0,1,4,11,2024,Filipinas,2528,Indonesia,2264
2024-11-23,NotIceCream,421,4336,aceite de coco,0,0.455,40,0,1,5,11,2024,Filipinas,2528,Indonesia,2264
2024-11-24,NotIceCream,437,4336,aceite de coco,0,0.491,39,0,1,6,11,2024,Filipinas,2528,Indonesia,2264
2024-11-25,NotIceCream,312,4336,aceite de coco,0,0.515,41,0,1,0,11,2024,Filipinas,2528,Indonesia,2264
2024-11-26,NotIceCream,224,4336,aceite de coco,0,0.389,34,0,1,1,11,2024,Filipinas,2528,Indonesia,2264
2024-11-27,NotIceCream,252,4336,aceite de coco,0,0.496,35,0,1,2,11,2024,Filipinas,2528,Indonesia,2264
2024-11-28,NotIceCream,419,4336,aceite de coco,0,0.454,37,0,1,3,11,2024,Filipinas,2528,Indonesia,2264
2024-11-29,NotIceCream,503,4336,aceite de coco,0,0.456,37,0,1,4,11,2024,Filipinas,2528,Indonesia,2264
2024-11-30,NotIceCream,693,4336,aceite de coco,1,0.482,36,0,1,5,11,2024,Filipinas,2528,Indonesia,2264
2024-12-01,NotIceCream,428,4336,aceite de coco,0,0.535,37,6307,0,6,12,2024,Filipinas,2528,Indonesia,2264
2024-12-02,NotIceCream,305,4336,aceite de coco,0,0.459,39,5879,0,0,12,2024,Filipinas,2528,Indonesia,2264
2024-12-03,NotIceCream,231,4336,aceite de coco,0,0.371,35,12574,0,1,12,2024,Filipinas,2528,Indonesia,2264
2024-12-04,NotIceCream,323,4336,aceite de coco,0,0.425,34,12343,0,2,12,2024,Filipinas,2528,Indonesia,2264
2024-12-05,NotIceCream,467,4336,aceite de coco,0,0.472,34,12020,0,3,12,2024,Filipinas,2528,Indonesia,2264
2024-12-06,NotIceCream,498,4336,aceite de coco,0,0.469,37,18553,0,4,12,2024,Filipinas,2528,Indonesia,2264
2024-12-07,NotIceCream,536,4336,aceite de coco,0,0.453,42,18055,0,5,12,2024,Filipinas,2528,Indonesia,2264
2024-12-08,NotIceCream,406,4336,aceite de coco,0,0.389,33,24519,0,6,12,2024,Filipinas,2528,Indonesia,2264
2024-12-09,NotIceCream,360,4336,aceite de coco,0,0.341,34,38113,0,0,12,2024,Filipinas,2528,Indonesia,2264
2024-12-10,NotIceCream,239,4336,aceite de coco,0,0.434,41,51753,0,1,12,2024,Filipinas,2528,Indonesia,2264
2024-12-11,NotIceCream,363,4336,aceite de coco,0,0.338,34,65514,0,2,12,2024,Filipinas,2528,Indonesia,2264
2024-12-12,NotIceCream,398,4336,aceite de coco,0,0.428,37,65151,0,3,12,2024,Filipinas,2528,Indonesia,2264
2024-12-13,NotIceCream,635,4336,aceite de coco,0,0.422,40,71753,0,4,12,2024,Filipinas,2528,Indonesia,2264
2024-12-14,NotIceCream,499,4336,aceite de coco,0,0.359,33,71118,0,5,12,2024,Filipinas,2528,Indonesia,2264
2024-12-15,NotIceCream,453,4336,aceite de coco,0,0.371,35,77619,0,6,12,2024,Filipinas,2528,Indonesia,2264
2024-12-16,NotIceCream,283,4336,aceite de coco,0,0.38,34,77166,0,0,12,2024,Filipinas,2528,Indonesia,2264
2024-12-17,NotIceCream,250,4336,aceite de coco,0,0.334,32,90883,0,1,12,2024,Filipinas,2528,Indonesia,2264
2024-12-18,NotIceCream,373,4336,aceite de coco,0,0.29,37,104633,0,2,12,2024,Filipinas,2528,Indonesia,2264
2024-12-19,NotIceCream,521,4336,aceite de coco,0,0.351,34,104260,0,3,12,2024,Filipinas,2528,Indonesia,2264
2024-12-20,NotIceCream,593,4336,aceite de coco,0,0.35,33,103739,0,4,12,2024,Filipinas,2528,Indonesia,2264
2024-12-21,NotIceCream,609,4336,aceite de coco,0,0.409,35,110146,0,5,12,2024,Filipinas,2528,Indonesia,2264
2024-12-22,NotIceCream,506,4336,aceite de coco,0,0.296,36,123537,0,6,12,2024,Filipinas,2528,Indonesia,2264
2024-12-23,NotIceCream,321,4336,aceite de coco,0,0.382,36,130031,0,0,12,2024,Filipinas,2528,Indonesia,2264
2024-12-24,NotIceCream,260,4336,aceite de coco,0,0.265,32,136710,0,1,12,2024,Filipinas,2528,Indonesia,2264
2024-12-25,NotIceCream,363,4336,aceite de coco,0,0.25,34,136450,0,2,12,2024,Filipinas,2528,Indonesia,2264
2024-12-26,NotIceCream,479,4336,aceite de coco,0,0.296,36,143087,0,3,12,2024,Filipinas,2528,Indonesia,2264
2024-12-27,NotIceCream,625,4336,aceite de coco,0,0.258,34,149608,0,4,12,2024,Filipinas,2528,Indonesia,2264
2024-12-28,NotIceCream,625,4336,aceite de coco,0,0.231,33,162983,0,5,12,2024,Filipinas,2528,Indonesia,2264
2024-12-29,NotIceCream,460,4336,aceite de coco,0,0.39,37,169358,0,6,12,2024,Filipinas,2528,Indonesia,2264
2024-12-30,NotIceCream,374,4336,aceite de coco,0,0.264,33,175898,0,0,12,2024,Filipinas,2528,Indonesia,2264
2024-12-31,NotIceCream,320,4336,aceite de coco,0,0.397,39,175524,0,1,12,2024,Filipinas,2528,Indonesia,2264
2025-01-01,NotIceCream,400,4531,aceite de coco,0,0.226,32,182204,0,2,1,2025,Filipinas,2528,Indonesia,2264
2025-01-02,NotIceCream,505,4531,aceite de coco,0,0.184,31,195804,0,3,1,2025,Filipinas,2528,Indonesia,2264
2025-01-03,NotIceCream,669,4531,aceite de coco,0,0.329,33,195299,0,4,1,2025,Filipinas,2528,Indonesia,2264
2025-01-04,NotIceCream,648,4531,aceite de coco,0,0.222,33,201630,0,5,1,2025,Filipinas,2528,Indonesia,2264
2025-01-05,NotIceCream,530,4531,aceite de coco,0,0.26,34,221982,0,6,1,2025,Filipinas,2528,Indonesia,2264
2025-01-06,NotIceCream,539,4531,aceite de coco,1,0.18,30,221452,0,0,1,2025,Filipinas,2528,Indonesia,2264
2025-01-07,NotIceCream,324,4531,aceite de coco,0,0.24,34,220913,0,1,1,2025,Filipinas,2528,Indonesia,2264
2025-01-08,NotIceCream,372,4531,aceite de coco,0,0.168,33,220589,0,2,1,2025,Filipinas,2528,Indonesia,2264
2025-01-09,NotIceCream,492,4531,aceite de coco,0,0.228,30,220217,0,3,1,2025,Filipinas,2528,Indonesia,2264
2025-01-10,NotIceCream,710,4531,aceite de coco,0,0.203,32,219725,0,4,1,2025,Filipinas,2528,Indonesia,2264
2025-01-11,NotIceCream,661,4531,aceite de coco,0,0.233,34,219015,0,5,1,2025,Filipinas,2528,Indonesia,2264
2025-01-12,NotIceCream,590,4531,aceite de coco,0,0.248,31,218354,0,6,1,2025,Filipinas,2528,Indonesia,2264
2025-01-13,NotIceCream,317,4531,aceite de coco,0,0.224,33,217764,0,0,1,2025,Filipinas,2528,Indonesia,2264
2025-01-14,NotIceCream,349,4531,aceite de coco,0,0.23,35,217447,0,1,1,2025,Filipinas,2528,Indonesia,2264
2025-01-15,NotIceCream,395,4531,aceite de coco,0,0.198,36,217098,0,2,1,2025,Filipinas,2528,Indonesia,2264
2025-01-16,NotIceCream,670,4531,aceite de coco,1,0.177,33,216703,0,3,1,2025,Filipinas,2528,Indonesia,2264
2025-01-17,NotIceCream,630,4531,aceite de coco,0,0.218,33,216033,0,4,1,2025,Filipinas,2528,Indonesia,2264
2025-01-18,NotIceCream,709,4531,aceite de coco,0,0.185,32,215403,0,5,1,2025,Filipinas,2528,Indonesia,2264
2025-01-19,NotIceCream,562,4531,aceite de coco,0,0.184,34,214694,0,6,1,2025,Filipinas,2528,Indonesia,2264
2025-01-20,NotIceCream,354,4531,aceite de coco,0,0.203,35,214132,0,0,1,2025,Filipinas,2528,Indonesia,2264
2025-01-21,NotIceCream,339,4531,aceite de coco,0,0.128,29,213778,0,1,1,2025,Filipinas,2528,Indonesia,2264
2025-01-22,NotIceCream,437,4531,aceite de coco,0,0.248,35,213439,0,2,1,2025,Filipinas,2528,Indonesia,2264
2025-01-23,NotIceCream,579,4531,aceite de coco,0,0.161,31,213002,0,3,1,2025,Filipinas,2528,Indonesia,2264
2025-01-24,NotIceCream,749,4531,aceite de coco,0,0.177,31,212423,0,4,1,2025,Filipinas,2528,Indonesia,2264
2025-01-25,NotIceCream,662,4531,aceite de coco,0,0.166,32,211674,0,5,1,2025,Filipinas,2528,Indonesia,2264
2025-01-26,NotIceCream,449,4531,aceite de coco,0,0.198,35,211012,0,6,1,2025,Filipinas,2528,Indonesia,2264
2025-01-27,NotIceCream,404,4531,aceite de coco,0,0.18,33,210563,0,0,1,2025,Filipinas,2528,Indonesia,2264
2025-01-28,NotIceCream,347,4531,aceite de coco,0,0.158,33,210159,0,1,1,2025,Filipinas,2528,Indonesia,2264
2025-01-29,NotIceCream,434,4531,aceite de coco,0,0.231,34,209812,0,2,1,2025,Filipinas,2528,Indonesia,2264
2025-01-30,NotIceCream,634,4531,aceite de coco,0,0.0,31,209378,0,3,1,2025,Filipinas,2528,Indonesia,2264
2025-01-31,NotIceCream,592,4531,aceite de coco,0,0.218,33,208744,0,4,1,2025,Filipinas,2528,Indonesia,2264
2025-02-01,NotIceCream,678,4531,aceite de coco,0,0.2,34,208152,0,5,2,2025,Filipinas,2528,Indonesia,2264
2025-02-02,NotIceCream,518,4531,aceite de coco,0,0.061,30,207474,0,6,2,2025,Filipinas,2528,Indonesia,2264
2025-02-03,NotIceCream,367,4531,aceite de coco,0,0.198,34,206956,0,0,2,2025,Filipinas,2528,Indonesia,2264
2025-02-04,NotIceCream,346,4531,aceite de coco,0,0.204,35,206589,0,1,2,2025,Filipinas,2528,Indonesia,2264
2025-02-05,NotIceCream,455,4531,aceite de coco,0,0.179,34,206243,0,2,2,2025,Filipinas,2528,Indonesia,2264
2025-02-06,NotIceCream,607,4531,aceite de coco,0,0.072,33,205788,0,3,2,2025,Filipinas,2528,Indonesia,2264
2025-02-07,NotIceCream,854,4531,aceite de coco,1,0.184,34,205181,0,4,2,2025,Filipinas,2528,Indonesia,2264
2025-02-08,NotIceCream,693,4531,aceite de coco,0,0.2,35,204327,0,5,2,2025,Filipinas,2528,Indonesia,2264
2025-02-09,NotIceCream,609,4531,aceite de coco,0,0.122,27,203634,0,6,2,2025,Filipinas,2528,Indonesia,2264
2025-02-10,NotIceCream,607,4531,aceite de coco,1,0.173,34,203025,0,0,2,2025,Filipinas,2528,Indonesia,2264
2025-02-11,NotIceCream,337,4531,aceite de coco,0,0.134,36,202418,0,1,2,2025,Filipinas,2528,Indonesia,2264
2025-02-12,NotIceCream,414,4531,aceite de coco,0,0.197,32,202081,0,2,2,2025,Filipinas,2528,Indonesia,2264
2025-02-13,NotIceCream,517,4531,aceite de coco,0,0.138,30,201667,0,3,2,2025,Filipinas,2528,Indonesia,2264
2025-02-14,NotIceCream,696,4531,aceite de coco,0,0.126,34,201150,0,4,2,2025,Filipinas,2528,Indonesia,2264
2025-02-15,NotIceCream,611,4531,aceite de coco,0,0.154,30,200454,0,5,2,2025,Filipinas,2528,Indonesia,2264
2025-02-16,NotIceCream,668,4531,aceite de coco,0,0.091,30,199843,0,6,2,2025,Filipinas,2528,Indonesia,2264
2025-02-17,NotIceCream,387,4531,aceite de coco,0,0.153,32,199175,0,0,2,2025,Filipinas,2528,Indonesia,2264
2025-02-18,NotIceCream,387,4531,aceite de coco,0,0.18,31,198788,0,1,2,2025,Filipinas,2528,Indonesia,2264
2025-02-19,NotIceCream,503,4531,aceite de coco,0,0.207,35,198401,0,2,2,2025,Filipinas,2528,Indonesia,2264
2025-02-20,NotIceCream,615,4531,aceite de coco,0,0.179,31,197898,0,3,2,2025,Filipinas,2528,Indonesia,2264
2025-02-21,NotIceCream,720,4531,aceite de coco,0,0.097,32,197283,0,4,2,2025,Filipinas,2528,Indonesia,2264
2025-02-22,NotIceCream,638,4531,aceite de coco,0,0.24,34,196563,0,5,2,2025,Filipinas,2528,Indonesia,2264
2025-02-23,NotIceCream,669,4531,aceite de coco,1,0.247,37,195925,0,6,2,2025,Filipinas,2528,Indonesia,2264
2025-02-24,NotIceCream,471,4531,aceite de coco,0,0.184,35,195256,0,0,2,2025,Filipinas,2528,Indonesia,2264
2025-02-25,NotIceCream,367,4531,aceite de coco,0,0.144,31,194785,0,1,2,2025,Filipinas,2528,Indonesia,2264
2025-02-26,NotIceCream,442,4531,aceite de coco,0,0.158,30,194418,0,2,2,2025,Filipinas,2528,Indonesia,2264
2025-02-27,NotIceCream,841,4531,aceite de coco,1,0.179,34,193976,0,3,2,2025,Filipinas,2528,Indonesia,2264
2025-02-28,NotIceCream,769,4531,aceite de coco,0,0.206,32,193135,0,4,2,2025,Filipinas,2528,Indonesia,2264
2025-03-01,NotIceCream,707,4531,aceite de coco,0,0.181,32,192366,0,5,3,2025,Filipinas,2528,Indonesia,2264
2025-03-02,NotIceCream,587,4531,aceite de coco,0,0.158,30,191659,0,6,3,2025,Filipinas,2528,Indonesia,2264
2025-03-03,NotIceCream,392,4531,aceite de coco,0,0.256,35,191072,0,0,3,2025,Filipinas,2528,Indonesia,2264
2025-03-04,NotIceCream,341,4531,aceite de coco,0,0.222,32,190680,0,1,3,2025,Filipinas,2528,Indonesia,2264
2025-03-05,NotIceCream,434,4531,aceite de coco,0,0.161,32,190339,0,2,3,2025,Filipinas,2528,Indonesia,2264
2025-03-06,NotIceCream,632,4531,aceite de coco,0,0.233,33,189905,0,3,3,2025,Filipinas,2528,Indonesia,2264
2025-03-07,NotIceCream,886,4531,aceite de coco,1,0.232,34,189273,0,4,3,2025,Filipinas,2528,Indonesia,2264
2025-03-08,NotIceCream,717,4531,aceite de coco,0,0.193,34,188387,0,5,3,2025,Filipinas,2528,Indonesia,2264
2025-03-09,NotIceCream,557,4531,aceite de coco,0,0.293,34,187670,0,6,3,2025,Filipinas,2528,Indonesia,2264
2025-03-10,NotIceCream,386,4531,aceite de coco,0,0.246,32,187113,0,0,3,2025,Filipinas,2528,Indonesia,2264
2025-03-11,NotIceCream,461,4531,aceite de coco,1,0.233,30,186727,0,1,3,2025,Filipinas,2528,Indonesia,2264
2025-03-12,NotIceCream,357,4531,aceite de coco,0,0.245,34,186266,0,2,3,2025,Filipinas,2528,Indonesia,2264
2025-03-13,NotIceCream,565,4531,aceite de coco,0,0.277,34,185909,0,3,3,2025,Filipinas,2528,Indonesia,2264
2025-03-14,NotIceCream,658,4531,aceite de coco,0,0.257,32,185344,0,4,3,2025,Filipinas,2528,Indonesia,2264
2025-03-15,NotIceCream,692,4531,aceite de coco,0,0.262,34,184686,0,5,3,2025,Filipinas,2528,Indonesia,2264
2025-03-16,NotIceCream,466,4531,aceite de coco,0,0.325,36,183994,0,6,3,2025,Filipinas,2528,Indonesia,2264
2025-03-17,NotIceCream,419,4531,aceite de coco,0,0.207,35,183528,0,0,3,2025,Filipinas,2528,Indonesia,2264
2025-03-18,NotIceCream,378,4531,aceite de coco,0,0.221,30,183109,0,1,3,2025,Filipinas,2528,Indonesia,2264
2025-03-19,NotIceCream,430,4531,aceite de coco,0,0.328,34,182731,0,2,3,2025,Filipinas,2528,Indonesia,2264
2025-03-20,NotIceCream,790,4531,aceite de coco,1,0.416,38,182301,0,3,3,2025,Filipinas,2528,Indonesia,2264
2025-03-21,NotIceCream,685,4531,aceite de coco,0,0.345,38,181511,0,4,3,2025,Filipinas,2528,Indonesia,2264
2025-03-22,NotIceCream,613,4531,aceite de coco,0,0.4,34,180826,0,5,3,2025,Filipinas,2528,Indonesia,2264
2025-03-23,NotIceCream,564,4531,aceite de coco,0,0.292,37,180213,0,6,3,2025,Filipinas,2528,Indonesia,2264
2025-03-24,NotIceCream,429,4531,aceite de coco,0,0.287,31,179649,0,0,3,2025,Filipinas,2528,Indonesia,2264
2025-03-25,NotIceCream,311,4531,aceite de coco,0,0.348,37,179220,0,1,3,2025,Filipinas,2528,Indonesia,2264
2025-03-26,NotIceCream,555,4531,aceite de coco,1,0.379,35,178909,0,2,3,2025,Filipinas,2528,Indonesia,2264
2025-03-27,NotIceCream,575,4531,aceite de coco,0,0.272,37,178354,0,3,3,2025,Filipinas,2528,Indonesia,2264
2025-03-28,NotIceCream,863,4531,aceite de coco,0,0.333,34,177779,0,4,3,2025,Filipinas,2528,Indonesia,2264
2025-03-29,NotIceCream,701,4531,aceite de coco,0,0.348,34,176916,0,5,3,2025,Filipinas,2528,Indonesia,2264
2025-03-30,NotIceCream,470,4531,aceite de coco,0,0.321,34,176215,0,6,3,2025,Filipinas,2528,Indonesia,2264
2025-03-31,NotIceCream,331,4531,aceite de coco,0,0.333,32,175745,0,0,3,2025,Filipinas,2528,Indonesia,2264
2025-04-01,NotIceCream,361,4531,aceite de coco,0,0.409,32,175414,0,1,4,2025,Filipinas,2528,Indonesia,2264
2025-04-02,NotIceCream,504,4531,aceite de coco,0,0.396,37,175053,0,2,4,2025,Filipinas,2528,Indonesia,2264
2025-04-03,NotIceCream,563,4531,aceite de coco,0,0.419,38,174549,0,3,4,2025,Filipinas,2528,Indonesia,2264
2025-04-04,NotIceCream,881,4531,aceite de coco,1,0.401,37,173986,0,4,4,2025,Filipinas,2528,Indonesia,2264
2025-04-05,NotIceCream,698,4531,aceite de coco,0,0.346,32,173105,0,5,4,2025,Filipinas,2528,Indonesia,2264
2025-04-06,NotIceCream,508,4531,aceite de coco,0,0.417,37,172407,0,6,4,2025,Filipinas,2528,Indonesia,2264
2025-04-07,NotIceCream,312,4531,aceite de coco,0,0.353,33,171899,0,0,4,2025,Filipinas,2528,Indonesia,2264
2025-04-08,NotIceCream,361,4531,aceite de coco,0,0.391,36,171587,0,1,4,2025,Filipinas,2528,Indonesia,2264
2025-04-09,NotIceCream,390,4531,aceite de coco,0,0.36,37,171226,0,2,4,2025,Filipinas,2528,Indonesia,2264
2025-04-10,NotIceCream,609,4531,aceite de coco,0,0.386,36,170836,0,3,4,2025,Filipinas,2528,Indonesia,2264
2025-04-11,NotIceCream,631,4531,aceite de coco,0,0.426,39,170227,0,4,4,2025,Filipinas,2528,Indonesia,2264
2025-04-12,NotIceCream,664,4531,aceite de coco,0,0.404,35,169596,0,5,4,2025,Filipinas,2528,Indonesia,2264
2025-04-13,NotIceCream,565,4531,aceite de coco,0,0.387,35,168932,0,6,4,2025,Filipinas,2528,Indonesia,2264
2025-04-14,NotIceCream,414,4531,aceite de coco,0,0.493,37,168367,0,0,4,2025,Filipinas,2528,Indonesia,2264
2025-04-15,NotIceCream,331,4531,aceite de coco,0,0.435,33,167953,0,1,4,2025,Filipinas,2528,Indonesia,2264
2025-04-16,NotIceCream,405,4531,aceite de coco,0,0.419,35,167622,0,2,4,2025,Filipinas,2528,Indonesia,2264
2025-04-17,NotIceCream,573,4531,aceite de coco,0,0.396,35,167217,0,3,4,2025,Filipinas,2528,Indonesia,2264
2025-04-18,NotIceCream,678,4531,aceite de coco,0,0.36,34,166644,0,4,4,2025,Filipinas,2528,Indonesia,2264
2025-04-19,NotIceCream,573,4531,aceite de coco,0,0.447,37,165966,0,5,4,2025,Filipinas,2528,Indonesia,2264
2025-04-20,NotIceCream,461,4531,aceite de coco,0,0.393,33,165393,0,6,4,2025,Filipinas,2528,Indonesia,2264
2025-04-21,NotIceCream,307,4531,aceite de coco,0,0.501,35,164932,0,0,4,2025,Filipinas,2528,Indonesia,2264
2025-04-22,NotIceCream,334,4531,aceite de coco,0,0.47,39,164625,0,1,4,2025,Filipinas,2528,Indonesia,2264
2025-04-23,NotIceCream,375,4531,aceite de coco,0,0.55,34,164291,0,2,4,2025,Filipinas,2528,Indonesia,2264
2025-04-24,NotIceCream,564,4531,aceite de coco,0,0.487,38,163916,0,3,4,2025,Filipinas,2528,Indonesia,2264
2025-04-25,NotIceCream,653,4531,aceite de coco,0,0.442,35,163352,0,4,4,2025,Filipinas,2528,Indonesia,2264
2025-04-26,NotIceCream,568,4531,aceite de coco,0,0.387,36,162699,0,5,4,2025,Filipinas,2528,Indonesia,2264
2025-04-27,NotIceCream,491,4531,aceite de coco,0,0.524,40,162131,0,6,4,2025,Filipinas,2528,Indonesia,2264
2025-04-28,NotIceCream,344,4531,aceite de coco,0,0.421,36,161640,0,0,4,2025,Filipinas,2528,Indonesia,2264
2025-04-29,NotIceCream,289,4531,aceite de coco,0,0.468,38,161296,0,1,4,2025,Filipinas,2528,Indonesia,2264
2025-04-30,NotIceCream,401,4531,aceite de coco,0,0.574,38,161007,0,2,4,2025,Filipinas,2528,Indonesia,2264
2025-05-01,NotIceCream,752,4531,aceite de coco,1,0.523,37,160606,0,3,5,2025,Filipinas,2528,Indonesia,2264
2025-05-02,NotIceCream,663,4531,aceite de coco,0,0.514,37,159854,0,4,5,2025,Filipinas,2528,Indonesia,2264
2025-05-03,NotIceCream,749,4531,aceite de coco,1,0.543,39,159191,0,5,5,2025,Filipinas,2528,Indonesia,2264
2025-05-04,NotIceCream,525,4531,aceite de coco,0,0.542,36,158442,0,6,5,2025,Filipinas,2528,Indonesia,2264
2025-05-05,NotIceCream,391,4531,aceite de coco,0,0.577,36,157917,0,0,5,2025,Filipinas,2528,Indonesia,2264
2025-05-06,NotIceCream,260,4531,aceite de coco,0,0.469,37,157526,0,1,5,2025,Filipinas,2528,Indonesia,2264
2025-05-07,NotIceCream,394,4531,aceite de coco,0,0.48,37,157266,0,2,5,2025,Filipinas,2528,Indonesia,2264
2025-05-08,NotIceCream,520,4531,aceite de coco,0,0.454,33,156872,0,3,5,2025,Filipinas,2528,Indonesia,2264
2025-05-09,NotIceCream,640,4531,aceite de coco,0,0.498,37,156352,0,4,5,2025,Filipinas,2528,Indonesia,2264
2025-05-10,NotIceCream,607,4531,aceite de coco,0,0.493,34,155712,0,5,5,2025,Filipinas,2528,Indonesia,2264
2025-05-11,NotIceCream,449,4531,aceite de coco,0,0.412,37,155105,0,6,5,2025,Filipinas,2528,Indonesia,2264
2025-05-12,NotIceCream,383,4531,aceite de coco,0,0.467,33,154656,0,0,5,2025,Filipinas,2528,Indonesia,2264
2025-05-13,NotIceCream,287,4531,aceite de coco,0,0.571,42,154273,0,1,5,2025,Filipinas,2528,Indonesia,2264
2025-05-14,NotIceCream,331,4531,aceite de coco,0,0.51,36,153986,0,2,5,2025,Filipinas,2528,Indonesia,2264
2025-05-15,NotIceCream,664,4531,aceite de coco,1,0.533,36,153655,0,3,5,2025,Filipinas,2528,Indonesia,2264
2025-05-16,NotIceCream,602,4531,aceite de coco,0,0.49,36,152991,0,4,5,2025,Filipinas,2528,Indonesia,2264
2025-05-17,NotIceCream,549,4531,aceite de coco,0,0.4,37,152389,0,5,5,2025,Filipinas,2528,Indonesia,2264
2025-05-18,NotIceCream,450,4531,aceite de coco,0,0.486,39,151840,0,6,5,2025,Filipinas,2528,Indonesia,2264
2025-05-19,NotIceCream,316,4531,aceite de coco,0,0.543,37,151390,0,0,5,2025,Filipinas,2528,Indonesia,2264
2025-05-20,NotIceCream,253,4531,aceite de coco,0,0.43,33,151074,0,1,5,2025,Filipinas,2528,Indonesia,2264
2025-05-21,NotIceCream,306,4531,aceite de coco,0,0.524,35,150821,0,2,5,2025,Filipinas,2528,Indonesia,2264
2025-05-22,NotIceCream,396,4531,aceite de coco,0,0.399,36,150515,0,3,5,2025,Filipinas,2528,Indonesia,2264
2025-05-23,NotIceCream,597,4531,aceite de coco,0,0.483,39,150119,0,4,5,2025,Filipinas,2528,Indonesia,2264
2025-05-24,NotIceCream,509,4531,aceite de coco,0,0.506,39,149522,0,5,5,2025,Filipinas,2528,Indonesia,2264
2025-05-25,NotIceCream,302,4531,aceite de coco,0,0.46,37,149013,0,6,5,2025,Filipinas,2528,Indonesia,2264
2025-05-26,NotIceCream,308,4531,aceite de coco,0,0.597,40,148711,0,0,5,2025,Filipinas,2528,Indonesia,2264
2025-05-27,NotIceCream,261,4531,aceite de coco,0,0.445,40,148403,0,1,5,2025,Filipinas,2528,Indonesia,2264
2025-05-28,NotIceCream,264,4531,aceite de coco,0,0.437,39,148142,0,2,5,2025,Filipinas,2528,Indonesia,2264
2025-05-29,NotIceCream,395,4531,aceite de coco,0,0.473,38,147878,0,3,5,2025,Filipinas,2528,Indonesia,2264
2025-05-30,NotIceCream,470,4531,aceite de coco,0,0.421,34,147483,0,4,5,2025,Filipinas,2528,Indonesia,2264
2025-05-31,NotIceCream,463,4531,aceite de coco,0,0.383,37,147013,0,5,5,2025,Filipinas,2528,Indonesia,2264
2025-06-01,NotIceCream,432,4531,aceite de coco,0,0.396,36,146550,0,6,6,2025,Filipinas,2528,Indonesia,2264
2025-06-02,NotIceCream,280,4531,aceite de coco,0,0.484,38,146118,0,0,6,2025,Filipinas,2528,Indonesia,2264
2025-06-03,NotIceCream,232,4531,aceite de coco,0,0.427,38,145838,0,1,6,2025,Filipinas,2528,Indonesia,2264
2025-06-04,NotIceCream,321,4531,aceite de coco,0,0.522,38,145606,0,2,6,2025,Filipinas,2528,Indonesia,2264
2025-06-05,NotIceCream,417,4531,aceite de coco,0,0.411,36,145285,0,3,6,2025,Filipinas,2528,Indonesia,2264
2025-06-06,NotIceCream,411,4531,aceite de coco,0,0.463,34,144868,0,4,6,2025,Filipinas,2528,Indonesia,2264
2025-06-07,NotIceCream,443,4531,aceite de coco,0,0.448,36,144457,0,5,6,2025,Filipinas,2528,Indonesia,2264
2025-06-08,NotIceCream,382,4531,aceite de coco,0,0.395,36,144014,0,6,6,2025,Filipinas,2528,Indonesia,2264
2025-06-09,NotIceCream,248,4531,aceite de coco,0,0.369,36,143632,0,0,6,2025,Filipinas,2528,Indonesia,2264
2025-06-10,NotIceCream,264,4531,aceite de coco,0,0.321,35,143384,0,1,6,2025,Filipinas,2528,Indonesia,2264
2025-06-11,NotIceCream,281,4531,aceite de coco,0,0.43,38,143120,0,2,6,2025,Filipinas,2528,Indonesia,2264
2025-06-12,NotIceCream,356,4531,aceite de coco,0,0.457,38,142839,0,3,6,2025,Filipinas,2528,Indonesia,2264
2025-06-13,NotIceCream,411,4531,aceite de coco,0,0.312,34,142483,0,4,6,2025,Filipinas,2528,Indonesia,2264
2025-06-14,NotIceCream,472,4531,aceite de coco,0,0.367,33,142072,0,5,6,2025,Filipinas,2528,Indonesia,2264
2025-06-15,NotIceCream,334,4531,aceite de coco,0,0.346,36,141600,0,6,6,2025,Filipinas,2528,Indonesia,2264
2025-06-16,NotIceCream,329,4531,aceite de coco,1,0.402,40,141266,0,0,6,2025,Filipinas,2528,Indonesia,2264
2025-06-17,NotIceCream,255,4531,aceite de coco,1,0.352,36,140937,0,1,6,2025,Filipinas,2528,Indonesia,2264
2025-06-18,NotIceCream,318,4531,aceite de coco,1,0.429,35,140682,0,2,6,2025,Filipinas,2528,Indonesia,2264
2025-06-19,NotIceCream,339,4531,aceite de coco,0,0.337,36,140364,0,3,6,2025,Filipinas,2528,Indonesia,2264
2025-06-20,NotIceCream,415,4531,aceite de coco,0,0.289,35,140025,0,4,6,2025,Filipinas,2528,Indonesia,2264
2025-06-21,NotIceCream,388,4531,aceite de coco,0,0.321,36,139610,0,5,6,2025,Filipinas,2528,Indonesia,2264
2025-06-22,NotIceCream,359,4531,aceite de coco,0,0.321,37,139222,0,6,6,2025,Filipinas,2528,Indonesia,2264
2025-06-23,NotIceCream,229,4531,aceite de coco,0,0.359,36,138863,0,0,6,2025,Filipinas,2528,Indonesia,2264
2025-06-24,NotIceCream,200,4531,aceite de coco,0,0.308,37,138634,0,1,6,2025,Filipinas,2528,Indonesia,2264
2025-06-25,NotIceCream,245,4531,aceite de coco,0,0.343,35,138434,0,2,6,2025,Filipinas,2528,Indonesia,2264
2025-06-26,NotIceCream,518,4531,aceite de coco,1,0.275,37,138189,0,3,6,2025,Filipinas,2528,Indonesia,2264
2025-06-27,NotIceCream,430,4531,aceite de coco,0,0.294,37,137671,0,4,6,2025,Filipinas,2528,Indonesia,2264
2025-06-28,NotIceCream,415,4531,aceite de coco,0,0.263,36,137241,0,5,6,2025,Filipinas,2528,Indonesia,2264
2025-06-29,NotIceCream,273,4531,aceite de coco,0,0.254,35,136826,0,6,6,2025,Filipinas,2528,Indonesia,2264
2025-06-30,NotIceCream,213,4531,aceite de coco,0,0.354,40,136553,0,0,6,2025,Filipinas,2528,Indonesia,2264
2025-07-01,NotIceCream,285,4531,aceite de coco,1,0.249,36,136340,0,1,7,2025,Filipinas,2528,Indonesia,2264
2025-07-02,NotIceCream,211,4531,aceite de coco,0,0.262,32,136055,0,2,7,2025,Filipinas,2528,Indonesia,2264
2025-07-03,NotIceCream,320,4531,aceite de coco,0,0.325,35,135844,0,3,7,2025,Filipinas,2528,Indonesia,2264
2025-07-04,NotIceCream,476,4531,aceite de coco,1,0.305,34,135524,0,4,7,2025,Filipinas,2528,Indonesia,2264
2025-07-05,NotIceCream,340,4531,aceite de coco,0,0.344,39,135048,0,5,7,2025,Filipinas,2528,Indonesia,2264
2025-07-06,NotIceCream,334,4531,aceite de coco,0,0.28,36,134708,0,6,7,2025,Filipinas,2528,Indonesia,2264
2025-07-07,NotIceCream,224,4531,aceite de coco,0,0.221,37,134374,0,0,7,2025,Filipinas,2528,Indonesia,2264
2025-07-08,NotIceCream,194,4531,aceite de coco,0,0.348,33,134150,0,1,7,2025,Filipinas,2528,Indonesia,2264
2025-07-09,NotIceCream,234,4531,aceite de coco,0,0.269,36,133956,0,2,7,2025,Filipinas,2528,Indonesia,2264
2025-07-10,NotIceCream,296,4531,aceite de coco,0,0.227,30,133722,0,3,7,2025,Filipinas,2528,Indonesia,2264
2025-07-11,NotIceCream,419,4531,aceite de coco,1,0.233,30,133426,0,4,7,2025,Filipinas,2528,Indonesia,2264
2025-07-12,NotIceCream,337,4531,aceite de coco,0,0.234,32,133007,0,5,7,2025,Filipinas,2528,Indonesia,2264
2025-07-13,NotIceCream,274,4531,aceite de coco,0,0.208,36,132670,0,6,7,2025,Filipinas,2528,Indonesia,2264
2025-07-14,NotIceCream,229,4531,aceite de coco,0,0.146,30,132396,0,0,7,2025,Filipinas,2528,Indonesia,2264
2025-07-15,NotIceCream,152,4531,aceite de coco,0,0.292,34,132167,0,1,7,2025,Filipinas,2528,Indonesia,2264
2025-07-16,NotIceCream,262,4531,aceite de coco,1,0.205,35,132015,0,2,7,2025,Filipinas,2528,Indonesia,2264
2025-07-17,NotIceCream,263,4531,aceite de coco,0,0.211,35,131753,0,3,7,2025,Filipinas,2528,Indonesia,2264
2025-07-18,NotIceCream,367,4531,aceite de coco,0,0.301,39,131490,0,4,7,2025,Filipinas,2528,Indonesia,2264
2025-07-19,NotIceCream,379,4531,aceite de coco,0,0.159,32,131123,0,5,7,2025,Filipinas,2528,Indonesia,2264
2025-07-20,NotIceCream,271,4531,aceite de coco,0,0.222,32,130744,0,6,7,2025,Filipinas,2528,Indonesia,2264
2025-07-21,NotIceCream,196,4531,aceite de coco,0,0.146,30,130473,0,0,7,2025,Filipinas,2528,Indonesia,2264
2025-07-22,NotIceCream,162,4531,aceite de coco,0,0.198,32,130277,0,1,7,2025,Filipinas,2528,Indonesia,2264
2025-07-23,NotIceCream,205,4531,aceite de coco,0,0.189,30,130115,0,2,7,2025,Filipinas,2528,Indonesia,2264
2025-07-24,NotIceCream,286,4531,aceite de coco,0,0.215,29,129910,0,3,7,2025,Filipinas,2528,Indonesia,2264
2025-07-25,NotIceCream,333,4531,aceite de coco,0,0.233,37,129624,0,4,7,2025,Filipinas,2528,Indonesia,2264
2025-07-26,NotIceCream,326,4531,aceite de coco,0,0.141,32,129291,0,5,7,2025,Filipinas,2528,Indonesia,2264
2025-07-27,NotIceCream,267,4531,aceite de coco,0,0.238,39,128965,0,6,7,2025,Filipinas,2528,Indonesia,2264
2025-07-28,NotIceCream,189,4531,aceite de coco,1,0.239,32,128698,0,0,7,2025,Filipinas,2528,Indonesia,2264
2025-07-29,NotIceCream,154,4531,aceite de coco,0,0.15,31,128509,0,1,7,2025,Filipinas,2528,Indonesia,2264
2025-07-30,NotIceCream,194,4531,aceite de coco,0,0.16,31,128355,0,2,7,2025,Filipinas,2528,Indonesia,2264
2025-07-31,NotIceCream,267,4531,aceite de coco,0,0.133,31,128161,0,3,7,2025,Filipinas,2528,Indonesia,2264
2025-08-01,NotIceCream,304,4531,aceite de coco,0,0.141,34,127894,0,4,8,2025,Filipinas,2528,Indonesia,2264
2025-08-02,NotIceCream,305,4531,aceite de coco,0,0.095,32,127590,0,5,8,2025,Filipinas,2528,Indonesia,2264
2025-08-03,NotIceCream,228,4531,aceite de coco,0,0.192,34,127285,0,6,8,2025,Filipinas,2528,Indonesia,2264
2025-08-04,NotIceCream,149,4531,aceite de coco,0,0.05,33,127057,0,0,8,2025,Filipinas,2528,Indonesia,2264
2025-08-05,NotIceCream,160,4531,aceite de coco,0,0.117,34,126908,0,1,8,2025,Filipinas,2528,Indonesia,2264
2025-08-06,NotIceCream,165,4531,aceite de coco,0,0.149,30,126748,0,2,8,2025,Filipinas,2528,Indonesia,2264
2025-08-07,NotIceCream,246,4531,aceite de coco,0,0.215,32,126583,0,3,8,2025,Filipinas,2528,Indonesia,2264
2025-08-08,NotIceCream,280,4531,aceite de coco,0,0.123,32,126337,0,4,8,2025,Filipinas,2528,Indonesia,2264
2025-08-09,NotIceCream,328,4531,aceite de coco,0,0.171,40,126057,0,5,8,2025,Filipinas,2528,Indonesia,2264
2025-08-10,NotIceCream,232,4531,aceite de coco,0,0.146,34,125729,0,6,8,2025,Filipinas,2528,Indonesia,2264
2025-08-11,NotIceCream,164,4531,aceite de coco,0,0.198,33,125497,0,0,8,2025,Filipinas,2528,Indonesia,2264
2025-08-12,NotIceCream,152,4531,aceite de coco,0,0.17,34,125333,0,1,8,2025,Filipinas,2528,Indonesia,2264
2025-08-13,NotIceCream,207,4531,aceite de coco,0,0.193,31,125181,0,2,8,2025,Filipinas,2528,Indonesia,2264
2025-08-14,NotIceCream,250,4531,aceite de coco,0,0.125,32,124974,0,3,8,2025,Filipinas,2528,Indonesia,2264
2025-08-15,NotIceCream,281,4531,aceite de coco,0,0.103,33,124724,0,4,8,2025,Filipinas,2528,Indonesia,2264
2025-08-16,NotIceCream,300,4531,aceite de coco,0,0.174,32,124443,0,5,8,2025,Filipinas,2528,Indonesia,2264
2025-08-17,NotIceCream,200,4531,aceite de coco,0,0.132,30,124143,0,6,8,2025,Filipinas,2528,Indonesia,2264
2025-08-18,NotIceCream,166,4531,aceite de coco,0,0.16,32,123943,0,0,8,2025,Filipinas,2528,Indonesia,2264
2025-08-19,NotIceCream,163,4531,aceite de coco,0,0.176,32,123777,0,1,8,2025,Filipinas,2528,Indonesia,2264
2025-08-20,NotIceCream,243,4531,aceite de coco,1,0.225,30,123614,0,2,8,2025,Filipinas,2528,Indonesia,2264
2025-08-21,NotIceCream,240,4531,aceite de coco,0,0.204,32,123371,0,3,8,2025,Filipinas,2528,Indonesia,2264
2025-08-22,NotIceCream,286,4531,aceite de coco,0,0.133,29,123131,0,4,8,2025,Filipinas,2528,Indonesia,2264
2025-08-23,NotIceCream,271,4531,aceite de coco,0,0.113,29,122845,0,5,8,2025,Filipinas,2528,Indonesia,2264
2025-08-24,NotIceCream,232,4531,aceite de coco,0,0.258,31,122574,0,6,8,2025,Filipinas,2528,Indonesia,2264
2025-08-25,NotIceCream,174,4531,aceite de coco,0,0.097,33,122342,0,0,8,2025,Filipinas,2528,Indonesia,2264
2025-08-26,NotIceCream,136,4531,aceite de coco,0,0.157,35,122168,0,1,8,2025,Filipinas,2528,Indonesia,2264
2025-08-27,NotIceCream,138,4531,aceite de coco,0,0.215,30,122032,0,2,8,2025,Filipinas,2528,Indonesia,2264
2025-08-28,NotIceCream,246,4531,aceite de coco,0,0.268,37,121894,0,3,8,2025,Filipinas,2528,Indonesia,2264
2025-08-29,NotIceCream,333,4531,aceite de coco,0,0.181,30,121648,0,4,8,2025,Filipinas,2528,Indonesia,2264
2025-08-30,NotIceCream,271,4531,aceite de coco,0,0.195,34,121315,0,5,8,2025,Filipinas,2528,Indonesia,2264
2025-08-31,NotIceCream,199,4531,aceite de coco,0,0.154,33,121044,0,6,8,2025,Filipinas,2528,Indonesia,2264
2025-09-01,NotIceCream,173,4531,aceite de coco,0,0.209,34,120845,0,0,9,2025,Filipinas,2528,Indonesia,2264
2025-09-02,NotIceCream,160,4531,aceite de coco,0,0.149,30,120672,0,1,9,2025,Filipinas,2528,Indonesia,2264
2025-09-03,NotIceCream,181,4531,aceite de coco,0,0.174,29,120512,0,2,9,2025,Filipinas,2528,Indonesia,2264
2025-09-04,NotIceCream,272,4531,aceite de coco,0,0.254,32,120331,0,3,9,2025,Filipinas,2528,Indonesia,2264
2025-09-05,NotIceCream,306,4531,aceite de coco,0,0.199,34,120059,0,4,9,2025,Filipinas,2528,Indonesia,2264
2025-09-06,NotIceCream,299,4531,aceite de coco,0,0.271,38,119753,0,5,9,2025,Filipinas,2528,Indonesia,2264
2025-09-07,NotIceCream,219,4531,aceite de coco,0,0.223,31,119454,0,6,9,2025,Filipinas,2528,Indonesia,2264
2025-09-08,NotIceCream,229,4531,aceite de coco,1,0.167,32,119235,0,0,9,2025,Filipinas,2528,Indonesia,2264
2025-09-09,NotIceCream,142,4531,aceite de coco,0,0.299,33,119006,0,1,9,2025,Filipinas,2528,Indonesia,2264
2025-09-10,NotIceCream,176,4531,aceite de coco,0,0.18,32,118864,0,2,9,2025,Filipinas,2528,Indonesia,2264
2025-09-11,NotIceCream,238,4531,aceite de coco,0,0.222,29,118688,0,3,9,2025,Filipinas,2528,Indonesia,2264
2025-09-12,NotIceCream,298,4531,aceite de coco,0,0.247,36,118450,0,4,9,2025,Filipinas,2528,Indonesia,2264
2025-09-13,NotIceCream,330,4531,aceite de coco,1,0.313,34,118152,0,5,9,2025,Filipinas,2528,Indonesia,2264
2025-09-14,NotIceCream,249,4531,aceite de coco,0,0.242,35,117822,0,6,9,2025,Filipinas,2528,Indonesia,2264
2025-09-15,NotIceCream,158,4531,aceite de coco,0,0.228,33,117573,0,0,9,2025,Filipinas,2528,Indonesia,2264
2025-09-16,NotIceCream,143,4531,aceite de coco,0,0.288,34,117415,0,1,9,2025,Filipinas,2528,Indonesia,2264
2025-09-17,NotIceCream,186,4531,aceite de coco,0,0.275,36,117272,0,2,9,2025,Filipinas,2528,Indonesia,2264
2025-09-18,NotIceCream,232,4531,aceite de coco,0,0.268,34,117086,0,3,9,2025,Filipinas,2528,Indonesia,2264
2025-09-19,NotIceCream,255,4531,aceite de coco,0,0.308,35,116854,0,4,9,2025,Filipinas,2528,Indonesia,2264
2025-09-20,NotIceCream,289,4531,aceite de coco,0,0.243,32,116599,0,5,9,2025,Filipinas,2528,Indonesia,2264
2025-09-21,NotIceCream,214,4531,aceite de coco,0,0.223,32,116310,0,6,9,2025,Filipinas,2528,Indonesia,2264
2025-09-22,NotIceCream,186,4531,aceite de coco,0,0.422,34,116096,0,0,9,2025,Filipinas,2528,Indonesia,2264
2025-09-23,NotIceCream,138,4531,aceite de coco,0,0.327,33,115910,0,1,9,2025,Filipinas,2528,Indonesia,2264
2025-09-24,NotIceCream,211,4531,aceite de coco,0,0.336,37,115772,0,2,9,2025,Filipinas,2528,Indonesia,2264
2025-09-25,NotIceCream,260,4531,aceite de coco,0,0.294,38,115561,0,3,9,2025,Filipinas,2528,Indonesia,2264
2025-09-26,NotIceCream,316,4531,aceite de coco,0,0.384,33,115301,0,4,9,2025,Filipinas,2528,Indonesia,2264
2025-09-27,NotIceCream,262,4531,aceite de coco,0,0.319,35,114985,0,5,9,2025,Filipinas,2528,Indonesia,2264
2025-09-28,NotIceCream,255,4531,aceite de coco,0,0.212,32,114723,0,6,9,2025,Filipinas,2528,Indonesia,2264
2025-09-29,NotIceCream,183,4531,aceite de coco,0,0.329,37,114468,0,0,9,2025,Filipinas,2528,Indonesia,2264
2025-09-30,NotIceCream,142,4531,aceite de coco,0,0.349,35,114285,0,1,9,2025,Filipinas,2528,Indonesia,2264
2025-10-01,NotIceCream,198,4531,aceite de coco,0,0.361,35,114143,0,2,10,2025,Filipinas,2528,Indonesia,2264
2025-10-02,NotIceCream,264,4531,aceite de coco,0,0.365,34,113945,0,3,10,2025,Filipinas,2528,Indonesia,2264
2025-10-03,NotIceCream,324,4531,aceite de coco,0,0.348,32,113681,0,4,10,2025,Filipinas,2528,Indonesia,2264
2025-10-04,NotIceCream,327,4531,aceite de coco,0,0.349,36,113357,0,5,10,2025,Filipinas,2528,Indonesia,2264
2025-10-05,NotIceCream,255,4531,aceite de coco,0,0.377,36,113030,0,6,10,2025,Filipinas,2528,Indonesia,2264
2025-10-06,NotIceCream,197,4531,aceite de coco,0,0.315,35,112775,0,0,10,2025,Filipinas,2528,Indonesia,2264
2025-10-07,NotIceCream,166,4531,aceite de coco,0,0.305,33,112578,0,1,10,2025,Filipinas,2528,Indonesia,2264
2025-10-08,NotIceCream,215,4531,aceite de coco,0,0.413,35,112412,0,2,10,2025,Filipinas,2528,Indonesia,2264
2025-10-09,NotIceCream,275,4531,aceite de coco,0,0.419,37,112197,0,3,10,2025,Filipinas,2528,Indonesia,2264
2025-10-10,NotIceCream,318,4531,aceite de coco,0,0.463,38,111922,0,4,10,2025,Filipinas,2528,Indonesia,2264
2025-10-11,NotIceCream,325,4531,aceite de coco,0,0.411,33,111604,0,5,10,2025,Filipinas,2528,Indonesia,2264
2025-10-12,NotIceCream,313,4531,aceite de coco,0,0.369,34,111279,0,6,10,2025,Filipinas,2528,Indonesia,2264
2025-10-13,NotIceCream,220,4531,aceite de coco,0,0.336,32,110966,0,0,10,2025,Filipinas,2528,Indonesia,2264
2025-10-14,NotIceCream,194,4531,aceite de coco,0,0.394,36,110746,0,1,10,2025,Filipinas,2528,Indonesia,2264
2025-10-15,NotIceCream,242,4531,aceite de coco,0,0.464,38,110552,0,2,10,2025,Filipinas,2528,Indonesia,2264
2025-10-16,NotIceCream,293,4531,aceite de coco,0,0.519,37,110310,0,3,10,2025,Filipinas,2528,Indonesia,2264
2025-10-17,NotIceCream,463,4531,aceite de coco,1,0.454,35,110017,0,4,10,2025,Filipinas,2528,Indonesia,2264
2025-10-18,NotIceCream,367,4531,aceite de coco,0,0.395,35,109554,0,5,10,2025,Filipinas,2528,Indonesia,2264
2025-10-19,NotIceCream,313,4531,aceite de coco,0,0.415,40,109187,0,6,10,2025,Filipinas,2528,Indonesia,2264
2025-10-20,NotIceCream,212,4531,aceite de coco,0,0.421,38,108874,0,0,10,2025,Filipinas,2528,Indonesia,2264
2025-10-21,NotIceCream,189,4531,aceite de coco,0,0.446,38,108662,0,1,10,2025,Filipinas,2528,Indonesia,2264
2025-10-22,NotIceCream,305,4531,aceite de coco,1,0.526,38,108473,0,2,10,2025,Filipinas,2528,Indonesia,2264
2025-10-23,NotIceCream,337,4531,aceite de coco,0,0.533,37,108168,0,3,10,2025,Filipinas,2528,Indonesia,2264
2025-10-24,NotIceCream,412,4531,aceite de coco,0,0.468,35,107831,0,4,10,2025,Filipinas,2528,Indonesia,2264
2025-10-25,NotIceCream,391,4531,aceite de coco,0,0.489,35,107419,0,5,10,2025,Filipinas,2528,Indonesia,2264
2025-10-26,NotIceCream,319,4531,aceite de coco,0,0.442,35,107028,0,6,10,2025,Filipinas,2528,Indonesia,2264
2025-10-27,NotIceCream,235,4531,aceite de coco,0,0.399,34,106709,0,0,10,2025,Filipinas,2528,Indonesia,2264
2025-10-28,NotIceCream,225,4531,aceite de coco,0,0.577,37,106474,0,1,10,2025,Filipinas,2528,Indonesia,2264
2025-10-29,NotIceCream,214,4531,aceite de coco,0,0.373,35,106249,0,2,10,2025,Filipinas,2528,Indonesia,2264
2025-10-30,NotIceCream,317,4531,aceite de coco,0,0.399,36,106035,0,3,10,2025,Filipinas,2528,Indonesia,2264
2025-10-31,NotIceCream,439,4531,aceite de coco,0,0.583,37,105718,0,4,10,2025,Filipinas,2528,Indonesia,2264
2025-11-01,NotIceCream,422,4531,aceite de coco,0,0.495,38,105279,0,5,11,2025,Filipinas,2528,Indonesia,2264
2025-11-02,NotIceCream,343,4531,aceite de coco,0,0.44,36,104857,0,6,11,2025,Filipinas,2528,Indonesia,2264
2025-11-03,NotIceCream,259,4531,aceite de coco,0,0.531,38,104514,0,0,11,2025,Filipinas,2528,Indonesia,2264
2025-11-04,NotIceCream,215,4531,aceite de coco,0,0.537,36,104255,0,1,11,2025,Filipinas,2528,Indonesia,2264
2025-11-05,NotIceCream,252,4531,aceite de coco,0,0.432,37,104040,0,2,11,2025,Filipinas,2528,Indonesia,2264
2025-11-06,NotIceCream,384,4531,aceite de coco,0,0.473,36,103788,0,3,11,2025,Filipinas,2528,Indonesia,2264
2025-11-07,NotIceCream,444,4531,aceite de coco,0,0.544,41,103404,0,4,11,2025,Filipinas,2528,Indonesia,2264
2025-11-08,NotIceCream,423,4531,aceite de coco,0,0.459,36,102960,0,5,11,2025,Filipinas,2528,Indonesia,2264
2025-11-09,NotIceCream,377,4531,aceite de coco,0,0.514,37,102537,0,6,11,2025,Filipinas,2528,Indonesia,2264
2025-11-10,NotIceCream,275,4531,aceite de coco,0,0.571,39,102160,0,0,11,2025,Filipinas,2528,Indonesia,2264
2025-11-11,NotIceCream,229,4531,aceite de coco,0,0.38,37,101885,0,1,11,2025,Filipinas,2528,Indonesia,2264
2025-11-12,NotIceCream,319,4531,aceite de coco,0,0.481,39,101656,0,2,11,2025,Filipinas,2528,Indonesia,2264
2025-11-13,NotIceCream,430,4531,aceite de coco,0,0.511,41,101337,0,3,11,2025,Filipinas,2528,Indonesia,2264
2025-11-14,NotIceCream,620,4531,aceite de coco,1,0.407,37,100907,0,4,11,2025,Filipinas,2528,Indonesia,2264
2025-11-15,NotIceCream,562,4531,aceite de coco,0,0.469,36,100287,0,5,11,2025,Filipinas,2528,Indonesia,2264
2025-11-16,NotIceCream,375,4531,aceite de coco,0,0.546,37,99725,0,6,11,2025,Filipinas,2528,Indonesia,2264
2025-11-17,NotIceCream,267,4531,aceite de coco,0,0.457,36,99350,0,0,11,2025,Filipinas,2528,Indonesia,2264
2025-11-18,NotIceCream,255,4531,aceite de coco,0,0.416,39,99083,0,1,11,2025,Filipinas,2528,Indonesia,2264
2025-11-19,NotIceCream,292,4531,aceite de coco,0,0.545,35,98828,0,2,11,2025,Filipinas,2528,Indonesia,2264
2025-11-20,NotIceCream,413,4531,aceite de coco,0,0.508,35,98536,0,3,11,2025,Filipinas,2528,Indonesia,2264
2025-11-21,NotIceCream,460,4531,aceite de coco,0,0.48,36,98123,0,4,11,2025,Filipinas,2528,Indonesia,2264
2025-11-22,NotIceCream,518,4531,aceite de coco,0,0.476,35,97663,0,5,11,2025,Filipinas,2528,Indonesia,2264
2025-11-23,NotIceCream,355,4531,aceite de coco,0,0.529,37,97145,0,6,11,2025,Filipinas,2528,Indonesia,2264
2025-11-24,NotIceCream,291,4531,aceite de coco,0,0.49,40,96790,0,0,11,2025,Filipinas,2528,Indonesia,2264
2025-11-25,NotIceCream,253,4531,aceite de coco,0,0.504,36,96499,0,1,11,2025,Filipinas,2528,Indonesia,2264
2025-11-26,NotIceCream,304,4531,aceite de coco,0,0.434,37,96246,0,2,11,2025,Filipinas,2528,Indonesia,2264
2025-11-27,NotIceCream,375,4531,aceite de coco,0,0.369,32,95942,0,3,11,2025,Filipinas,2528,Indonesia,2264
2025-11-28,NotIceCream,454,4531,aceite de coco,0,0.492,35,95567,0,4,11,2025,Filipinas,2528,Indonesia,2264
2025-11-29,NotIceCream,492,4531,aceite de coco,0,0.512,39,95113,0,5,11,2025,Filipinas,2528,Indonesia,2264
2025-11-30,NotIceCream,444,4531,aceite de coco,0,0.442,40,94621,0,6,11,2025,Filipinas,2528,Indonesia,2264
2025-12-01,NotIceCream,317,4531,aceite de coco,0,0.493,37,94177,0,0,12,2025,Filipinas,2528,Indonesia,2264
2025-12-02,NotIceCream,267,4531,aceite de coco,0,0.428,35,93860,0,1,12,2025,Filipinas,2528,Indonesia,2264
2025-12-03,NotIceCream,309,4531,aceite de coco,0,0.436,37,93593,0,2,12,2025,Filipinas,2528,Indonesia,2264
2025-12-04,NotIceCream,473,4531,aceite de coco,0,0.523,32,93284,0,3,12,2025,Filipinas,2528,Indonesia,2264
2025-12-05,NotIceCream,477,4531,aceite de coco,0,0.416,36,92811,0,4,12,2025,Filipinas,2528,Indonesia,2264
2025-12-06,NotIceCream,446,4531,aceite de coco,0,0.409,34,92334,0,5,12,2025,Filipinas,2528,Indonesia,2264
2025-12-07,NotIceCream,439,4531,aceite de coco,0,0.328,36,91888,0,6,12,2025,Filipinas,2528,Indonesia,2264
2025-12-08,NotIceCream,313,4531,aceite de coco,0,0.45,32,91449,0,0,12,2025,Filipinas,2528,Indonesia,2264
2025-12-09,NotIceCream,304,4531,aceite de coco,0,0.375,34,91136,0,1,12,2025,Filipinas,2528,Indonesia,2264
2025-12-10,NotIceCream,355,4531,aceite de coco,0,0.413,36,90832,0,2,12,2025,Filipinas,2528,Indonesia,2264
2025-12-11,NotIceCream,548,4531,aceite de coco,0,0.384,34,90477,0,3,12,2025,Filipinas,2528,Indonesia,2264
2025-12-12,NotIceCream,560,4531,aceite de coco,0,0.372,34,89929,0,4,12,2025,Filipinas,2528,Indonesia,2264
2025-12-13,NotIceCream,777,4531,aceite de coco,1,0.383,37,89369,0,5,12,2025,Filipinas,2528,Indonesia,2264
2025-12-14,NotIceCream,461,4531,aceite de coco,0,0.381,35,88592,0,6,12,2025,Filipinas,2528,Indonesia,2264
2025-12-15,NotIceCream,381,4531,aceite de coco,0,0.437,34,88131,0,0,12,2025,Filipinas,2528,Indonesia,2264
2025-12-16,NotIceCream,291,4531,aceite de coco,0,0.448,38,87750,0,1,12,2025,Filipinas,2528,Indonesia,2264
2025-12-17,NotIceCream,392,4531,aceite de coco,0,0.399,36,87459,0,2,12,2025,Filipinas,2528,Indonesia,2264
2025-12-18,NotIceCream,464,4531,aceite de coco,0,0.424,37,87067,0,3,12,2025,Filipinas,2528,Indonesia,2264
2025-12-19,NotIceCream,593,4531,aceite de coco,0,0.397,34,86603,0,4,12,2025,Filipinas,2528,Indonesia,2264
2025-12-20,NotIceCream,603,4531,aceite de coco,0,0.373,30,86010,0,5,12,2025,Filipinas,2528,Indonesia,2264
2025-12-21,NotIceCream,542,4531,aceite de coco,0,0.415,34,85407,0,6,12,2025,Filipinas,2528,Indonesia,2264
2025-12-22,NotIceCream,296,4531,aceite de coco,0,0.271,32,84865,0,0,12,2025,Filipinas,2528,Indonesia,2264
2025-12-23,NotIceCream,301,4531,aceite de coco,0,0.296,33,84569,0,1,12,2025,Filipinas,2528,Indonesia,2264
2025-12-24,NotIceCream,372,4531,aceite de coco,0,0.283,32,84268,0,2,12,2025,Filipinas,2528,Indonesia,2264
2025-12-25,NotIceCream,611,4531,aceite de coco,1,0.303,34,83896,0,3,12,2025,Filipinas,2528,Indonesia,2264
2025-12-26,NotIceCream,826,4531,aceite de coco,1,0.347,37,83285,0,4,12,2025,Filipinas,2528,Indonesia,2264
2025-12-27,NotIceCream,555,4531,aceite de coco,0,0.251,36,82459,0,5,12,2025,Filipinas,2528,Indonesia,2264
2025-12-28,NotIceCream,418,4531,aceite de coco,0,0.325,36,81904,0,6,12,2025,Filipinas,2528,Indonesia,2264
2025-12-29,NotIceCream,366,4531,aceite de coco,0,0.265,32,81486,0,0,12,2025,Filipinas,2528,Indonesia,2264
2025-12-30,NotIceCream,314,4531,aceite de coco,0,0.271,34,81120,0,1,12,2025,Filipinas,2528,Indonesia,2264
2021-01-01,NotHotDog,476,2810,gluten de trigo,0,0.282,36,8200,0,4,1,2021,Francia,1641,China,1641
2021-01-02,NotHotDog,593,2810,gluten de trigo,0,0.248,36,7724,0,5,1,2021,Francia,1641,China,1641
2021-01-03,NotHotDog,484,2810,gluten de trigo,0,0.259,31,7131,0,6,1,2021,Francia,1641,China,1641
2021-01-04,NotHotDog,421,2810,gluten de trigo,0,0.227,32,6647,0,0,1,2021,Francia,1641,China,1641
2021-01-05,NotHotDog,397,2810,gluten de trigo,0,0.277,32,6226,0,1,1,2021,Francia,1641,China,1641
2021-01-06,NotHotDog,434,2810,gluten de trigo,0,0.329,33,5829,0,2,1,2021,Francia,1641,China,1641
2021-01-07,NotHotDog,465,2810,gluten de trigo,0,0.281,35,5395,0,3,1,2021,Francia,1641,China,1641
2021-01-08,NotHotDog,545,2810,gluten de trigo,0,0.306,30,4930,0,4,1,2021,Francia,1641,China,1641
2021-01-09,NotHotDog,489,2810,gluten de trigo,0,0.161,32,4385,0,5,1,2021,Francia,1641,China,1641
2021-01-10,NotHotDog,475,2810,gluten de trigo,0,0.193,31,3896,0,6,1,2021,Francia,1641,China,1641
2021-01-11,NotHotDog,420,2810,gluten de trigo,0,0.25,35,3421,0,0,1,2021,Francia,1641,China,1641
2021-01-12,NotHotDog,482,2810,gluten de trigo,1,0.292,35,3001,0,1,1,2021,Francia,1641,China,1641
2021-01-13,NotHotDog,436,2810,gluten de trigo,0,0.245,31,2519,0,2,1,2021,Francia,1641,China,1641
2021-01-14,NotHotDog,435,2810,gluten de trigo,0,0.156,31,2083,0,3,1,2021,Francia,1641,China,1641
2021-01-15,NotHotDog,542,2810,gluten de trigo,0,0.182,33,1648,0,4,1,2021,Francia,1641,China,1641
2021-01-16,NotHotDog,533,2810,gluten de trigo,0,0.216,34,1106,0,5,1,2021,Francia,1641,China,1641
2021-01-17,NotHotDog,569,2810,gluten de trigo,1,0.187,26,573,0,6,1,2021,Francia,1641,China,1641
2021-01-18,NotHotDog,388,2810,gluten de trigo,0,0.151,33,4,0,0,1,2021,Francia,1641,China,1641
2021-01-19,NotHotDog,387,2810,gluten de trigo,0,0.173,34,0,1,1,1,2021,Francia,1641,China,1641
2021-01-20,NotHotDog,479,2810,gluten de trigo,0,0.183,32,0,1,2,1,2021,Francia,1641,China,1641
2021-01-21,NotHotDog,475,2810,gluten de trigo,0,0.126,32,0,1,3,1,2021,Francia,1641,China,1641
2021-01-22,NotHotDog,525,2810,gluten de trigo,0,0.226,34,0,1,4,1,2021,Francia,1641,China,1641
2021-01-23,NotHotDog,544,2810,gluten de trigo,0,0.152,31,0,1,5,1,2021,Francia,1641,China,1641
2021-01-24,NotHotDog,516,2810,gluten de trigo,0,0.167,33,0,1,6,1,2021,Francia,1641,China,1641
2021-01-25,NotHotDog,464,2810,gluten de trigo,0,0.22,32,0,1,0,1,2021,Francia,1641,China,1641
2021-01-26,NotHotDog,390,2810,gluten de trigo,0,0.159,31,0,1,1,1,2021,Francia,1641,China,1641
2021-01-27,NotHotDog,386,2810,gluten de trigo,0,0.212,30,0,1,2,1,2021,Francia,1641,China,1641
2021-01-28,NotHotDog,585,2810,gluten de trigo,1,0.109,31,0,1,3,1,2021,Francia,1641,China,1641
2021-01-29,NotHotDog,593,2810,gluten de trigo,0,0.181,35,0,1,4,1,2021,Francia,1641,China,1641
2021-01-30,NotHotDog,786,2810,gluten de trigo,1,0.199,30,0,1,5,1,2021,Francia,1641,China,1641
2021-01-31,NotHotDog,583,2810,gluten de trigo,0,0.114,32,0,1,6,1,2021,Francia,1641,China,1641
2021-02-01,NotHotDog,387,2810,gluten de trigo,0,0.145,31,0,1,0,2,2021,Francia,1641,China,1641
2021-02-02,NotHotDog,402,2810,gluten de trigo,0,0.145,34,0,1,1,2,2021,Francia,1641,China,1641
2021-02-03,NotHotDog,405,2810,gluten de trigo,0,0.162,34,0,1,2,2,2021,Francia,1641,China,1641
2021-02-04,NotHotDog,489,2810,gluten de trigo,0,0.175,29,0,1,3,2,2021,Francia,1641,China,1641
2021-02-05,NotHotDog,545,2810,gluten de trigo,0,0.105,29,0,1,4,2,2021,Francia,1641,China,1641
2021-02-06,NotHotDog,569,2810,gluten de trigo,0,0.147,30,0,1,5,2,2021,Francia,1641,China,1641
2021-02-07,NotHotDog,585,2810,gluten de trigo,1,0.23,31,9681,0,6,2,2021,Francia,1641,China,1641
2021-02-08,NotHotDog,517,2810,gluten de trigo,0,0.203,31,19346,0,0,2,2021,Francia,1641,China,1641
2021-02-09,NotHotDog,386,2810,gluten de trigo,0,0.19,32,18829,0,1,2,2021,Francia,1641,China,1641
2021-02-10,NotHotDog,480,2810,gluten de trigo,0,0.141,29,38943,0,2,2,2021,Francia,1641,China,1641
2021-02-11,NotHotDog,659,2810,gluten de trigo,1,0.258,31,48713,0,3,2,2021,Francia,1641,China,1641
2021-02-12,NotHotDog,948,2810,gluten de trigo,1,0.204,30,58304,0,4,2,2021,Francia,1641,China,1641
2021-02-13,NotHotDog,606,2810,gluten de trigo,0,0.155,32,67606,0,5,2,2021,Francia,1641,China,1641
2021-02-14,NotHotDog,553,2810,gluten de trigo,0,0.166,31,77250,0,6,2,2021,Francia,1641,China,1641
2021-02-15,NotHotDog,414,2810,gluten de trigo,0,0.133,30,86947,0,0,2,2021,Francia,1641,China,1641
2021-02-16,NotHotDog,435,2810,gluten de trigo,0,0.177,29,96783,0,1,2,2021,Francia,1641,China,1641
2021-02-17,NotHotDog,460,2810,gluten de trigo,0,0.189,28,106598,0,2,2,2021,Francia,1641,China,1641
2021-02-18,NotHotDog,519,2810,gluten de trigo,0,0.197,35,106138,0,3,2,2021,Francia,1641,China,1641
2021-02-19,NotHotDog,548,2810,gluten de trigo,0,0.155,30,115869,0,4,2,2021,Francia,1641,China,1641
2021-02-20,NotHotDog,582,2810,gluten de trigo,0,0.093,36,125571,0,5,2,2021,Francia,1641,China,1641
2021-02-21,NotHotDog,507,2810,gluten de trigo,0,0.181,33,135239,0,6,2,2021,Francia,1641,China,1641
2021-02-22,NotHotDog,467,2810,gluten de trigo,0,0.207,35,155232,0,0,2,2021,Francia,1641,China,1641
2021-02-23,NotHotDog,398,2810,gluten de trigo,0,0.126,32,165015,0,1,2,2021,Francia,1641,China,1641
2021-02-24,NotHotDog,380,2810,gluten de trigo,0,0.174,31,164617,0,2,2,2021,Francia,1641,China,1641
2021-02-25,NotHotDog,564,2810,gluten de trigo,0,0.249,31,174487,0,3,2,2021,Francia,1641,China,1641
2021-02-26,NotHotDog,863,2810,gluten de trigo,1,0.125,29,214923,0,4,2,2021,Francia,1641,China,1641
2021-02-27,NotHotDog,515,2810,gluten de trigo,0,0.175,33,214060,0,5,2,2021,Francia,1641,China,1641
2021-02-28,NotHotDog,597,2810,gluten de trigo,0,0.267,33,223795,0,6,2,2021,Francia,1641,China,1641
2021-03-01,NotHotDog,487,2810,gluten de trigo,0,0.204,33,233448,0,0,3,2021,Francia,1641,China,1641
2021-03-02,NotHotDog,471,2810,gluten de trigo,1,0.174,33,232961,0,1,3,2021,Francia,1641,China,1641
2021-03-03,NotHotDog,410,2810,gluten de trigo,0,0.205,32,232490,0,2,3,2021,Francia,1641,China,1641
2021-03-04,NotHotDog,732,2810,gluten de trigo,1,0.251,31,252580,0,3,3,2021,Francia,1641,China,1641
2021-03-05,NotHotDog,536,2810,gluten de trigo,0,0.204,33,272348,0,4,3,2021,Francia,1641,China,1641
2021-03-06,NotHotDog,563,2810,gluten de trigo,0,0.249,32,282062,0,5,3,2021,Francia,1641,China,1641
2021-03-07,NotHotDog,467,2810,gluten de trigo,0,0.235,32,281499,0,6,3,2021,Francia,1641,China,1641
2021-03-08,NotHotDog,438,2810,gluten de trigo,0,0.244,33,301532,0,0,3,2021,Francia,1641,China,1641
2021-03-09,NotHotDog,453,2810,gluten de trigo,0,0.267,32,311344,0,1,3,2021,Francia,1641,China,1641
2021-03-10,NotHotDog,463,2810,gluten de trigo,0,0.224,28,310891,0,2,3,2021,Francia,1641,China,1641
2021-03-11,NotHotDog,580,2810,gluten de trigo,0,0.197,33,310428,0,3,3,2021,Francia,1641,China,1641
2021-03-12,NotHotDog,583,2810,gluten de trigo,0,0.273,35,309848,0,4,3,2021,Francia,1641,China,1641
2021-03-13,NotHotDog,598,2810,gluten de trigo,0,0.248,28,309265,0,5,3,2021,Francia,1641,China,1641
2021-03-14,NotHotDog,469,2810,gluten de trigo,0,0.238,30,308667,0,6,3,2021,Francia,1641,China,1641
2021-03-15,NotHotDog,433,2810,gluten de trigo,0,0.293,37,308198,0,0,3,2021,Francia,1641,China,1641
2021-03-16,NotHotDog,523,2810,gluten de trigo,1,0.336,33,307765,0,1,3,2021,Francia,1641,China,1641
2021-03-17,NotHotDog,442,2810,gluten de trigo,0,0.27,32,307242,0,2,3,2021,Francia,1641,China,1641
2021-03-18,NotHotDog,524,2810,gluten de trigo,0,0.284,32,306800,0,3,3,2021,Francia,1641,China,1641
2021-03-19,NotHotDog,582,2810,gluten de trigo,0,0.23,30,306276,0,4,3,2021,Francia,1641,China,1641
2021-03-20,NotHotDog,689,2810,gluten de trigo,0,0.284,32,305694,0,5,3,2021,Francia,1641,China,1641
2021-03-21,NotHotDog,590,2810,gluten de trigo,0,0.312,35,305005,0,6,3,2021,Francia,1641,China,1641
2021-03-22,NotHotDog,483,2810,gluten de trigo,0,0.306,33,304415,0,0,3,2021,Francia,1641,China,1641
2021-03-23,NotHotDog,459,2810,gluten de trigo,0,0.295,34,303932,0,1,3,2021,Francia,1641,China,1641
2021-03-24,NotHotDog,495,2810,gluten de trigo,0,0.356,37,303473,0,2,3,2021,Francia,1641,China,1641
2021-03-25,NotHotDog,529,2810,gluten de trigo,0,0.328,32,302978,0,3,3,2021,Francia,1641,China,1641
2021-03-26,NotHotDog,587,2810,gluten de trigo,0,0.461,35,302449,0,4,3,2021,Francia,1641,China,1641
2021-03-27,NotHotDog,758,2810,gluten de trigo,1,0.348,35,301862,0,5,3,2021,Francia,1641,China,1641
2021-03-28,NotHotDog,504,2810,gluten de trigo,0,0.206,30,301104,0,6,3,2021,Francia,1641,China,1641
2021-03-29,NotHotDog,394,2810,gluten de trigo,0,0.294,33,300600,0,0,3,2021,Francia,1641,China,1641
2021-03-30,NotHotDog,524,2810,gluten de trigo,1,0.382,37,300206,0,1,3,2021,Francia,1641,China,1641
2021-03-31,NotHotDog,525,2810,gluten de trigo,1,0.329,32,299682,0,2,3,2021,Francia,1641,China,1641
2021-04-01,NotHotDog,531,2810,gluten de trigo,0,0.338,35,299157,0,3,4,2021,Francia,1641,China,1641
2021-04-02,NotHotDog,540,2810,gluten de trigo,0,0.311,32,298626,0,4,4,2021,Francia,1641,China,1641
2021-04-03,NotHotDog,576,2810,gluten de trigo,0,0.355,37,298086,0,5,4,2021,Francia,1641,China,1641
2021-04-04,NotHotDog,516,2810,gluten de trigo,0,0.394,30,297510,0,6,4,2021,Francia,1641,China,1641
2021-04-05,NotHotDog,413,2810,gluten de trigo,0,0.409,34,296994,0,0,4,2021,Francia,1641,China,1641
2021-04-06,NotHotDog,440,2810,gluten de trigo,1,0.344,30,296581,0,1,4,2021,Francia,1641,China,1641
2021-04-07,NotHotDog,394,2810,gluten de trigo,0,0.441,33,296141,0,2,4,2021,Francia,1641,China,1641
2021-04-08,NotHotDog,538,2810,gluten de trigo,0,0.347,32,295747,0,3,4,2021,Francia,1641,China,1641
2021-04-09,NotHotDog,554,2810,gluten de trigo,0,0.434,34,295209,0,4,4,2021,Francia,1641,China,1641
2021-04-10,NotHotDog,598,2810,gluten de trigo,0,0.434,32,294655,0,5,4,2021,Francia,1641,China,1641
2021-04-11,NotHotDog,502,2810,gluten de trigo,0,0.375,33,294057,0,6,4,2021,Francia,1641,China,1641
2021-04-12,NotHotDog,413,2810,gluten de trigo,0,0.374,34,293555,0,0,4,2021,Francia,1641,China,1641
2021-04-13,NotHotDog,399,2810,gluten de trigo,0,0.451,31,293142,0,1,4,2021,Francia,1641,China,1641
2021-04-14,NotHotDog,407,2810,gluten de trigo,0,0.408,33,292743,0,2,4,2021,Francia,1641,China,1641
2021-04-15,NotHotDog,528,2810,gluten de trigo,0,0.431,39,292336,0,3,4,2021,Francia,1641,China,1641
2021-04-16,NotHotDog,553,2810,gluten de trigo,0,0.48,35,291808,0,4,4,2021,Francia,1641,China,1641
2021-04-17,NotHotDog,678,2810,gluten de trigo,0,0.474,31,291255,0,5,4,2021,Francia,1641,China,1641
2021-04-18,NotHotDog,593,2810,gluten de trigo,1,0.408,31,290577,0,6,4,2021,Francia,1641,China,1641
2021-04-19,NotHotDog,402,2810,gluten de trigo,0,0.455,35,289984,0,0,4,2021,Francia,1641,China,1641
2021-04-20,NotHotDog,373,2810,gluten de trigo,0,0.415,34,289582,0,1,4,2021,Francia,1641,China,1641
2021-04-21,NotHotDog,377,2810,gluten de trigo,0,0.509,34,289209,0,2,4,2021,Francia,1641,China,1641
2021-04-22,NotHotDog,533,2810,gluten de trigo,0,0.546,40,288832,0,3,4,2021,Francia,1641,China,1641
2021-04-23,NotHotDog,543,2810,gluten de trigo,0,0.43,39,288299,0,4,4,2021,Francia,1641,China,1641
2021-04-24,NotHotDog,449,2810,gluten de trigo,0,0.474,34,287756,0,5,4,2021,Francia,1641,China,1641
2021-04-25,NotHotDog,512,2810,gluten de trigo,0,0.524,37,287307,0,6,4,2021,Francia,1641,China,1641
2021-04-26,NotHotDog,386,2810,gluten de trigo,0,0.482,37,286795,0,0,4,2021,Francia,1641,China,1641
2021-04-27,NotHotDog,372,2810,gluten de trigo,0,0.512,37,286409,0,1,4,2021,Francia,1641,China,1641
2021-04-28,NotHotDog,438,2810,gluten de trigo,0,0.489,34,286037,0,2,4,2021,Francia,1641,China,1641
2021-04-29,NotHotDog,480,2810,gluten de trigo,0,0.436,38,285599,0,3,4,2021,Francia,1641,China,1641
2021-04-30,NotHotDog,536,2810,gluten de trigo,0,0.496,35,285119,0,4,4,2021,Francia,1641,China,1641
2021-05-01,NotHotDog,652,2810,gluten de trigo,0,0.549,36,284583,0,5,5,2021,Francia,1641,China,1641
2021-05-02,NotHotDog,394,2810,gluten de trigo,0,0.51,35,283931,0,6,5,2021,Francia,1641,China,1641
2021-05-03,NotHotDog,357,2810,gluten de trigo,0,0.577,36,283537,0,0,5,2021,Francia,1641,China,1641
2021-05-04,NotHotDog,336,2810,gluten de trigo,0,0.408,34,283180,0,1,5,2021,Francia,1641,China,1641
2021-05-05,NotHotDog,466,2810,gluten de trigo,0,0.517,33,282844,0,2,5,2021,Francia,1641,China,1641
2021-05-06,NotHotDog,460,2810,gluten de trigo,0,0.466,31,282378,0,3,5,2021,Francia,1641,China,1641
2021-05-07,NotHotDog,551,2810,gluten de trigo,0,0.456,34,281918,0,4,5,2021,Francia,1641,China,1641
2021-05-08,NotHotDog,631,2810,gluten de trigo,1,0.566,34,281367,0,5,5,2021,Francia,1641,China,1641
2021-05-09,NotHotDog,489,2810,gluten de trigo,0,0.487,36,280736,0,6,5,2021,Francia,1641,China,1641
2021-05-10,NotHotDog,390,2810,gluten de trigo,0,0.482,36,280247,0,0,5,2021,Francia,1641,China,1641
2021-05-11,NotHotDog,368,2810,gluten de trigo,0,0.517,35,279857,0,1,5,2021,Francia,1641,China,1641
2021-05-12,NotHotDog,440,2810,gluten de trigo,0,0.392,37,279489,0,2,5,2021,Francia,1641,China,1641
2021-05-13,NotHotDog,491,2810,gluten de trigo,0,0.567,36,279049,0,3,5,2021,Francia,1641,China,1641
2021-05-14,NotHotDog,498,2810,gluten de trigo,0,0.593,33,278558,0,4,5,2021,Francia,1641,China,1641
2021-05-15,NotHotDog,534,2810,gluten de trigo,0,0.543,35,278060,0,5,5,2021,Francia,1641,China,1641
2021-05-16,NotHotDog,544,2810,gluten de trigo,0,0.516,38,277526,0,6,5,2021,Francia,1641,China,1641
2021-05-17,NotHotDog,399,2810,gluten de trigo,0,0.484,31,276982,0,0,5,2021,Francia,1641,China,1641
2021-05-18,NotHotDog,357,2810,gluten de trigo,0,0.439,34,276583,0,1,5,2021,Francia,1641,China,1641
2021-05-19,NotHotDog,347,2810,gluten de trigo,0,0.551,37,276226,0,2,5,2021,Francia,1641,China,1641
2021-05-20,NotHotDog,490,2810,gluten de trigo,0,0.535,41,275879,0,3,5,2021,Francia,1641,China,1641
2021-05-21,NotHotDog,553,2810,gluten de trigo,0,0.509,38,275389,0,4,5,2021,Francia,1641,China,1641
2021-05-22,NotHotDog,522,2810,gluten de trigo,0,0.501,35,274836,0,5,5,2021,Francia,1641,China,1641
2021-05-23,NotHotDog,449,2810,gluten de trigo,0,0.497,36,274314,0,6,5,2021,Francia,1641,China,1641
2021-05-24,NotHotDog,600,2810,gluten de trigo,1,0.453,31,273865,0,0,5,2021,Francia,1641,China,1641
2021-05-25,NotHotDog,368,2810,gluten de trigo,0,0.601,34,273265,0,1,5,2021,Francia,1641,China,1641
2021-05-26,NotHotDog,418,2810,gluten de trigo,0,0.459,36,272897,0,2,5,2021,Francia,1641,China,1641
2021-05-27,NotHotDog,455,2810,gluten de trigo,0,0.448,35,272479,0,3,5,2021,Francia,1641,China,1641
2021-05-28,NotHotDog,499,2810,gluten de trigo,0,0.522,36,272024,0,4,5,2021,Francia,1641,China,1641
2021-05-29,NotHotDog,522,2810,gluten de trigo,0,0.461,35,271525,0,5,5,2021,Francia,1641,China,1641
2021-05-30,NotHotDog,430,2810,gluten de trigo,0,0.458,34,271003,0,6,5,2021,Francia,1641,China,1641
2021-05-31,NotHotDog,362,2810,gluten de trigo,0,0.525,36,270573,0,0,5,2021,Francia,1641,China,1641
2021-06-01,NotHotDog,348,2810,gluten de trigo,0,0.485,33,270211,0,1,6,2021,Francia,1641,China,1641
2021-06-02,NotHotDog,356,2810,gluten de trigo,0,0.483,34,269863,0,2,6,2021,Francia,1641,China,1641
2021-06-03,NotHotDog,449,2810,gluten de trigo,0,0.371,31,269507,0,3,6,2021,Francia,1641,China,1641
2021-06-04,NotHotDog,495,2810,gluten de trigo,0,0.457,33,269058,0,4,6,2021,Francia,1641,China,1641
2021-06-05,NotHotDog,522,2810,gluten de trigo,0,0.382,36,268563,0,5,6,2021,Francia,1641,China,1641
2021-06-06,NotHotDog,403,2810,gluten de trigo,0,0.405,34,268041,0,6,6,2021,Francia,1641,China,1641
2021-06-07,NotHotDog,297,2810,gluten de trigo,0,0.432,35,267638,0,0,6,2021,Francia,1641,China,1641
2021-06-08,NotHotDog,319,2810,gluten de trigo,0,0.416,34,267341,0,1,6,2021,Francia,1641,China,1641
2021-06-09,NotHotDog,373,2810,gluten de trigo,0,0.445,34,267022,0,2,6,2021,Francia,1641,China,1641
2021-06-10,NotHotDog,463,2810,gluten de trigo,0,0.446,32,266649,0,3,6,2021,Francia,1641,China,1641
2021-06-11,NotHotDog,453,2810,gluten de trigo,0,0.444,34,266186,0,4,6,2021,Francia,1641,China,1641
2021-06-12,NotHotDog,493,2810,gluten de trigo,0,0.329,33,265733,0,5,6,2021,Francia,1641,China,1641
2021-06-13,NotHotDog,450,2810,gluten de trigo,0,0.509,36,265240,0,6,6,2021,Francia,1641,China,1641
2021-06-14,NotHotDog,366,2810,gluten de trigo,0,0.384,34,264790,0,0,6,2021,Francia,1641,China,1641
2021-06-15,NotHotDog,299,2810,gluten de trigo,0,0.44,36,264424,0,1,6,2021,Francia,1641,China,1641
2021-06-16,NotHotDog,333,2810,gluten de trigo,0,0.248,29,264125,0,2,6,2021,Francia,1641,China,1641
2021-06-17,NotHotDog,434,2810,gluten de trigo,0,0.355,35,263792,0,3,6,2021,Francia,1641,China,1641
2021-06-18,NotHotDog,528,2810,gluten de trigo,0,0.289,30,263358,0,4,6,2021,Francia,1641,China,1641
2021-06-19,NotHotDog,461,2810,gluten de trigo,0,0.313,35,262830,0,5,6,2021,Francia,1641,China,1641
2021-06-20,NotHotDog,397,2810,gluten de trigo,0,0.353,34,262369,0,6,6,2021,Francia,1641,China,1641
2021-06-21,NotHotDog,399,2810,gluten de trigo,1,0.328,29,261972,0,0,6,2021,Francia,1641,China,1641
2021-06-22,NotHotDog,302,2810,gluten de trigo,0,0.404,35,261573,0,1,6,2021,Francia,1641,China,1641
2021-06-23,NotHotDog,324,2810,gluten de trigo,0,0.421,36,261271,0,2,6,2021,Francia,1641,China,1641
2021-06-24,NotHotDog,409,2810,gluten de trigo,0,0.278,35,260947,0,3,6,2021,Francia,1641,China,1641
2021-06-25,NotHotDog,401,2810,gluten de trigo,0,0.296,31,260538,0,4,6,2021,Francia,1641,China,1641
2021-06-26,NotHotDog,437,2810,gluten de trigo,0,0.263,33,260137,0,5,6,2021,Francia,1641,China,1641
2021-06-27,NotHotDog,361,2810,gluten de trigo,0,0.366,35,259700,0,6,6,2021,Francia,1641,China,1641
2021-06-28,NotHotDog,353,2810,gluten de trigo,0,0.311,34,259339,0,0,6,2021,Francia,1641,China,1641
2021-06-29,NotHotDog,283,2810,gluten de trigo,0,0.298,33,258986,0,1,6,2021,Francia,1641,China,1641
2021-06-30,NotHotDog,320,2810,gluten de trigo,0,0.306,32,258703,0,2,6,2021,Francia,1641,China,1641
2021-07-01,NotHotDog,408,2810,gluten de trigo,0,0.269,34,258383,0,3,7,2021,Francia,1641,China,1641
2021-07-02,NotHotDog,429,2810,gluten de trigo,0,0.236,34,257975,0,4,7,2021,Francia,1641,China,1641
2021-07-03,NotHotDog,521,2810,gluten de trigo,0,0.276,32,257546,0,5,7,2021,Francia,1641,China,1641
2021-07-04,NotHotDog,412,2810,gluten de trigo,0,0.254,30,257025,0,6,7,2021,Francia,1641,China,1641
2021-07-05,NotHotDog,321,2810,gluten de trigo,0,0.279,31,256613,0,0,7,2021,Francia,1641,China,1641
2021-07-06,NotHotDog,305,2810,gluten de trigo,0,0.175,34,256292,0,1,7,2021,Francia,1641,China,1641
2021-07-07,NotHotDog,266,2810,gluten de trigo,0,0.26,34,255987,0,2,7,2021,Francia,1641,China,1641
2021-07-08,NotHotDog,428,2810,gluten de trigo,0,0.211,31,255721,0,3,7,2021,Francia,1641,China,1641
2021-07-09,NotHotDog,453,2810,gluten de trigo,0,0.248,32,255293,0,4,7,2021,Francia,1641,China,1641
2021-07-10,NotHotDog,426,2810,gluten de trigo,0,0.28,29,254840,0,5,7,2021,Francia,1641,China,1641
2021-07-11,NotHotDog,392,2810,gluten de trigo,0,0.202,31,254414,0,6,7,2021,Francia,1641,China,1641
2021-07-12,NotHotDog,331,2810,gluten de trigo,0,0.285,30,254022,0,0,7,2021,Francia,1641,China,1641
2021-07-13,NotHotDog,280,2810,gluten de trigo,0,0.133,31,253691,0,1,7,2021,Francia,1641,China,1641
2021-07-14,NotHotDog,330,2810,gluten de trigo,0,0.292,35,253411,0,2,7,2021,Francia,1641,China,1641
2021-07-15,NotHotDog,414,2810,gluten de trigo,0,0.272,30,253081,0,3,7,2021,Francia,1641,China,1641
2021-07-16,NotHotDog,441,2810,gluten de trigo,0,0.162,31,252667,0,4,7,2021,Francia,1641,China,1641
2021-07-17,NotHotDog,411,2810,gluten de trigo,0,0.158,33,252226,0,5,7,2021,Francia,1641,China,1641
2021-07-18,NotHotDog,376,2810,gluten de trigo,0,0.123,31,251815,0,6,7,2021,Francia,1641,China,1641
2021-07-19,NotHotDog,341,2810,gluten de trigo,0,0.239,31,251439,0,0,7,2021,Francia,1641,China,1641
2021-07-20,NotHotDog,302,2810,gluten de trigo,0,0.173,31,251098,0,1,7,2021,Francia,1641,China,1641
2021-07-21,NotHotDog,285,2810,gluten de trigo,0,0.166,33,250796,0,2,7,2021,Francia,1641,China,1641
2021-07-22,NotHotDog,392,2810,gluten de trigo,0,0.126,31,250511,0,3,7,2021,Francia,1641,China,1641
2021-07-23,NotHotDog,433,2810,gluten de trigo,0,0.269,32,250119,0,4,7,2021,Francia,1641,China,1641
2021-07-24,NotHotDog,451,2810,gluten de trigo,0,0.127,33,249686,0,5,7,2021,Francia,1641,China,1641
2021-07-25,NotHotDog,362,2810,gluten de trigo,0,0.174,32,249235,0,6,7,2021,Francia,1641,China,1641
2021-07-26,NotHotDog,293,2810,gluten de trigo,0,0.18,29,248873,0,0,7,2021,Francia,1641,China,1641
2021-07-27,NotHotDog,249,2810,gluten de trigo,0,0.147,32,248580,0,1,7,2021,Francia,1641,China,1641
2021-07-28,NotHotDog,292,2810,gluten de trigo,0,0.134,33,248331,0,2,7,2021,Francia,1641,China,1641
2021-07-29,NotHotDog,404,2810,gluten de trigo,0,0.144,28,248039,0,3,7,2021,Francia,1641,China,1641
2021-07-30,NotHotDog,515,2810,gluten de trigo,1,0.188,27,247635,0,4,7,2021,Francia,1641,China,1641
2021-07-31,NotHotDog,403,2810,gluten de trigo,0,0.141,29,247120,0,5,7,2021,Francia,1641,China,1641
2021-08-01,NotHotDog,393,2810,gluten de trigo,0,0.238,32,246717,0,6,8,2021,Francia,1641,China,1641
2021-08-02,NotHotDog,324,2810,gluten de trigo,0,0.116,32,246324,0,0,8,2021,Francia,1641,China,1641
2021-08-03,NotHotDog,259,2810,gluten de trigo,0,0.191,30,246000,0,1,8,2021,Francia,1641,China,1641
2021-08-04,NotHotDog,459,2810,gluten de trigo,1,0.065,31,245741,0,2,8,2021,Francia,1641,China,1641
2021-08-05,NotHotDog,315,2810,gluten de trigo,0,0.113,25,245282,0,3,8,2021,Francia,1641,China,1641
2021-08-06,NotHotDog,421,2810,gluten de trigo,0,0.11,31,244967,0,4,8,2021,Francia,1641,China,1641
2021-08-07,NotHotDog,412,2810,gluten de trigo,0,0.095,29,244546,0,5,8,2021,Francia,1641,China,1641
2021-08-08,NotHotDog,384,2810,gluten de trigo,0,0.164,35,244134,0,6,8,2021,Francia,1641,China,1641
2021-08-09,NotHotDog,304,2810,gluten de trigo,0,0.144,27,243750,0,0,8,2021,Francia,1641,China,1641
2021-08-10,NotHotDog,267,2810,gluten de trigo,0,0.036,29,243446,0,1,8,2021,Francia,1641,China,1641
2021-08-11,NotHotDog,298,2810,gluten de trigo,0,0.25,28,243179,0,2,8,2021,Francia,1641,China,1641
2021-08-12,NotHotDog,438,2810,gluten de trigo,0,0.16,30,242881,0,3,8,2021,Francia,1641,China,1641
2021-08-13,NotHotDog,406,2810,gluten de trigo,0,0.152,27,242443,0,4,8,2021,Francia,1641,China,1641
2021-08-14,NotHotDog,417,2810,gluten de trigo,0,0.218,36,242037,0,5,8,2021,Francia,1641,China,1641
2021-08-15,NotHotDog,292,2810,gluten de trigo,0,0.203,31,241620,0,6,8,2021,Francia,1641,China,1641
2021-08-16,NotHotDog,273,2810,gluten de trigo,0,0.14,30,241328,0,0,8,2021,Francia,1641,China,1641
2021-08-17,NotHotDog,282,2810,gluten de trigo,0,0.059,30,241055,0,1,8,2021,Francia,1641,China,1641
2021-08-18,NotHotDog,261,2810,gluten de trigo,0,0.187,29,240773,0,2,8,2021,Francia,1641,China,1641
2021-08-19,NotHotDog,374,2810,gluten de trigo,0,0.112,32,240512,0,3,8,2021,Francia,1641,China,1641
2021-08-20,NotHotDog,378,2810,gluten de trigo,0,0.225,33,240138,0,4,8,2021,Francia,1641,China,1641
2021-08-21,NotHotDog,363,2810,gluten de trigo,0,0.126,32,239760,0,5,8,2021,Francia,1641,China,1641
2021-08-22,NotHotDog,327,2810,gluten de trigo,0,0.145,28,239397,0,6,8,2021,Francia,1641,China,1641
2021-08-23,NotHotDog,431,2810,gluten de trigo,1,0.103,33,239070,0,0,8,2021,Francia,1641,China,1641
2021-08-24,NotHotDog,277,2810,gluten de trigo,0,0.11,32,238639,0,1,8,2021,Francia,1641,China,1641
2021-08-25,NotHotDog,278,2810,gluten de trigo,0,0.171,31,238362,0,2,8,2021,Francia,1641,China,1641
2021-08-26,NotHotDog,380,2810,gluten de trigo,0,0.169,33,238084,0,3,8,2021,Francia,1641,China,1641
2021-08-27,NotHotDog,427,2810,gluten de trigo,0,0.159,31,237704,0,4,8,2021,Francia,1641,China,1641
2021-08-28,NotHotDog,384,2810,gluten de trigo,0,0.289,29,237277,0,5,8,2021,Francia,1641,China,1641
2021-08-29,NotHotDog,374,2810,gluten de trigo,0,0.22,31,236893,0,6,8,2021,Francia,1641,China,1641
2021-08-30,NotHotDog,315,2810,gluten de trigo,0,0.195,30,236519,0,0,8,2021,Francia,1641,China,1641
2021-08-31,NotHotDog,289,2810,gluten de trigo,0,0.06,30,236204,0,1,8,2021,Francia,1641,China,1641
2021-09-01,NotHotDog,284,2810,gluten de trigo,0,0.244,34,235915,0,2,9,2021,Francia,1641,China,1641
2021-09-02,NotHotDog,325,2810,gluten de trigo,0,0.356,30,235631,0,3,9,2021,Francia,1641,China,1641
2021-09-03,NotHotDog,347,2810,gluten de trigo,0,0.202,31,235306,0,4,9,2021,Francia,1641,China,1641
2021-09-04,NotHotDog,376,2810,gluten de trigo,0,0.175,29,234959,0,5,9,2021,Francia,1641,China,1641
2021-09-05,NotHotDog,339,2810,gluten de trigo,0,0.229,30,234583,0,6,9,2021,Francia,1641,China,1641
2021-09-06,NotHotDog,286,2810,gluten de trigo,0,0.154,29,234244,0,0,9,2021,Francia,1641,China,1641
2021-09-07,NotHotDog,327,2810,gluten de trigo,1,0.254,32,233958,0,1,9,2021,Francia,1641,China,1641
2021-09-08,NotHotDog,344,2810,gluten de trigo,0,0.311,34,233631,0,2,9,2021,Francia,1641,China,1641
2021-09-09,NotHotDog,351,2810,gluten de trigo,0,0.207,32,233287,0,3,9,2021,Francia,1641,China,1641
2021-09-10,NotHotDog,501,2810,gluten de trigo,1,0.214,32,232936,0,4,9,2021,Francia,1641,China,1641
2021-09-11,NotHotDog,342,2810,gluten de trigo,0,0.248,33,232435,0,5,9,2021,Francia,1641,China,1641
2021-09-12,NotHotDog,414,2810,gluten de trigo,0,0.232,37,232093,0,6,9,2021,Francia,1641,China,1641
2021-09-13,NotHotDog,351,2810,gluten de trigo,1,0.187,32,231679,0,0,9,2021,Francia,1641,China,1641
2021-09-14,NotHotDog,339,2810,gluten de trigo,1,0.249,34,231328,0,1,9,2021,Francia,1641,China,1641
2021-09-15,NotHotDog,322,2810,gluten de trigo,0,0.245,34,230989,0,2,9,2021,Francia,1641,China,1641
2021-09-16,NotHotDog,372,2810,gluten de trigo,0,0.348,37,230667,0,3,9,2021,Francia,1641,China,1641
2021-09-17,NotHotDog,463,2810,gluten de trigo,0,0.344,34,230295,0,4,9,2021,Francia,1641,China,1641
2021-09-18,NotHotDog,428,2810,gluten de trigo,0,0.361,32,229832,0,5,9,2021,Francia,1641,China,1641
2021-09-19,NotHotDog,354,2810,gluten de trigo,0,0.338,34,229404,0,6,9,2021,Francia,1641,China,1641
2021-09-20,NotHotDog,324,2810,gluten de trigo,0,0.314,33,229050,0,0,9,2021,Francia,1641,China,1641
2021-09-21,NotHotDog,304,2810,gluten de trigo,0,0.266,34,228726,0,1,9,2021,Francia,1641,China,1641
2021-09-22,NotHotDog,293,2810,gluten de trigo,0,0.382,32,228422,0,2,9,2021,Francia,1641,China,1641
2021-09-23,NotHotDog,398,2810,gluten de trigo,0,0.339,36,228129,0,3,9,2021,Francia,1641,China,1641
2021-09-24,NotHotDog,407,2810,gluten de trigo,0,0.265,32,227731,0,4,9,2021,Francia,1641,China,1641
2021-09-25,NotHotDog,408,2810,gluten de trigo,0,0.288,34,227324,0,5,9,2021,Francia,1641,China,1641
2021-09-26,NotHotDog,366,2810,gluten de trigo,0,0.276,33,226916,0,6,9,2021,Francia,1641,China,1641
2021-09-27,NotHotDog,295,2810,gluten de trigo,0,0.243,32,226550,0,0,9,2021,Francia,1641,China,1641
2021-09-28,NotHotDog,273,2810,gluten de trigo,0,0.371,34,226255,0,1,9,2021,Francia,1641,China,1641
2021-09-29,NotHotDog,339,2810,gluten de trigo,0,0.296,34,225982,0,2,9,2021,Francia,1641,China,1641
2021-09-30,NotHotDog,330,2810,gluten de trigo,0,0.326,37,225643,0,3,9,2021,Francia,1641,China,1641
2021-10-01,NotHotDog,386,2810,gluten de trigo,0,0.371,29,225313,0,4,10,2021,Francia,1641,China,1641
2021-10-02,NotHotDog,441,2810,gluten de trigo,0,0.366,34,224927,0,5,10,2021,Francia,1641,China,1641
2021-10-03,NotHotDog,366,2810,gluten de trigo,0,0.345,33,224486,0,6,10,2021,Francia,1641,China,1641
2021-10-04,NotHotDog,335,2810,gluten de trigo,0,0.462,34,224120,0,0,10,2021,Francia,1641,China,1641
2021-10-05,NotHotDog,297,2810,gluten de trigo,0,0.316,28,223785,0,1,10,2021,Francia,1641,China,1641
2021-10-06,NotHotDog,286,2810,gluten de trigo,0,0.323,34,223488,0,2,10,2021,Francia,1641,China,1641
2021-10-07,NotHotDog,386,2810,gluten de trigo,0,0.426,34,223202,0,3,10,2021,Francia,1641,China,1641
2021-10-08,NotHotDog,450,2810,gluten de trigo,0,0.377,32,222816,0,4,10,2021,Francia,1641,China,1641
2021-10-09,NotHotDog,436,2810,gluten de trigo,0,0.38,34,222366,0,5,10,2021,Francia,1641,China,1641
2021-10-10,NotHotDog,362,2810,gluten de trigo,0,0.365,33,221930,0,6,10,2021,Francia,1641,China,1641
2021-10-11,NotHotDog,310,2810,gluten de trigo,0,0.441,31,221568,0,0,10,2021,Francia,1641,China,1641
2021-10-12,NotHotDog,282,2810,gluten de trigo,0,0.44,34,221258,0,1,10,2021,Francia,1641,China,1641
2021-10-13,NotHotDog,293,2810,gluten de trigo,0,0.439,35,220976,0,2,10,2021,Francia,1641,China,1641
2021-10-14,NotHotDog,347,2810,gluten de trigo,0,0.409,33,220683,0,3,10,2021,Francia,1641,China,1641
2021-10-15,NotHotDog,455,2810,gluten de trigo,0,0.405,34,220336,0,4,10,2021,Francia,1641,China,1641
2021-10-16,NotHotDog,407,2810,gluten de trigo,0,0.439,34,219881,0,5,10,2021,Francia,1641,China,1641
2021-10-17,NotHotDog,403,2810,gluten de trigo,0,0.5,37,219474,0,6,10,2021,Francia,1641,China,1641
2021-10-18,NotHotDog,309,2810,gluten de trigo,0,0.534,35,219071,0,0,10,2021,Francia,1641,China,1641
2021-10-19,NotHotDog,270,2810,gluten de trigo,0,0.515,37,218762,0,1,10,2021,Francia,1641,China,1641
2021-10-20,NotHotDog,325,2810,gluten de trigo,0,0.488,34,218492,0,2,10,2021,Francia,1641,China,1641
2021-10-21,NotHotDog,470,2810,gluten de trigo,0,0.516,39,218167,0,3,10,2021,Francia,1641,China,1641
2021-10-22,NotHotDog,449,2810,gluten de trigo,0,0.411,33,217697,0,4,10,2021,Francia,1641,China,1641
2021-10-23,NotHotDog,472,2810,gluten de trigo,0,0.438,33,217248,0,5,10,2021,Francia,1641,China,1641
2021-10-24,NotHotDog,401,2810,gluten de trigo,0,0.503,35,216776,0,6,10,2021,Francia,1641,China,1641
2021-10-25,NotHotDog,296,2810,gluten de trigo,0,0.474,33,216375,0,0,10,2021,Francia,1641,China,1641
2021-10-26,NotHotDog,346,2810,gluten de trigo,0,0.499,32,216079,0,1,10,2021,Francia,1641,China,1641
2021-10-27,NotHotDog,338,2810,gluten de trigo,0,0.534,37,215733,0,2,10,2021,Francia,1641,China,1641
2021-10-28,NotHotDog,370,2810,gluten de trigo,0,0.528,29,215395,0,3,10,2021,Francia,1641,China,1641
2021-10-29,NotHotDog,446,2810,gluten de trigo,0,0.435,33,215025,0,4,10,2021,Francia,1641,China,1641
2021-10-30,NotHotDog,454,2810,gluten de trigo,0,0.492,32,214579,0,5,10,2021,Francia,1641,China,1641
2021-10-31,NotHotDog,431,2810,gluten de trigo,0,0.447,35,214125,0,6,10,2021,Francia,1641,China,1641
2021-11-01,NotHotDog,324,2810,gluten de trigo,0,0.456,30,213694,0,0,11,2021,Francia,1641,China,1641
2021-11-02,NotHotDog,494,2810,gluten de trigo,1,0.41,35,213370,0,1,11,2021,Francia,1641,China,1641
2021-11-03,NotHotDog,328,2810,gluten de trigo,0,0.504,36,212876,0,2,11,2021,Francia,1641,China,1641
2021-11-04,NotHotDog,446,2810,gluten de trigo,0,0.409,31,212548,0,3,11,2021,Francia,1641,China,1641
2021-11-05,NotHotDog,403,2810,gluten de trigo,0,0.519,36,212102,0,4,11,2021,Francia,1641,China,1641
2021-11-06,NotHotDog,470,2810,gluten de trigo,0,0.567,37,211699,0,5,11,2021,Francia,1641,China,1641
2021-11-07,NotHotDog,430,2810,gluten de trigo,0,0.526,37,211229,0,6,11,2021,Francia,1641,China,1641
2021-11-08,NotHotDog,321,2810,gluten de trigo,0,0.503,32,210799,0,0,11,2021,Francia,1641,China,1641
2021-11-09,NotHotDog,367,2810,gluten de trigo,0,0.577,33,210478,0,1,11,2021,Francia,1641,China,1641
2021-11-10,NotHotDog,378,2810,gluten de trigo,0,0.516,38,210111,0,2,11,2021,Francia,1641,China,1641
2021-11-11,NotHotDog,426,2810,gluten de trigo,0,0.456,33,209733,0,3,11,2021,Francia,1641,China,1641
2021-11-12,NotHotDog,509,2810,gluten de trigo,0,0.505,34,209307,0,4,11,2021,Francia,1641,China,1641
2021-11-13,NotHotDog,465,2810,gluten de trigo,0,0.596,37,208798,0,5,11,2021,Francia,1641,China,1641
2021-11-14,NotHotDog,473,2810,gluten de trigo,0,0.442,32,208333,0,6,11,2021,Francia,1641,China,1641
2021-11-15,NotHotDog,392,2810,gluten de trigo,0,0.426,34,207860,0,0,11,2021,Francia,1641,China,1641
2021-11-16,NotHotDog,348,2810,gluten de trigo,0,0.525,37,207468,0,1,11,2021,Francia,1641,China,1641
2021-11-17,NotHotDog,394,2810,gluten de trigo,0,0.481,32,207120,0,2,11,2021,Francia,1641,China,1641
2021-11-18,NotHotDog,397,2810,gluten de trigo,0,0.464,34,206726,0,3,11,2021,Francia,1641,China,1641
2021-11-19,NotHotDog,566,2810,gluten de trigo,0,0.425,32,206329,0,4,11,2021,Francia,1641,China,1641
2021-11-20,NotHotDog,499,2810,gluten de trigo,0,0.388,32,205763,0,5,11,2021,Francia,1641,China,1641
2021-11-21,NotHotDog,479,2810,gluten de trigo,0,0.411,36,205264,0,6,11,2021,Francia,1641,China,1641
2021-11-22,NotHotDog,395,2810,gluten de trigo,0,0.561,39,204785,0,0,11,2021,Francia,1641,China,1641
2021-11-23,NotHotDog,375,2810,gluten de trigo,0,0.477,35,204390,0,1,11,2021,Francia,1641,China,1641
2021-11-24,NotHotDog,354,2810,gluten de trigo,0,0.377,35,204015,0,2,11,2021,Francia,1641,China,1641
2021-11-25,NotHotDog,582,2810,gluten de trigo,1,0.531,36,203661,0,3,11,2021,Francia,1641,China,1641
2021-11-26,NotHotDog,614,2810,gluten de trigo,0,0.53,34,203079,0,4,11,2021,Francia,1641,China,1641
2021-11-27,NotHotDog,454,2810,gluten de trigo,0,0.526,36,202465,0,5,11,2021,Francia,1641,China,1641
2021-11-28,NotHotDog,415,2810,gluten de trigo,0,0.44,32,202011,0,6,11,2021,Francia,1641,China,1641
2021-11-29,NotHotDog,385,2810,gluten de trigo,0,0.444,32,201596,0,0,11,2021,Francia,1641,China,1641
2021-11-30,NotHotDog,484,2810,gluten de trigo,1,0.46,34,201211,0,1,11,2021,Francia,1641,China,1641
2021-12-01,NotHotDog,380,2810,gluten de trigo,0,0.519,33,200727,0,2,12,2021,Francia,1641,China,1641
2021-12-02,NotHotDog,500,2810,gluten de trigo,0,0.417,31,200347,0,3,12,2021,Francia,1641,China,1641
2021-12-03,NotHotDog,574,2810,gluten de trigo,0,0.403,32,199847,0,4,12,2021,Francia,1641,China,1641
2021-12-04,NotHotDog,531,2810,gluten de trigo,0,0.47,37,199273,0,5,12,2021,Francia,1641,China,1641
2021-12-05,NotHotDog,458,2810,gluten de trigo,0,0.491,38,198742,0,6,12,2021,Francia,1641,China,1641
2021-12-06,NotHotDog,394,2810,gluten de trigo,0,0.423,34,198284,0,0,12,2021,Francia,1641,China,1641
2021-12-07,NotHotDog,352,2810,gluten de trigo,0,0.455,36,197890,0,1,12,2021,Francia,1641,China,1641
2021-12-08,NotHotDog,353,2810,gluten de trigo,0,0.422,33,197538,0,2,12,2021,Francia,1641,China,1641
2021-12-09,NotHotDog,501,2810,gluten de trigo,0,0.398,30,197185,0,3,12,2021,Francia,1641,China,1641
2021-12-10,NotHotDog,584,2810,gluten de trigo,0,0.364,32,196684,0,4,12,2021,Francia,1641,China,1641
2021-12-11,NotHotDog,539,2810,gluten de trigo,0,0.342,32,196100,0,5,12,2021,Francia,1641,China,1641
2021-12-12,NotHotDog,487,2810,gluten de trigo,1,0.364,34,195561,0,6,12,2021,Francia,1641,China,1641
2021-12-13,NotHotDog,386,2810,gluten de trigo,0,0.34,33,195074,0,0,12,2021,Francia,1641,China,1641
2021-12-14,NotHotDog,404,2810,gluten de trigo,0,0.398,33,194688,0,1,12,2021,Francia,1641,China,1641
2021-12-15,NotHotDog,371,2810,gluten de trigo,0,0.439,33,194284,0,2,12,2021,Francia,1641,China,1641
2021-12-16,NotHotDog,530,2810,gluten de trigo,0,0.382,34,193913,0,3,12,2021,Francia,1641,China,1641
2021-12-17,NotHotDog,544,2810,gluten de trigo,0,0.32,30,193383,0,4,12,2021,Francia,1641,China,1641
2021-12-18,NotHotDog,559,2810,gluten de trigo,0,0.403,35,192839,0,5,12,2021,Francia,1641,China,1641
2021-12-19,NotHotDog,466,2810,gluten de trigo,0,0.369,32,192280,0,6,12,2021,Francia,1641,China,1641
2021-12-20,NotHotDog,377,2810,gluten de trigo,0,0.373,38,191814,0,0,12,2021,Francia,1641,China,1641
2021-12-21,NotHotDog,430,2810,gluten de trigo,0,0.316,32,191437,0,1,12,2021,Francia,1641,China,1641
2021-12-22,NotHotDog,458,2810,gluten de trigo,0,0.393,33,191007,0,2,12,2021,Francia,1641,China,1641
2021-12-23,NotHotDog,541,2810,gluten de trigo,0,0.387,33,190549,0,3,12,2021,Francia,1641,China,1641
2021-12-24,NotHotDog,620,2810,gluten de trigo,0,0.315,32,190008,0,4,12,2021,Francia,1641,China,1641
2021-12-25,NotHotDog,596,2810,gluten de trigo,0,0.354,34,189388,0,5,12,2021,Francia,1641,China,1641
2021-12-26,NotHotDog,543,2810,gluten de trigo,0,0.367,33,188792,0,6,12,2021,Francia,1641,China,1641
2021-12-27,NotHotDog,402,2810,gluten de trigo,0,0.283,34,188249,0,0,12,2021,Francia,1641,China,1641
2021-12-28,NotHotDog,439,2810,gluten de trigo,0,0.296,33,187847,0,1,12,2021,Francia,1641,China,1641
2021-12-29,NotHotDog,485,2810,gluten de trigo,0,0.298,33,187408,0,2,12,2021,Francia,1641,China,1641
2021-12-30,NotHotDog,542,2810,gluten de trigo,0,0.234,33,186923,0,3,12,2021,Francia,1641,China,1641
2021-12-31,NotHotDog,577,2810,gluten de trigo,0,0.305,35,186381,0,4,12,2021,Francia,1641,China,1641
2022-01-01,NotHotDog,529,3069,gluten de trigo,0,0.328,34,185804,0,5,1,2022,Francia,1641,China,1641
2022-01-02,NotHotDog,525,3069,gluten de trigo,0,0.264,33,185275,0,6,1,2022,Francia,1641,China,1641
2022-01-03,NotHotDog,492,3069,gluten de trigo,0,0.282,33,184750,0,0,1,2022,Francia,1641,China,1641
2022-01-04,NotHotDog,366,3069,gluten de trigo,0,0.33,31,184258,0,1,1,2022,Francia,1641,China,1641
2022-01-05,NotHotDog,485,3069,gluten de trigo,0,0.234,37,183892,0,2,1,2022,Francia,1641,China,1641
2022-01-06,NotHotDog,517,3069,gluten de trigo,0,0.267,33,183407,0,3,1,2022,Francia,1641,China,1641
2022-01-07,NotHotDog,584,3069,gluten de trigo,0,0.215,33,182890,0,4,1,2022,Francia,1641,China,1641
2022-01-08,NotHotDog,542,3069,gluten de trigo,0,0.208,31,182306,0,5,1,2022,Francia,1641,China,1641
2022-01-09,NotHotDog,494,3069,gluten de trigo,0,0.25,27,181764,0,6,1,2022,Francia,1641,China,1641
2022-01-10,NotHotDog,465,3069,gluten de trigo,0,0.24,31,181270,0,0,1,2022,Francia,1641,China,1641
2022-01-11,NotHotDog,437,3069,gluten de trigo,0,0.251,32,180805,0,1,1,2022,Francia,1641,China,1641
2022-01-12,NotHotDog,466,3069,gluten de trigo,0,0.222,30,180368,0,2,1,2022,Francia,1641,China,1641
2022-01-13,NotHotDog,525,3069,gluten de trigo,0,0.237,30,179902,0,3,1,2022,Francia,1641,China,1641
2022-01-14,NotHotDog,560,3069,gluten de trigo,0,0.292,32,179377,0,4,1,2022,Francia,1641,China,1641
2022-01-15,NotHotDog,612,3069,gluten de trigo,0,0.257,34,178817,0,5,1,2022,Francia,1641,China,1641
2022-01-16,NotHotDog,520,3069,gluten de trigo,0,0.217,34,178205,0,6,1,2022,Francia,1641,China,1641
2022-01-17,NotHotDog,458,3069,gluten de trigo,0,0.221,32,177685,0,0,1,2022,Francia,1641,China,1641
2022-01-18,NotHotDog,408,3069,gluten de trigo,0,0.177,30,177227,0,1,1,2022,Francia,1641,China,1641
2022-01-19,NotHotDog,454,3069,gluten de trigo,0,0.18,30,176819,0,2,1,2022,Francia,1641,China,1641
2022-01-20,NotHotDog,563,3069,gluten de trigo,0,0.209,32,176365,0,3,1,2022,Francia,1641,China,1641
2022-01-21,NotHotDog,642,3069,gluten de trigo,0,0.185,32,175802,0,4,1,2022,Francia,1641,China,1641
2022-01-22,NotHotDog,679,3069,gluten de trigo,0,0.217,32,175160,0,5,1,2022,Francia,1641,China,1641
2022-01-23,NotHotDog,529,3069,gluten de trigo,0,0.238,31,174481,0,6,1,2022,Francia,1641,China,1641
2022-01-24,NotHotDog,477,3069,gluten de trigo,0,0.166,32,173952,0,0,1,2022,Francia,1641,China,1641
2022-01-25,NotHotDog,486,3069,gluten de trigo,0,0.068,31,173475,0,1,1,2022,Francia,1641,China,1641
2022-01-26,NotHotDog,493,3069,gluten de trigo,0,0.268,31,172989,0,2,1,2022,Francia,1641,China,1641
2022-01-27,NotHotDog,616,3069,gluten de trigo,0,0.131,27,172496,0,3,1,2022,Francia,1641,China,1641
2022-01-28,NotHotDog,601,3069,gluten de trigo,0,0.171,29,171880,0,4,1,2022,Francia,1641,China,1641
2022-01-29,NotHotDog,590,3069,gluten de trigo,0,0.196,34,171279,0,5,1,2022,Francia,1641,China,1641
2022-01-30,NotHotDog,544,3069,gluten de trigo,0,0.228,28,170689,0,6,1,2022,Francia,1641,China,1641
2022-01-31,NotHotDog,461,3069,gluten de trigo,0,0.246,35,170145,0,0,1,2022,Francia,1641,China,1641
2022-02-01,NotHotDog,466,3069,gluten de trigo,0,0.136,27,169684,0,1,2,2022,Francia,1641,China,1641
2022-02-02,NotHotDog,449,3069,gluten de trigo,0,0.213,30,169218,0,2,2,2022,Francia,1641,China,1641
2022-02-03,NotHotDog,566,3069,gluten de trigo,0,0.162,30,168769,0,3,2,2022,Francia,1641,China,1641
2022-02-04,NotHotDog,695,3069,gluten de trigo,0,0.288,36,168203,0,4,2,2022,Francia,1641,China,1641
2022-02-05,NotHotDog,644,3069,gluten de trigo,0,0.206,32,167508,0,5,2,2022,Francia,1641,China,1641
2022-02-06,NotHotDog,556,3069,gluten de trigo,0,0.141,30,166864,0,6,2,2022,Francia,1641,China,1641
2022-02-07,NotHotDog,660,3069,gluten de trigo,1,0.11,28,166308,0,0,2,2022,Francia,1641,China,1641
2022-02-08,NotHotDog,487,3069,gluten de trigo,1,0.019,30,165648,0,1,2,2022,Francia,1641,China,1641
2022-02-09,NotHotDog,438,3069,gluten de trigo,0,0.184,30,165161,0,2,2,2022,Francia,1641,China,1641
2022-02-10,NotHotDog,616,3069,gluten de trigo,1,0.201,31,164723,0,3,2,2022,Francia,1641,China,1641
2022-02-11,NotHotDog,656,3069,gluten de trigo,0,0.189,31,164107,0,4,2,2022,Francia,1641,China,1641
2022-02-12,NotHotDog,685,3069,gluten de trigo,0,0.034,31,163451,0,5,2,2022,Francia,1641,China,1641
2022-02-13,NotHotDog,595,3069,gluten de trigo,0,0.09,32,162766,0,6,2,2022,Francia,1641,China,1641
2022-02-14,NotHotDog,514,3069,gluten de trigo,0,0.178,29,162171,0,0,2,2022,Francia,1641,China,1641
2022-02-15,NotHotDog,488,3069,gluten de trigo,0,0.245,31,161657,0,1,2,2022,Francia,1641,China,1641
2022-02-16,NotHotDog,491,3069,gluten de trigo,0,0.155,29,161169,0,2,2,2022,Francia,1641,China,1641
2022-02-17,NotHotDog,757,3069,gluten de trigo,1,0.214,32,160678,0,3,2,2022,Francia,1641,China,1641
2022-02-18,NotHotDog,726,3069,gluten de trigo,0,0.109,32,159921,0,4,2,2022,Francia,1641,China,1641
2022-02-19,NotHotDog,606,3069,gluten de trigo,0,0.174,31,159195,0,5,2,2022,Francia,1641,China,1641
2022-02-20,NotHotDog,511,3069,gluten de trigo,0,0.152,26,158589,0,6,2,2022,Francia,1641,China,1641
2022-02-21,NotHotDog,460,3069,gluten de trigo,0,0.228,33,158078,0,0,2,2022,Francia,1641,China,1641
2022-02-22,NotHotDog,423,3069,gluten de trigo,0,0.144,28,157618,0,1,2,2022,Francia,1641,China,1641
2022-02-23,NotHotDog,489,3069,gluten de trigo,0,0.258,31,157195,0,2,2,2022,Francia,1641,China,1641
2022-02-24,NotHotDog,731,3069,gluten de trigo,1,0.162,31,156706,0,3,2,2022,Francia,1641,China,1641
2022-02-25,NotHotDog,912,3069,gluten de trigo,1,0.127,30,155975,0,4,2,2022,Francia,1641,China,1641
2022-02-26,NotHotDog,615,3069,gluten de trigo,0,0.132,32,155063,0,5,2,2022,Francia,1641,China,1641
2022-02-27,NotHotDog,621,3069,gluten de trigo,0,0.157,30,154448,0,6,2,2022,Francia,1641,China,1641
2022-02-28,NotHotDog,429,3069,gluten de trigo,0,0.21,30,153827,0,0,2,2022,Francia,1641,China,1641
2022-03-01,NotHotDog,435,3069,gluten de trigo,0,0.165,30,153398,0,1,3,2022,Francia,1641,China,1641
2022-03-02,NotHotDog,475,3069,gluten de trigo,0,0.159,33,152963,0,2,3,2022,Francia,1641,China,1641
2022-03-03,NotHotDog,593,3069,gluten de trigo,0,0.248,33,152488,0,3,3,2022,Francia,1641,China,1641
2022-03-04,NotHotDog,700,3069,gluten de trigo,0,0.048,30,151895,0,4,3,2022,Francia,1641,China,1641
2022-03-05,NotHotDog,658,3069,gluten de trigo,0,0.191,34,151195,0,5,3,2022,Francia,1641,China,1641
2022-03-06,NotHotDog,559,3069,gluten de trigo,0,0.151,33,150537,0,6,3,2022,Francia,1641,China,1641
2022-03-07,NotHotDog,500,3069,gluten de trigo,0,0.179,33,149978,0,0,3,2022,Francia,1641,China,1641
2022-03-08,NotHotDog,469,3069,gluten de trigo,0,0.24,30,149478,0,1,3,2022,Francia,1641,China,1641
2022-03-09,NotHotDog,498,3069,gluten de trigo,0,0.222,33,149009,0,2,3,2022,Francia,1641,China,1641
2022-03-10,NotHotDog,599,3069,gluten de trigo,0,0.223,31,148511,0,3,3,2022,Francia,1641,China,1641
2022-03-11,NotHotDog,684,3069,gluten de trigo,0,0.302,32,147912,0,4,3,2022,Francia,1641,China,1641
2022-03-12,NotHotDog,558,3069,gluten de trigo,0,0.248,31,147228,0,5,3,2022,Francia,1641,China,1641
2022-03-13,NotHotDog,548,3069,gluten de trigo,0,0.344,33,146670,0,6,3,2022,Francia,1641,China,1641
2022-03-14,NotHotDog,487,3069,gluten de trigo,0,0.295,31,146122,0,0,3,2022,Francia,1641,China,1641
2022-03-15,NotHotDog,428,3069,gluten de trigo,0,0.216,32,145635,0,1,3,2022,Francia,1641,China,1641
2022-03-16,NotHotDog,474,3069,gluten de trigo,0,0.367,33,145207,0,2,3,2022,Francia,1641,China,1641
2022-03-17,NotHotDog,596,3069,gluten de trigo,0,0.29,33,144733,0,3,3,2022,Francia,1641,China,1641
2022-03-18,NotHotDog,668,3069,gluten de trigo,0,0.376,35,144137,0,4,3,2022,Francia,1641,China,1641
2022-03-19,NotHotDog,664,3069,gluten de trigo,0,0.275,32,143469,0,5,3,2022,Francia,1641,China,1641
2022-03-20,NotHotDog,525,3069,gluten de trigo,0,0.307,31,142805,0,6,3,2022,Francia,1641,China,1641
2022-03-21,NotHotDog,417,3069,gluten de trigo,0,0.321,29,142280,0,0,3,2022,Francia,1641,China,1641
2022-03-22,NotHotDog,463,3069,gluten de trigo,0,0.297,34,141863,0,1,3,2022,Francia,1641,China,1641
2022-03-23,NotHotDog,454,3069,gluten de trigo,0,0.375,34,141400,0,2,3,2022,Francia,1641,China,1641
2022-03-24,NotHotDog,538,3069,gluten de trigo,0,0.414,34,140946,0,3,3,2022,Francia,1641,China,1641
2022-03-25,NotHotDog,597,3069,gluten de trigo,0,0.209,34,140408,0,4,3,2022,Francia,1641,China,1641
2022-03-26,NotHotDog,694,3069,gluten de trigo,0,0.371,31,139811,0,5,3,2022,Francia,1641,China,1641
2022-03-27,NotHotDog,566,3069,gluten de trigo,0,0.291,33,139117,0,6,3,2022,Francia,1641,China,1641
2022-03-28,NotHotDog,479,3069,gluten de trigo,0,0.212,30,138551,0,0,3,2022,Francia,1641,China,1641
2022-03-29,NotHotDog,456,3069,gluten de trigo,0,0.374,35,138072,0,1,3,2022,Francia,1641,China,1641
2022-03-30,NotHotDog,477,3069,gluten de trigo,0,0.38,29,137616,0,2,3,2022,Francia,1641,China,1641
2022-03-31,NotHotDog,616,3069,gluten de trigo,0,0.394,35,137139,0,3,3,2022,Francia,1641,China,1641
2022-04-01,NotHotDog,576,3069,gluten de trigo,0,0.384,35,136523,0,4,4,2022,Francia,1641,China,1641
2022-04-02,NotHotDog,574,3069,gluten de trigo,0,0.415,32,135947,0,5,4,2022,Francia,1641,China,1641
2022-04-03,NotHotDog,501,3069,gluten de trigo,0,0.347,33,135373,0,6,4,2022,Francia,1641,China,1641
2022-04-04,NotHotDog,477,3069,gluten de trigo,0,0.396,32,134872,0,0,4,2022,Francia,1641,China,1641
2022-04-05,NotHotDog,444,3069,gluten de trigo,0,0.423,35,134395,0,1,4,2022,Francia,1641,China,1641
2022-04-06,NotHotDog,455,3069,gluten de trigo,0,0.462,36,133951,0,2,4,2022,Francia,1641,China,1641
2022-04-07,NotHotDog,553,3069,gluten de trigo,0,0.402,32,133496,0,3,4,2022,Francia,1641,China,1641
2022-04-08,NotHotDog,694,3069,gluten de trigo,0,0.394,31,132943,0,4,4,2022,Francia,1641,China,1641
2022-04-09,NotHotDog,587,3069,gluten de trigo,0,0.408,36,132249,0,5,4,2022,Francia,1641,China,1641
2022-04-10,NotHotDog,557,3069,gluten de trigo,0,0.356,37,131662,0,6,4,2022,Francia,1641,China,1641
2022-04-11,NotHotDog,553,3069,gluten de trigo,1,0.459,35,131105,0,0,4,2022,Francia,1641,China,1641
2022-04-12,NotHotDog,459,3069,gluten de trigo,0,0.353,34,130552,0,1,4,2022,Francia,1641,China,1641
2022-04-13,NotHotDog,490,3069,gluten de trigo,0,0.45,34,130093,0,2,4,2022,Francia,1641,China,1641
2022-04-14,NotHotDog,493,3069,gluten de trigo,0,0.439,35,129603,0,3,4,2022,Francia,1641,China,1641
2022-04-15,NotHotDog,608,3069,gluten de trigo,0,0.362,34,129110,0,4,4,2022,Francia,1641,China,1641
2022-04-16,NotHotDog,511,3069,gluten de trigo,0,0.37,33,128502,0,5,4,2022,Francia,1641,China,1641
2022-04-17,NotHotDog,575,3069,gluten de trigo,0,0.406,37,127991,0,6,4,2022,Francia,1641,China,1641
2022-04-18,NotHotDog,522,3069,gluten de trigo,0,0.436,35,127416,0,0,4,2022,Francia,1641,China,1641
2022-04-19,NotHotDog,343,3069,gluten de trigo,0,0.531,36,126894,0,1,4,2022,Francia,1641,China,1641
2022-04-20,NotHotDog,407,3069,gluten de trigo,0,0.455,34,126551,0,2,4,2022,Francia,1641,China,1641
2022-04-21,NotHotDog,739,3069,gluten de trigo,1,0.492,35,126144,0,3,4,2022,Francia,1641,China,1641
2022-04-22,NotHotDog,772,3069,gluten de trigo,1,0.531,38,125405,0,4,4,2022,Francia,1641,China,1641
2022-04-23,NotHotDog,582,3069,gluten de trigo,0,0.525,36,124633,0,5,4,2022,Francia,1641,China,1641
2022-04-24,NotHotDog,454,3069,gluten de trigo,0,0.474,35,124051,0,6,4,2022,Francia,1641,China,1641
2022-04-25,NotHotDog,453,3069,gluten de trigo,0,0.442,35,123597,0,0,4,2022,Francia,1641,China,1641
2022-04-26,NotHotDog,437,3069,gluten de trigo,0,0.505,34,123144,0,1,4,2022,Francia,1641,China,1641
2022-04-27,NotHotDog,554,3069,gluten de trigo,0,0.449,32,122707,0,2,4,2022,Francia,1641,China,1641
2022-04-28,NotHotDog,593,3069,gluten de trigo,0,0.576,39,122153,0,3,4,2022,Francia,1641,China,1641
2022-04-29,NotHotDog,537,3069,gluten de trigo,0,0.531,38,121560,0,4,4,2022,Francia,1641,China,1641
2022-04-30,NotHotDog,591,3069,gluten de trigo,0,0.5,38,121023,0,5,4,2022,Francia,1641,China,1641
2022-05-01,NotHotDog,542,3069,gluten de trigo,0,0.518,33,120432,0,6,5,2022,Francia,1641,China,1641
2022-05-02,NotHotDog,409,3069,gluten de trigo,0,0.503,38,119890,0,0,5,2022,Francia,1641,China,1641
2022-05-03,NotHotDog,425,3069,gluten de trigo,0,0.477,39,119481,0,1,5,2022,Francia,1641,China,1641
2022-05-04,NotHotDog,467,3069,gluten de trigo,0,0.521,37,119056,0,2,5,2022,Francia,1641,China,1641
2022-05-05,NotHotDog,578,3069,gluten de trigo,0,0.485,38,118589,0,3,5,2022,Francia,1641,China,1641
2022-05-06,NotHotDog,625,3069,gluten de trigo,0,0.595,38,118011,0,4,5,2022,Francia,1641,China,1641
2022-05-07,NotHotDog,592,3069,gluten de trigo,0,0.465,33,117386,0,5,5,2022,Francia,1641,China,1641
2022-05-08,NotHotDog,481,3069,gluten de trigo,0,0.525,36,116794,0,6,5,2022,Francia,1641,China,1641
2022-05-09,NotHotDog,380,3069,gluten de trigo,0,0.461,32,116313,0,0,5,2022,Francia,1641,China,1641
2022-05-10,NotHotDog,399,3069,gluten de trigo,0,0.46,33,115933,0,1,5,2022,Francia,1641,China,1641
2022-05-11,NotHotDog,419,3069,gluten de trigo,0,0.411,35,115534,0,2,5,2022,Francia,1641,China,1641
2022-05-12,NotHotDog,502,3069,gluten de trigo,0,0.52,36,115115,0,3,5,2022,Francia,1641,China,1641
2022-05-13,NotHotDog,627,3069,gluten de trigo,0,0.472,36,114613,0,4,5,2022,Francia,1641,China,1641
2022-05-14,NotHotDog,629,3069,gluten de trigo,0,0.552,32,113986,0,5,5,2022,Francia,1641,China,1641
2022-05-15,NotHotDog,447,3069,gluten de trigo,0,0.518,35,113357,0,6,5,2022,Francia,1641,China,1641
2022-05-16,NotHotDog,407,3069,gluten de trigo,0,0.504,36,112910,0,0,5,2022,Francia,1641,China,1641
2022-05-17,NotHotDog,370,3069,gluten de trigo,0,0.424,36,112503,0,1,5,2022,Francia,1641,China,1641
2022-05-18,NotHotDog,434,3069,gluten de trigo,0,0.522,37,112133,0,2,5,2022,Francia,1641,China,1641
2022-05-19,NotHotDog,412,3069,gluten de trigo,0,0.458,35,111699,0,3,5,2022,Francia,1641,China,1641
2022-05-20,NotHotDog,496,3069,gluten de trigo,0,0.418,33,111287,0,4,5,2022,Francia,1641,China,1641
2022-05-21,NotHotDog,548,3069,gluten de trigo,0,0.509,36,110791,0,5,5,2022,Francia,1641,China,1641
2022-05-22,NotHotDog,514,3069,gluten de trigo,0,0.422,33,110243,0,6,5,2022,Francia,1641,China,1641
2022-05-23,NotHotDog,546,3069,gluten de trigo,1,0.378,35,109729,0,0,5,2022,Francia,1641,China,1641
2022-05-24,NotHotDog,394,3069,gluten de trigo,0,0.545,36,109183,0,1,5,2022,Francia,1641,China,1641
2022-05-25,NotHotDog,420,3069,gluten de trigo,0,0.449,34,108789,0,2,5,2022,Francia,1641,China,1641
2022-05-26,NotHotDog,541,3069,gluten de trigo,0,0.386,32,108369,0,3,5,2022,Francia,1641,China,1641
2022-05-27,NotHotDog,613,3069,gluten de trigo,0,0.422,36,107828,0,4,5,2022,Francia,1641,China,1641
2022-05-28,NotHotDog,507,3069,gluten de trigo,0,0.431,35,107215,0,5,5,2022,Francia,1641,China,1641
2022-05-29,NotHotDog,506,3069,gluten de trigo,0,0.521,39,106708,0,6,5,2022,Francia,1641,China,1641
2022-05-30,NotHotDog,411,3069,gluten de trigo,0,0.376,35,106202,0,0,5,2022,Francia,1641,China,1641
2022-05-31,NotHotDog,438,3069,gluten de trigo,0,0.389,35,105791,0,1,5,2022,Francia,1641,China,1641
2022-06-01,NotHotDog,377,3069,gluten de trigo,0,0.501,32,105353,0,2,6,2022,Francia,1641,China,1641
2022-06-02,NotHotDog,475,3069,gluten de trigo,0,0.425,35,104976,0,3,6,2022,Francia,1641,China,1641
2022-06-03,NotHotDog,490,3069,gluten de trigo,0,0.454,34,104501,0,4,6,2022,Francia,1641,China,1641
2022-06-04,NotHotDog,486,3069,gluten de trigo,0,0.414,36,104011,0,5,6,2022,Francia,1641,China,1641
2022-06-05,NotHotDog,475,3069,gluten de trigo,0,0.535,36,103525,0,6,6,2022,Francia,1641,China,1641
2022-06-06,NotHotDog,391,3069,gluten de trigo,0,0.365,35,103050,0,0,6,2022,Francia,1641,China,1641
2022-06-07,NotHotDog,371,3069,gluten de trigo,0,0.438,39,102659,0,1,6,2022,Francia,1641,China,1641
2022-06-08,NotHotDog,409,3069,gluten de trigo,0,0.494,33,102288,0,2,6,2022,Francia,1641,China,1641
2022-06-09,NotHotDog,458,3069,gluten de trigo,0,0.395,36,101879,0,3,6,2022,Francia,1641,China,1641
2022-06-10,NotHotDog,511,3069,gluten de trigo,0,0.371,35,101421,0,4,6,2022,Francia,1641,China,1641
2022-06-11,NotHotDog,473,3069,gluten de trigo,0,0.442,38,100910,0,5,6,2022,Francia,1641,China,1641
2022-06-12,NotHotDog,424,3069,gluten de trigo,0,0.448,36,100437,0,6,6,2022,Francia,1641,China,1641
2022-06-13,NotHotDog,373,3069,gluten de trigo,0,0.353,34,100013,0,0,6,2022,Francia,1641,China,1641
2022-06-14,NotHotDog,352,3069,gluten de trigo,0,0.46,36,99640,0,1,6,2022,Francia,1641,China,1641
2022-06-15,NotHotDog,405,3069,gluten de trigo,0,0.384,35,99288,0,2,6,2022,Francia,1641,China,1641
2022-06-16,NotHotDog,477,3069,gluten de trigo,0,0.401,37,98883,0,3,6,2022,Francia,1641,China,1641
2022-06-17,NotHotDog,571,3069,gluten de trigo,0,0.444,33,98406,0,4,6,2022,Francia,1641,China,1641
2022-06-18,NotHotDog,461,3069,gluten de trigo,0,0.402,33,97835,0,5,6,2022,Francia,1641,China,1641
2022-06-19,NotHotDog,429,3069,gluten de trigo,0,0.358,37,97374,0,6,6,2022,Francia,1641,China,1641
2022-06-20,NotHotDog,340,3069,gluten de trigo,0,0.318,29,96945,0,0,6,2022,Francia,1641,China,1641
2022-06-21,NotHotDog,484,3069,gluten de trigo,1,0.482,35,96605,0,1,6,2022,Francia,1641,China,1641
2022-06-22,NotHotDog,358,3069,gluten de trigo,0,0.301,33,96121,0,2,6,2022,Francia,1641,China,1641
2022-06-23,NotHotDog,485,3069,gluten de trigo,0,0.35,33,95763,0,3,6,2022,Francia,1641,China,1641
2022-06-24,NotHotDog,553,3069,gluten de trigo,0,0.354,36,95278,0,4,6,2022,Francia,1641,China,1641
2022-06-25,NotHotDog,504,3069,gluten de trigo,0,0.35,34,94725,0,5,6,2022,Francia,1641,China,1641
2022-06-26,NotHotDog,436,3069,gluten de trigo,0,0.422,33,94221,0,6,6,2022,Francia,1641,China,1641
2022-06-27,NotHotDog,358,3069,gluten de trigo,0,0.312,31,93785,0,0,6,2022,Francia,1641,China,1641
2022-06-28,NotHotDog,321,3069,gluten de trigo,0,0.299,33,93427,0,1,6,2022,Francia,1641,China,1641
2022-06-29,NotHotDog,438,3069,gluten de trigo,1,0.376,36,93106,0,2,6,2022,Francia,1641,China,1641
2022-06-30,NotHotDog,428,3069,gluten de trigo,0,0.285,33,92668,0,3,6,2022,Francia,1641,China,1641
2022-07-01,NotHotDog,697,3069,gluten de trigo,1,0.33,33,92240,0,4,7,2022,Francia,1641,China,1641
2022-07-02,NotHotDog,436,3069,gluten de trigo,0,0.29,31,91543,0,5,7,2022,Francia,1641,China,1641
2022-07-03,NotHotDog,423,3069,gluten de trigo,0,0.321,34,91107,0,6,7,2022,Francia,1641,China,1641
2022-07-04,NotHotDog,368,3069,gluten de trigo,0,0.305,33,90684,0,0,7,2022,Francia,1641,China,1641
2022-07-05,NotHotDog,314,3069,gluten de trigo,0,0.243,30,90316,0,1,7,2022,Francia,1641,China,1641
2022-07-06,NotHotDog,367,3069,gluten de trigo,0,0.165,33,90002,0,2,7,2022,Francia,1641,China,1641
2022-07-07,NotHotDog,372,3069,gluten de trigo,0,0.168,34,89635,0,3,7,2022,Francia,1641,China,1641
2022-07-08,NotHotDog,522,3069,gluten de trigo,0,0.155,31,89263,0,4,7,2022,Francia,1641,China,1641
2022-07-09,NotHotDog,623,3069,gluten de trigo,1,0.237,32,88741,0,5,7,2022,Francia,1641,China,1641
2022-07-10,NotHotDog,404,3069,gluten de trigo,0,0.118,28,88118,0,6,7,2022,Francia,1641,China,1641
2022-07-11,NotHotDog,316,3069,gluten de trigo,0,0.223,33,87714,0,0,7,2022,Francia,1641,China,1641
2022-07-12,NotHotDog,335,3069,gluten de trigo,0,0.233,33,87398,0,1,7,2022,Francia,1641,China,1641
2022-07-13,NotHotDog,316,3069,gluten de trigo,0,0.264,32,87063,0,2,7,2022,Francia,1641,China,1641
2022-07-14,NotHotDog,381,3069,gluten de trigo,0,0.241,30,86747,0,3,7,2022,Francia,1641,China,1641
2022-07-15,NotHotDog,460,3069,gluten de trigo,0,0.257,36,86366,0,4,7,2022,Francia,1641,China,1641
2022-07-16,NotHotDog,511,3069,gluten de trigo,0,0.228,32,85906,0,5,7,2022,Francia,1641,China,1641
2022-07-17,NotHotDog,419,3069,gluten de trigo,0,0.187,29,85395,0,6,7,2022,Francia,1641,China,1641
2022-07-18,NotHotDog,316,3069,gluten de trigo,0,0.193,33,84976,0,0,7,2022,Francia,1641,China,1641
2022-07-19,NotHotDog,267,3069,gluten de trigo,0,0.152,31,84660,0,1,7,2022,Francia,1641,China,1641
2022-07-20,NotHotDog,342,3069,gluten de trigo,0,0.202,32,84393,0,2,7,2022,Francia,1641,China,1641
2022-07-21,NotHotDog,414,3069,gluten de trigo,0,0.107,32,84051,0,3,7,2022,Francia,1641,China,1641
2022-07-22,NotHotDog,451,3069,gluten de trigo,0,0.236,27,83637,0,4,7,2022,Francia,1641,China,1641
2022-07-23,NotHotDog,512,3069,gluten de trigo,0,0.132,27,83186,0,5,7,2022,Francia,1641,China,1641
2022-07-24,NotHotDog,387,3069,gluten de trigo,0,0.184,34,82674,0,6,7,2022,Francia,1641,China,1641
2022-07-25,NotHotDog,356,3069,gluten de trigo,1,0.189,31,82287,0,0,7,2022,Francia,1641,China,1641
2022-07-26,NotHotDog,293,3069,gluten de trigo,0,0.229,31,81931,0,1,7,2022,Francia,1641,China,1641
2022-07-27,NotHotDog,347,3069,gluten de trigo,0,0.084,27,81638,0,2,7,2022,Francia,1641,China,1641
2022-07-28,NotHotDog,412,3069,gluten de trigo,0,0.149,31,81291,0,3,7,2022,Francia,1641,China,1641
2022-07-29,NotHotDog,440,3069,gluten de trigo,0,0.19,32,80879,0,4,7,2022,Francia,1641,China,1641
2022-07-30,NotHotDog,428,3069,gluten de trigo,0,0.248,35,80439,0,5,7,2022,Francia,1641,China,1641
2022-07-31,NotHotDog,445,3069,gluten de trigo,1,0.157,32,80011,0,6,7,2022,Francia,1641,China,1641
2022-08-01,NotHotDog,325,3069,gluten de trigo,0,0.127,30,79566,0,0,8,2022,Francia,1641,China,1641
2022-08-02,NotHotDog,368,3069,gluten de trigo,1,0.257,33,79241,0,1,8,2022,Francia,1641,China,1641
2022-08-03,NotHotDog,337,3069,gluten de trigo,0,0.194,34,78873,0,2,8,2022,Francia,1641,China,1641
2022-08-04,NotHotDog,409,3069,gluten de trigo,0,0.221,33,78536,0,3,8,2022,Francia,1641,China,1641
2022-08-05,NotHotDog,484,3069,gluten de trigo,0,0.091,31,78127,0,4,8,2022,Francia,1641,China,1641
2022-08-06,NotHotDog,401,3069,gluten de trigo,0,0.177,32,77643,0,5,8,2022,Francia,1641,China,1641
2022-08-07,NotHotDog,341,3069,gluten de trigo,0,0.096,29,77242,0,6,8,2022,Francia,1641,China,1641
2022-08-08,NotHotDog,304,3069,gluten de trigo,0,0.085,28,76901,0,0,8,2022,Francia,1641,China,1641
2022-08-09,NotHotDog,278,3069,gluten de trigo,0,0.179,29,76597,0,1,8,2022,Francia,1641,China,1641
2022-08-10,NotHotDog,305,3069,gluten de trigo,0,0.183,32,76319,0,2,8,2022,Francia,1641,China,1641
2022-08-11,NotHotDog,435,3069,gluten de trigo,0,0.126,32,76014,0,3,8,2022,Francia,1641,China,1641
2022-08-12,NotHotDog,588,3069,gluten de trigo,1,0.222,34,75579,0,4,8,2022,Francia,1641,China,1641
2022-08-13,NotHotDog,498,3069,gluten de trigo,0,0.133,32,74991,0,5,8,2022,Francia,1641,China,1641
2022-08-14,NotHotDog,377,3069,gluten de trigo,0,0.139,33,74493,0,6,8,2022,Francia,1641,China,1641
2022-08-15,NotHotDog,287,3069,gluten de trigo,0,0.152,31,74116,0,0,8,2022,Francia,1641,China,1641
2022-08-16,NotHotDog,274,3069,gluten de trigo,0,0.143,32,73829,0,1,8,2022,Francia,1641,China,1641
2022-08-17,NotHotDog,351,3069,gluten de trigo,0,0.22,30,73555,0,2,8,2022,Francia,1641,China,1641
2022-08-18,NotHotDog,352,3069,gluten de trigo,0,0.106,30,73204,0,3,8,2022,Francia,1641,China,1641
2022-08-19,NotHotDog,453,3069,gluten de trigo,0,0.122,27,72852,0,4,8,2022,Francia,1641,China,1641
2022-08-20,NotHotDog,416,3069,gluten de trigo,0,0.102,30,72399,0,5,8,2022,Francia,1641,China,1641
2022-08-21,NotHotDog,348,3069,gluten de trigo,0,0.258,35,71983,0,6,8,2022,Francia,1641,China,1641
2022-08-22,NotHotDog,350,3069,gluten de trigo,0,0.151,31,71635,0,0,8,2022,Francia,1641,China,1641
2022-08-23,NotHotDog,278,3069,gluten de trigo,0,0.131,32,71285,0,1,8,2022,Francia,1641,China,1641
2022-08-24,NotHotDog,302,3069,gluten de trigo,0,0.158,31,71007,0,2,8,2022,Francia,1641,China,1641
2022-08-25,NotHotDog,384,3069,gluten de trigo,0,0.218,30,70705,0,3,8,2022,Francia,1641,China,1641
2022-08-26,NotHotDog,415,3069,gluten de trigo,0,0.212,31,70321,0,4,8,2022,Francia,1641,China,1641
2022-08-27,NotHotDog,503,3069,gluten de trigo,0,0.153,33,69906,0,5,8,2022,Francia,1641,China,1641
2022-08-28,NotHotDog,407,3069,gluten de trigo,0,0.165,32,69403,0,6,8,2022,Francia,1641,China,1641
2022-08-29,NotHotDog,300,3069,gluten de trigo,0,0.116,29,68996,0,0,8,2022,Francia,1641,China,1641
2022-08-30,NotHotDog,281,3069,gluten de trigo,0,0.2,29,68696,0,1,8,2022,Francia,1641,China,1641
2022-08-31,NotHotDog,272,3069,gluten de trigo,0,0.261,33,68415,0,2,8,2022,Francia,1641,China,1641
2022-09-01,NotHotDog,391,3069,gluten de trigo,0,0.172,30,68143,0,3,9,2022,Francia,1641,China,1641
2022-09-02,NotHotDog,407,3069,gluten de trigo,0,0.237,31,67752,0,4,9,2022,Francia,1641,China,1641
2022-09-03,NotHotDog,432,3069,gluten de trigo,0,0.181,28,67345,0,5,9,2022,Francia,1641,China,1641
2022-09-04,NotHotDog,317,3069,gluten de trigo,0,0.16,33,66913,0,6,9,2022,Francia,1641,China,1641
2022-09-05,NotHotDog,315,3069,gluten de trigo,0,0.253,32,66596,0,0,9,2022,Francia,1641,China,1641
2022-09-06,NotHotDog,434,3069,gluten de trigo,1,0.342,33,66281,0,1,9,2022,Francia,1641,China,1641
2022-09-07,NotHotDog,327,3069,gluten de trigo,0,0.256,30,65847,0,2,9,2022,Francia,1641,China,1641
2022-09-08,NotHotDog,494,3069,gluten de trigo,1,0.214,31,65520,0,3,9,2022,Francia,1641,China,1641
2022-09-09,NotHotDog,435,3069,gluten de trigo,0,0.222,32,65026,0,4,9,2022,Francia,1641,China,1641
2022-09-10,NotHotDog,429,3069,gluten de trigo,0,0.34,32,64591,0,5,9,2022,Francia,1641,China,1641
2022-09-11,NotHotDog,446,3069,gluten de trigo,0,0.266,32,64162,0,6,9,2022,Francia,1641,China,1641
2022-09-12,NotHotDog,310,3069,gluten de trigo,0,0.217,34,63716,0,0,9,2022,Francia,1641,China,1641
2022-09-13,NotHotDog,267,3069,gluten de trigo,0,0.258,29,63406,0,1,9,2022,Francia,1641,China,1641
2022-09-14,NotHotDog,329,3069,gluten de trigo,0,0.278,33,63139,0,2,9,2022,Francia,1641,China,1641
2022-09-15,NotHotDog,399,3069,gluten de trigo,0,0.296,31,62810,0,3,9,2022,Francia,1641,China,1641
2022-09-16,NotHotDog,460,3069,gluten de trigo,0,0.354,36,62411,0,4,9,2022,Francia,1641,China,1641
2022-09-17,NotHotDog,463,3069,gluten de trigo,0,0.348,33,61951,0,5,9,2022,Francia,1641,China,1641
2022-09-18,NotHotDog,443,3069,gluten de trigo,0,0.3,31,61488,0,6,9,2022,Francia,1641,China,1641
2022-09-19,NotHotDog,307,3069,gluten de trigo,0,0.294,32,61045,0,0,9,2022,Francia,1641,China,1641
2022-09-20,NotHotDog,283,3069,gluten de trigo,0,0.322,34,60738,0,1,9,2022,Francia,1641,China,1641
2022-09-21,NotHotDog,283,3069,gluten de trigo,0,0.278,38,60455,0,2,9,2022,Francia,1641,China,1641
2022-09-22,NotHotDog,419,3069,gluten de trigo,0,0.363,29,60172,0,3,9,2022,Francia,1641,China,1641
2022-09-23,NotHotDog,415,3069,gluten de trigo,0,0.31,30,59753,0,4,9,2022,Francia,1641,China,1641
2022-09-24,NotHotDog,474,3069,gluten de trigo,0,0.351,36,59338,0,5,9,2022,Francia,1641,China,1641
2022-09-25,NotHotDog,374,3069,gluten de trigo,0,0.418,31,58864,0,6,9,2022,Francia,1641,China,1641
2022-09-26,NotHotDog,468,3069,gluten de trigo,1,0.366,33,58490,0,0,9,2022,Francia,1641,China,1641
2022-09-27,NotHotDog,269,3069,gluten de trigo,0,0.356,32,58022,0,1,9,2022,Francia,1641,China,1641
2022-09-28,NotHotDog,366,3069,gluten de trigo,0,0.324,32,57753,0,2,9,2022,Francia,1641,China,1641
2022-09-29,NotHotDog,434,3069,gluten de trigo,0,0.352,33,57387,0,3,9,2022,Francia,1641,China,1641
2022-09-30,NotHotDog,474,3069,gluten de trigo,0,0.305,32,56953,0,4,9,2022,Francia,1641,China,1641
2022-10-01,NotHotDog,410,3069,gluten de trigo,0,0.394,36,56479,0,5,10,2022,Francia,1641,China,1641
2022-10-02,NotHotDog,413,3069,gluten de trigo,0,0.267,35,56069,0,6,10,2022,Francia,1641,China,1641
2022-10-03,NotHotDog,337,3069,gluten de trigo,0,0.428,35,55656,0,0,10,2022,Francia,1641,China,1641
2022-10-04,NotHotDog,265,3069,gluten de trigo,0,0.422,34,55319,0,1,10,2022,Francia,1641,China,1641
2022-10-05,NotHotDog,388,3069,gluten de trigo,0,0.396,34,55054,0,2,10,2022,Francia,1641,China,1641
2022-10-06,NotHotDog,401,3069,gluten de trigo,0,0.37,35,54666,0,3,10,2022,Francia,1641,China,1641
2022-10-07,NotHotDog,519,3069,gluten de trigo,0,0.401,36,54265,0,4,10,2022,Francia,1641,China,1641
2022-10-08,NotHotDog,457,3069,gluten de trigo,0,0.318,34,53746,0,5,10,2022,Francia,1641,China,1641
2022-10-09,NotHotDog,437,3069,gluten de trigo,0,0.453,37,53289,0,6,10,2022,Francia,1641,China,1641
2022-10-10,NotHotDog,317,3069,gluten de trigo,0,0.409,33,52852,0,0,10,2022,Francia,1641,China,1641
2022-10-11,NotHotDog,322,3069,gluten de trigo,0,0.498,37,52535,0,1,10,2022,Francia,1641,China,1641
2022-10-12,NotHotDog,357,3069,gluten de trigo,0,0.447,36,52213,0,2,10,2022,Francia,1641,China,1641
2022-10-13,NotHotDog,411,3069,gluten de trigo,0,0.444,33,51856,0,3,10,2022,Francia,1641,China,1641
2022-10-14,NotHotDog,441,3069,gluten de trigo,0,0.457,35,51445,0,4,10,2022,Francia,1641,China,1641
2022-10-15,NotHotDog,355,3069,gluten de trigo,0,0.393,34,51004,0,5,10,2022,Francia,1641,China,1641
2022-10-16,NotHotDog,386,3069,gluten de trigo,0,0.423,34,50649,0,6,10,2022,Francia,1641,China,1641
2022-10-17,NotHotDog,368,3069,gluten de trigo,0,0.457,34,50263,0,0,10,2022,Francia,1641,China,1641
2022-10-18,NotHotDog,288,3069,gluten de trigo,0,0.439,31,49895,0,1,10,2022,Francia,1641,China,1641
2022-10-19,NotHotDog,327,3069,gluten de trigo,0,0.429,33,49607,0,2,10,2022,Francia,1641,China,1641
2022-10-20,NotHotDog,383,3069,gluten de trigo,0,0.448,34,49280,0,3,10,2022,Francia,1641,China,1641
2022-10-21,NotHotDog,616,3069,gluten de trigo,1,0.468,33,48897,0,4,10,2022,Francia,1641,China,1641
2022-10-22,NotHotDog,448,3069,gluten de trigo,0,0.585,34,48281,0,5,10,2022,Francia,1641,China,1641
2022-10-23,NotHotDog,466,3069,gluten de trigo,0,0.456,37,47833,0,6,10,2022,Francia,1641,China,1641
2022-10-24,NotHotDog,379,3069,gluten de trigo,0,0.442,34,47367,0,0,10,2022,Francia,1641,China,1641
2022-10-25,NotHotDog,338,3069,gluten de trigo,0,0.471,39,46988,0,1,10,2022,Francia,1641,China,1641
2022-10-26,NotHotDog,467,3069,gluten de trigo,1,0.557,36,46650,0,2,10,2022,Francia,1641,China,1641
2022-10-27,NotHotDog,417,3069,gluten de trigo,0,0.563,38,46183,0,3,10,2022,Francia,1641,China,1641
2022-10-28,NotHotDog,469,3069,gluten de trigo,0,0.584,36,45766,0,4,10,2022,Francia,1641,China,1641
2022-10-29,NotHotDog,524,3069,gluten de trigo,0,0.492,34,45297,0,5,10,2022,Francia,1641,China,1641
2022-10-30,NotHotDog,468,3069,gluten de trigo,0,0.523,36,44773,0,6,10,2022,Francia,1641,China,1641
2022-10-31,NotHotDog,388,3069,gluten de trigo,0,0.44,37,44305,0,0,10,2022,Francia,1641,China,1641
2022-11-01,NotHotDog,329,3069,gluten de trigo,0,0.477,35,43917,0,1,11,2022,Francia,1641,China,1641
2022-11-02,NotHotDog,487,3069,gluten de trigo,1,0.44,35,43588,0,2,11,2022,Francia,1641,China,1641
2022-11-03,NotHotDog,423,3069,gluten de trigo,0,0.521,36,43101,0,3,11,2022,Francia,1641,China,1641
2022-11-04,NotHotDog,545,3069,gluten de trigo,0,0.5,35,42678,0,4,11,2022,Francia,1641,China,1641
2022-11-05,NotHotDog,430,3069,gluten de trigo,0,0.51,35,42133,0,5,11,2022,Francia,1641,China,1641
2022-11-06,NotHotDog,370,3069,gluten de trigo,0,0.457,32,41703,0,6,11,2022,Francia,1641,China,1641
2022-11-07,NotHotDog,433,3069,gluten de trigo,1,0.542,35,41333,0,0,11,2022,Francia,1641,China,1641
2022-11-08,NotHotDog,292,3069,gluten de trigo,0,0.38,35,40900,0,1,11,2022,Francia,1641,China,1641
2022-11-09,NotHotDog,435,3069,gluten de trigo,0,0.487,35,40608,0,2,11,2022,Francia,1641,China,1641
2022-11-10,NotHotDog,499,3069,gluten de trigo,0,0.494,35,40173,0,3,11,2022,Francia,1641,China,1641
2022-11-11,NotHotDog,477,3069,gluten de trigo,0,0.398,35,39674,0,4,11,2022,Francia,1641,China,1641
2022-11-12,NotHotDog,520,3069,gluten de trigo,0,0.518,36,39197,0,5,11,2022,Francia,1641,China,1641
2022-11-13,NotHotDog,516,3069,gluten de trigo,0,0.489,35,38677,0,6,11,2022,Francia,1641,China,1641
2022-11-14,NotHotDog,405,3069,gluten de trigo,0,0.525,37,38161,0,0,11,2022,Francia,1641,China,1641
2022-11-15,NotHotDog,423,3069,gluten de trigo,0,0.596,36,37756,0,1,11,2022,Francia,1641,China,1641
2022-11-16,NotHotDog,400,3069,gluten de trigo,0,0.51,35,37333,0,2,11,2022,Francia,1641,China,1641
2022-11-17,NotHotDog,458,3069,gluten de trigo,0,0.541,36,36933,0,3,11,2022,Francia,1641,China,1641
2022-11-18,NotHotDog,496,3069,gluten de trigo,0,0.56,36,36475,0,4,11,2022,Francia,1641,China,1641
2022-11-19,NotHotDog,540,3069,gluten de trigo,0,0.513,35,35979,0,5,11,2022,Francia,1641,China,1641
2022-11-20,NotHotDog,511,3069,gluten de trigo,0,0.443,35,35439,0,6,11,2022,Francia,1641,China,1641
2022-11-21,NotHotDog,404,3069,gluten de trigo,0,0.402,34,34928,0,0,11,2022,Francia,1641,China,1641
2022-11-22,NotHotDog,362,3069,gluten de trigo,0,0.5,33,34524,0,1,11,2022,Francia,1641,China,1641
2022-11-23,NotHotDog,457,3069,gluten de trigo,0,0.459,35,34162,0,2,11,2022,Francia,1641,China,1641
2022-11-24,NotHotDog,518,3069,gluten de trigo,0,0.54,39,33705,0,3,11,2022,Francia,1641,China,1641
2022-11-25,NotHotDog,554,3069,gluten de trigo,0,0.449,32,33187,0,4,11,2022,Francia,1641,China,1641
2022-11-26,NotHotDog,521,3069,gluten de trigo,0,0.468,34,32633,0,5,11,2022,Francia,1641,China,1641
2022-11-27,NotHotDog,479,3069,gluten de trigo,0,0.408,39,32112,0,6,11,2022,Francia,1641,China,1641
2022-11-28,NotHotDog,427,3069,gluten de trigo,0,0.445,33,31633,0,0,11,2022,Francia,1641,China,1641
2022-11-29,NotHotDog,359,3069,gluten de trigo,0,0.411,37,31206,0,1,11,2022,Francia,1641,China,1641
2022-11-30,NotHotDog,385,3069,gluten de trigo,0,0.412,33,30847,0,2,11,2022,Francia,1641,China,1641
2022-12-01,NotHotDog,492,3069,gluten de trigo,0,0.447,34,30462,0,3,12,2022,Francia,1641,China,1641
2022-12-02,NotHotDog,572,3069,gluten de trigo,0,0.415,34,29970,0,4,12,2022,Francia,1641,China,1641
2022-12-03,NotHotDog,633,3069,gluten de trigo,0,0.573,37,29398,0,5,12,2022,Francia,1641,China,1641
2022-12-04,NotHotDog,585,3069,gluten de trigo,1,0.479,32,28765,0,6,12,2022,Francia,1641,China,1641
2022-12-05,NotHotDog,431,3069,gluten de trigo,0,0.486,35,28180,0,0,12,2022,Francia,1641,China,1641
2022-12-06,NotHotDog,385,3069,gluten de trigo,0,0.422,33,27749,0,1,12,2022,Francia,1641,China,1641
2022-12-07,NotHotDog,431,3069,gluten de trigo,0,0.428,30,27364,0,2,12,2022,Francia,1641,China,1641
2022-12-08,NotHotDog,590,3069,gluten de trigo,0,0.396,36,26933,0,3,12,2022,Francia,1641,China,1641
2022-12-09,NotHotDog,594,3069,gluten de trigo,0,0.543,31,26343,0,4,12,2022,Francia,1641,China,1641
2022-12-10,NotHotDog,543,3069,gluten de trigo,0,0.401,38,25749,0,5,12,2022,Francia,1641,China,1641
2022-12-11,NotHotDog,553,3069,gluten de trigo,0,0.371,35,25206,0,6,12,2022,Francia,1641,China,1641
2022-12-12,NotHotDog,565,3069,gluten de trigo,1,0.358,31,24653,0,0,12,2022,Francia,1641,China,1641
2022-12-13,NotHotDog,504,3069,gluten de trigo,1,0.407,37,24088,0,1,12,2022,Francia,1641,China,1641
2022-12-14,NotHotDog,407,3069,gluten de trigo,0,0.456,33,23584,0,2,12,2022,Francia,1641,China,1641
2022-12-15,NotHotDog,722,3069,gluten de trigo,1,0.433,33,23177,0,3,12,2022,Francia,1641,China,1641
2022-12-16,NotHotDog,604,3069,gluten de trigo,0,0.336,29,22455,0,4,12,2022,Francia,1641,China,1641
2022-12-17,NotHotDog,578,3069,gluten de trigo,0,0.329,31,21851,0,5,12,2022,Francia,1641,China,1641
2022-12-18,NotHotDog,574,3069,gluten de trigo,0,0.424,33,21273,0,6,12,2022,Francia,1641,China,1641
2022-12-19,NotHotDog,424,3069,gluten de trigo,0,0.461,36,20699,0,0,12,2022,Francia,1641,China,1641
2022-12-20,NotHotDog,429,3069,gluten de trigo,0,0.343,35,20275,0,1,12,2022,Francia,1641,China,1641
2022-12-21,NotHotDog,505,3069,gluten de trigo,0,0.404,31,19846,0,2,12,2022,Francia,1641,China,1641
2022-12-22,NotHotDog,722,3069,gluten de trigo,1,0.265,33,19341,0,3,12,2022,Francia,1641,China,1641
2022-12-23,NotHotDog,530,3069,gluten de trigo,0,0.29,29,18619,0,4,12,2022,Francia,1641,China,1641
2022-12-24,NotHotDog,819,3069,gluten de trigo,1,0.275,33,18089,0,5,12,2022,Francia,1641,China,1641
2022-12-25,NotHotDog,550,3069,gluten de trigo,0,0.34,37,17270,0,6,12,2022,Francia,1641,China,1641
2022-12-26,NotHotDog,493,3069,gluten de trigo,0,0.305,29,16720,0,0,12,2022,Francia,1641,China,1641
2022-12-27,NotHotDog,407,3069,gluten de trigo,0,0.32,31,16227,0,1,12,2022,Francia,1641,China,1641
2022-12-28,NotHotDog,537,3069,gluten de trigo,0,0.363,35,15820,0,2,12,2022,Francia,1641,China,1641
2022-12-29,NotHotDog,506,3069,gluten de trigo,0,0.263,34,15283,0,3,12,2022,Francia,1641,China,1641
2022-12-30,NotHotDog,643,3069,gluten de trigo,0,0.295,31,14777,0,4,12,2022,Francia,1641,China,1641
2022-12-31,NotHotDog,617,3069,gluten de trigo,0,0.217,35,14134,0,5,12,2022,Francia,1641,China,1641
2023-01-01,NotHotDog,614,3462,gluten de trigo,0,0.336,31,13517,0,6,1,2023,Francia,1641,China,1641
2023-01-02,NotHotDog,411,3462,gluten de trigo,0,0.327,36,12903,0,0,1,2023,Francia,1641,China,1641
2023-01-03,NotHotDog,448,3462,gluten de trigo,0,0.285,33,12492,0,1,1,2023,Francia,1641,China,1641
2023-01-04,NotHotDog,473,3462,gluten de trigo,0,0.267,35,12044,0,2,1,2023,Francia,1641,China,1641
2023-01-05,NotHotDog,882,3462,gluten de trigo,1,0.23,33,11571,0,3,1,2023,Francia,1641,China,1641
2023-01-06,NotHotDog,605,3462,gluten de trigo,0,0.18,32,10689,0,4,1,2023,Francia,1641,China,1641
2023-01-07,NotHotDog,664,3462,gluten de trigo,0,0.26,34,10084,0,5,1,2023,Francia,1641,China,1641
2023-01-08,NotHotDog,527,3462,gluten de trigo,0,0.277,35,9420,0,6,1,2023,Francia,1641,China,1641
2023-01-09,NotHotDog,483,3462,gluten de trigo,0,0.335,33,8893,0,0,1,2023,Francia,1641,China,1641
2023-01-10,NotHotDog,429,3462,gluten de trigo,0,0.209,30,8410,0,1,1,2023,Francia,1641,China,1641
2023-01-11,NotHotDog,476,3462,gluten de trigo,0,0.238,32,7981,0,2,1,2023,Francia,1641,China,1641
2023-01-12,NotHotDog,494,3462,gluten de trigo,0,0.275,31,7505,0,3,1,2023,Francia,1641,China,1641
2023-01-13,NotHotDog,682,3462,gluten de trigo,0,0.272,31,7011,0,4,1,2023,Francia,1641,China,1641
2023-01-14,NotHotDog,597,3462,gluten de trigo,0,0.179,34,6329,0,5,1,2023,Francia,1641,China,1641
2023-01-15,NotHotDog,524,3462,gluten de trigo,0,0.191,33,5732,0,6,1,2023,Francia,1641,China,1641
2023-01-16,NotHotDog,424,3462,gluten de trigo,0,0.175,32,5208,0,0,1,2023,Francia,1641,China,1641
2023-01-17,NotHotDog,412,3462,gluten de trigo,0,0.152,33,4784,0,1,1,2023,Francia,1641,China,1641
2023-01-18,NotHotDog,520,3462,gluten de trigo,0,0.267,33,4372,0,2,1,2023,Francia,1641,China,1641
2023-01-19,NotHotDog,619,3462,gluten de trigo,0,0.192,35,3852,0,3,1,2023,Francia,1641,China,1641
2023-01-20,NotHotDog,706,3462,gluten de trigo,0,0.182,27,3233,0,4,1,2023,Francia,1641,China,1641
2023-01-21,NotHotDog,610,3462,gluten de trigo,0,0.194,29,2527,0,5,1,2023,Francia,1641,China,1641
2023-01-22,NotHotDog,594,3462,gluten de trigo,0,0.181,30,1917,0,6,1,2023,Francia,1641,China,1641
2023-01-23,NotHotDog,467,3462,gluten de trigo,0,0.164,28,1323,0,0,1,2023,Francia,1641,China,1641
2023-01-24,NotHotDog,491,3462,gluten de trigo,0,0.134,31,856,0,1,1,2023,Francia,1641,China,1641
2023-01-25,NotHotDog,524,3462,gluten de trigo,0,0.248,32,365,0,2,1,2023,Francia,1641,China,1641
2023-01-26,NotHotDog,574,3462,gluten de trigo,0,0.138,35,0,1,3,1,2023,Francia,1641,China,1641
2023-01-27,NotHotDog,737,3462,gluten de trigo,0,0.118,32,0,1,4,1,2023,Francia,1641,China,1641
2023-01-28,NotHotDog,701,3462,gluten de trigo,0,0.158,30,0,1,5,1,2023,Francia,1641,China,1641
2023-01-29,NotHotDog,526,3462,gluten de trigo,0,0.268,33,0,1,6,1,2023,Francia,1641,China,1641
2023-01-30,NotHotDog,431,3462,gluten de trigo,0,0.117,27,0,1,0,1,2023,Francia,1641,China,1641
2023-01-31,NotHotDog,412,3462,gluten de trigo,0,0.192,32,0,1,1,1,2023,Francia,1641,China,1641
2023-02-01,NotHotDog,581,3462,gluten de trigo,0,0.142,31,0,1,2,2,2023,Francia,1641,China,1641
2023-02-02,NotHotDog,564,3462,gluten de trigo,0,0.166,29,0,1,3,2,2023,Francia,1641,China,1641
2023-02-03,NotHotDog,791,3462,gluten de trigo,0,0.198,31,0,1,4,2,2023,Francia,1641,China,1641
2023-02-04,NotHotDog,811,3462,gluten de trigo,1,0.066,28,0,1,5,2,2023,Francia,1641,China,1641
2023-02-05,NotHotDog,542,3462,gluten de trigo,0,0.106,28,0,1,6,2,2023,Francia,1641,China,1641
2023-02-06,NotHotDog,538,3462,gluten de trigo,0,0.196,33,0,1,0,2,2023,Francia,1641,China,1641
2023-02-07,NotHotDog,501,3462,gluten de trigo,0,0.155,33,0,1,1,2,2023,Francia,1641,China,1641
2023-02-08,NotHotDog,541,3462,gluten de trigo,0,0.161,32,0,1,2,2,2023,Francia,1641,China,1641
2023-02-09,NotHotDog,653,3462,gluten de trigo,0,0.186,30,0,1,3,2,2023,Francia,1641,China,1641
2023-02-10,NotHotDog,650,3462,gluten de trigo,0,0.106,29,0,1,4,2,2023,Francia,1641,China,1641
2023-02-11,NotHotDog,733,3462,gluten de trigo,0,0.204,31,0,1,5,2,2023,Francia,1641,China,1641
2023-02-12,NotHotDog,615,3462,gluten de trigo,0,0.193,31,0,1,6,2,2023,Francia,1641,China,1641
2023-02-13,NotHotDog,492,3462,gluten de trigo,0,0.165,29,0,1,0,2,2023,Francia,1641,China,1641
2023-02-14,NotHotDog,474,3462,gluten de trigo,0,0.177,33,0,1,1,2,2023,Francia,1641,China,1641
2023-02-15,NotHotDog,566,3462,gluten de trigo,0,0.214,31,0,1,2,2,2023,Francia,1641,China,1641
2023-02-16,NotHotDog,643,3462,gluten de trigo,0,0.127,32,9684,0,3,2,2023,Francia,1641,China,1641
2023-02-17,NotHotDog,578,3462,gluten de trigo,0,0.192,29,29541,0,4,2,2023,Francia,1641,China,1641
2023-02-18,NotHotDog,740,3462,gluten de trigo,0,0.248,31,28963,0,5,2,2023,Francia,1641,China,1641
2023-02-19,NotHotDog,646,3462,gluten de trigo,0,0.195,33,48723,0,6,2,2023,Francia,1641,China,1641
2023-02-20,NotHotDog,494,3462,gluten de trigo,0,0.154,33,68577,0,0,2,2023,Francia,1641,China,1641
2023-02-21,NotHotDog,477,3462,gluten de trigo,0,0.284,30,78333,0,1,2,2023,Francia,1641,China,1641
2023-02-22,NotHotDog,529,3462,gluten de trigo,0,0.182,32,77856,0,2,2,2023,Francia,1641,China,1641
2023-02-23,NotHotDog,527,3462,gluten de trigo,0,0.243,33,87577,0,3,2,2023,Francia,1641,China,1641
2023-02-24,NotHotDog,679,3462,gluten de trigo,0,0.155,29,97300,0,4,2,2023,Francia,1641,China,1641
2023-02-25,NotHotDog,673,3462,gluten de trigo,0,0.233,33,96621,0,5,2,2023,Francia,1641,China,1641
2023-02-26,NotHotDog,601,3462,gluten de trigo,0,0.156,28,116448,0,6,2,2023,Francia,1641,China,1641
2023-02-27,NotHotDog,489,3462,gluten de trigo,0,0.203,30,126097,0,0,2,2023,Francia,1641,China,1641
2023-02-28,NotHotDog,499,3462,gluten de trigo,0,0.16,32,135858,0,1,2,2023,Francia,1641,China,1641
2023-03-01,NotHotDog,491,3462,gluten de trigo,0,0.29,33,135359,0,2,3,2023,Francia,1641,China,1641
2023-03-02,NotHotDog,904,3462,gluten de trigo,1,0.188,31,145118,0,3,3,2023,Francia,1641,China,1641
2023-03-03,NotHotDog,737,3462,gluten de trigo,0,0.147,30,164714,0,4,3,2023,Francia,1641,China,1641
2023-03-04,NotHotDog,769,3462,gluten de trigo,0,0.212,33,194727,0,5,3,2023,Francia,1641,China,1641
2023-03-05,NotHotDog,693,3462,gluten de trigo,0,0.239,33,204208,0,6,3,2023,Francia,1641,China,1641
2023-03-06,NotHotDog,582,3462,gluten de trigo,0,0.215,33,213765,0,0,3,2023,Francia,1641,China,1641
2023-03-07,NotHotDog,429,3462,gluten de trigo,0,0.181,31,213183,0,1,3,2023,Francia,1641,China,1641
2023-03-08,NotHotDog,539,3462,gluten de trigo,0,0.278,32,212754,0,2,3,2023,Francia,1641,China,1641
2023-03-09,NotHotDog,590,3462,gluten de trigo,0,0.294,31,212215,0,3,3,2023,Francia,1641,China,1641
2023-03-10,NotHotDog,885,3462,gluten de trigo,0,0.154,29,211625,0,4,3,2023,Francia,1641,China,1641
2023-03-11,NotHotDog,727,3462,gluten de trigo,0,0.198,31,241490,0,5,3,2023,Francia,1641,China,1641
2023-03-12,NotHotDog,676,3462,gluten de trigo,0,0.239,31,261263,0,6,3,2023,Francia,1641,China,1641
2023-03-13,NotHotDog,527,3462,gluten de trigo,0,0.226,35,260587,0,0,3,2023,Francia,1641,China,1641
2023-03-14,NotHotDog,373,3462,gluten de trigo,0,0.284,30,280560,0,1,3,2023,Francia,1641,China,1641
2023-03-15,NotHotDog,490,3462,gluten de trigo,0,0.355,35,290437,0,2,3,2023,Francia,1641,China,1641
2023-03-16,NotHotDog,590,3462,gluten de trigo,0,0.25,31,289947,0,3,3,2023,Francia,1641,China,1641
2023-03-17,NotHotDog,676,3462,gluten de trigo,0,0.354,33,289357,0,4,3,2023,Francia,1641,China,1641
2023-03-18,NotHotDog,709,3462,gluten de trigo,0,0.207,32,298931,0,5,3,2023,Francia,1641,China,1641
2023-03-19,NotHotDog,629,3462,gluten de trigo,0,0.309,30,308472,0,6,3,2023,Francia,1641,China,1641
2023-03-20,NotHotDog,400,3462,gluten de trigo,0,0.263,31,307843,0,0,3,2023,Francia,1641,China,1641
2023-03-21,NotHotDog,461,3462,gluten de trigo,0,0.322,30,307443,0,1,3,2023,Francia,1641,China,1641
2023-03-22,NotHotDog,500,3462,gluten de trigo,0,0.216,31,306982,0,2,3,2023,Francia,1641,China,1641
2023-03-23,NotHotDog,689,3462,gluten de trigo,0,0.246,30,306482,0,3,3,2023,Francia,1641,China,1641
2023-03-24,NotHotDog,726,3462,gluten de trigo,0,0.34,36,305793,0,4,3,2023,Francia,1641,China,1641
2023-03-25,NotHotDog,675,3462,gluten de trigo,0,0.291,31,305067,0,5,3,2023,Francia,1641,China,1641
2023-03-26,NotHotDog,611,3462,gluten de trigo,0,0.312,28,304392,0,6,3,2023,Francia,1641,China,1641
2023-03-27,NotHotDog,435,3462,gluten de trigo,0,0.426,33,303781,0,0,3,2023,Francia,1641,China,1641
2023-03-28,NotHotDog,490,3462,gluten de trigo,0,0.347,35,303346,0,1,3,2023,Francia,1641,China,1641
2023-03-29,NotHotDog,499,3462,gluten de trigo,0,0.391,37,302856,0,2,3,2023,Francia,1641,China,1641
2023-03-30,NotHotDog,575,3462,gluten de trigo,0,0.314,32,302357,0,3,3,2023,Francia,1641,China,1641
2023-03-31,NotHotDog,760,3462,gluten de trigo,0,0.291,31,301782,0,4,3,2023,Francia,1641,China,1641
2023-04-01,NotHotDog,693,3462,gluten de trigo,0,0.36,33,301022,0,5,4,2023,Francia,1641,China,1641
2023-04-02,NotHotDog,563,3462,gluten de trigo,0,0.295,33,300329,0,6,4,2023,Francia,1641,China,1641
2023-04-03,NotHotDog,474,3462,gluten de trigo,0,0.341,31,299766,0,0,4,2023,Francia,1641,China,1641
2023-04-04,NotHotDog,474,3462,gluten de trigo,0,0.393,33,299292,0,1,4,2023,Francia,1641,China,1641
2023-04-05,NotHotDog,522,3462,gluten de trigo,0,0.382,33,298818,0,2,4,2023,Francia,1641,China,1641
2023-04-06,NotHotDog,609,3462,gluten de trigo,0,0.409,34,298296,0,3,4,2023,Francia,1641,China,1641
2023-04-07,NotHotDog,803,3462,gluten de trigo,1,0.428,34,297687,0,4,4,2023,Francia,1641,China,1641
2023-04-08,NotHotDog,614,3462,gluten de trigo,0,0.344,31,296884,0,5,4,2023,Francia,1641,China,1641
2023-04-09,NotHotDog,552,3462,gluten de trigo,0,0.362,34,296270,0,6,4,2023,Francia,1641,China,1641
2023-04-10,NotHotDog,484,3462,gluten de trigo,0,0.305,33,295718,0,0,4,2023,Francia,1641,China,1641
2023-04-11,NotHotDog,453,3462,gluten de trigo,0,0.401,34,295234,0,1,4,2023,Francia,1641,China,1641
2023-04-12,NotHotDog,497,3462,gluten de trigo,0,0.461,32,294781,0,2,4,2023,Francia,1641,China,1641
2023-04-13,NotHotDog,594,3462,gluten de trigo,0,0.504,36,294284,0,3,4,2023,Francia,1641,China,1641
2023-04-14,NotHotDog,771,3462,gluten de trigo,0,0.444,32,293690,0,4,4,2023,Francia,1641,China,1641
2023-04-15,NotHotDog,706,3462,gluten de trigo,0,0.507,38,292919,0,5,4,2023,Francia,1641,China,1641
2023-04-16,NotHotDog,634,3462,gluten de trigo,0,0.462,32,292213,0,6,4,2023,Francia,1641,China,1641
2023-04-17,NotHotDog,502,3462,gluten de trigo,0,0.453,36,291579,0,0,4,2023,Francia,1641,China,1641
2023-04-18,NotHotDog,451,3462,gluten de trigo,0,0.421,30,291077,0,1,4,2023,Francia,1641,China,1641
2023-04-19,NotHotDog,512,3462,gluten de trigo,0,0.337,29,290626,0,2,4,2023,Francia,1641,China,1641
2023-04-20,NotHotDog,601,3462,gluten de trigo,0,0.521,34,290114,0,3,4,2023,Francia,1641,China,1641
2023-04-21,NotHotDog,702,3462,gluten de trigo,0,0.461,30,289513,0,4,4,2023,Francia,1641,China,1641
2023-04-22,NotHotDog,600,3462,gluten de trigo,0,0.537,37,288811,0,5,4,2023,Francia,1641,China,1641
2023-04-23,NotHotDog,602,3462,gluten de trigo,0,0.423,34,288211,0,6,4,2023,Francia,1641,China,1641
2023-04-24,NotHotDog,483,3462,gluten de trigo,0,0.595,39,287609,0,0,4,2023,Francia,1641,China,1641
2023-04-25,NotHotDog,377,3462,gluten de trigo,0,0.464,34,287126,0,1,4,2023,Francia,1641,China,1641
2023-04-26,NotHotDog,491,3462,gluten de trigo,0,0.445,35,286749,0,2,4,2023,Francia,1641,China,1641
2023-04-27,NotHotDog,519,3462,gluten de trigo,0,0.472,34,286258,0,3,4,2023,Francia,1641,China,1641
2023-04-28,NotHotDog,620,3462,gluten de trigo,0,0.494,33,285739,0,4,4,2023,Francia,1641,China,1641
2023-04-29,NotHotDog,630,3462,gluten de trigo,0,0.484,34,285119,0,5,4,2023,Francia,1641,China,1641
2023-04-30,NotHotDog,491,3462,gluten de trigo,0,0.464,32,284489,0,6,4,2023,Francia,1641,China,1641
2023-05-01,NotHotDog,465,3462,gluten de trigo,0,0.401,35,283998,0,0,5,2023,Francia,1641,China,1641
2023-05-02,NotHotDog,434,3462,gluten de trigo,0,0.453,34,283533,0,1,5,2023,Francia,1641,China,1641
2023-05-03,NotHotDog,507,3462,gluten de trigo,0,0.549,35,283099,0,2,5,2023,Francia,1641,China,1641
2023-05-04,NotHotDog,548,3462,gluten de trigo,0,0.452,40,282592,0,3,5,2023,Francia,1641,China,1641
2023-05-05,NotHotDog,649,3462,gluten de trigo,0,0.411,33,282044,0,4,5,2023,Francia,1641,China,1641
2023-05-06,NotHotDog,621,3462,gluten de trigo,0,0.445,35,281395,0,5,5,2023,Francia,1641,China,1641
2023-05-07,NotHotDog,529,3462,gluten de trigo,0,0.495,35,280774,0,6,5,2023,Francia,1641,China,1641
2023-05-08,NotHotDog,397,3462,gluten de trigo,0,0.462,37,280245,0,0,5,2023,Francia,1641,China,1641
2023-05-09,NotHotDog,419,3462,gluten de trigo,0,0.486,35,279848,0,1,5,2023,Francia,1641,China,1641
2023-05-10,NotHotDog,496,3462,gluten de trigo,0,0.46,34,279429,0,2,5,2023,Francia,1641,China,1641
2023-05-11,NotHotDog,515,3462,gluten de trigo,0,0.55,40,278933,0,3,5,2023,Francia,1641,China,1641
2023-05-12,NotHotDog,610,3462,gluten de trigo,0,0.524,34,278418,0,4,5,2023,Francia,1641,China,1641
2023-05-13,NotHotDog,750,3462,gluten de trigo,1,0.61,36,277808,0,5,5,2023,Francia,1641,China,1641
2023-05-14,NotHotDog,583,3462,gluten de trigo,0,0.479,37,277058,0,6,5,2023,Francia,1641,China,1641
2023-05-15,NotHotDog,449,3462,gluten de trigo,0,0.483,33,276475,0,0,5,2023,Francia,1641,China,1641
2023-05-16,NotHotDog,423,3462,gluten de trigo,0,0.556,37,276026,0,1,5,2023,Francia,1641,China,1641
2023-05-17,NotHotDog,457,3462,gluten de trigo,0,0.515,34,275603,0,2,5,2023,Francia,1641,China,1641
2023-05-18,NotHotDog,522,3462,gluten de trigo,0,0.447,36,275146,0,3,5,2023,Francia,1641,China,1641
2023-05-19,NotHotDog,552,3462,gluten de trigo,0,0.52,37,274624,0,4,5,2023,Francia,1641,China,1641
2023-05-20,NotHotDog,584,3462,gluten de trigo,0,0.51,35,274072,0,5,5,2023,Francia,1641,China,1641
2023-05-21,NotHotDog,539,3462,gluten de trigo,0,0.398,32,273488,0,6,5,2023,Francia,1641,China,1641
2023-05-22,NotHotDog,540,3462,gluten de trigo,1,0.453,34,272949,0,0,5,2023,Francia,1641,China,1641
2023-05-23,NotHotDog,452,3462,gluten de trigo,0,0.493,35,272409,0,1,5,2023,Francia,1641,China,1641
2023-05-24,NotHotDog,480,3462,gluten de trigo,0,0.553,37,271957,0,2,5,2023,Francia,1641,China,1641
2023-05-25,NotHotDog,584,3462,gluten de trigo,0,0.512,36,271477,0,3,5,2023,Francia,1641,China,1641
2023-05-26,NotHotDog,496,3462,gluten de trigo,0,0.446,35,270893,0,4,5,2023,Francia,1641,China,1641
2023-05-27,NotHotDog,657,3462,gluten de trigo,0,0.436,35,270397,0,5,5,2023,Francia,1641,China,1641
2023-05-28,NotHotDog,521,3462,gluten de trigo,0,0.508,37,269740,0,6,5,2023,Francia,1641,China,1641
2023-05-29,NotHotDog,616,3462,gluten de trigo,1,0.343,33,269219,0,0,5,2023,Francia,1641,China,1641
2023-05-30,NotHotDog,422,3462,gluten de trigo,0,0.42,34,268603,0,1,5,2023,Francia,1641,China,1641
2023-05-31,NotHotDog,436,3462,gluten de trigo,0,0.527,35,268181,0,2,5,2023,Francia,1641,China,1641
2023-06-01,NotHotDog,473,3462,gluten de trigo,0,0.468,34,267745,0,3,6,2023,Francia,1641,China,1641
2023-06-02,NotHotDog,644,3462,gluten de trigo,0,0.411,36,267272,0,4,6,2023,Francia,1641,China,1641
2023-06-03,NotHotDog,534,3462,gluten de trigo,0,0.384,36,266628,0,5,6,2023,Francia,1641,China,1641
2023-06-04,NotHotDog,458,3462,gluten de trigo,0,0.482,37,266094,0,6,6,2023,Francia,1641,China,1641
2023-06-05,NotHotDog,408,3462,gluten de trigo,0,0.439,33,265636,0,0,6,2023,Francia,1641,China,1641
2023-06-06,NotHotDog,372,3462,gluten de trigo,0,0.419,35,265228,0,1,6,2023,Francia,1641,China,1641
2023-06-07,NotHotDog,425,3462,gluten de trigo,0,0.444,37,264856,0,2,6,2023,Francia,1641,China,1641
2023-06-08,NotHotDog,501,3462,gluten de trigo,0,0.429,37,264431,0,3,6,2023,Francia,1641,China,1641
2023-06-09,NotHotDog,624,3462,gluten de trigo,0,0.42,31,263930,0,4,6,2023,Francia,1641,China,1641
2023-06-10,NotHotDog,575,3462,gluten de trigo,0,0.344,33,263306,0,5,6,2023,Francia,1641,China,1641
2023-06-11,NotHotDog,452,3462,gluten de trigo,0,0.353,33,262731,0,6,6,2023,Francia,1641,China,1641
2023-06-12,NotHotDog,382,3462,gluten de trigo,0,0.437,37,262279,0,0,6,2023,Francia,1641,China,1641
2023-06-13,NotHotDog,363,3462,gluten de trigo,0,0.422,30,261897,0,1,6,2023,Francia,1641,China,1641
2023-06-14,NotHotDog,401,3462,gluten de trigo,0,0.407,32,261534,0,2,6,2023,Francia,1641,China,1641
2023-06-15,NotHotDog,472,3462,gluten de trigo,0,0.353,36,261133,0,3,6,2023,Francia,1641,China,1641
2023-06-16,NotHotDog,500,3462,gluten de trigo,0,0.415,33,260661,0,4,6,2023,Francia,1641,China,1641
2023-06-17,NotHotDog,553,3462,gluten de trigo,0,0.353,31,260161,0,5,6,2023,Francia,1641,China,1641
2023-06-18,NotHotDog,455,3462,gluten de trigo,0,0.43,37,259608,0,6,6,2023,Francia,1641,China,1641
2023-06-19,NotHotDog,365,3462,gluten de trigo,0,0.322,30,259153,0,0,6,2023,Francia,1641,China,1641
2023-06-20,NotHotDog,379,3462,gluten de trigo,0,0.327,35,258788,0,1,6,2023,Francia,1641,China,1641
2023-06-21,NotHotDog,430,3462,gluten de trigo,0,0.34,30,258409,0,2,6,2023,Francia,1641,China,1641
2023-06-22,NotHotDog,470,3462,gluten de trigo,0,0.384,31,257979,0,3,6,2023,Francia,1641,China,1641
2023-06-23,NotHotDog,611,3462,gluten de trigo,0,0.334,33,257509,0,4,6,2023,Francia,1641,China,1641
2023-06-24,NotHotDog,620,3462,gluten de trigo,0,0.331,31,256898,0,5,6,2023,Francia,1641,China,1641
2023-06-25,NotHotDog,667,3462,gluten de trigo,1,0.304,33,256278,0,6,6,2023,Francia,1641,China,1641
2023-06-26,NotHotDog,371,3462,gluten de trigo,0,0.331,37,255611,0,0,6,2023,Francia,1641,China,1641
2023-06-27,NotHotDog,495,3462,gluten de trigo,1,0.308,32,255240,0,1,6,2023,Francia,1641,China,1641
2023-06-28,NotHotDog,355,3462,gluten de trigo,0,0.266,35,254745,0,2,6,2023,Francia,1641,China,1641
2023-06-29,NotHotDog,435,3462,gluten de trigo,0,0.306,33,254390,0,3,6,2023,Francia,1641,China,1641
2023-06-30,NotHotDog,452,3462,gluten de trigo,0,0.301,35,253955,0,4,6,2023,Francia,1641,China,1641
2023-07-01,NotHotDog,488,3462,gluten de trigo,0,0.405,29,253503,0,5,7,2023,Francia,1641,China,1641
2023-07-02,NotHotDog,405,3462,gluten de trigo,0,0.251,33,253015,0,6,7,2023,Francia,1641,China,1641
2023-07-03,NotHotDog,515,3462,gluten de trigo,1,0.234,33,252610,0,0,7,2023,Francia,1641,China,1641
2023-07-04,NotHotDog,327,3462,gluten de trigo,0,0.284,32,252095,0,1,7,2023,Francia,1641,China,1641
2023-07-05,NotHotDog,392,3462,gluten de trigo,0,0.215,35,251768,0,2,7,2023,Francia,1641,China,1641
2023-07-06,NotHotDog,484,3462,gluten de trigo,0,0.205,30,251376,0,3,7,2023,Francia,1641,China,1641
2023-07-07,NotHotDog,557,3462,gluten de trigo,0,0.182,28,250892,0,4,7,2023,Francia,1641,China,1641
2023-07-08,NotHotDog,676,3462,gluten de trigo,1,0.209,33,250335,0,5,7,2023,Francia,1641,China,1641
2023-07-09,NotHotDog,450,3462,gluten de trigo,0,0.205,29,249659,0,6,7,2023,Francia,1641,China,1641
2023-07-10,NotHotDog,377,3462,gluten de trigo,0,0.173,31,249209,0,0,7,2023,Francia,1641,China,1641
2023-07-11,NotHotDog,374,3462,gluten de trigo,0,0.22,34,248832,0,1,7,2023,Francia,1641,China,1641
2023-07-12,NotHotDog,506,3462,gluten de trigo,1,0.109,31,248458,0,2,7,2023,Francia,1641,China,1641
2023-07-13,NotHotDog,493,3462,gluten de trigo,0,0.247,31,247952,0,3,7,2023,Francia,1641,China,1641
2023-07-14,NotHotDog,432,3462,gluten de trigo,0,0.19,31,247459,0,4,7,2023,Francia,1641,China,1641
2023-07-15,NotHotDog,465,3462,gluten de trigo,0,0.192,34,247027,0,5,7,2023,Francia,1641,China,1641
2023-07-16,NotHotDog,596,3462,gluten de trigo,1,0.238,29,246562,0,6,7,2023,Francia,1641,China,1641
2023-07-17,NotHotDog,376,3462,gluten de trigo,0,0.222,33,245966,0,0,7,2023,Francia,1641,China,1641
2023-07-18,NotHotDog,329,3462,gluten de trigo,0,0.168,35,245590,0,1,7,2023,Francia,1641,China,1641
2023-07-19,NotHotDog,354,3462,gluten de trigo,0,0.218,33,245261,0,2,7,2023,Francia,1641,China,1641
2023-07-20,NotHotDog,465,3462,gluten de trigo,0,0.269,32,244907,0,3,7,2023,Francia,1641,China,1641
2023-07-21,NotHotDog,411,3462,gluten de trigo,0,0.137,30,244442,0,4,7,2023,Francia,1641,China,1641
2023-07-22,NotHotDog,513,3462,gluten de trigo,0,0.222,31,244031,0,5,7,2023,Francia,1641,China,1641
2023-07-23,NotHotDog,425,3462,gluten de trigo,0,0.125,29,243518,0,6,7,2023,Francia,1641,China,1641
2023-07-24,NotHotDog,339,3462,gluten de trigo,0,0.236,32,243093,0,0,7,2023,Francia,1641,China,1641
2023-07-25,NotHotDog,340,3462,gluten de trigo,0,0.138,32,242754,0,1,7,2023,Francia,1641,China,1641
2023-07-26,NotHotDog,456,3462,gluten de trigo,1,0.134,34,242414,0,2,7,2023,Francia,1641,China,1641
2023-07-27,NotHotDog,431,3462,gluten de trigo,0,0.226,28,241958,0,3,7,2023,Francia,1641,China,1641
2023-07-28,NotHotDog,479,3462,gluten de trigo,0,0.202,27,241527,0,4,7,2023,Francia,1641,China,1641
2023-07-29,NotHotDog,502,3462,gluten de trigo,0,0.129,34,241048,0,5,7,2023,Francia,1641,China,1641
2023-07-30,NotHotDog,420,3462,gluten de trigo,0,0.167,31,240546,0,6,7,2023,Francia,1641,China,1641
2023-07-31,NotHotDog,295,3462,gluten de trigo,0,0.124,31,240126,0,0,7,2023,Francia,1641,China,1641
2023-08-01,NotHotDog,286,3462,gluten de trigo,0,0.078,31,239831,0,1,8,2023,Francia,1641,China,1641
2023-08-02,NotHotDog,325,3462,gluten de trigo,0,0.165,31,239545,0,2,8,2023,Francia,1641,China,1641
2023-08-03,NotHotDog,440,3462,gluten de trigo,0,0.136,35,239220,0,3,8,2023,Francia,1641,China,1641
2023-08-04,NotHotDog,495,3462,gluten de trigo,0,0.106,31,238780,0,4,8,2023,Francia,1641,China,1641
2023-08-05,NotHotDog,530,3462,gluten de trigo,0,0.217,31,238285,0,5,8,2023,Francia,1641,China,1641
2023-08-06,NotHotDog,377,3462,gluten de trigo,0,0.106,30,237755,0,6,8,2023,Francia,1641,China,1641
2023-08-07,NotHotDog,379,3462,gluten de trigo,0,0.158,31,237378,0,0,8,2023,Francia,1641,China,1641
2023-08-08,NotHotDog,374,3462,gluten de trigo,1,0.204,30,236999,0,1,8,2023,Francia,1641,China,1641
2023-08-09,NotHotDog,352,3462,gluten de trigo,0,0.137,34,236625,0,2,8,2023,Francia,1641,China,1641
2023-08-10,NotHotDog,428,3462,gluten de trigo,0,0.113,31,236273,0,3,8,2023,Francia,1641,China,1641
2023-08-11,NotHotDog,478,3462,gluten de trigo,0,0.165,29,235845,0,4,8,2023,Francia,1641,China,1641
2023-08-12,NotHotDog,452,3462,gluten de trigo,0,0.173,32,235367,0,5,8,2023,Francia,1641,China,1641
2023-08-13,NotHotDog,410,3462,gluten de trigo,0,0.195,34,234915,0,6,8,2023,Francia,1641,China,1641
2023-08-14,NotHotDog,307,3462,gluten de trigo,0,0.246,34,234505,0,0,8,2023,Francia,1641,China,1641
2023-08-15,NotHotDog,337,3462,gluten de trigo,0,0.13,29,234198,0,1,8,2023,Francia,1641,China,1641
2023-08-16,NotHotDog,356,3462,gluten de trigo,0,0.164,29,233861,0,2,8,2023,Francia,1641,China,1641
2023-08-17,NotHotDog,428,3462,gluten de trigo,0,0.092,33,233505,0,3,8,2023,Francia,1641,China,1641
2023-08-18,NotHotDog,456,3462,gluten de trigo,0,0.191,28,233077,0,4,8,2023,Francia,1641,China,1641
2023-08-19,NotHotDog,448,3462,gluten de trigo,0,0.169,32,232621,0,5,8,2023,Francia,1641,China,1641
2023-08-20,NotHotDog,421,3462,gluten de trigo,0,0.153,30,232173,0,6,8,2023,Francia,1641,China,1641
2023-08-21,NotHotDog,382,3462,gluten de trigo,0,0.133,33,231752,0,0,8,2023,Francia,1641,China,1641
2023-08-22,NotHotDog,279,3462,gluten de trigo,0,0.149,29,231370,0,1,8,2023,Francia,1641,China,1641
2023-08-23,NotHotDog,308,3462,gluten de trigo,0,0.181,30,231091,0,2,8,2023,Francia,1641,China,1641
2023-08-24,NotHotDog,424,3462,gluten de trigo,0,0.123,32,230783,0,3,8,2023,Francia,1641,China,1641
2023-08-25,NotHotDog,452,3462,gluten de trigo,0,0.159,33,230359,0,4,8,2023,Francia,1641,China,1641
2023-08-26,NotHotDog,464,3462,gluten de trigo,0,0.179,34,229907,0,5,8,2023,Francia,1641,China,1641
2023-08-27,NotHotDog,402,3462,gluten de trigo,0,0.104,31,229443,0,6,8,2023,Francia,1641,China,1641
2023-08-28,NotHotDog,355,3462,gluten de trigo,0,0.132,31,229041,0,0,8,2023,Francia,1641,China,1641
2023-08-29,NotHotDog,306,3462,gluten de trigo,0,0.155,33,228686,0,1,8,2023,Francia,1641,China,1641
2023-08-30,NotHotDog,314,3462,gluten de trigo,0,0.27,30,228380,0,2,8,2023,Francia,1641,China,1641
2023-08-31,NotHotDog,476,3462,gluten de trigo,1,0.155,29,228066,0,3,8,2023,Francia,1641,China,1641
2023-09-01,NotHotDog,583,3462,gluten de trigo,1,0.197,29,227590,0,4,9,2023,Francia,1641,China,1641
2023-09-02,NotHotDog,414,3462,gluten de trigo,0,0.152,25,227007,0,5,9,2023,Francia,1641,China,1641
2023-09-03,NotHotDog,403,3462,gluten de trigo,0,0.17,33,226593,0,6,9,2023,Francia,1641,China,1641
2023-09-04,NotHotDog,341,3462,gluten de trigo,0,0.141,34,226190,0,0,9,2023,Francia,1641,China,1641
2023-09-05,NotHotDog,306,3462,gluten de trigo,0,0.252,33,225849,0,1,9,2023,Francia,1641,China,1641
2023-09-06,NotHotDog,355,3462,gluten de trigo,0,0.157,32,225543,0,2,9,2023,Francia,1641,China,1641
2023-09-07,NotHotDog,363,3462,gluten de trigo,0,0.273,32,225188,0,3,9,2023,Francia,1641,China,1641
2023-09-08,NotHotDog,432,3462,gluten de trigo,0,0.256,32,224825,0,4,9,2023,Francia,1641,China,1641
2023-09-09,NotHotDog,421,3462,gluten de trigo,0,0.234,35,224393,0,5,9,2023,Francia,1641,China,1641
2023-09-10,NotHotDog,435,3462,gluten de trigo,0,0.291,36,223972,0,6,9,2023,Francia,1641,China,1641
2023-09-11,NotHotDog,405,3462,gluten de trigo,0,0.404,33,223537,0,0,9,2023,Francia,1641,China,1641
2023-09-12,NotHotDog,295,3462,gluten de trigo,0,0.278,35,223132,0,1,9,2023,Francia,1641,China,1641
2023-09-13,NotHotDog,346,3462,gluten de trigo,0,0.204,34,222837,0,2,9,2023,Francia,1641,China,1641
2023-09-14,NotHotDog,398,3462,gluten de trigo,0,0.34,34,222491,0,3,9,2023,Francia,1641,China,1641
2023-09-15,NotHotDog,480,3462,gluten de trigo,0,0.281,33,222093,0,4,9,2023,Francia,1641,China,1641
2023-09-16,NotHotDog,445,3462,gluten de trigo,0,0.383,34,221613,0,5,9,2023,Francia,1641,China,1641
2023-09-17,NotHotDog,420,3462,gluten de trigo,0,0.258,29,221168,0,6,9,2023,Francia,1641,China,1641
2023-09-18,NotHotDog,364,3462,gluten de trigo,0,0.353,30,220748,0,0,9,2023,Francia,1641,China,1641
2023-09-19,NotHotDog,289,3462,gluten de trigo,0,0.295,34,220384,0,1,9,2023,Francia,1641,China,1641
2023-09-20,NotHotDog,364,3462,gluten de trigo,0,0.433,32,220095,0,2,9,2023,Francia,1641,China,1641
2023-09-21,NotHotDog,365,3462,gluten de trigo,0,0.292,30,219731,0,3,9,2023,Francia,1641,China,1641
2023-09-22,NotHotDog,469,3462,gluten de trigo,0,0.463,30,219366,0,4,9,2023,Francia,1641,China,1641
2023-09-23,NotHotDog,462,3462,gluten de trigo,0,0.341,32,218897,0,5,9,2023,Francia,1641,China,1641
2023-09-24,NotHotDog,409,3462,gluten de trigo,0,0.367,34,218435,0,6,9,2023,Francia,1641,China,1641
2023-09-25,NotHotDog,342,3462,gluten de trigo,0,0.416,35,218026,0,0,9,2023,Francia,1641,China,1641
2023-09-26,NotHotDog,313,3462,gluten de trigo,0,0.297,34,217684,0,1,9,2023,Francia,1641,China,1641
2023-09-27,NotHotDog,489,3462,gluten de trigo,1,0.391,33,217371,0,2,9,2023,Francia,1641,China,1641
2023-09-28,NotHotDog,441,3462,gluten de trigo,0,0.334,33,216882,0,3,9,2023,Francia,1641,China,1641
2023-09-29,NotHotDog,497,3462,gluten de trigo,0,0.362,35,216441,0,4,9,2023,Francia,1641,China,1641
2023-09-30,NotHotDog,486,3462,gluten de trigo,0,0.365,34,215944,0,5,9,2023,Francia,1641,China,1641
2023-10-01,NotHotDog,405,3462,gluten de trigo,0,0.395,33,215458,0,6,10,2023,Francia,1641,China,1641
2023-10-02,NotHotDog,388,3462,gluten de trigo,0,0.399,34,215053,0,0,10,2023,Francia,1641,China,1641
2023-10-03,NotHotDog,372,3462,gluten de trigo,0,0.349,29,214665,0,1,10,2023,Francia,1641,China,1641
2023-10-04,NotHotDog,331,3462,gluten de trigo,0,0.39,34,214293,0,2,10,2023,Francia,1641,China,1641
2023-10-05,NotHotDog,447,3462,gluten de trigo,0,0.273,31,213962,0,3,10,2023,Francia,1641,China,1641
2023-10-06,NotHotDog,477,3462,gluten de trigo,0,0.444,37,213515,0,4,10,2023,Francia,1641,China,1641
2023-10-07,NotHotDog,528,3462,gluten de trigo,0,0.485,33,213038,0,5,10,2023,Francia,1641,China,1641
2023-10-08,NotHotDog,432,3462,gluten de trigo,0,0.415,34,212510,0,6,10,2023,Francia,1641,China,1641
2023-10-09,NotHotDog,366,3462,gluten de trigo,0,0.331,32,212078,0,0,10,2023,Francia,1641,China,1641
2023-10-10,NotHotDog,352,3462,gluten de trigo,0,0.453,33,211712,0,1,10,2023,Francia,1641,China,1641
2023-10-11,NotHotDog,368,3462,gluten de trigo,0,0.383,34,211360,0,2,10,2023,Francia,1641,China,1641
2023-10-12,NotHotDog,512,3462,gluten de trigo,0,0.435,33,210992,0,3,10,2023,Francia,1641,China,1641
2023-10-13,NotHotDog,528,3462,gluten de trigo,0,0.465,38,210480,0,4,10,2023,Francia,1641,China,1641
2023-10-14,NotHotDog,540,3462,gluten de trigo,0,0.463,31,209952,0,5,10,2023,Francia,1641,China,1641
2023-10-15,NotHotDog,435,3462,gluten de trigo,0,0.494,36,209412,0,6,10,2023,Francia,1641,China,1641
2023-10-16,NotHotDog,369,3462,gluten de trigo,0,0.452,34,208977,0,0,10,2023,Francia,1641,China,1641
2023-10-17,NotHotDog,369,3462,gluten de trigo,0,0.458,34,208608,0,1,10,2023,Francia,1641,China,1641
2023-10-18,NotHotDog,408,3462,gluten de trigo,0,0.49,35,208239,0,2,10,2023,Francia,1641,China,1641
2023-10-19,NotHotDog,416,3462,gluten de trigo,0,0.454,36,207831,0,3,10,2023,Francia,1641,China,1641
2023-10-20,NotHotDog,525,3462,gluten de trigo,0,0.427,35,207415,0,4,10,2023,Francia,1641,China,1641
2023-10-21,NotHotDog,689,3462,gluten de trigo,1,0.487,37,206890,0,5,10,2023,Francia,1641,China,1641
2023-10-22,NotHotDog,449,3462,gluten de trigo,0,0.412,34,206201,0,6,10,2023,Francia,1641,China,1641
2023-10-23,NotHotDog,394,3462,gluten de trigo,0,0.468,33,205752,0,0,10,2023,Francia,1641,China,1641
2023-10-24,NotHotDog,353,3462,gluten de trigo,0,0.406,34,205358,0,1,10,2023,Francia,1641,China,1641
2023-10-25,NotHotDog,325,3462,gluten de trigo,0,0.45,37,205005,0,2,10,2023,Francia,1641,China,1641
2023-10-26,NotHotDog,549,3462,gluten de trigo,1,0.455,34,204680,0,3,10,2023,Francia,1641,China,1641
2023-10-27,NotHotDog,691,3462,gluten de trigo,1,0.434,32,204131,0,4,10,2023,Francia,1641,China,1641
2023-10-28,NotHotDog,645,3462,gluten de trigo,1,0.541,37,203440,0,5,10,2023,Francia,1641,China,1641
2023-10-29,NotHotDog,473,3462,gluten de trigo,0,0.539,36,202795,0,6,10,2023,Francia,1641,China,1641
2023-10-30,NotHotDog,393,3462,gluten de trigo,0,0.556,34,202322,0,0,10,2023,Francia,1641,China,1641
2023-10-31,NotHotDog,341,3462,gluten de trigo,0,0.483,34,201929,0,1,10,2023,Francia,1641,China,1641
2023-11-01,NotHotDog,392,3462,gluten de trigo,0,0.472,34,201588,0,2,11,2023,Francia,1641,China,1641
2023-11-02,NotHotDog,501,3462,gluten de trigo,0,0.536,35,201196,0,3,11,2023,Francia,1641,China,1641
2023-11-03,NotHotDog,567,3462,gluten de trigo,0,0.503,36,200695,0,4,11,2023,Francia,1641,China,1641
2023-11-04,NotHotDog,639,3462,gluten de trigo,0,0.504,34,200128,0,5,11,2023,Francia,1641,China,1641
2023-11-05,NotHotDog,461,3462,gluten de trigo,0,0.371,35,199489,0,6,11,2023,Francia,1641,China,1641
2023-11-06,NotHotDog,458,3462,gluten de trigo,0,0.537,34,199028,0,0,11,2023,Francia,1641,China,1641
2023-11-07,NotHotDog,478,3462,gluten de trigo,1,0.531,39,198570,0,1,11,2023,Francia,1641,China,1641
2023-11-08,NotHotDog,435,3462,gluten de trigo,0,0.5,38,198092,0,2,11,2023,Francia,1641,China,1641
2023-11-09,NotHotDog,509,3462,gluten de trigo,0,0.541,34,197657,0,3,11,2023,Francia,1641,China,1641
2023-11-10,NotHotDog,558,3462,gluten de trigo,0,0.53,33,197148,0,4,11,2023,Francia,1641,China,1641
2023-11-11,NotHotDog,559,3462,gluten de trigo,0,0.465,37,196590,0,5,11,2023,Francia,1641,China,1641
2023-11-12,NotHotDog,469,3462,gluten de trigo,0,0.488,35,196031,0,6,11,2023,Francia,1641,China,1641
2023-11-13,NotHotDog,445,3462,gluten de trigo,0,0.448,35,195562,0,0,11,2023,Francia,1641,China,1641
2023-11-14,NotHotDog,361,3462,gluten de trigo,0,0.57,35,195117,0,1,11,2023,Francia,1641,China,1641
2023-11-15,NotHotDog,442,3462,gluten de trigo,0,0.545,35,194756,0,2,11,2023,Francia,1641,China,1641
2023-11-16,NotHotDog,547,3462,gluten de trigo,0,0.454,34,194314,0,3,11,2023,Francia,1641,China,1641
2023-11-17,NotHotDog,644,3462,gluten de trigo,0,0.524,36,193767,0,4,11,2023,Francia,1641,China,1641
2023-11-18,NotHotDog,621,3462,gluten de trigo,0,0.505,33,193123,0,5,11,2023,Francia,1641,China,1641
2023-11-19,NotHotDog,531,3462,gluten de trigo,0,0.455,34,192502,0,6,11,2023,Francia,1641,China,1641
2023-11-20,NotHotDog,406,3462,gluten de trigo,0,0.493,32,191971,0,0,11,2023,Francia,1641,China,1641
2023-11-21,NotHotDog,373,3462,gluten de trigo,0,0.528,34,191565,0,1,11,2023,Francia,1641,China,1641
2023-11-22,NotHotDog,403,3462,gluten de trigo,0,0.529,35,191192,0,2,11,2023,Francia,1641,China,1641
2023-11-23,NotHotDog,478,3462,gluten de trigo,0,0.596,37,190789,0,3,11,2023,Francia,1641,China,1641
2023-11-24,NotHotDog,597,3462,gluten de trigo,0,0.481,36,190311,0,4,11,2023,Francia,1641,China,1641
2023-11-25,NotHotDog,558,3462,gluten de trigo,0,0.461,36,189714,0,5,11,2023,Francia,1641,China,1641
2023-11-26,NotHotDog,572,3462,gluten de trigo,0,0.498,32,189156,0,6,11,2023,Francia,1641,China,1641
2023-11-27,NotHotDog,419,3462,gluten de trigo,0,0.457,37,188584,0,0,11,2023,Francia,1641,China,1641
2023-11-28,NotHotDog,412,3462,gluten de trigo,0,0.434,33,188165,0,1,11,2023,Francia,1641,China,1641
2023-11-29,NotHotDog,446,3462,gluten de trigo,0,0.413,33,187753,0,2,11,2023,Francia,1641,China,1641
2023-11-30,NotHotDog,485,3462,gluten de trigo,0,0.284,33,187307,0,3,11,2023,Francia,1641,China,1641
2023-12-01,NotHotDog,667,3462,gluten de trigo,0,0.488,34,186822,0,4,12,2023,Francia,1641,China,1641
2023-12-02,NotHotDog,643,3462,gluten de trigo,0,0.365,34,186155,0,5,12,2023,Francia,1641,China,1641
2023-12-03,NotHotDog,571,3462,gluten de trigo,0,0.398,35,185512,0,6,12,2023,Francia,1641,China,1641
2023-12-04,NotHotDog,473,3462,gluten de trigo,0,0.453,33,184941,0,0,12,2023,Francia,1641,China,1641
2023-12-05,NotHotDog,395,3462,gluten de trigo,0,0.417,34,184468,0,1,12,2023,Francia,1641,China,1641
2023-12-06,NotHotDog,440,3462,gluten de trigo,0,0.536,35,184073,0,2,12,2023,Francia,1641,China,1641
2023-12-07,NotHotDog,581,3462,gluten de trigo,0,0.348,35,183633,0,3,12,2023,Francia,1641,China,1641
2023-12-08,NotHotDog,708,3462,gluten de trigo,0,0.53,34,183052,0,4,12,2023,Francia,1641,China,1641
2023-12-09,NotHotDog,645,3462,gluten de trigo,0,0.482,34,182344,0,5,12,2023,Francia,1641,China,1641
2023-12-10,NotHotDog,594,3462,gluten de trigo,0,0.454,32,181699,0,6,12,2023,Francia,1641,China,1641
2023-12-11,NotHotDog,444,3462,gluten de trigo,0,0.475,33,181105,0,0,12,2023,Francia,1641,China,1641
2023-12-12,NotHotDog,470,3462,gluten de trigo,0,0.418,31,180661,0,1,12,2023,Francia,1641,China,1641
2023-12-13,NotHotDog,464,3462,gluten de trigo,0,0.307,31,180191,0,2,12,2023,Francia,1641,China,1641
2023-12-14,NotHotDog,587,3462,gluten de trigo,0,0.412,37,179727,0,3,12,2023,Francia,1641,China,1641
2023-12-15,NotHotDog,628,3462,gluten de trigo,0,0.307,34,179140,0,4,12,2023,Francia,1641,China,1641
2023-12-16,NotHotDog,687,3462,gluten de trigo,0,0.348,36,178512,0,5,12,2023,Francia,1641,China,1641
2023-12-17,NotHotDog,606,3462,gluten de trigo,0,0.365,31,177825,0,6,12,2023,Francia,1641,China,1641
2023-12-18,NotHotDog,420,3462,gluten de trigo,0,0.318,29,177219,0,0,12,2023,Francia,1641,China,1641
2023-12-19,NotHotDog,490,3462,gluten de trigo,0,0.405,34,176799,0,1,12,2023,Francia,1641,China,1641
2023-12-20,NotHotDog,586,3462,gluten de trigo,0,0.341,37,176309,0,2,12,2023,Francia,1641,China,1641
2023-12-21,NotHotDog,573,3462,gluten de trigo,0,0.366,32,175723,0,3,12,2023,Francia,1641,China,1641
2023-12-22,NotHotDog,656,3462,gluten de trigo,0,0.339,33,175150,0,4,12,2023,Francia,1641,China,1641
2023-12-23,NotHotDog,723,3462,gluten de trigo,0,0.34,30,174494,0,5,12,2023,Francia,1641,China,1641
2023-12-24,NotHotDog,582,3462,gluten de trigo,0,0.283,32,173771,0,6,12,2023,Francia,1641,China,1641
2023-12-25,NotHotDog,487,3462,gluten de trigo,0,0.263,32,173189,0,0,12,2023,Francia,1641,China,1641
2023-12-26,NotHotDog,522,3462,gluten de trigo,0,0.308,29,172702,0,1,12,2023,Francia,1641,China,1641
2023-12-27,NotHotDog,450,3462,gluten de trigo,0,0.261,30,172180,0,2,12,2023,Francia,1641,China,1641
2023-12-28,NotHotDog,726,3462,gluten de trigo,1,0.373,31,171730,0,3,12,2023,Francia,1641,China,1641
2023-12-29,NotHotDog,701,3462,gluten de trigo,0,0.229,29,171004,0,4,12,2023,Francia,1641,China,1641
2023-12-30,NotHotDog,585,3462,gluten de trigo,0,0.408,32,170303,0,5,12,2023,Francia,1641,China,1641
2023-12-31,NotHotDog,574,3462,gluten de trigo,0,0.301,34,169718,0,6,12,2023,Francia,1641,China,1641
2024-01-01,NotHotDog,483,3597,gluten de trigo,0,0.283,31,169144,0,0,1,2024,Francia,1641,China,1641
2024-01-02,NotHotDog,621,3597,gluten de trigo,1,0.247,34,168661,0,1,1,2024,Francia,1641,China,1641
2024-01-03,NotHotDog,544,3597,gluten de trigo,0,0.301,32,168040,0,2,1,2024,Francia,1641,China,1641
2024-01-04,NotHotDog,533,3597,gluten de trigo,0,0.252,33,167496,0,3,1,2024,Francia,1641,China,1641
2024-01-05,NotHotDog,654,3597,gluten de trigo,0,0.272,33,166963,0,4,1,2024,Francia,1641,China,1641
2024-01-06,NotHotDog,648,3597,gluten de trigo,0,0.294,36,166309,0,5,1,2024,Francia,1641,China,1641
2024-01-07,NotHotDog,593,3597,gluten de trigo,0,0.279,31,165661,0,6,1,2024,Francia,1641,China,1641
2024-01-08,NotHotDog,463,3597,gluten de trigo,0,0.303,34,165068,0,0,1,2024,Francia,1641,China,1641
2024-01-09,NotHotDog,489,3597,gluten de trigo,0,0.262,30,164605,0,1,1,2024,Francia,1641,China,1641
2024-01-10,NotHotDog,496,3597,gluten de trigo,0,0.183,35,164116,0,2,1,2024,Francia,1641,China,1641
2024-01-11,NotHotDog,658,3597,gluten de trigo,0,0.121,28,163620,0,3,1,2024,Francia,1641,China,1641
2024-01-12,NotHotDog,705,3597,gluten de trigo,0,0.231,33,162962,0,4,1,2024,Francia,1641,China,1641
2024-01-13,NotHotDog,645,3597,gluten de trigo,0,0.227,35,162257,0,5,1,2024,Francia,1641,China,1641
2024-01-14,NotHotDog,683,3597,gluten de trigo,0,0.307,30,161612,0,6,1,2024,Francia,1641,China,1641
2024-01-15,NotHotDog,576,3597,gluten de trigo,0,0.201,33,160929,0,0,1,2024,Francia,1641,China,1641
2024-01-16,NotHotDog,492,3597,gluten de trigo,0,0.221,30,160353,0,1,1,2024,Francia,1641,China,1641
2024-01-17,NotHotDog,524,3597,gluten de trigo,0,0.237,36,159861,0,2,1,2024,Francia,1641,China,1641
2024-01-18,NotHotDog,585,3597,gluten de trigo,0,0.22,28,159337,0,3,1,2024,Francia,1641,China,1641
2024-01-19,NotHotDog,1045,3597,gluten de trigo,1,0.232,29,158752,0,4,1,2024,Francia,1641,China,1641
2024-01-20,NotHotDog,757,3597,gluten de trigo,0,0.145,29,157707,0,5,1,2024,Francia,1641,China,1641
2024-01-21,NotHotDog,584,3597,gluten de trigo,0,0.134,28,156950,0,6,1,2024,Francia,1641,China,1641
2024-01-22,NotHotDog,496,3597,gluten de trigo,0,0.165,32,156366,0,0,1,2024,Francia,1641,China,1641
2024-01-23,NotHotDog,506,3597,gluten de trigo,0,0.067,33,155870,0,1,1,2024,Francia,1641,China,1641
2024-01-24,NotHotDog,491,3597,gluten de trigo,0,0.171,33,155364,0,2,1,2024,Francia,1641,China,1641
2024-01-25,NotHotDog,616,3597,gluten de trigo,0,0.137,31,154873,0,3,1,2024,Francia,1641,China,1641
2024-01-26,NotHotDog,667,3597,gluten de trigo,0,0.183,31,154257,0,4,1,2024,Francia,1641,China,1641
2024-01-27,NotHotDog,662,3597,gluten de trigo,0,0.152,30,153590,0,5,1,2024,Francia,1641,China,1641
2024-01-28,NotHotDog,597,3597,gluten de trigo,0,0.112,31,152928,0,6,1,2024,Francia,1641,China,1641
2024-01-29,NotHotDog,571,3597,gluten de trigo,0,0.226,31,152331,0,0,1,2024,Francia,1641,China,1641
2024-01-30,NotHotDog,425,3597,gluten de trigo,0,0.163,31,151760,0,1,1,2024,Francia,1641,China,1641
2024-01-31,NotHotDog,568,3597,gluten de trigo,0,0.2,30,151335,0,2,1,2024,Francia,1641,China,1641
2024-02-01,NotHotDog,670,3597,gluten de trigo,0,0.164,29,150767,0,3,2,2024,Francia,1641,China,1641
2024-02-02,NotHotDog,793,3597,gluten de trigo,0,0.177,31,150097,0,4,2,2024,Francia,1641,China,1641
2024-02-03,NotHotDog,744,3597,gluten de trigo,0,0.085,30,149304,0,5,2,2024,Francia,1641,China,1641
2024-02-04,NotHotDog,621,3597,gluten de trigo,0,0.216,30,148560,0,6,2,2024,Francia,1641,China,1641
2024-02-05,NotHotDog,503,3597,gluten de trigo,0,0.195,30,147939,0,0,2,2024,Francia,1641,China,1641
2024-02-06,NotHotDog,539,3597,gluten de trigo,0,0.149,32,147436,0,1,2,2024,Francia,1641,China,1641
2024-02-07,NotHotDog,577,3597,gluten de trigo,0,0.165,32,146897,0,2,2,2024,Francia,1641,China,1641
2024-02-08,NotHotDog,637,3597,gluten de trigo,0,0.2,35,146320,0,3,2,2024,Francia,1641,China,1641
2024-02-09,NotHotDog,797,3597,gluten de trigo,0,0.131,33,145683,0,4,2,2024,Francia,1641,China,1641
2024-02-10,NotHotDog,984,3597,gluten de trigo,1,0.071,27,144886,0,5,2,2024,Francia,1641,China,1641
2024-02-11,NotHotDog,849,3597,gluten de trigo,1,0.133,30,143902,0,6,2,2024,Francia,1641,China,1641
2024-02-12,NotHotDog,516,3597,gluten de trigo,0,0.159,28,143053,0,0,2,2024,Francia,1641,China,1641
2024-02-13,NotHotDog,525,3597,gluten de trigo,0,0.151,27,142537,0,1,2,2024,Francia,1641,China,1641
2024-02-14,NotHotDog,514,3597,gluten de trigo,0,0.22,36,142012,0,2,2,2024,Francia,1641,China,1641
2024-02-15,NotHotDog,652,3597,gluten de trigo,0,0.107,33,141498,0,3,2,2024,Francia,1641,China,1641
2024-02-16,NotHotDog,957,3597,gluten de trigo,1,0.115,29,140846,0,4,2,2024,Francia,1641,China,1641
2024-02-17,NotHotDog,756,3597,gluten de trigo,0,0.105,33,139889,0,5,2,2024,Francia,1641,China,1641
2024-02-18,NotHotDog,670,3597,gluten de trigo,0,0.182,34,139133,0,6,2,2024,Francia,1641,China,1641
2024-02-19,NotHotDog,661,3597,gluten de trigo,1,0.086,26,138463,0,0,2,2024,Francia,1641,China,1641
2024-02-20,NotHotDog,523,3597,gluten de trigo,0,0.202,33,137802,0,1,2,2024,Francia,1641,China,1641
2024-02-21,NotHotDog,495,3597,gluten de trigo,0,0.12,29,137279,0,2,2,2024,Francia,1641,China,1641
2024-02-22,NotHotDog,788,3597,gluten de trigo,0,0.131,31,136784,0,3,2,2024,Francia,1641,China,1641
2024-02-23,NotHotDog,720,3597,gluten de trigo,0,0.261,38,135996,0,4,2,2024,Francia,1641,China,1641
2024-02-24,NotHotDog,805,3597,gluten de trigo,0,0.237,35,135276,0,5,2,2024,Francia,1641,China,1641
2024-02-25,NotHotDog,879,3597,gluten de trigo,1,0.185,31,134471,0,6,2,2024,Francia,1641,China,1641
2024-02-26,NotHotDog,558,3597,gluten de trigo,0,0.117,33,133592,0,0,2,2024,Francia,1641,China,1641
2024-02-27,NotHotDog,460,3597,gluten de trigo,0,0.287,29,133034,0,1,2,2024,Francia,1641,China,1641
2024-02-28,NotHotDog,601,3597,gluten de trigo,0,0.18,32,132574,0,2,2,2024,Francia,1641,China,1641
2024-02-29,NotHotDog,674,3597,gluten de trigo,0,0.206,33,131973,0,3,2,2024,Francia,1641,China,1641
2024-03-01,NotHotDog,781,3597,gluten de trigo,0,0.243,33,131299,0,4,3,2024,Francia,1641,China,1641
2024-03-02,NotHotDog,738,3597,gluten de trigo,0,0.104,29,130518,0,5,3,2024,Francia,1641,China,1641
2024-03-03,NotHotDog,659,3597,gluten de trigo,0,0.174,32,129780,0,6,3,2024,Francia,1641,China,1641
2024-03-04,NotHotDog,663,3597,gluten de trigo,1,0.207,33,129121,0,0,3,2024,Francia,1641,China,1641
2024-03-05,NotHotDog,606,3597,gluten de trigo,1,0.222,27,128458,0,1,3,2024,Francia,1641,China,1641
2024-03-06,NotHotDog,544,3597,gluten de trigo,0,0.155,30,127852,0,2,3,2024,Francia,1641,China,1641
2024-03-07,NotHotDog,633,3597,gluten de trigo,0,0.241,30,127308,0,3,3,2024,Francia,1641,China,1641
2024-03-08,NotHotDog,760,3597,gluten de trigo,0,0.232,33,126675,0,4,3,2024,Francia,1641,China,1641
2024-03-09,NotHotDog,764,3597,gluten de trigo,0,0.318,36,125915,0,5,3,2024,Francia,1641,China,1641
2024-03-10,NotHotDog,664,3597,gluten de trigo,0,0.29,31,125151,0,6,3,2024,Francia,1641,China,1641
2024-03-11,NotHotDog,542,3597,gluten de trigo,0,0.232,30,124487,0,0,3,2024,Francia,1641,China,1641
2024-03-12,NotHotDog,523,3597,gluten de trigo,0,0.241,32,123945,0,1,3,2024,Francia,1641,China,1641
2024-03-13,NotHotDog,572,3597,gluten de trigo,0,0.307,30,123422,0,2,3,2024,Francia,1641,China,1641
2024-03-14,NotHotDog,674,3597,gluten de trigo,0,0.276,32,122850,0,3,3,2024,Francia,1641,China,1641
2024-03-15,NotHotDog,1034,3597,gluten de trigo,1,0.199,31,122176,0,4,3,2024,Francia,1641,China,1641
2024-03-16,NotHotDog,810,3597,gluten de trigo,0,0.378,35,121142,0,5,3,2024,Francia,1641,China,1641
2024-03-17,NotHotDog,586,3597,gluten de trigo,0,0.23,32,120332,0,6,3,2024,Francia,1641,China,1641
2024-03-18,NotHotDog,530,3597,gluten de trigo,0,0.409,34,119746,0,0,3,2024,Francia,1641,China,1641
2024-03-19,NotHotDog,517,3597,gluten de trigo,0,0.312,36,119216,0,1,3,2024,Francia,1641,China,1641
2024-03-20,NotHotDog,487,3597,gluten de trigo,0,0.265,33,118699,0,2,3,2024,Francia,1641,China,1641
2024-03-21,NotHotDog,739,3597,gluten de trigo,0,0.184,30,118212,0,3,3,2024,Francia,1641,China,1641
2024-03-22,NotHotDog,759,3597,gluten de trigo,0,0.348,33,117473,0,4,3,2024,Francia,1641,China,1641
2024-03-23,NotHotDog,791,3597,gluten de trigo,0,0.237,30,116714,0,5,3,2024,Francia,1641,China,1641
2024-03-24,NotHotDog,702,3597,gluten de trigo,0,0.339,31,115923,0,6,3,2024,Francia,1641,China,1641
2024-03-25,NotHotDog,557,3597,gluten de trigo,0,0.423,31,115221,0,0,3,2024,Francia,1641,China,1641
2024-03-26,NotHotDog,410,3597,gluten de trigo,0,0.276,35,114664,0,1,3,2024,Francia,1641,China,1641
2024-03-27,NotHotDog,560,3597,gluten de trigo,0,0.376,32,114254,0,2,3,2024,Francia,1641,China,1641
2024-03-28,NotHotDog,671,3597,gluten de trigo,0,0.304,33,113694,0,3,3,2024,Francia,1641,China,1641
2024-03-29,NotHotDog,673,3597,gluten de trigo,0,0.407,33,113023,0,4,3,2024,Francia,1641,China,1641
2024-03-30,NotHotDog,624,3597,gluten de trigo,0,0.36,33,112350,0,5,3,2024,Francia,1641,China,1641
2024-03-31,NotHotDog,807,3597,gluten de trigo,1,0.362,36,111726,0,6,3,2024,Francia,1641,China,1641
2024-04-01,NotHotDog,481,3597,gluten de trigo,0,0.429,34,110919,0,0,4,2024,Francia,1641,China,1641
2024-04-02,NotHotDog,576,3597,gluten de trigo,0,0.406,32,110438,0,1,4,2024,Francia,1641,China,1641
2024-04-03,NotHotDog,559,3597,gluten de trigo,0,0.34,32,109862,0,2,4,2024,Francia,1641,China,1641
2024-04-04,NotHotDog,723,3597,gluten de trigo,0,0.475,36,109303,0,3,4,2024,Francia,1641,China,1641
2024-04-05,NotHotDog,731,3597,gluten de trigo,0,0.315,34,108580,0,4,4,2024,Francia,1641,China,1641
2024-04-06,NotHotDog,763,3597,gluten de trigo,0,0.411,36,107849,0,5,4,2024,Francia,1641,China,1641
2024-04-07,NotHotDog,633,3597,gluten de trigo,0,0.361,33,107086,0,6,4,2024,Francia,1641,China,1641
2024-04-08,NotHotDog,570,3597,gluten de trigo,0,0.333,30,106453,0,0,4,2024,Francia,1641,China,1641
2024-04-09,NotHotDog,409,3597,gluten de trigo,0,0.356,34,105883,0,1,4,2024,Francia,1641,China,1641
2024-04-10,NotHotDog,579,3597,gluten de trigo,0,0.416,34,105474,0,2,4,2024,Francia,1641,China,1641
2024-04-11,NotHotDog,678,3597,gluten de trigo,0,0.441,35,104895,0,3,4,2024,Francia,1641,China,1641
2024-04-12,NotHotDog,711,3597,gluten de trigo,0,0.481,32,104217,0,4,4,2024,Francia,1641,China,1641
2024-04-13,NotHotDog,687,3597,gluten de trigo,0,0.507,34,103506,0,5,4,2024,Francia,1641,China,1641
2024-04-14,NotHotDog,607,3597,gluten de trigo,0,0.451,33,102819,0,6,4,2024,Francia,1641,China,1641
2024-04-15,NotHotDog,532,3597,gluten de trigo,0,0.42,35,102212,0,0,4,2024,Francia,1641,China,1641
2024-04-16,NotHotDog,528,3597,gluten de trigo,0,0.498,36,101680,0,1,4,2024,Francia,1641,China,1641
2024-04-17,NotHotDog,510,3597,gluten de trigo,0,0.42,34,101152,0,2,4,2024,Francia,1641,China,1641
2024-04-18,NotHotDog,548,3597,gluten de trigo,0,0.375,35,100642,0,3,4,2024,Francia,1641,China,1641
2024-04-19,NotHotDog,1021,3597,gluten de trigo,1,0.506,38,100094,0,4,4,2024,Francia,1641,China,1641
2024-04-20,NotHotDog,736,3597,gluten de trigo,0,0.529,36,99073,0,5,4,2024,Francia,1641,China,1641
2024-04-21,NotHotDog,592,3597,gluten de trigo,0,0.425,35,98337,0,6,4,2024,Francia,1641,China,1641
2024-04-22,NotHotDog,560,3597,gluten de trigo,0,0.568,35,97745,0,0,4,2024,Francia,1641,China,1641
2024-04-23,NotHotDog,710,3597,gluten de trigo,1,0.502,34,97185,0,1,4,2024,Francia,1641,China,1641
2024-04-24,NotHotDog,544,3597,gluten de trigo,0,0.498,37,96475,0,2,4,2024,Francia,1641,China,1641
2024-04-25,NotHotDog,599,3597,gluten de trigo,0,0.453,33,95931,0,3,4,2024,Francia,1641,China,1641
2024-04-26,NotHotDog,733,3597,gluten de trigo,0,0.533,37,95332,0,4,4,2024,Francia,1641,China,1641
2024-04-27,NotHotDog,746,3597,gluten de trigo,0,0.408,37,94599,0,5,4,2024,Francia,1641,China,1641
2024-04-28,NotHotDog,518,3597,gluten de trigo,0,0.47,36,93853,0,6,4,2024,Francia,1641,China,1641
2024-04-29,NotHotDog,511,3597,gluten de trigo,0,0.452,34,93335,0,0,4,2024,Francia,1641,China,1641
2024-04-30,NotHotDog,475,3597,gluten de trigo,0,0.426,31,92824,0,1,4,2024,Francia,1641,China,1641
2024-05-01,NotHotDog,725,3597,gluten de trigo,1,0.536,36,92349,0,2,5,2024,Francia,1641,China,1641
2024-05-02,NotHotDog,613,3597,gluten de trigo,0,0.511,37,91624,0,3,5,2024,Francia,1641,China,1641
2024-05-03,NotHotDog,910,3597,gluten de trigo,1,0.536,35,91011,0,4,5,2024,Francia,1641,China,1641
2024-05-04,NotHotDog,661,3597,gluten de trigo,0,0.483,37,90101,0,5,5,2024,Francia,1641,China,1641
2024-05-05,NotHotDog,588,3597,gluten de trigo,0,0.547,36,89440,0,6,5,2024,Francia,1641,China,1641
2024-05-06,NotHotDog,504,3597,gluten de trigo,0,0.503,36,88852,0,0,5,2024,Francia,1641,China,1641
2024-05-07,NotHotDog,448,3597,gluten de trigo,0,0.476,34,88348,0,1,5,2024,Francia,1641,China,1641
2024-05-08,NotHotDog,447,3597,gluten de trigo,0,0.468,32,87900,0,2,5,2024,Francia,1641,China,1641
2024-05-09,NotHotDog,608,3597,gluten de trigo,0,0.401,33,87453,0,3,5,2024,Francia,1641,China,1641
2024-05-10,NotHotDog,917,3597,gluten de trigo,1,0.558,35,86845,0,4,5,2024,Francia,1641,China,1641
2024-05-11,NotHotDog,639,3597,gluten de trigo,0,0.552,37,85928,0,5,5,2024,Francia,1641,China,1641
2024-05-12,NotHotDog,569,3597,gluten de trigo,0,0.646,37,85289,0,6,5,2024,Francia,1641,China,1641
2024-05-13,NotHotDog,359,3597,gluten de trigo,0,0.482,37,84720,0,0,5,2024,Francia,1641,China,1641
2024-05-14,NotHotDog,488,3597,gluten de trigo,0,0.464,35,84361,0,1,5,2024,Francia,1641,China,1641
2024-05-15,NotHotDog,527,3597,gluten de trigo,0,0.412,33,83873,0,2,5,2024,Francia,1641,China,1641
2024-05-16,NotHotDog,522,3597,gluten de trigo,0,0.543,34,83346,0,3,5,2024,Francia,1641,China,1641
2024-05-17,NotHotDog,617,3597,gluten de trigo,0,0.53,34,82824,0,4,5,2024,Francia,1641,China,1641
2024-05-18,NotHotDog,717,3597,gluten de trigo,0,0.57,36,82207,0,5,5,2024,Francia,1641,China,1641
2024-05-19,NotHotDog,510,3597,gluten de trigo,0,0.445,34,81490,0,6,5,2024,Francia,1641,China,1641
2024-05-20,NotHotDog,488,3597,gluten de trigo,0,0.524,33,80980,0,0,5,2024,Francia,1641,China,1641
2024-05-21,NotHotDog,417,3597,gluten de trigo,0,0.46,37,80492,0,1,5,2024,Francia,1641,China,1641
2024-05-22,NotHotDog,496,3597,gluten de trigo,0,0.551,36,80075,0,2,5,2024,Francia,1641,China,1641
2024-05-23,NotHotDog,573,3597,gluten de trigo,0,0.508,36,79579,0,3,5,2024,Francia,1641,China,1641
2024-05-24,NotHotDog,622,3597,gluten de trigo,0,0.4,32,79006,0,4,5,2024,Francia,1641,China,1641
2024-05-25,NotHotDog,647,3597,gluten de trigo,0,0.469,33,78384,0,5,5,2024,Francia,1641,China,1641
2024-05-26,NotHotDog,713,3597,gluten de trigo,1,0.375,33,77737,0,6,5,2024,Francia,1641,China,1641
2024-05-27,NotHotDog,393,3597,gluten de trigo,0,0.411,30,77024,0,0,5,2024,Francia,1641,China,1641
2024-05-28,NotHotDog,392,3597,gluten de trigo,0,0.41,35,76631,0,1,5,2024,Francia,1641,China,1641
2024-05-29,NotHotDog,429,3597,gluten de trigo,0,0.429,33,76239,0,2,5,2024,Francia,1641,China,1641
2024-05-30,NotHotDog,485,3597,gluten de trigo,0,0.445,34,75810,0,3,5,2024,Francia,1641,China,1641
2024-05-31,NotHotDog,639,3597,gluten de trigo,0,0.462,35,75325,0,4,5,2024,Francia,1641,China,1641
2024-06-01,NotHotDog,603,3597,gluten de trigo,0,0.455,34,74686,0,5,6,2024,Francia,1641,China,1641
2024-06-02,NotHotDog,550,3597,gluten de trigo,0,0.444,32,74083,0,6,6,2024,Francia,1641,China,1641
2024-06-03,NotHotDog,466,3597,gluten de trigo,0,0.457,38,73533,0,0,6,2024,Francia,1641,China,1641
2024-06-04,NotHotDog,438,3597,gluten de trigo,0,0.374,30,73067,0,1,6,2024,Francia,1641,China,1641
2024-06-05,NotHotDog,586,3597,gluten de trigo,1,0.435,30,72629,0,2,6,2024,Francia,1641,China,1641
2024-06-06,NotHotDog,500,3597,gluten de trigo,0,0.498,37,72043,0,3,6,2024,Francia,1641,China,1641
2024-06-07,NotHotDog,633,3597,gluten de trigo,0,0.413,31,71543,0,4,6,2024,Francia,1641,China,1641
2024-06-08,NotHotDog,607,3597,gluten de trigo,0,0.441,37,70910,0,5,6,2024,Francia,1641,China,1641
2024-06-09,NotHotDog,613,3597,gluten de trigo,0,0.432,35,70303,0,6,6,2024,Francia,1641,China,1641
2024-06-10,NotHotDog,436,3597,gluten de trigo,0,0.449,35,69690,0,0,6,2024,Francia,1641,China,1641
2024-06-11,NotHotDog,415,3597,gluten de trigo,0,0.415,33,69254,0,1,6,2024,Francia,1641,China,1641
2024-06-12,NotHotDog,441,3597,gluten de trigo,0,0.438,33,68839,0,2,6,2024,Francia,1641,China,1641
2024-06-13,NotHotDog,531,3597,gluten de trigo,0,0.415,33,68398,0,3,6,2024,Francia,1641,China,1641
2024-06-14,NotHotDog,589,3597,gluten de trigo,0,0.417,32,67867,0,4,6,2024,Francia,1641,China,1641
2024-06-15,NotHotDog,561,3597,gluten de trigo,0,0.401,36,67278,0,5,6,2024,Francia,1641,China,1641
2024-06-16,NotHotDog,515,3597,gluten de trigo,0,0.322,31,66717,0,6,6,2024,Francia,1641,China,1641
2024-06-17,NotHotDog,446,3597,gluten de trigo,0,0.308,34,66202,0,0,6,2024,Francia,1641,China,1641
2024-06-18,NotHotDog,379,3597,gluten de trigo,0,0.343,35,65756,0,1,6,2024,Francia,1641,China,1641
2024-06-19,NotHotDog,462,3597,gluten de trigo,0,0.433,32,65377,0,2,6,2024,Francia,1641,China,1641
2024-06-20,NotHotDog,545,3597,gluten de trigo,0,0.341,34,64915,0,3,6,2024,Francia,1641,China,1641
2024-06-21,NotHotDog,534,3597,gluten de trigo,0,0.359,32,64370,0,4,6,2024,Francia,1641,China,1641
2024-06-22,NotHotDog,523,3597,gluten de trigo,0,0.239,32,63836,0,5,6,2024,Francia,1641,China,1641
2024-06-23,NotHotDog,513,3597,gluten de trigo,0,0.341,32,63313,0,6,6,2024,Francia,1641,China,1641
2024-06-24,NotHotDog,394,3597,gluten de trigo,0,0.329,32,62800,0,0,6,2024,Francia,1641,China,1641
2024-06-25,NotHotDog,350,3597,gluten de trigo,0,0.185,32,62406,0,1,6,2024,Francia,1641,China,1641
2024-06-26,NotHotDog,481,3597,gluten de trigo,0,0.328,31,62056,0,2,6,2024,Francia,1641,China,1641
2024-06-27,NotHotDog,464,3597,gluten de trigo,0,0.225,34,61575,0,3,6,2024,Francia,1641,China,1641
2024-06-28,NotHotDog,492,3597,gluten de trigo,0,0.265,30,61111,0,4,6,2024,Francia,1641,China,1641
2024-06-29,NotHotDog,692,3597,gluten de trigo,1,0.345,31,60619,0,5,6,2024,Francia,1641,China,1641
2024-06-30,NotHotDog,492,3597,gluten de trigo,0,0.297,32,59927,0,6,6,2024,Francia,1641,China,1641
2024-07-01,NotHotDog,406,3597,gluten de trigo,0,0.261,31,59435,0,0,7,2024,Francia,1641,China,1641
2024-07-02,NotHotDog,599,3597,gluten de trigo,1,0.251,33,59029,0,1,7,2024,Francia,1641,China,1641
2024-07-03,NotHotDog,387,3597,gluten de trigo,0,0.251,32,58430,0,2,7,2024,Francia,1641,China,1641
2024-07-04,NotHotDog,500,3597,gluten de trigo,0,0.274,29,58043,0,3,7,2024,Francia,1641,China,1641
2024-07-05,NotHotDog,597,3597,gluten de trigo,0,0.2,33,57543,0,4,7,2024,Francia,1641,China,1641
2024-07-06,NotHotDog,511,3597,gluten de trigo,0,0.311,32,56946,0,5,7,2024,Francia,1641,China,1641
2024-07-07,NotHotDog,498,3597,gluten de trigo,0,0.192,32,56435,0,6,7,2024,Francia,1641,China,1641
2024-07-08,NotHotDog,337,3597,gluten de trigo,0,0.158,35,55937,0,0,7,2024,Francia,1641,China,1641
2024-07-09,NotHotDog,538,3597,gluten de trigo,1,0.288,35,55600,0,1,7,2024,Francia,1641,China,1641
2024-07-10,NotHotDog,435,3597,gluten de trigo,0,0.212,32,55062,0,2,7,2024,Francia,1641,China,1641
2024-07-11,NotHotDog,454,3597,gluten de trigo,0,0.232,29,54627,0,3,7,2024,Francia,1641,China,1641
2024-07-12,NotHotDog,571,3597,gluten de trigo,0,0.256,29,54173,0,4,7,2024,Francia,1641,China,1641
2024-07-13,NotHotDog,583,3597,gluten de trigo,0,0.183,34,53602,0,5,7,2024,Francia,1641,China,1641
2024-07-14,NotHotDog,414,3597,gluten de trigo,0,0.221,31,53019,0,6,7,2024,Francia,1641,China,1641
2024-07-15,NotHotDog,368,3597,gluten de trigo,0,0.242,32,52605,0,0,7,2024,Francia,1641,China,1641
2024-07-16,NotHotDog,396,3597,gluten de trigo,0,0.287,30,52237,0,1,7,2024,Francia,1641,China,1641
2024-07-17,NotHotDog,397,3597,gluten de trigo,0,0.175,32,51841,0,2,7,2024,Francia,1641,China,1641
2024-07-18,NotHotDog,486,3597,gluten de trigo,0,0.173,33,51444,0,3,7,2024,Francia,1641,China,1641
2024-07-19,NotHotDog,528,3597,gluten de trigo,0,0.221,35,50958,0,4,7,2024,Francia,1641,China,1641
2024-07-20,NotHotDog,554,3597,gluten de trigo,0,0.199,30,50430,0,5,7,2024,Francia,1641,China,1641
2024-07-21,NotHotDog,471,3597,gluten de trigo,0,0.178,32,49876,0,6,7,2024,Francia,1641,China,1641
2024-07-22,NotHotDog,382,3597,gluten de trigo,0,0.261,32,49405,0,0,7,2024,Francia,1641,China,1641
2024-07-23,NotHotDog,292,3597,gluten de trigo,0,0.094,32,49023,0,1,7,2024,Francia,1641,China,1641
2024-07-24,NotHotDog,546,3597,gluten de trigo,1,0.104,30,48731,0,2,7,2024,Francia,1641,China,1641
2024-07-25,NotHotDog,488,3597,gluten de trigo,0,0.088,28,48185,0,3,7,2024,Francia,1641,China,1641
2024-07-26,NotHotDog,464,3597,gluten de trigo,0,0.229,34,47697,0,4,7,2024,Francia,1641,China,1641
2024-07-27,NotHotDog,461,3597,gluten de trigo,0,0.192,32,47233,0,5,7,2024,Francia,1641,China,1641
2024-07-28,NotHotDog,464,3597,gluten de trigo,0,0.095,29,46772,0,6,7,2024,Francia,1641,China,1641
2024-07-29,NotHotDog,379,3597,gluten de trigo,0,0.156,31,46308,0,0,7,2024,Francia,1641,China,1641
2024-07-30,NotHotDog,290,3597,gluten de trigo,0,0.158,29,45929,0,1,7,2024,Francia,1641,China,1641
2024-07-31,NotHotDog,357,3597,gluten de trigo,0,0.047,30,45639,0,2,7,2024,Francia,1641,China,1641
2024-08-01,NotHotDog,597,3597,gluten de trigo,1,0.165,31,45282,0,3,8,2024,Francia,1641,China,1641
2024-08-02,NotHotDog,536,3597,gluten de trigo,0,0.096,29,44685,0,4,8,2024,Francia,1641,China,1641
2024-08-03,NotHotDog,478,3597,gluten de trigo,0,0.189,36,44149,0,5,8,2024,Francia,1641,China,1641
2024-08-04,NotHotDog,434,3597,gluten de trigo,0,0.095,28,43671,0,6,8,2024,Francia,1641,China,1641
2024-08-05,NotHotDog,342,3597,gluten de trigo,0,0.162,32,43237,0,0,8,2024,Francia,1641,China,1641
2024-08-06,NotHotDog,377,3597,gluten de trigo,0,0.215,32,42895,0,1,8,2024,Francia,1641,China,1641
2024-08-07,NotHotDog,382,3597,gluten de trigo,0,0.199,29,42518,0,2,8,2024,Francia,1641,China,1641
2024-08-08,NotHotDog,543,3597,gluten de trigo,1,0.175,30,42136,0,3,8,2024,Francia,1641,China,1641
2024-08-09,NotHotDog,456,3597,gluten de trigo,0,0.146,28,41593,0,4,8,2024,Francia,1641,China,1641
2024-08-10,NotHotDog,446,3597,gluten de trigo,0,0.075,34,41137,0,5,8,2024,Francia,1641,China,1641
2024-08-11,NotHotDog,498,3597,gluten de trigo,0,0.129,30,40691,0,6,8,2024,Francia,1641,China,1641
2024-08-12,NotHotDog,359,3597,gluten de trigo,0,0.14,30,40193,0,0,8,2024,Francia,1641,China,1641
2024-08-13,NotHotDog,327,3597,gluten de trigo,0,0.137,35,39834,0,1,8,2024,Francia,1641,China,1641
2024-08-14,NotHotDog,367,3597,gluten de trigo,0,0.076,28,39507,0,2,8,2024,Francia,1641,China,1641
2024-08-15,NotHotDog,423,3597,gluten de trigo,0,0.176,34,39140,0,3,8,2024,Francia,1641,China,1641
2024-08-16,NotHotDog,494,3597,gluten de trigo,0,0.096,31,38717,0,4,8,2024,Francia,1641,China,1641
2024-08-17,NotHotDog,494,3597,gluten de trigo,0,0.234,28,38223,0,5,8,2024,Francia,1641,China,1641
2024-08-18,NotHotDog,433,3597,gluten de trigo,0,0.166,30,37729,0,6,8,2024,Francia,1641,China,1641
2024-08-19,NotHotDog,326,3597,gluten de trigo,0,0.21,32,37296,0,0,8,2024,Francia,1641,China,1641
2024-08-20,NotHotDog,360,3597,gluten de trigo,0,0.211,32,36970,0,1,8,2024,Francia,1641,China,1641
2024-08-21,NotHotDog,356,3597,gluten de trigo,0,0.269,32,36610,0,2,8,2024,Francia,1641,China,1641
2024-08-22,NotHotDog,421,3597,gluten de trigo,0,0.177,30,36254,0,3,8,2024,Francia,1641,China,1641
2024-08-23,NotHotDog,469,3597,gluten de trigo,0,0.151,29,35833,0,4,8,2024,Francia,1641,China,1641
2024-08-24,NotHotDog,450,3597,gluten de trigo,0,0.155,30,35364,0,5,8,2024,Francia,1641,China,1641
2024-08-25,NotHotDog,540,3597,gluten de trigo,1,0.252,36,34914,0,6,8,2024,Francia,1641,China,1641
2024-08-26,NotHotDog,387,3597,gluten de trigo,0,0.114,29,34374,0,0,8,2024,Francia,1641,China,1641
2024-08-27,NotHotDog,316,3597,gluten de trigo,0,0.14,30,33987,0,1,8,2024,Francia,1641,China,1641
2024-08-28,NotHotDog,317,3597,gluten de trigo,0,0.199,31,33671,0,2,8,2024,Francia,1641,China,1641
2024-08-29,NotHotDog,407,3597,gluten de trigo,0,0.183,28,33354,0,3,8,2024,Francia,1641,China,1641
2024-08-30,NotHotDog,479,3597,gluten de trigo,0,0.243,33,32947,0,4,8,2024,Francia,1641,China,1641
2024-08-31,NotHotDog,443,3597,gluten de trigo,0,0.132,28,32468,0,5,8,2024,Francia,1641,China,1641
2024-09-01,NotHotDog,411,3597,gluten de trigo,0,0.2,29,32025,0,6,9,2024,Francia,1641,China,1641
2024-09-02,NotHotDog,346,3597,gluten de trigo,0,0.198,29,31614,0,0,9,2024,Francia,1641,China,1641
2024-09-03,NotHotDog,336,3597,gluten de trigo,0,0.159,28,31268,0,1,9,2024,Francia,1641,China,1641
2024-09-04,NotHotDog,330,3597,gluten de trigo,0,0.261,35,30932,0,2,9,2024,Francia,1641,China,1641
2024-09-05,NotHotDog,466,3597,gluten de trigo,0,0.217,33,30602,0,3,9,2024,Francia,1641,China,1641
2024-09-06,NotHotDog,566,3597,gluten de trigo,0,0.22,33,30136,0,4,9,2024,Francia,1641,China,1641
2024-09-07,NotHotDog,731,3597,gluten de trigo,1,0.191,33,29570,0,5,9,2024,Francia,1641,China,1641
2024-09-08,NotHotDog,414,3597,gluten de trigo,0,0.218,31,28839,0,6,9,2024,Francia,1641,China,1641
2024-09-09,NotHotDog,492,3597,gluten de trigo,1,0.191,31,28425,0,0,9,2024,Francia,1641,China,1641
2024-09-10,NotHotDog,353,3597,gluten de trigo,0,0.291,35,27933,0,1,9,2024,Francia,1641,China,1641
2024-09-11,NotHotDog,375,3597,gluten de trigo,0,0.305,36,27580,0,2,9,2024,Francia,1641,China,1641
2024-09-12,NotHotDog,456,3597,gluten de trigo,0,0.343,31,27205,0,3,9,2024,Francia,1641,China,1641
2024-09-13,NotHotDog,531,3597,gluten de trigo,0,0.286,37,26749,0,4,9,2024,Francia,1641,China,1641
2024-09-14,NotHotDog,534,3597,gluten de trigo,0,0.253,29,26218,0,5,9,2024,Francia,1641,China,1641
2024-09-15,NotHotDog,549,3597,gluten de trigo,1,0.252,31,25684,0,6,9,2024,Francia,1641,China,1641
2024-09-16,NotHotDog,495,3597,gluten de trigo,1,0.306,33,25135,0,0,9,2024,Francia,1641,China,1641
2024-09-17,NotHotDog,388,3597,gluten de trigo,0,0.297,33,24640,0,1,9,2024,Francia,1641,China,1641
2024-09-18,NotHotDog,407,3597,gluten de trigo,0,0.284,36,24252,0,2,9,2024,Francia,1641,China,1641
2024-09-19,NotHotDog,510,3597,gluten de trigo,0,0.286,34,23845,0,3,9,2024,Francia,1641,China,1641
2024-09-20,NotHotDog,405,3597,gluten de trigo,0,0.364,34,23335,0,4,9,2024,Francia,1641,China,1641
2024-09-21,NotHotDog,529,3597,gluten de trigo,0,0.289,35,22930,0,5,9,2024,Francia,1641,China,1641
2024-09-22,NotHotDog,454,3597,gluten de trigo,0,0.384,34,22401,0,6,9,2024,Francia,1641,China,1641
2024-09-23,NotHotDog,404,3597,gluten de trigo,0,0.332,32,21947,0,0,9,2024,Francia,1641,China,1641
2024-09-24,NotHotDog,316,3597,gluten de trigo,0,0.311,34,21543,0,1,9,2024,Francia,1641,China,1641
2024-09-25,NotHotDog,370,3597,gluten de trigo,0,0.296,33,21227,0,2,9,2024,Francia,1641,China,1641
2024-09-26,NotHotDog,495,3597,gluten de trigo,0,0.333,31,20857,0,3,9,2024,Francia,1641,China,1641
2024-09-27,NotHotDog,474,3597,gluten de trigo,0,0.372,36,20362,0,4,9,2024,Francia,1641,China,1641
2024-09-28,NotHotDog,523,3597,gluten de trigo,0,0.334,33,19888,0,5,9,2024,Francia,1641,China,1641
2024-09-29,NotHotDog,451,3597,gluten de trigo,0,0.401,32,19365,0,6,9,2024,Francia,1641,China,1641
2024-09-30,NotHotDog,374,3597,gluten de trigo,0,0.343,31,18914,0,0,9,2024,Francia,1641,China,1641
2024-10-01,NotHotDog,369,3597,gluten de trigo,0,0.364,34,18540,0,1,10,2024,Francia,1641,China,1641
2024-10-02,NotHotDog,358,3597,gluten de trigo,0,0.312,35,18171,0,2,10,2024,Francia,1641,China,1641
2024-10-03,NotHotDog,441,3597,gluten de trigo,0,0.41,35,17813,0,3,10,2024,Francia,1641,China,1641
2024-10-04,NotHotDog,522,3597,gluten de trigo,0,0.374,34,17372,0,4,10,2024,Francia,1641,China,1641
2024-10-05,NotHotDog,473,3597,gluten de trigo,0,0.472,33,16850,0,5,10,2024,Francia,1641,China,1641
2024-10-06,NotHotDog,506,3597,gluten de trigo,0,0.434,34,16377,0,6,10,2024,Francia,1641,China,1641
2024-10-07,NotHotDog,363,3597,gluten de trigo,0,0.409,33,15871,0,0,10,2024,Francia,1641,China,1641
2024-10-08,NotHotDog,383,3597,gluten de trigo,0,0.471,34,15508,0,1,10,2024,Francia,1641,China,1641
2024-10-09,NotHotDog,373,3597,gluten de trigo,0,0.435,34,15125,0,2,10,2024,Francia,1641,China,1641
2024-10-10,NotHotDog,507,3597,gluten de trigo,0,0.47,33,14752,0,3,10,2024,Francia,1641,China,1641
2024-10-11,NotHotDog,470,3597,gluten de trigo,0,0.382,35,14245,0,4,10,2024,Francia,1641,China,1641
2024-10-12,NotHotDog,596,3597,gluten de trigo,0,0.453,32,13775,0,5,10,2024,Francia,1641,China,1641
2024-10-13,NotHotDog,514,3597,gluten de trigo,0,0.46,32,13179,0,6,10,2024,Francia,1641,China,1641
2024-10-14,NotHotDog,379,3597,gluten de trigo,0,0.362,32,12665,0,0,10,2024,Francia,1641,China,1641
2024-10-15,NotHotDog,465,3597,gluten de trigo,1,0.519,37,12286,0,1,10,2024,Francia,1641,China,1641
2024-10-16,NotHotDog,426,3597,gluten de trigo,0,0.39,34,11821,0,2,10,2024,Francia,1641,China,1641
2024-10-17,NotHotDog,432,3597,gluten de trigo,0,0.387,30,11395,0,3,10,2024,Francia,1641,China,1641
2024-10-18,NotHotDog,554,3597,gluten de trigo,0,0.314,34,10963,0,4,10,2024,Francia,1641,China,1641
2024-10-19,NotHotDog,513,3597,gluten de trigo,0,0.484,35,10409,0,5,10,2024,Francia,1641,China,1641
2024-10-20,NotHotDog,473,3597,gluten de trigo,0,0.382,33,9896,0,6,10,2024,Francia,1641,China,1641
2024-10-21,NotHotDog,386,3597,gluten de trigo,0,0.442,34,9423,0,0,10,2024,Francia,1641,China,1641
2024-10-22,NotHotDog,354,3597,gluten de trigo,0,0.513,32,9037,0,1,10,2024,Francia,1641,China,1641
2024-10-23,NotHotDog,479,3597,gluten de trigo,0,0.484,35,8683,0,2,10,2024,Francia,1641,China,1641
2024-10-24,NotHotDog,536,3597,gluten de trigo,0,0.446,32,8204,0,3,10,2024,Francia,1641,China,1641
2024-10-25,NotHotDog,500,3597,gluten de trigo,0,0.401,33,7668,0,4,10,2024,Francia,1641,China,1641
2024-10-26,NotHotDog,523,3597,gluten de trigo,0,0.477,34,7168,0,5,10,2024,Francia,1641,China,1641
2024-10-27,NotHotDog,530,3597,gluten de trigo,0,0.528,37,6645,0,6,10,2024,Francia,1641,China,1641
2024-10-28,NotHotDog,450,3597,gluten de trigo,0,0.523,35,6115,0,0,10,2024,Francia,1641,China,1641
2024-10-29,NotHotDog,346,3597,gluten de trigo,0,0.579,37,5665,0,1,10,2024,Francia,1641,China,1641
2024-10-30,NotHotDog,457,3597,gluten de trigo,0,0.459,32,5319,0,2,10,2024,Francia,1641,China,1641
2024-10-31,NotHotDog,529,3597,gluten de trigo,0,0.428,34,4862,0,3,10,2024,Francia,1641,China,1641
2024-11-01,NotHotDog,492,3597,gluten de trigo,0,0.51,36,4333,0,4,11,2024,Francia,1641,China,1641
2024-11-02,NotHotDog,560,3597,gluten de trigo,0,0.507,38,3841,0,5,11,2024,Francia,1641,China,1641
2024-11-03,NotHotDog,504,3597,gluten de trigo,0,0.497,33,3281,0,6,11,2024,Francia,1641,China,1641
2024-11-04,NotHotDog,431,3597,gluten de trigo,0,0.461,33,2777,0,0,11,2024,Francia,1641,China,1641
2024-11-05,NotHotDog,357,3597,gluten de trigo,0,0.366,34,2346,0,1,11,2024,Francia,1641,China,1641
2024-11-06,NotHotDog,418,3597,gluten de trigo,0,0.449,38,1989,0,2,11,2024,Francia,1641,China,1641
2024-11-07,NotHotDog,507,3597,gluten de trigo,0,0.528,36,1571,0,3,11,2024,Francia,1641,China,1641
2024-11-08,NotHotDog,574,3597,gluten de trigo,0,0.514,33,1064,0,4,11,2024,Francia,1641,China,1641
2024-11-09,NotHotDog,691,3597,gluten de trigo,1,0.548,33,490,0,5,11,2024,Francia,1641,China,1641
2024-11-10,NotHotDog,519,3597,gluten de trigo,0,0.517,35,0,1,6,11,2024,Francia,1641,China,1641
2024-11-11,NotHotDog,620,3597,gluten de trigo,1,0.536,36,0,1,0,11,2024,Francia,1641,China,1641
2024-11-12,NotHotDog,469,3597,gluten de trigo,0,0.537,35,0,1,1,11,2024,Francia,1641,China,1641
2024-11-13,NotHotDog,490,3597,gluten de trigo,0,0.498,33,0,1,2,11,2024,Francia,1641,China,1641
2024-11-14,NotHotDog,606,3597,gluten de trigo,0,0.498,37,0,1,3,11,2024,Francia,1641,China,1641
2024-11-15,NotHotDog,593,3597,gluten de trigo,0,0.349,32,0,1,4,11,2024,Francia,1641,China,1641
2024-11-16,NotHotDog,563,3597,gluten de trigo,0,0.461,36,0,1,5,11,2024,Francia,1641,China,1641
2024-11-17,NotHotDog,574,3597,gluten de trigo,0,0.461,31,0,1,6,11,2024,Francia,1641,China,1641
2024-11-18,NotHotDog,454,3597,gluten de trigo,0,0.484,37,0,1,0,11,2024,Francia,1641,China,1641
2024-11-19,NotHotDog,586,3597,gluten de trigo,1,0.441,33,0,1,1,11,2024,Francia,1641,China,1641
2024-11-20,NotHotDog,528,3597,gluten de trigo,1,0.532,38,0,1,2,11,2024,Francia,1641,China,1641
2024-11-21,NotHotDog,593,3597,gluten de trigo,0,0.439,35,0,1,3,11,2024,Francia,1641,China,1641
2024-11-22,NotHotDog,625,3597,gluten de trigo,0,0.535,33,0,1,4,11,2024,Francia,1641,China,1641
2024-11-23,NotHotDog,606,3597,gluten de trigo,0,0.429,35,0,1,5,11,2024,Francia,1641,China,1641
2024-11-24,NotHotDog,538,3597,gluten de trigo,0,0.444,38,0,1,6,11,2024,Francia,1641,China,1641
2024-11-25,NotHotDog,626,3597,gluten de trigo,1,0.437,33,0,1,0,11,2024,Francia,1641,China,1641
2024-11-26,NotHotDog,462,3597,gluten de trigo,0,0.443,38,0,1,1,11,2024,Francia,1641,China,1641
2024-11-27,NotHotDog,470,3597,gluten de trigo,0,0.523,36,0,1,2,11,2024,Francia,1641,China,1641
2024-11-28,NotHotDog,596,3597,gluten de trigo,0,0.444,37,0,1,3,11,2024,Francia,1641,China,1641
2024-11-29,NotHotDog,670,3597,gluten de trigo,0,0.441,35,0,1,4,11,2024,Francia,1641,China,1641
2024-11-30,NotHotDog,685,3597,gluten de trigo,0,0.415,34,0,1,5,11,2024,Francia,1641,China,1641
2024-12-01,NotHotDog,615,3597,gluten de trigo,0,0.435,38,9565,0,6,12,2024,Francia,1641,China,1641
2024-12-02,NotHotDog,550,3597,gluten de trigo,0,0.454,36,19200,0,0,12,2024,Francia,1641,China,1641
2024-12-03,NotHotDog,430,3597,gluten de trigo,0,0.428,34,18650,0,1,12,2024,Francia,1641,China,1641
2024-12-04,NotHotDog,556,3597,gluten de trigo,0,0.427,35,28470,0,2,12,2024,Francia,1641,China,1641
2024-12-05,NotHotDog,602,3597,gluten de trigo,0,0.48,34,38164,0,3,12,2024,Francia,1641,China,1641
2024-12-06,NotHotDog,611,3597,gluten de trigo,0,0.438,34,47812,0,4,12,2024,Francia,1641,China,1641
2024-12-07,NotHotDog,630,3597,gluten de trigo,0,0.362,36,67701,0,5,12,2024,Francia,1641,China,1641
2024-12-08,NotHotDog,607,3597,gluten de trigo,0,0.41,34,67071,0,6,12,2024,Francia,1641,China,1641
2024-12-09,NotHotDog,522,3597,gluten de trigo,0,0.383,32,76714,0,0,12,2024,Francia,1641,China,1641
2024-12-10,NotHotDog,422,3597,gluten de trigo,0,0.43,32,86442,0,1,12,2024,Francia,1641,China,1641
2024-12-11,NotHotDog,480,3597,gluten de trigo,0,0.404,34,96270,0,2,12,2024,Francia,1641,China,1641
2024-12-12,NotHotDog,586,3597,gluten de trigo,0,0.45,33,106040,0,3,12,2024,Francia,1641,China,1641
2024-12-13,NotHotDog,640,3597,gluten de trigo,0,0.351,30,115704,0,4,12,2024,Francia,1641,China,1641
2024-12-14,NotHotDog,580,3597,gluten de trigo,0,0.372,31,125314,0,5,12,2024,Francia,1641,China,1641
2024-12-15,NotHotDog,494,3597,gluten de trigo,0,0.323,35,134984,0,6,12,2024,Francia,1641,China,1641
2024-12-16,NotHotDog,490,3597,gluten de trigo,0,0.368,33,144740,0,0,12,2024,Francia,1641,China,1641
2024-12-17,NotHotDog,480,3597,gluten de trigo,0,0.288,33,175000,0,1,12,2024,Francia,1641,China,1641
2024-12-18,NotHotDog,551,3597,gluten de trigo,0,0.375,32,184770,0,2,12,2024,Francia,1641,China,1641
2024-12-19,NotHotDog,559,3597,gluten de trigo,0,0.35,32,184219,0,3,12,2024,Francia,1641,China,1641
2024-12-20,NotHotDog,629,3597,gluten de trigo,0,0.355,32,183660,0,4,12,2024,Francia,1641,China,1641
2024-12-21,NotHotDog,670,3597,gluten de trigo,0,0.38,33,193281,0,5,12,2024,Francia,1641,China,1641
2024-12-22,NotHotDog,616,3597,gluten de trigo,0,0.346,30,213111,0,6,12,2024,Francia,1641,China,1641
2024-12-23,NotHotDog,560,3597,gluten de trigo,0,0.265,34,212495,0,0,12,2024,Francia,1641,China,1641
2024-12-24,NotHotDog,510,3597,gluten de trigo,0,0.295,33,211935,0,1,12,2024,Francia,1641,China,1641
2024-12-25,NotHotDog,520,3597,gluten de trigo,0,0.313,33,231925,0,2,12,2024,Francia,1641,China,1641
2024-12-26,NotHotDog,660,3597,gluten de trigo,0,0.294,34,241655,0,3,12,2024,Francia,1641,China,1641
2024-12-27,NotHotDog,672,3597,gluten de trigo,0,0.295,34,240995,0,4,12,2024,Francia,1641,China,1641
2024-12-28,NotHotDog,719,3597,gluten de trigo,0,0.38,32,271073,0,5,12,2024,Francia,1641,China,1641
2024-12-29,NotHotDog,626,3597,gluten de trigo,0,0.298,34,270354,0,6,12,2024,Francia,1641,China,1641
2024-12-30,NotHotDog,589,3597,gluten de trigo,0,0.306,34,269728,0,0,12,2024,Francia,1641,China,1641
2024-12-31,NotHotDog,512,3597,gluten de trigo,0,0.181,32,269139,0,1,12,2024,Francia,1641,China,1641
2025-01-01,NotHotDog,514,3758,gluten de trigo,0,0.313,35,278877,0,2,1,2025,Francia,1641,China,1641
2025-01-02,NotHotDog,616,3758,gluten de trigo,0,0.412,36,288613,0,3,1,2025,Francia,1641,China,1641
2025-01-03,NotHotDog,717,3758,gluten de trigo,0,0.331,34,318747,0,4,1,2025,Francia,1641,China,1641
2025-01-04,NotHotDog,639,3758,gluten de trigo,0,0.236,35,328280,0,5,1,2025,Francia,1641,China,1641
2025-01-05,NotHotDog,631,3758,gluten de trigo,0,0.367,33,327641,0,6,1,2025,Francia,1641,China,1641
2025-01-06,NotHotDog,534,3758,gluten de trigo,0,0.249,32,327010,0,0,1,2025,Francia,1641,China,1641
2025-01-07,NotHotDog,521,3758,gluten de trigo,0,0.257,34,326476,0,1,1,2025,Francia,1641,China,1641
2025-01-08,NotHotDog,586,3758,gluten de trigo,0,0.223,31,325955,0,2,1,2025,Francia,1641,China,1641
2025-01-09,NotHotDog,674,3758,gluten de trigo,0,0.217,33,325369,0,3,1,2025,Francia,1641,China,1641
2025-01-10,NotHotDog,653,3758,gluten de trigo,0,0.114,29,324695,0,4,1,2025,Francia,1641,China,1641
2025-01-11,NotHotDog,671,3758,gluten de trigo,0,0.261,28,324042,0,5,1,2025,Francia,1641,China,1641
2025-01-12,NotHotDog,623,3758,gluten de trigo,0,0.202,33,323371,0,6,1,2025,Francia,1641,China,1641
2025-01-13,NotHotDog,579,3758,gluten de trigo,0,0.203,28,322748,0,0,1,2025,Francia,1641,China,1641
2025-01-14,NotHotDog,537,3758,gluten de trigo,0,0.221,30,322169,0,1,1,2025,Francia,1641,China,1641
2025-01-15,NotHotDog,557,3758,gluten de trigo,0,0.183,33,321632,0,2,1,2025,Francia,1641,China,1641
2025-01-16,NotHotDog,809,3758,gluten de trigo,0,0.212,33,321075,0,3,1,2025,Francia,1641,China,1641
2025-01-17,NotHotDog,859,3758,gluten de trigo,0,0.255,34,320266,0,4,1,2025,Francia,1641,China,1641
2025-01-18,NotHotDog,831,3758,gluten de trigo,0,0.211,27,319407,0,5,1,2025,Francia,1641,China,1641
2025-01-19,NotHotDog,702,3758,gluten de trigo,0,0.179,32,318576,0,6,1,2025,Francia,1641,China,1641
2025-01-20,NotHotDog,580,3758,gluten de trigo,0,0.177,31,317874,0,0,1,2025,Francia,1641,China,1641
2025-01-21,NotHotDog,536,3758,gluten de trigo,0,0.19,33,317294,0,1,1,2025,Francia,1641,China,1641
2025-01-22,NotHotDog,494,3758,gluten de trigo,0,0.135,34,316758,0,2,1,2025,Francia,1641,China,1641
2025-01-23,NotHotDog,876,3758,gluten de trigo,1,0.184,29,316264,0,3,1,2025,Francia,1641,China,1641
2025-01-24,NotHotDog,761,3758,gluten de trigo,0,0.205,31,315388,0,4,1,2025,Francia,1641,China,1641
2025-01-25,NotHotDog,1048,3758,gluten de trigo,1,0.172,33,314627,0,5,1,2025,Francia,1641,China,1641
2025-01-26,NotHotDog,668,3758,gluten de trigo,0,0.144,30,313579,0,6,1,2025,Francia,1641,China,1641
2025-01-27,NotHotDog,579,3758,gluten de trigo,0,0.149,34,312911,0,0,1,2025,Francia,1641,China,1641
2025-01-28,NotHotDog,438,3758,gluten de trigo,0,0.193,31,312332,0,1,1,2025,Francia,1641,China,1641
2025-01-29,NotHotDog,832,3758,gluten de trigo,1,0.104,30,311894,0,2,1,2025,Francia,1641,China,1641
2025-01-30,NotHotDog,703,3758,gluten de trigo,0,0.116,28,311062,0,3,1,2025,Francia,1641,China,1641
2025-01-31,NotHotDog,772,3758,gluten de trigo,0,0.075,30,310359,0,4,1,2025,Francia,1641,China,1641
2025-02-01,NotHotDog,834,3758,gluten de trigo,0,0.156,25,309587,0,5,2,2025,Francia,1641,China,1641
2025-02-02,NotHotDog,625,3758,gluten de trigo,0,0.196,31,308753,0,6,2,2025,Francia,1641,China,1641
2025-02-03,NotHotDog,562,3758,gluten de trigo,0,0.218,34,308128,0,0,2,2025,Francia,1641,China,1641
2025-02-04,NotHotDog,544,3758,gluten de trigo,0,0.229,29,307566,0,1,2,2025,Francia,1641,China,1641
2025-02-05,NotHotDog,551,3758,gluten de trigo,0,0.116,27,307022,0,2,2,2025,Francia,1641,China,1641
2025-02-06,NotHotDog,593,3758,gluten de trigo,0,0.163,33,306471,0,3,2,2025,Francia,1641,China,1641
2025-02-07,NotHotDog,719,3758,gluten de trigo,0,0.13,33,305878,0,4,2,2025,Francia,1641,China,1641
2025-02-08,NotHotDog,779,3758,gluten de trigo,0,0.232,29,305159,0,5,2,2025,Francia,1641,China,1641
2025-02-09,NotHotDog,675,3758,gluten de trigo,0,0.215,35,304380,0,6,2,2025,Francia,1641,China,1641
2025-02-10,NotHotDog,577,3758,gluten de trigo,0,0.159,32,303705,0,0,2,2025,Francia,1641,China,1641
2025-02-11,NotHotDog,508,3758,gluten de trigo,0,0.12,33,303128,0,1,2,2025,Francia,1641,China,1641
2025-02-12,NotHotDog,533,3758,gluten de trigo,0,0.0,27,302620,0,2,2,2025,Francia,1641,China,1641
2025-02-13,NotHotDog,719,3758,gluten de trigo,0,0.082,33,302087,0,3,2,2025,Francia,1641,China,1641
2025-02-14,NotHotDog,1029,3758,gluten de trigo,1,0.062,29,301368,0,4,2,2025,Francia,1641,China,1641
2025-02-15,NotHotDog,829,3758,gluten de trigo,0,0.084,29,300339,0,5,2,2025,Francia,1641,China,1641
2025-02-16,NotHotDog,651,3758,gluten de trigo,0,0.252,33,299510,0,6,2,2025,Francia,1641,China,1641
2025-02-17,NotHotDog,488,3758,gluten de trigo,0,0.095,29,298859,0,0,2,2025,Francia,1641,China,1641
2025-02-18,NotHotDog,427,3758,gluten de trigo,0,0.109,27,298371,0,1,2,2025,Francia,1641,China,1641
2025-02-19,NotHotDog,580,3758,gluten de trigo,0,0.118,31,297944,0,2,2,2025,Francia,1641,China,1641
2025-02-20,NotHotDog,722,3758,gluten de trigo,0,0.296,32,297364,0,3,2,2025,Francia,1641,China,1641
2025-02-21,NotHotDog,786,3758,gluten de trigo,0,0.166,29,296642,0,4,2,2025,Francia,1641,China,1641
2025-02-22,NotHotDog,756,3758,gluten de trigo,0,0.222,34,295856,0,5,2,2025,Francia,1641,China,1641
2025-02-23,NotHotDog,607,3758,gluten de trigo,0,0.184,36,295100,0,6,2,2025,Francia,1641,China,1641
2025-02-24,NotHotDog,495,3758,gluten de trigo,0,0.079,28,294493,0,0,2,2025,Francia,1641,China,1641
2025-02-25,NotHotDog,557,3758,gluten de trigo,0,0.258,32,293998,0,1,2,2025,Francia,1641,China,1641
2025-02-26,NotHotDog,589,3758,gluten de trigo,0,0.205,31,293441,0,2,2,2025,Francia,1641,China,1641
2025-02-27,NotHotDog,696,3758,gluten de trigo,0,0.183,36,292852,0,3,2,2025,Francia,1641,China,1641
2025-02-28,NotHotDog,703,3758,gluten de trigo,0,0.281,33,292156,0,4,2,2025,Francia,1641,China,1641
2025-03-01,NotHotDog,732,3758,gluten de trigo,0,0.179,33,291453,0,5,3,2025,Francia,1641,China,1641
2025-03-02,NotHotDog,699,3758,gluten de trigo,0,0.194,34,290721,0,6,3,2025,Francia,1641,China,1641
2025-03-03,NotHotDog,597,3758,gluten de trigo,0,0.188,32,290022,0,0,3,2025,Francia,1641,China,1641
2025-03-04,NotHotDog,534,3758,gluten de trigo,0,0.263,32,289425,0,1,3,2025,Francia,1641,China,1641
2025-03-05,NotHotDog,667,3758,gluten de trigo,0,0.255,35,288891,0,2,3,2025,Francia,1641,China,1641
2025-03-06,NotHotDog,683,3758,gluten de trigo,0,0.233,33,288224,0,3,3,2025,Francia,1641,China,1641
2025-03-07,NotHotDog,884,3758,gluten de trigo,0,0.171,29,287541,0,4,3,2025,Francia,1641,China,1641
2025-03-08,NotHotDog,806,3758,gluten de trigo,0,0.21,30,286657,0,5,3,2025,Francia,1641,China,1641
2025-03-09,NotHotDog,863,3758,gluten de trigo,1,0.181,30,285851,0,6,3,2025,Francia,1641,China,1641
2025-03-10,NotHotDog,626,3758,gluten de trigo,0,0.297,35,284988,0,0,3,2025,Francia,1641,China,1641
2025-03-11,NotHotDog,513,3758,gluten de trigo,0,0.165,34,284362,0,1,3,2025,Francia,1641,China,1641
2025-03-12,NotHotDog,583,3758,gluten de trigo,0,0.329,37,283849,0,2,3,2025,Francia,1641,China,1641
2025-03-13,NotHotDog,644,3758,gluten de trigo,0,0.319,31,283266,0,3,3,2025,Francia,1641,China,1641
2025-03-14,NotHotDog,859,3758,gluten de trigo,0,0.215,32,282622,0,4,3,2025,Francia,1641,China,1641
2025-03-15,NotHotDog,811,3758,gluten de trigo,0,0.245,31,281763,0,5,3,2025,Francia,1641,China,1641
2025-03-16,NotHotDog,753,3758,gluten de trigo,0,0.236,31,280952,0,6,3,2025,Francia,1641,China,1641
2025-03-17,NotHotDog,590,3758,gluten de trigo,0,0.299,34,280199,0,0,3,2025,Francia,1641,China,1641
2025-03-18,NotHotDog,585,3758,gluten de trigo,0,0.354,33,279609,0,1,3,2025,Francia,1641,China,1641
2025-03-19,NotHotDog,560,3758,gluten de trigo,0,0.349,36,279024,0,2,3,2025,Francia,1641,China,1641
2025-03-20,NotHotDog,766,3758,gluten de trigo,0,0.274,31,278464,0,3,3,2025,Francia,1641,China,1641
2025-03-21,NotHotDog,769,3758,gluten de trigo,0,0.364,35,277698,0,4,3,2025,Francia,1641,China,1641
2025-03-22,NotHotDog,785,3758,gluten de trigo,0,0.366,33,276929,0,5,3,2025,Francia,1641,China,1641
2025-03-23,NotHotDog,728,3758,gluten de trigo,0,0.304,29,276144,0,6,3,2025,Francia,1641,China,1641
2025-03-24,NotHotDog,684,3758,gluten de trigo,0,0.319,31,275416,0,0,3,2025,Francia,1641,China,1641
2025-03-25,NotHotDog,569,3758,gluten de trigo,0,0.402,34,274732,0,1,3,2025,Francia,1641,China,1641
2025-03-26,NotHotDog,634,3758,gluten de trigo,0,0.384,37,274163,0,2,3,2025,Francia,1641,China,1641
2025-03-27,NotHotDog,809,3758,gluten de trigo,1,0.399,33,273529,0,3,3,2025,Francia,1641,China,1641
2025-03-28,NotHotDog,1098,3758,gluten de trigo,1,0.473,34,272720,0,4,3,2025,Francia,1641,China,1641
2025-03-29,NotHotDog,772,3758,gluten de trigo,0,0.377,34,271622,0,5,3,2025,Francia,1641,China,1641
2025-03-30,NotHotDog,758,3758,gluten de trigo,0,0.372,32,270850,0,6,3,2025,Francia,1641,China,1641
2025-03-31,NotHotDog,564,3758,gluten de trigo,0,0.429,33,270092,0,0,3,2025,Francia,1641,China,1641
2025-04-01,NotHotDog,585,3758,gluten de trigo,0,0.466,35,269528,0,1,4,2025,Francia,1641,China,1641
2025-04-02,NotHotDog,713,3758,gluten de trigo,1,0.342,32,268943,0,2,4,2025,Francia,1641,China,1641
2025-04-03,NotHotDog,775,3758,gluten de trigo,0,0.369,30,268230,0,3,4,2025,Francia,1641,China,1641
2025-04-04,NotHotDog,726,3758,gluten de trigo,0,0.333,32,267455,0,4,4,2025,Francia,1641,China,1641
2025-04-05,NotHotDog,1091,3758,gluten de trigo,1,0.407,35,266729,0,5,4,2025,Francia,1641,China,1641
2025-04-06,NotHotDog,627,3758,gluten de trigo,0,0.44,36,265638,0,6,4,2025,Francia,1641,China,1641
2025-04-07,NotHotDog,592,3758,gluten de trigo,0,0.353,36,265011,0,0,4,2025,Francia,1641,China,1641
2025-04-08,NotHotDog,482,3758,gluten de trigo,0,0.463,37,264419,0,1,4,2025,Francia,1641,China,1641
2025-04-09,NotHotDog,762,3758,gluten de trigo,1,0.389,32,263937,0,2,4,2025,Francia,1641,China,1641
2025-04-10,NotHotDog,735,3758,gluten de trigo,0,0.39,32,263175,0,3,4,2025,Francia,1641,China,1641
2025-04-11,NotHotDog,732,3758,gluten de trigo,0,0.478,33,262440,0,4,4,2025,Francia,1641,China,1641
2025-04-12,NotHotDog,955,3758,gluten de trigo,1,0.396,33,261708,0,5,4,2025,Francia,1641,China,1641
2025-04-13,NotHotDog,715,3758,gluten de trigo,0,0.361,32,260753,0,6,4,2025,Francia,1641,China,1641
2025-04-14,NotHotDog,515,3758,gluten de trigo,0,0.474,34,260038,0,0,4,2025,Francia,1641,China,1641
2025-04-15,NotHotDog,472,3758,gluten de trigo,0,0.434,32,259523,0,1,4,2025,Francia,1641,China,1641
2025-04-16,NotHotDog,521,3758,gluten de trigo,0,0.505,37,259051,0,2,4,2025,Francia,1641,China,1641
2025-04-17,NotHotDog,612,3758,gluten de trigo,0,0.491,33,258530,0,3,4,2025,Francia,1641,China,1641
2025-04-18,NotHotDog,692,3758,gluten de trigo,0,0.366,31,257918,0,4,4,2025,Francia,1641,China,1641
2025-04-19,NotHotDog,802,3758,gluten de trigo,0,0.524,36,257226,0,5,4,2025,Francia,1641,China,1641
2025-04-20,NotHotDog,683,3758,gluten de trigo,0,0.557,37,256424,0,6,4,2025,Francia,1641,China,1641
2025-04-21,NotHotDog,473,3758,gluten de trigo,0,0.517,35,255741,0,0,4,2025,Francia,1641,China,1641
2025-04-22,NotHotDog,485,3758,gluten de trigo,0,0.523,37,255268,0,1,4,2025,Francia,1641,China,1641
2025-04-23,NotHotDog,508,3758,gluten de trigo,0,0.46,36,254783,0,2,4,2025,Francia,1641,China,1641
2025-04-24,NotHotDog,712,3758,gluten de trigo,0,0.452,38,254275,0,3,4,2025,Francia,1641,China,1641
2025-04-25,NotHotDog,717,3758,gluten de trigo,0,0.489,36,253563,0,4,4,2025,Francia,1641,China,1641
2025-04-26,NotHotDog,643,3758,gluten de trigo,0,0.527,39,252846,0,5,4,2025,Francia,1641,China,1641
2025-04-27,NotHotDog,651,3758,gluten de trigo,0,0.529,35,252203,0,6,4,2025,Francia,1641,China,1641
2025-04-28,NotHotDog,563,3758,gluten de trigo,0,0.464,37,251552,0,0,4,2025,Francia,1641,China,1641
2025-04-29,NotHotDog,459,3758,gluten de trigo,0,0.462,37,250989,0,1,4,2025,Francia,1641,China,1641
2025-04-30,NotHotDog,538,3758,gluten de trigo,0,0.416,34,250530,0,2,4,2025,Francia,1641,China,1641
2025-05-01,NotHotDog,607,3758,gluten de trigo,0,0.525,34,249992,0,3,5,2025,Francia,1641,China,1641
2025-05-02,NotHotDog,802,3758,gluten de trigo,0,0.475,34,249385,0,4,5,2025,Francia,1641,China,1641
2025-05-03,NotHotDog,695,3758,gluten de trigo,0,0.48,36,248583,0,5,5,2025,Francia,1641,China,1641
2025-05-04,NotHotDog,593,3758,gluten de trigo,0,0.583,34,247888,0,6,5,2025,Francia,1641,China,1641
2025-05-05,NotHotDog,716,3758,gluten de trigo,1,0.528,34,247295,0,0,5,2025,Francia,1641,China,1641
2025-05-06,NotHotDog,596,3758,gluten de trigo,1,0.515,38,246579,0,1,5,2025,Francia,1641,China,1641
2025-05-07,NotHotDog,568,3758,gluten de trigo,0,0.541,37,245983,0,2,5,2025,Francia,1641,China,1641
2025-05-08,NotHotDog,702,3758,gluten de trigo,0,0.571,31,245415,0,3,5,2025,Francia,1641,China,1641
2025-05-09,NotHotDog,784,3758,gluten de trigo,0,0.419,31,244713,0,4,5,2025,Francia,1641,China,1641
2025-05-10,NotHotDog,683,3758,gluten de trigo,0,0.472,39,243929,0,5,5,2025,Francia,1641,China,1641
2025-05-11,NotHotDog,631,3758,gluten de trigo,0,0.488,37,243246,0,6,5,2025,Francia,1641,China,1641
2025-05-12,NotHotDog,576,3758,gluten de trigo,0,0.45,33,242615,0,0,5,2025,Francia,1641,China,1641
2025-05-13,NotHotDog,534,3758,gluten de trigo,0,0.486,32,242039,0,1,5,2025,Francia,1641,China,1641
2025-05-14,NotHotDog,489,3758,gluten de trigo,0,0.42,32,241505,0,2,5,2025,Francia,1641,China,1641
2025-05-15,NotHotDog,655,3758,gluten de trigo,0,0.543,37,241016,0,3,5,2025,Francia,1641,China,1641
2025-05-16,NotHotDog,722,3758,gluten de trigo,0,0.47,39,240361,0,4,5,2025,Francia,1641,China,1641
2025-05-17,NotHotDog,739,3758,gluten de trigo,0,0.504,39,239639,0,5,5,2025,Francia,1641,China,1641
2025-05-18,NotHotDog,662,3758,gluten de trigo,0,0.495,32,238900,0,6,5,2025,Francia,1641,China,1641
2025-05-19,NotHotDog,461,3758,gluten de trigo,0,0.519,35,238238,0,0,5,2025,Francia,1641,China,1641
2025-05-20,NotHotDog,583,3758,gluten de trigo,1,0.366,32,237777,0,1,5,2025,Francia,1641,China,1641
2025-05-21,NotHotDog,551,3758,gluten de trigo,0,0.509,35,237194,0,2,5,2025,Francia,1641,China,1641
2025-05-22,NotHotDog,618,3758,gluten de trigo,0,0.471,32,236643,0,3,5,2025,Francia,1641,China,1641
2025-05-23,NotHotDog,560,3758,gluten de trigo,0,0.502,34,236025,0,4,5,2025,Francia,1641,China,1641
2025-05-24,NotHotDog,582,3758,gluten de trigo,0,0.42,32,235465,0,5,5,2025,Francia,1641,China,1641
2025-05-25,NotHotDog,618,3758,gluten de trigo,0,0.497,36,234883,0,6,5,2025,Francia,1641,China,1641
2025-05-26,NotHotDog,524,3758,gluten de trigo,0,0.538,34,234265,0,0,5,2025,Francia,1641,China,1641
2025-05-27,NotHotDog,405,3758,gluten de trigo,0,0.479,34,233741,0,1,5,2025,Francia,1641,China,1641
2025-05-28,NotHotDog,545,3758,gluten de trigo,0,0.43,35,233336,0,2,5,2025,Francia,1641,China,1641
2025-05-29,NotHotDog,587,3758,gluten de trigo,0,0.429,37,232791,0,3,5,2025,Francia,1641,China,1641
2025-05-30,NotHotDog,610,3758,gluten de trigo,0,0.487,39,232204,0,4,5,2025,Francia,1641,China,1641
2025-05-31,NotHotDog,626,3758,gluten de trigo,0,0.483,36,231594,0,5,5,2025,Francia,1641,China,1641
2025-06-01,NotHotDog,517,3758,gluten de trigo,0,0.468,34,230968,0,6,6,2025,Francia,1641,China,1641
2025-06-02,NotHotDog,455,3758,gluten de trigo,0,0.444,37,230451,0,0,6,2025,Francia,1641,China,1641
2025-06-03,NotHotDog,376,3758,gluten de trigo,0,0.452,37,229996,0,1,6,2025,Francia,1641,China,1641
2025-06-04,NotHotDog,611,3758,gluten de trigo,1,0.434,36,229620,0,2,6,2025,Francia,1641,China,1641
2025-06-05,NotHotDog,608,3758,gluten de trigo,0,0.414,31,229009,0,3,6,2025,Francia,1641,China,1641
2025-06-06,NotHotDog,578,3758,gluten de trigo,0,0.466,37,228401,0,4,6,2025,Francia,1641,China,1641
2025-06-07,NotHotDog,639,3758,gluten de trigo,0,0.438,35,227823,0,5,6,2025,Francia,1641,China,1641
2025-06-08,NotHotDog,522,3758,gluten de trigo,0,0.482,33,227184,0,6,6,2025,Francia,1641,China,1641
2025-06-09,NotHotDog,491,3758,gluten de trigo,0,0.469,33,226662,0,0,6,2025,Francia,1641,China,1641
2025-06-10,NotHotDog,351,3758,gluten de trigo,0,0.421,35,226171,0,1,6,2025,Francia,1641,China,1641
2025-06-11,NotHotDog,503,3758,gluten de trigo,0,0.432,29,225820,0,2,6,2025,Francia,1641,China,1641
2025-06-12,NotHotDog,484,3758,gluten de trigo,0,0.349,33,225317,0,3,6,2025,Francia,1641,China,1641
2025-06-13,NotHotDog,621,3758,gluten de trigo,0,0.387,32,224833,0,4,6,2025,Francia,1641,China,1641
2025-06-14,NotHotDog,587,3758,gluten de trigo,0,0.403,32,224212,0,5,6,2025,Francia,1641,China,1641
2025-06-15,NotHotDog,528,3758,gluten de trigo,0,0.301,32,223625,0,6,6,2025,Francia,1641,China,1641
2025-06-16,NotHotDog,399,3758,gluten de trigo,0,0.396,31,223097,0,0,6,2025,Francia,1641,China,1641
2025-06-17,NotHotDog,476,3758,gluten de trigo,0,0.32,35,222698,0,1,6,2025,Francia,1641,China,1641
2025-06-18,NotHotDog,416,3758,gluten de trigo,0,0.32,29,222222,0,2,6,2025,Francia,1641,China,1641
2025-06-19,NotHotDog,498,3758,gluten de trigo,0,0.33,33,221806,0,3,6,2025,Francia,1641,China,1641
2025-06-20,NotHotDog,704,3758,gluten de trigo,0,0.349,31,221308,0,4,6,2025,Francia,1641,China,1641
2025-06-21,NotHotDog,622,3758,gluten de trigo,0,0.278,36,220604,0,5,6,2025,Francia,1641,China,1641
2025-06-22,NotHotDog,477,3758,gluten de trigo,0,0.381,34,219982,0,6,6,2025,Francia,1641,China,1641
2025-06-23,NotHotDog,438,3758,gluten de trigo,0,0.341,29,219505,0,0,6,2025,Francia,1641,China,1641
2025-06-24,NotHotDog,402,3758,gluten de trigo,0,0.423,35,219067,0,1,6,2025,Francia,1641,China,1641
2025-06-25,NotHotDog,391,3758,gluten de trigo,0,0.336,31,218665,0,2,6,2025,Francia,1641,China,1641
2025-06-26,NotHotDog,505,3758,gluten de trigo,0,0.343,35,218274,0,3,6,2025,Francia,1641,China,1641
2025-06-27,NotHotDog,599,3758,gluten de trigo,0,0.266,33,217769,0,4,6,2025,Francia,1641,China,1641
2025-06-28,NotHotDog,651,3758,gluten de trigo,0,0.243,35,217170,0,5,6,2025,Francia,1641,China,1641
2025-06-29,NotHotDog,509,3758,gluten de trigo,0,0.328,33,216519,0,6,6,2025,Francia,1641,China,1641
2025-06-30,NotHotDog,428,3758,gluten de trigo,0,0.236,33,216010,0,0,6,2025,Francia,1641,China,1641
2025-07-01,NotHotDog,373,3758,gluten de trigo,0,0.317,33,215582,0,1,7,2025,Francia,1641,China,1641
2025-07-02,NotHotDog,480,3758,gluten de trigo,0,0.364,32,215209,0,2,7,2025,Francia,1641,China,1641
2025-07-03,NotHotDog,563,3758,gluten de trigo,0,0.32,35,214729,0,3,7,2025,Francia,1641,China,1641
2025-07-04,NotHotDog,623,3758,gluten de trigo,0,0.296,30,214166,0,4,7,2025,Francia,1641,China,1641
2025-07-05,NotHotDog,582,3758,gluten de trigo,0,0.275,32,213543,0,5,7,2025,Francia,1641,China,1641
2025-07-06,NotHotDog,440,3758,gluten de trigo,0,0.237,31,212961,0,6,7,2025,Francia,1641,China,1641
2025-07-07,NotHotDog,459,3758,gluten de trigo,0,0.245,34,212521,0,0,7,2025,Francia,1641,China,1641
2025-07-08,NotHotDog,392,3758,gluten de trigo,0,0.217,30,212062,0,1,7,2025,Francia,1641,China,1641
2025-07-09,NotHotDog,421,3758,gluten de trigo,0,0.174,30,211670,0,2,7,2025,Francia,1641,China,1641
2025-07-10,NotHotDog,531,3758,gluten de trigo,0,0.237,32,211249,0,3,7,2025,Francia,1641,China,1641
2025-07-11,NotHotDog,583,3758,gluten de trigo,0,0.285,35,210718,0,4,7,2025,Francia,1641,China,1641
2025-07-12,NotHotDog,719,3758,gluten de trigo,1,0.16,30,210135,0,5,7,2025,Francia,1641,China,1641
2025-07-13,NotHotDog,481,3758,gluten de trigo,0,0.29,32,209416,0,6,7,2025,Francia,1641,China,1641
2025-07-14,NotHotDog,350,3758,gluten de trigo,0,0.276,30,208935,0,0,7,2025,Francia,1641,China,1641
2025-07-15,NotHotDog,384,3758,gluten de trigo,0,0.23,30,208585,0,1,7,2025,Francia,1641,China,1641
2025-07-16,NotHotDog,467,3758,gluten de trigo,0,0.226,33,208201,0,2,7,2025,Francia,1641,China,1641
2025-07-17,NotHotDog,430,3758,gluten de trigo,0,0.192,31,207734,0,3,7,2025,Francia,1641,China,1641
2025-07-18,NotHotDog,567,3758,gluten de trigo,0,0.2,31,207304,0,4,7,2025,Francia,1641,China,1641
2025-07-19,NotHotDog,582,3758,gluten de trigo,0,0.17,35,206737,0,5,7,2025,Francia,1641,China,1641
2025-07-20,NotHotDog,515,3758,gluten de trigo,0,0.191,28,206155,0,6,7,2025,Francia,1641,China,1641
2025-07-21,NotHotDog,381,3758,gluten de trigo,0,0.193,36,205640,0,0,7,2025,Francia,1641,China,1641
2025-07-22,NotHotDog,341,3758,gluten de trigo,0,0.276,35,205259,0,1,7,2025,Francia,1641,China,1641
2025-07-23,NotHotDog,395,3758,gluten de trigo,0,0.207,31,204918,0,2,7,2025,Francia,1641,China,1641
2025-07-24,NotHotDog,540,3758,gluten de trigo,0,0.165,32,204523,0,3,7,2025,Francia,1641,China,1641
2025-07-25,NotHotDog,475,3758,gluten de trigo,0,0.168,30,203983,0,4,7,2025,Francia,1641,China,1641
2025-07-26,NotHotDog,490,3758,gluten de trigo,0,0.134,31,203508,0,5,7,2025,Francia,1641,China,1641
2025-07-27,NotHotDog,458,3758,gluten de trigo,0,0.14,35,203018,0,6,7,2025,Francia,1641,China,1641
2025-07-28,NotHotDog,511,3758,gluten de trigo,1,0.21,30,202560,0,0,7,2025,Francia,1641,China,1641
2025-07-29,NotHotDog,473,3758,gluten de trigo,1,0.138,30,202049,0,1,7,2025,Francia,1641,China,1641
2025-07-30,NotHotDog,454,3758,gluten de trigo,0,0.129,29,201576,0,2,7,2025,Francia,1641,China,1641
2025-07-31,NotHotDog,439,3758,gluten de trigo,0,0.129,29,201122,0,3,7,2025,Francia,1641,China,1641
2025-08-01,NotHotDog,536,3758,gluten de trigo,0,0.12,30,200683,0,4,8,2025,Francia,1641,China,1641
2025-08-02,NotHotDog,535,3758,gluten de trigo,0,0.211,29,200147,0,5,8,2025,Francia,1641,China,1641
2025-08-03,NotHotDog,456,3758,gluten de trigo,0,0.161,30,199612,0,6,8,2025,Francia,1641,China,1641
2025-08-04,NotHotDog,343,3758,gluten de trigo,0,0.138,31,199156,0,0,8,2025,Francia,1641,China,1641
2025-08-05,NotHotDog,345,3758,gluten de trigo,0,0.153,30,198813,0,1,8,2025,Francia,1641,China,1641
2025-08-06,NotHotDog,382,3758,gluten de trigo,0,0.162,26,198468,0,2,8,2025,Francia,1641,China,1641
2025-08-07,NotHotDog,504,3758,gluten de trigo,0,0.113,30,198086,0,3,8,2025,Francia,1641,China,1641
2025-08-08,NotHotDog,554,3758,gluten de trigo,0,0.081,30,197582,0,4,8,2025,Francia,1641,China,1641
2025-08-09,NotHotDog,463,3758,gluten de trigo,0,0.217,35,197028,0,5,8,2025,Francia,1641,China,1641
2025-08-10,NotHotDog,449,3758,gluten de trigo,0,0.2,31,196565,0,6,8,2025,Francia,1641,China,1641
2025-08-11,NotHotDog,373,3758,gluten de trigo,0,0.169,33,196116,0,0,8,2025,Francia,1641,China,1641
2025-08-12,NotHotDog,416,3758,gluten de trigo,0,0.197,31,195743,0,1,8,2025,Francia,1641,China,1641
2025-08-13,NotHotDog,515,3758,gluten de trigo,1,0.247,35,195327,0,2,8,2025,Francia,1641,China,1641
2025-08-14,NotHotDog,434,3758,gluten de trigo,0,0.126,29,194812,0,3,8,2025,Francia,1641,China,1641
2025-08-15,NotHotDog,621,3758,gluten de trigo,1,0.098,31,194378,0,4,8,2025,Francia,1641,China,1641
2025-08-16,NotHotDog,509,3758,gluten de trigo,0,0.188,33,193757,0,5,8,2025,Francia,1641,China,1641
2025-08-17,NotHotDog,624,3758,gluten de trigo,1,0.083,31,193248,0,6,8,2025,Francia,1641,China,1641
2025-08-18,NotHotDog,401,3758,gluten de trigo,0,0.16,35,192624,0,0,8,2025,Francia,1641,China,1641
2025-08-19,NotHotDog,363,3758,gluten de trigo,0,0.145,30,192223,0,1,8,2025,Francia,1641,China,1641
2025-08-20,NotHotDog,390,3758,gluten de trigo,0,0.196,34,191860,0,2,8,2025,Francia,1641,China,1641
2025-08-21,NotHotDog,468,3758,gluten de trigo,0,0.141,33,191470,0,3,8,2025,Francia,1641,China,1641
2025-08-22,NotHotDog,524,3758,gluten de trigo,0,0.227,32,191002,0,4,8,2025,Francia,1641,China,1641
2025-08-23,NotHotDog,448,3758,gluten de trigo,0,0.133,34,190478,0,5,8,2025,Francia,1641,China,1641
2025-08-24,NotHotDog,457,3758,gluten de trigo,0,0.208,31,190030,0,6,8,2025,Francia,1641,China,1641
2025-08-25,NotHotDog,367,3758,gluten de trigo,0,0.143,31,189573,0,0,8,2025,Francia,1641,China,1641
2025-08-26,NotHotDog,310,3758,gluten de trigo,0,0.207,31,189206,0,1,8,2025,Francia,1641,China,1641
2025-08-27,NotHotDog,472,3758,gluten de trigo,0,0.132,28,188896,0,2,8,2025,Francia,1641,China,1641
2025-08-28,NotHotDog,484,3758,gluten de trigo,0,0.185,33,188424,0,3,8,2025,Francia,1641,China,1641
2025-08-29,NotHotDog,530,3758,gluten de trigo,0,0.256,33,187940,0,4,8,2025,Francia,1641,China,1641
2025-08-30,NotHotDog,508,3758,gluten de trigo,0,0.2,31,187410,0,5,8,2025,Francia,1641,China,1641
2025-08-31,NotHotDog,486,3758,gluten de trigo,0,0.257,36,186902,0,6,8,2025,Francia,1641,China,1641
2025-09-01,NotHotDog,424,3758,gluten de trigo,1,0.201,31,186416,0,0,9,2025,Francia,1641,China,1641
2025-09-02,NotHotDog,349,3758,gluten de trigo,0,0.181,28,185992,0,1,9,2025,Francia,1641,China,1641
2025-09-03,NotHotDog,367,3758,gluten de trigo,0,0.22,35,185643,0,2,9,2025,Francia,1641,China,1641
2025-09-04,NotHotDog,501,3758,gluten de trigo,0,0.247,34,185276,0,3,9,2025,Francia,1641,China,1641
2025-09-05,NotHotDog,496,3758,gluten de trigo,0,0.125,32,184775,0,4,9,2025,Francia,1641,China,1641
2025-09-06,NotHotDog,572,3758,gluten de trigo,0,0.252,31,184279,0,5,9,2025,Francia,1641,China,1641
2025-09-07,NotHotDog,458,3758,gluten de trigo,0,0.184,32,183707,0,6,9,2025,Francia,1641,China,1641
2025-09-08,NotHotDog,412,3758,gluten de trigo,0,0.176,29,183249,0,0,9,2025,Francia,1641,China,1641
2025-09-09,NotHotDog,371,3758,gluten de trigo,0,0.268,32,182837,0,1,9,2025,Francia,1641,China,1641
2025-09-10,NotHotDog,433,3758,gluten de trigo,0,0.313,31,182466,0,2,9,2025,Francia,1641,China,1641
2025-09-11,NotHotDog,530,3758,gluten de trigo,1,0.262,33,182033,0,3,9,2025,Francia,1641,China,1641
2025-09-12,NotHotDog,574,3758,gluten de trigo,0,0.189,33,181503,0,4,9,2025,Francia,1641,China,1641
2025-09-13,NotHotDog,451,3758,gluten de trigo,0,0.229,30,180929,0,5,9,2025,Francia,1641,China,1641
2025-09-14,NotHotDog,467,3758,gluten de trigo,0,0.247,33,180478,0,6,9,2025,Francia,1641,China,1641
2025-09-15,NotHotDog,374,3758,gluten de trigo,0,0.284,33,180011,0,0,9,2025,Francia,1641,China,1641
2025-09-16,NotHotDog,323,3758,gluten de trigo,0,0.276,34,179637,0,1,9,2025,Francia,1641,China,1641
2025-09-17,NotHotDog,375,3758,gluten de trigo,0,0.31,32,179314,0,2,9,2025,Francia,1641,China,1641
2025-09-18,NotHotDog,458,3758,gluten de trigo,0,0.342,35,178939,0,3,9,2025,Francia,1641,China,1641
2025-09-19,NotHotDog,533,3758,gluten de trigo,0,0.315,31,178481,0,4,9,2025,Francia,1641,China,1641
2025-09-20,NotHotDog,514,3758,gluten de trigo,0,0.348,30,177948,0,5,9,2025,Francia,1641,China,1641
2025-09-21,NotHotDog,475,3758,gluten de trigo,0,0.296,30,177434,0,6,9,2025,Francia,1641,China,1641
2025-09-22,NotHotDog,370,3758,gluten de trigo,0,0.48,34,176959,0,0,9,2025,Francia,1641,China,1641
2025-09-23,NotHotDog,354,3758,gluten de trigo,0,0.349,30,176589,0,1,9,2025,Francia,1641,China,1641
2025-09-24,NotHotDog,400,3758,gluten de trigo,0,0.362,36,176235,0,2,9,2025,Francia,1641,China,1641
2025-09-25,NotHotDog,497,3758,gluten de trigo,0,0.421,34,175835,0,3,9,2025,Francia,1641,China,1641
2025-09-26,NotHotDog,587,3758,gluten de trigo,0,0.344,35,175338,0,4,9,2025,Francia,1641,China,1641
2025-09-27,NotHotDog,582,3758,gluten de trigo,0,0.313,34,174751,0,5,9,2025,Francia,1641,China,1641
2025-09-28,NotHotDog,631,3758,gluten de trigo,1,0.417,34,174169,0,6,9,2025,Francia,1641,China,1641
2025-09-29,NotHotDog,417,3758,gluten de trigo,0,0.426,41,173538,0,0,9,2025,Francia,1641,China,1641
2025-09-30,NotHotDog,384,3758,gluten de trigo,0,0.371,39,173121,0,1,9,2025,Francia,1641,China,1641
2025-10-01,NotHotDog,406,3758,gluten de trigo,0,0.457,37,172737,0,2,10,2025,Francia,1641,China,1641
2025-10-02,NotHotDog,535,3758,gluten de trigo,0,0.371,32,172331,0,3,10,2025,Francia,1641,China,1641
2025-10-03,NotHotDog,519,3758,gluten de trigo,0,0.427,37,171796,0,4,10,2025,Francia,1641,China,1641
2025-10-04,NotHotDog,464,3758,gluten de trigo,0,0.462,31,171277,0,5,10,2025,Francia,1641,China,1641
2025-10-05,NotHotDog,448,3758,gluten de trigo,0,0.397,37,170813,0,6,10,2025,Francia,1641,China,1641
2025-10-06,NotHotDog,457,3758,gluten de trigo,0,0.42,29,170365,0,0,10,2025,Francia,1641,China,1641
2025-10-07,NotHotDog,373,3758,gluten de trigo,0,0.454,34,169908,0,1,10,2025,Francia,1641,China,1641
2025-10-08,NotHotDog,435,3758,gluten de trigo,0,0.39,36,169535,0,2,10,2025,Francia,1641,China,1641
2025-10-09,NotHotDog,498,3758,gluten de trigo,0,0.373,34,169100,0,3,10,2025,Francia,1641,China,1641
2025-10-10,NotHotDog,598,3758,gluten de trigo,0,0.485,32,168602,0,4,10,2025,Francia,1641,China,1641
2025-10-11,NotHotDog,570,3758,gluten de trigo,0,0.439,35,168004,0,5,10,2025,Francia,1641,China,1641
2025-10-12,NotHotDog,497,3758,gluten de trigo,0,0.403,35,167434,0,6,10,2025,Francia,1641,China,1641
2025-10-13,NotHotDog,441,3758,gluten de trigo,0,0.438,35,166937,0,0,10,2025,Francia,1641,China,1641
2025-10-14,NotHotDog,377,3758,gluten de trigo,0,0.464,34,166496,0,1,10,2025,Francia,1641,China,1641
2025-10-15,NotHotDog,448,3758,gluten de trigo,0,0.364,35,166119,0,2,10,2025,Francia,1641,China,1641
2025-10-16,NotHotDog,514,3758,gluten de trigo,0,0.483,37,165671,0,3,10,2025,Francia,1641,China,1641
2025-10-17,NotHotDog,581,3758,gluten de trigo,0,0.472,34,165157,0,4,10,2025,Francia,1641,China,1641
2025-10-18,NotHotDog,543,3758,gluten de trigo,0,0.538,38,164576,0,5,10,2025,Francia,1641,China,1641
2025-10-19,NotHotDog,691,3758,gluten de trigo,1,0.448,34,164033,0,6,10,2025,Francia,1641,China,1641
2025-10-20,NotHotDog,412,3758,gluten de trigo,0,0.532,34,163342,0,0,10,2025,Francia,1641,China,1641
2025-10-21,NotHotDog,437,3758,gluten de trigo,0,0.464,37,162930,0,1,10,2025,Francia,1641,China,1641
2025-10-22,NotHotDog,386,3758,gluten de trigo,0,0.477,37,162493,0,2,10,2025,Francia,1641,China,1641
2025-10-23,NotHotDog,572,3758,gluten de trigo,0,0.487,34,162107,0,3,10,2025,Francia,1641,China,1641
2025-10-24,NotHotDog,517,3758,gluten de trigo,0,0.581,34,161535,0,4,10,2025,Francia,1641,China,1641
2025-10-25,NotHotDog,622,3758,gluten de trigo,0,0.417,38,161018,0,5,10,2025,Francia,1641,China,1641
2025-10-26,NotHotDog,490,3758,gluten de trigo,0,0.507,35,160396,0,6,10,2025,Francia,1641,China,1641
2025-10-27,NotHotDog,462,3758,gluten de trigo,0,0.487,35,159906,0,0,10,2025,Francia,1641,China,1641
2025-10-28,NotHotDog,408,3758,gluten de trigo,0,0.486,34,159444,0,1,10,2025,Francia,1641,China,1641
2025-10-29,NotHotDog,406,3758,gluten de trigo,0,0.518,38,159036,0,2,10,2025,Francia,1641,China,1641
2025-10-30,NotHotDog,609,3758,gluten de trigo,0,0.547,40,158630,0,3,10,2025,Francia,1641,China,1641
2025-10-31,NotHotDog,655,3758,gluten de trigo,0,0.52,35,158021,0,4,10,2025,Francia,1641,China,1641
2025-11-01,NotHotDog,637,3758,gluten de trigo,0,0.556,41,157366,0,5,11,2025,Francia,1641,China,1641
2025-11-02,NotHotDog,512,3758,gluten de trigo,0,0.483,34,156729,0,6,11,2025,Francia,1641,China,1641
2025-11-03,NotHotDog,484,3758,gluten de trigo,0,0.495,34,156217,0,0,11,2025,Francia,1641,China,1641
2025-11-04,NotHotDog,380,3758,gluten de trigo,0,0.448,36,155733,0,1,11,2025,Francia,1641,China,1641
2025-11-05,NotHotDog,387,3758,gluten de trigo,0,0.598,35,155353,0,2,11,2025,Francia,1641,China,1641
2025-11-06,NotHotDog,494,3758,gluten de trigo,0,0.49,36,154966,0,3,11,2025,Francia,1641,China,1641
2025-11-07,NotHotDog,588,3758,gluten de trigo,0,0.485,34,154472,0,4,11,2025,Francia,1641,China,1641
2025-11-08,NotHotDog,592,3758,gluten de trigo,0,0.53,32,153884,0,5,11,2025,Francia,1641,China,1641
2025-11-09,NotHotDog,535,3758,gluten de trigo,0,0.555,32,153292,0,6,11,2025,Francia,1641,China,1641
2025-11-10,NotHotDog,453,3758,gluten de trigo,0,0.465,34,152757,0,0,11,2025,Francia,1641,China,1641
2025-11-11,NotHotDog,412,3758,gluten de trigo,0,0.559,37,152304,0,1,11,2025,Francia,1641,China,1641
2025-11-12,NotHotDog,402,3758,gluten de trigo,0,0.483,32,151892,0,2,11,2025,Francia,1641,China,1641
2025-11-13,NotHotDog,589,3758,gluten de trigo,0,0.569,36,151490,0,3,11,2025,Francia,1641,China,1641
2025-11-14,NotHotDog,639,3758,gluten de trigo,0,0.47,35,150901,0,4,11,2025,Francia,1641,China,1641
2025-11-15,NotHotDog,759,3758,gluten de trigo,1,0.532,35,150262,0,5,11,2025,Francia,1641,China,1641
2025-11-16,NotHotDog,634,3758,gluten de trigo,0,0.496,33,149503,0,6,11,2025,Francia,1641,China,1641
2025-11-17,NotHotDog,471,3758,gluten de trigo,0,0.436,35,148869,0,0,11,2025,Francia,1641,China,1641
2025-11-18,NotHotDog,450,3758,gluten de trigo,0,0.419,34,148398,0,1,11,2025,Francia,1641,China,1641
2025-11-19,NotHotDog,530,3758,gluten de trigo,0,0.451,36,147948,0,2,11,2025,Francia,1641,China,1641
2025-11-20,NotHotDog,526,3758,gluten de trigo,0,0.535,33,147418,0,3,11,2025,Francia,1641,China,1641
2025-11-21,NotHotDog,877,3758,gluten de trigo,1,0.386,34,146892,0,4,11,2025,Francia,1641,China,1641
2025-11-22,NotHotDog,708,3758,gluten de trigo,0,0.497,32,146015,0,5,11,2025,Francia,1641,China,1641
2025-11-23,NotHotDog,583,3758,gluten de trigo,0,0.49,34,145307,0,6,11,2025,Francia,1641,China,1641
2025-11-24,NotHotDog,443,3758,gluten de trigo,0,0.391,31,144724,0,0,11,2025,Francia,1641,China,1641
2025-11-25,NotHotDog,442,3758,gluten de trigo,0,0.432,32,144281,0,1,11,2025,Francia,1641,China,1641
2025-11-26,NotHotDog,520,3758,gluten de trigo,0,0.428,34,143839,0,2,11,2025,Francia,1641,China,1641
2025-11-27,NotHotDog,510,3758,gluten de trigo,0,0.467,33,143319,0,3,11,2025,Francia,1641,China,1641
2025-11-28,NotHotDog,616,3758,gluten de trigo,0,0.534,38,142809,0,4,11,2025,Francia,1641,China,1641
2025-11-29,NotHotDog,793,3758,gluten de trigo,0,0.511,37,142193,0,5,11,2025,Francia,1641,China,1641
2025-11-30,NotHotDog,627,3758,gluten de trigo,0,0.435,36,141400,0,6,11,2025,Francia,1641,China,1641
2025-12-01,NotHotDog,569,3758,gluten de trigo,0,0.408,35,140773,0,0,12,2025,Francia,1641,China,1641
2025-12-02,NotHotDog,506,3758,gluten de trigo,0,0.367,34,140204,0,1,12,2025,Francia,1641,China,1641
2025-12-03,NotHotDog,543,3758,gluten de trigo,0,0.421,37,139698,0,2,12,2025,Francia,1641,China,1641
2025-12-04,NotHotDog,615,3758,gluten de trigo,0,0.391,33,139155,0,3,12,2025,Francia,1641,China,1641
2025-12-05,NotHotDog,731,3758,gluten de trigo,0,0.429,38,138540,0,4,12,2025,Francia,1641,China,1641
2025-12-06,NotHotDog,785,3758,gluten de trigo,0,0.426,32,137809,0,5,12,2025,Francia,1641,China,1641
2025-12-07,NotHotDog,661,3758,gluten de trigo,0,0.397,32,137024,0,6,12,2025,Francia,1641,China,1641
2025-12-08,NotHotDog,529,3758,gluten de trigo,0,0.393,31,136363,0,0,12,2025,Francia,1641,China,1641
2025-12-09,NotHotDog,479,3758,gluten de trigo,0,0.376,31,135834,0,1,12,2025,Francia,1641,China,1641
2025-12-10,NotHotDog,562,3758,gluten de trigo,0,0.38,30,135355,0,2,12,2025,Francia,1641,China,1641
2025-12-11,NotHotDog,620,3758,gluten de trigo,0,0.472,35,134793,0,3,12,2025,Francia,1641,China,1641
2025-12-12,NotHotDog,757,3758,gluten de trigo,0,0.421,36,134173,0,4,12,2025,Francia,1641,China,1641
2025-12-13,NotHotDog,682,3758,gluten de trigo,0,0.416,34,133416,0,5,12,2025,Francia,1641,China,1641
2025-12-14,NotHotDog,618,3758,gluten de trigo,0,0.434,31,132734,0,6,12,2025,Francia,1641,China,1641
2025-12-15,NotHotDog,492,3758,gluten de trigo,0,0.424,33,132116,0,0,12,2025,Francia,1641,China,1641
2025-12-16,NotHotDog,481,3758,gluten de trigo,0,0.443,36,131624,0,1,12,2025,Francia,1641,China,1641
2025-12-17,NotHotDog,524,3758,gluten de trigo,0,0.396,33,131143,0,2,12,2025,Francia,1641,China,1641
2025-12-18,NotHotDog,754,3758,gluten de trigo,0,0.37,32,130619,0,3,12,2025,Francia,1641,China,1641
2025-12-19,NotHotDog,693,3758,gluten de trigo,0,0.325,30,129865,0,4,12,2025,Francia,1641,China,1641
2025-12-20,NotHotDog,763,3758,gluten de trigo,0,0.307,32,129172,0,5,12,2025,Francia,1641,China,1641
2025-12-21,NotHotDog,602,3758,gluten de trigo,0,0.386,32,128409,0,6,12,2025,Francia,1641,China,1641
2025-12-22,NotHotDog,705,3758,gluten de trigo,1,0.331,33,127807,0,0,12,2025,Francia,1641,China,1641
2025-12-23,NotHotDog,522,3758,gluten de trigo,0,0.262,33,127102,0,1,12,2025,Francia,1641,China,1641
2025-12-24,NotHotDog,484,3758,gluten de trigo,0,0.22,31,126580,0,2,12,2025,Francia,1641,China,1641
2025-12-25,NotHotDog,816,3758,gluten de trigo,1,0.426,34,126096,0,3,12,2025,Francia,1641,China,1641
2025-12-26,NotHotDog,705,3758,gluten de trigo,0,0.263,33,125280,0,4,12,2025,Francia,1641,China,1641
2025-12-27,NotHotDog,678,3758,gluten de trigo,0,0.272,30,124575,0,5,12,2025,Francia,1641,China,1641
2025-12-28,NotHotDog,671,3758,gluten de trigo,0,0.362,37,123897,0,6,12,2025,Francia,1641,China,1641
2025-12-29,NotHotDog,572,3758,gluten de trigo,0,0.234,30,123226,0,0,12,2025,Francia,1641,China,1641
2025-12-30,NotHotDog,615,3758,gluten de trigo,1,0.315,34,122654,0,1,12,2025,Francia,1641,China,1641
