fecha,sku,demanda
2024-06-01,SKU000,154
2024-06-02,SKU000,186
2024-06-03,SKU000,193
2024-06-04,SKU000,152
2024-06-05,SKU000,159
2024-06-06,SKU000,137
2024-06-07,SKU000,114
2024-06-08,SKU000,128
2024-06-09,SKU000,164
2024-06-10,SKU000,151
2024-06-11,SKU000,173
2024-06-12,SKU000,169
2024-06-13,SKU000,158
2024-06-14,SKU000,105
2024-06-15,SKU000,173
2024-06-16,SKU000,181
2024-06-17,SKU000,130
2024-06-18,SKU000,161
2024-06-19,SKU000,131
2024-06-20,SKU000,153
2024-06-21,SKU000,111
2024-06-22,SKU000,168
2024-06-23,SKU000,177
2024-06-24,SKU000,152
2024-06-25,SKU000,156
2024-06-26,SKU000,177
2024-06-27,SKU000,121
2024-06-28,SKU000,152
2024-06-29,SKU000,175
2024-06-30,SKU000,169
2024-07-01,SKU000,155
2024-07-02,SKU000,142
2024-07-03,SKU000,175
2024-07-04,SKU000,128
2024-07-05,SKU000,90
2024-07-06,SKU000,174
2024-07-07,SKU000,138
2024-07-08,SKU000,166
2024-07-09,SKU000,170
2024-07-10,SKU000,200
2024-07-11,SKU000,144
2024-07-12,SKU000,120
2024-07-13,SKU000,156
2024-07-14,SKU000,201
2024-07-15,SKU000,218
2024-07-16,SKU000,163
2024-07-17,SKU000,136
2024-07-18,SKU000,105
2024-07-19,SKU000,146
2024-07-20,SKU000,179
2024-07-21,SKU000,134
2024-07-22,SKU000,176
2024-07-23,SKU000,140
2024-07-24,SKU000,145
2024-07-25,SKU000,96
2024-07-26,SKU000,100
2024-07-27,SKU000,181
2024-07-28,SKU000,175
2024-07-29,SKU000,184
2024-07-30,SKU000,178
2024-07-31,SKU000,164
2024-08-01,SKU000,115
2024-08-02,SKU000,122
2024-08-03,SKU000,146
2024-08-04,SKU000,204
2024-08-05,SKU000,184
2024-08-06,SKU000,162
2024-08-07,SKU000,151
2024-08-08,SKU000,167
2024-08-09,SKU000,132
2024-08-10,SKU000,149
2024-08-11,SKU000,224
2024-08-12,SKU000,216
2024-08-13,SKU000,196
2024-08-14,SKU000,130
2024-08-15,SKU000,111
2024-08-16,SKU000,88
2024-08-17,SKU000,177
2024-08-18,SKU000,181
2024-08-19,SKU000,143
2024-08-20,SKU000,196
2024-08-21,SKU000,134
2024-08-22,SKU000,120
2024-08-23,SKU000,96
2024-08-24,SKU000,166
2024-08-25,SKU000,191
2024-08-26,SKU000,184
2024-08-27,SKU000,159
2024-08-28,SKU000,203
2024-08-29,SKU000,97
2024-08-30,SKU000,114
2024-08-31,SKU000,171
2024-09-01,SKU000,156
2024-09-02,SKU000,160
2024-09-03,SKU000,195
2024-09-04,SKU000,156
2024-09-05,SKU000,136
2024-09-06,SKU000,135
2024-09-07,SKU000,139
2024-09-08,SKU000,173
2024-09-09,SKU000,183
2024-09-10,SKU000,188
2024-09-11,SKU000,151
2024-09-12,SKU000,103
2024-09-13,SKU000,149
2024-09-14,SKU000,116
2024-09-15,SKU000,172
2024-09-16,SKU000,159
2024-09-17,SKU000,149
2024-09-18,SKU000,186
2024-09-19,SKU000,91
2024-09-20,SKU000,112
2024-09-21,SKU000,167
2024-09-22,SKU000,168
2024-09-23,SKU000,189
2024-09-24,SKU000,202
2024-09-25,SKU000,157
2024-09-26,SKU000,114
2024-09-27,SKU000,128
2024-09-28,SKU000,167
2024-09-29,SKU000,194
2024-09-30,SKU000,186
2024-10-01,SKU000,177
2024-10-02,SKU000,150
2024-10-03,SKU000,123
2024-10-04,SKU000,117
2024-10-05,SKU000,172
2024-10-06,SKU000,186
2024-10-07,SKU000,137
2024-10-08,SKU000,149
2024-10-09,SKU000,130
2024-10-10,SKU000,120
2024-10-11,SKU000,159
2024-10-12,SKU000,229
2024-10-13,SKU000,122
2024-10-14,SKU000,192
2024-10-15,SKU000,170
2024-10-16,SKU000,137
2024-10-17,SKU000,137
2024-10-18,SKU000,134
2024-10-19,SKU000,147
2024-10-20,SKU000,180
2024-10-21,SKU000,198
2024-10-22,SKU000,179
2024-10-23,SKU000,146
2024-10-24,SKU000,111
2024-10-25,SKU000,196
2024-10-26,SKU000,163
2024-10-27,SKU000,197
2024-10-28,SKU000,173
2024-10-29,SKU000,173
2024-10-30,SKU000,146
2024-10-31,SKU000,80
2024-11-01,SKU000,114
2024-11-02,SKU000,138
2024-11-03,SKU000,165
2024-11-04,SKU000,160
2024-11-05,SKU000,169
2024-11-06,SKU000,174
2024-11-07,SKU000,128
2024-11-08,SKU000,103
2024-11-09,SKU000,131
2024-11-10,SKU000,170
2024-11-11,SKU000,152
2024-11-12,SKU000,176
2024-11-13,SKU000,173
2024-11-14,SKU000,111
2024-11-15,SKU000,133
2024-11-16,SKU000,145
2024-11-17,SKU000,165
2024-11-18,SKU000,190
2024-11-19,SKU000,153
2024-11-20,SKU000,123
2024-11-21,SKU000,87
2024-11-22,SKU000,132
2024-11-23,SKU000,180
2024-11-24,SKU000,196
2024-11-25,SKU000,220
2024-11-26,SKU000,153
2024-11-27,SKU000,161
2024-11-28,SKU000,99
2024-11-29,SKU000,147
2024-11-30,SKU000,193
2024-12-01,SKU000,191
2024-12-02,SKU000,224
2024-12-03,SKU000,155
2024-12-04,SKU000,138
2024-12-05,SKU000,103
2024-12-06,SKU000,132
2024-12-07,SKU000,161
2024-12-08,SKU000,180
2024-12-09,SKU000,174
2024-12-10,SKU000,157
2024-12-11,SKU000,150
2024-12-12,SKU000,121
2024-12-13,SKU000,104
2024-12-14,SKU000,111
2024-12-15,SKU000,165
2024-12-16,SKU000,153
2024-12-17,SKU000,149
2024-12-18,SKU000,132
2024-12-19,SKU000,121
2024-12-20,SKU000,115
2024-12-21,SKU000,206
2024-12-22,SKU000,150
2024-12-23,SKU000,213
2024-12-24,SKU000,165
2024-12-25,SKU000,126
2024-12-26,SKU000,138
2024-12-27,SKU000,120
2024-12-28,SKU000,136
2024-12-29,SKU000,221
2024-12-30,SKU000,134
2024-12-31,SKU000,163
2025-01-01,SKU000,146
2025-01-02,SKU000,158
2025-01-03,SKU000,121
2025-01-04,SKU000,217
2025-01-05,SKU000,197
2025-01-06,SKU000,130
2025-01-07,SKU000,135
2025-01-08,SKU000,147
2025-01-09,SKU000,98
2025-01-10,SKU000,144
2025-01-11,SKU000,144
2025-01-12,SKU000,151
2025-01-13,SKU000,163
2025-01-14,SKU000,188
2025-01-15,SKU000,95
2025-01-16,SKU000,149
2025-01-17,SKU000,156
2025-01-18,SKU000,147
2025-01-19,SKU000,147
2025-01-20,SKU000,198
2025-01-21,SKU000,157
2025-01-22,SKU000,106
2025-01-23,SKU000,169
2025-01-24,SKU000,110
2025-01-25,SKU000,121
2025-01-26,SKU000,186
2025-01-27,SKU000,184
2025-01-28,SKU000,203
2025-01-29,SKU000,133
2025-01-30,SKU000,116
2025-01-31,SKU000,139
2025-02-01,SKU000,160
2025-02-02,SKU000,185
2025-02-03,SKU000,192
2025-02-04,SKU000,172
2025-02-05,SKU000,132
2025-02-06,SKU000,144
2025-02-07,SKU000,122
2025-02-08,SKU000,174
2025-02-09,SKU000,212
2025-02-10,SKU000,169
2025-02-11,SKU000,224
2025-02-12,SKU000,125
2025-02-13,SKU000,108
2025-02-14,SKU000,143
2025-02-15,SKU000,165
2025-02-16,SKU000,181
2025-02-17,SKU000,204
2025-02-18,SKU000,174
2025-02-19,SKU000,190
2025-02-20,SKU000,124
2025-02-21,SKU000,111
2025-02-22,SKU000,142
2025-02-23,SKU000,190
2025-02-24,SKU000,197
2025-02-25,SKU000,173
2025-02-26,SKU000,122
2025-02-27,SKU000,151
2025-02-28,SKU000,176
2025-03-01,SKU000,156
2025-03-02,SKU000,221
2025-03-03,SKU000,205
2025-03-04,SKU000,220
2025-03-05,SKU000,153
2025-03-06,SKU000,128
2025-03-07,SKU000,150
2025-03-08,SKU000,145
2025-03-09,SKU000,189
2025-03-10,SKU000,216
2025-03-11,SKU000,188
2025-03-12,SKU000,141
2025-03-13,SKU000,129
2025-03-14,SKU000,148
2025-03-15,SKU000,172
2025-03-16,SKU000,197
2025-03-17,SKU000,193
2025-03-18,SKU000,149
2025-03-19,SKU000,126
2025-03-20,SKU000,135
2025-03-21,SKU000,150
2025-03-22,SKU000,171
2025-03-23,SKU000,164
2025-03-24,SKU000,182
2025-03-25,SKU000,141
2025-03-26,SKU000,109
2025-03-27,SKU000,127
2025-03-28,SKU000,162
2025-03-29,SKU000,157
2025-03-30,SKU000,224
2025-03-31,SKU000,181
2025-04-01,SKU000,169
2025-04-02,SKU000,119
2025-04-03,SKU000,117
2025-04-04,SKU000,103
2025-04-05,SKU000,119
2025-04-06,SKU000,152
2025-04-07,SKU000,187
2025-04-08,SKU000,151
2025-04-09,SKU000,130
2025-04-10,SKU000,134
2025-04-11,SKU000,95
2025-04-12,SKU000,157
2025-04-13,SKU000,199
2025-04-14,SKU000,207
2025-04-15,SKU000,180
2025-04-16,SKU000,140
2025-04-17,SKU000,110
2025-04-18,SKU000,129
2025-04-19,SKU000,193
2025-04-20,SKU000,186
2025-04-21,SKU000,183
2025-04-22,SKU000,182
2025-04-23,SKU000,143
2025-04-24,SKU000,130
2025-04-25,SKU000,125
2025-04-26,SKU000,145
2025-04-27,SKU000,202
2025-04-28,SKU000,140
2025-04-29,SKU000,180
2025-04-30,SKU000,130
2025-05-01,SKU000,80
2025-05-02,SKU000,108
2025-05-03,SKU000,154
2025-05-04,SKU000,182
2025-05-05,SKU000,202
2025-05-06,SKU000,187
2025-05-07,SKU000,106
2025-05-08,SKU000,134
2025-05-09,SKU000,148
2025-05-10,SKU000,160
2025-05-11,SKU000,191
2025-05-12,SKU000,140
2025-05-13,SKU000,145
2025-05-14,SKU000,173
2025-05-15,SKU000,118
2025-05-16,SKU000,182
2025-05-17,SKU000,125
2025-05-18,SKU000,216
2025-05-19,SKU000,171
2025-05-20,SKU000,189
2025-05-21,SKU000,135
2025-05-22,SKU000,127
2025-05-23,SKU000,145
2025-05-24,SKU000,141
2025-05-25,SKU000,198
2025-05-26,SKU000,179
2025-05-27,SKU000,173
2025-05-28,SKU000,80
2025-05-29,SKU000,117
2025-05-30,SKU000,160
2025-05-31,SKU000,171
2025-06-01,SKU000,200
2025-06-02,SKU000,186
2025-06-03,SKU000,207
2025-06-04,SKU000,148
2025-06-05,SKU000,109
2025-06-06,SKU000,151
2025-06-07,SKU000,176
2025-06-08,SKU000,194
2025-06-09,SKU000,176
2025-06-10,SKU000,175
2025-06-11,SKU000,174
2025-06-12,SKU000,136
2025-06-13,SKU000,96
2025-06-14,SKU000,140
2025-06-15,SKU000,164
2025-06-16,SKU000,168
2025-06-17,SKU000,119
2025-06-18,SKU000,186
2025-06-19,SKU000,104
2025-06-20,SKU000,112
2025-06-21,SKU000,110
2025-06-22,SKU000,199
2025-06-23,SKU000,183
2025-06-24,SKU000,160
2025-06-25,SKU000,135
2025-06-26,SKU000,138
2025-06-27,SKU000,120
2025-06-28,SKU000,109
2025-06-29,SKU000,149
2025-06-30,SKU000,154
2025-07-01,SKU000,175
2025-07-02,SKU000,163
2025-07-03,SKU000,159
2025-07-04,SKU000,93
2025-07-05,SKU000,169
2024-06-01,SKU001,68
2024-06-02,SKU001,120
2024-06-03,SKU001,105
2024-06-04,SKU001,101
2024-06-05,SKU001,78
2024-06-06,SKU001,65
2024-06-07,SKU001,59
2024-06-08,SKU001,68
2024-06-09,SKU001,78
2024-06-10,SKU001,97
2024-06-11,SKU001,99
2024-06-12,SKU001,64
2024-06-13,SKU001,52
2024-06-14,SKU001,47
2024-06-15,SKU001,78
2024-06-16,SKU001,101
2024-06-17,SKU001,104
2024-06-18,SKU001,97
2024-06-19,SKU001,73
2024-06-20,SKU001,61
2024-06-21,SKU001,78
2024-06-22,SKU001,63
2024-06-23,SKU001,82
2024-06-24,SKU001,109
2024-06-25,SKU001,69
2024-06-26,SKU001,68
2024-06-27,SKU001,67
2024-06-28,SKU001,64
2024-06-29,SKU001,88
2024-06-30,SKU001,104
2024-07-01,SKU001,95
2024-07-02,SKU001,97
2024-07-03,SKU001,58
2024-07-04,SKU001,59
2024-07-05,SKU001,90
2024-07-06,SKU001,97
2024-07-07,SKU001,72
2024-07-08,SKU001,89
2024-07-09,SKU001,83
2024-07-10,SKU001,73
2024-07-11,SKU001,75
2024-07-12,SKU001,84
2024-07-13,SKU001,75
2024-07-14,SKU001,99
2024-07-15,SKU001,97
2024-07-16,SKU001,81
2024-07-17,SKU001,49
2024-07-18,SKU001,72
2024-07-19,SKU001,70
2024-07-20,SKU001,79
2024-07-21,SKU001,76
2024-07-22,SKU001,112
2024-07-23,SKU001,83
2024-07-24,SKU001,56
2024-07-25,SKU001,46
2024-07-26,SKU001,71
2024-07-27,SKU001,83
2024-07-28,SKU001,82
2024-07-29,SKU001,95
2024-07-30,SKU001,89
2024-07-31,SKU001,70
2024-08-01,SKU001,52
2024-08-02,SKU001,74
2024-08-03,SKU001,84
2024-08-04,SKU001,93
2024-08-05,SKU001,80
2024-08-06,SKU001,67
2024-08-07,SKU001,69
2024-08-08,SKU001,71
2024-08-09,SKU001,75
2024-08-10,SKU001,82
2024-08-11,SKU001,82
2024-08-12,SKU001,81
2024-08-13,SKU001,81
2024-08-14,SKU001,68
2024-08-15,SKU001,73
2024-08-16,SKU001,58
2024-08-17,SKU001,71
2024-08-18,SKU001,110
2024-08-19,SKU001,107
2024-08-20,SKU001,72
2024-08-21,SKU001,85
2024-08-22,SKU001,48
2024-08-23,SKU001,58
2024-08-24,SKU001,71
2024-08-25,SKU001,86
2024-08-26,SKU001,97
2024-08-27,SKU001,83
2024-08-28,SKU001,75
2024-08-29,SKU001,56
2024-08-30,SKU001,67
2024-08-31,SKU001,76
2024-09-01,SKU001,71
2024-09-02,SKU001,95
2024-09-03,SKU001,83
2024-09-04,SKU001,60
2024-09-05,SKU001,56
2024-09-06,SKU001,59
2024-09-07,SKU001,72
2024-09-08,SKU001,107
2024-09-09,SKU001,113
2024-09-10,SKU001,51
2024-09-11,SKU001,74
2024-09-12,SKU001,71
2024-09-13,SKU001,61
2024-09-14,SKU001,85
2024-09-15,SKU001,105
2024-09-16,SKU001,74
2024-09-17,SKU001,83
2024-09-18,SKU001,91
2024-09-19,SKU001,46
2024-09-20,SKU001,62
2024-09-21,SKU001,70
2024-09-22,SKU001,99
2024-09-23,SKU001,103
2024-09-24,SKU001,83
2024-09-25,SKU001,69
2024-09-26,SKU001,41
2024-09-27,SKU001,79
2024-09-28,SKU001,71
2024-09-29,SKU001,85
2024-09-30,SKU001,101
2024-10-01,SKU001,84
2024-10-02,SKU001,80
2024-10-03,SKU001,67
2024-10-04,SKU001,66
2024-10-05,SKU001,78
2024-10-06,SKU001,74
2024-10-07,SKU001,88
2024-10-08,SKU001,94
2024-10-09,SKU001,58
2024-10-10,SKU001,52
2024-10-11,SKU001,53
2024-10-12,SKU001,77
2024-10-13,SKU001,103
2024-10-14,SKU001,96
2024-10-15,SKU001,57
2024-10-16,SKU001,76
2024-10-17,SKU001,55
2024-10-18,SKU001,69
2024-10-19,SKU001,73
2024-10-20,SKU001,77
2024-10-21,SKU001,89
2024-10-22,SKU001,77
2024-10-23,SKU001,72
2024-10-24,SKU001,50
2024-10-25,SKU001,51
2024-10-26,SKU001,83
2024-10-27,SKU001,99
2024-10-28,SKU001,96
2024-10-29,SKU001,74
2024-10-30,SKU001,60
2024-10-31,SKU001,53
2024-11-01,SKU001,73
2024-11-02,SKU001,66
2024-11-03,SKU001,97
2024-11-04,SKU001,97
2024-11-05,SKU001,95
2024-11-06,SKU001,80
2024-11-07,SKU001,66
2024-11-08,SKU001,47
2024-11-09,SKU001,82
2024-11-10,SKU001,88
2024-11-11,SKU001,85
2024-11-12,SKU001,97
2024-11-13,SKU001,67
2024-11-14,SKU001,54
2024-11-15,SKU001,76
2024-11-16,SKU001,70
2024-11-17,SKU001,80
2024-11-18,SKU001,77
2024-11-19,SKU001,72
2024-11-20,SKU001,60
2024-11-21,SKU001,67
2024-11-22,SKU001,52
2024-11-23,SKU001,54
2024-11-24,SKU001,90
2024-11-25,SKU001,82
2024-11-26,SKU001,81
2024-11-27,SKU001,83
2024-11-28,SKU001,61
2024-11-29,SKU001,80
2024-11-30,SKU001,74
2024-12-01,SKU001,98
2024-12-02,SKU001,83
2024-12-03,SKU001,83
2024-12-04,SKU001,58
2024-12-05,SKU001,51
2024-12-06,SKU001,61
2024-12-07,SKU001,60
2024-12-08,SKU001,89
2024-12-09,SKU001,86
2024-12-10,SKU001,84
2024-12-11,SKU001,54
2024-12-12,SKU001,68
2024-12-13,SKU001,82
2024-12-14,SKU001,92
2024-12-15,SKU001,108
2024-12-16,SKU001,90
2024-12-17,SKU001,78
2024-12-18,SKU001,74
2024-12-19,SKU001,58
2024-12-20,SKU001,44
2024-12-21,SKU001,84
2024-12-22,SKU001,84
2024-12-23,SKU001,73
2024-12-24,SKU001,76
2024-12-25,SKU001,66
2024-12-26,SKU001,61
2024-12-27,SKU001,64
2024-12-28,SKU001,90
2024-12-29,SKU001,72
2024-12-30,SKU001,88
2024-12-31,SKU001,72
2025-01-01,SKU001,83
2025-01-02,SKU001,54
2025-01-03,SKU001,59
2025-01-04,SKU001,87
2025-01-05,SKU001,102
2025-01-06,SKU001,106
2025-01-07,SKU001,63
2025-01-08,SKU001,74
2025-01-09,SKU001,63
2025-01-10,SKU001,63
2025-01-11,SKU001,76
2025-01-12,SKU001,101
2025-01-13,SKU001,101
2025-01-14,SKU001,92
2025-01-15,SKU001,71
2025-01-16,SKU001,86
2025-01-17,SKU001,59
2025-01-18,SKU001,57
2025-01-19,SKU001,84
2025-01-20,SKU001,90
2025-01-21,SKU001,96
2025-01-22,SKU001,63
2025-01-23,SKU001,66
2025-01-24,SKU001,47
2025-01-25,SKU001,87
2025-01-26,SKU001,87
2025-01-27,SKU001,86
2025-01-28,SKU001,105
2025-01-29,SKU001,81
2025-01-30,SKU001,49
2025-01-31,SKU001,62
2025-02-01,SKU001,106
2025-02-02,SKU001,109
2025-02-03,SKU001,100
2025-02-04,SKU001,61
2025-02-05,SKU001,83
2025-02-06,SKU001,53
2025-02-07,SKU001,78
2025-02-08,SKU001,67
2025-02-09,SKU001,92
2025-02-10,SKU001,82
2025-02-11,SKU001,77
2025-02-12,SKU001,75
2025-02-13,SKU001,46
2025-02-14,SKU001,90
2025-02-15,SKU001,63
2025-02-16,SKU001,75
2025-02-17,SKU001,97
2025-02-18,SKU001,96
2025-02-19,SKU001,65
2025-02-20,SKU001,48
2025-02-21,SKU001,53
2025-02-22,SKU001,63
2025-02-23,SKU001,90
2025-02-24,SKU001,89
2025-02-25,SKU001,86
2025-02-26,SKU001,73
2025-02-27,SKU001,70
2025-02-28,SKU001,59
2025-03-01,SKU001,67
2025-03-02,SKU001,88
2025-03-03,SKU001,89
2025-03-04,SKU001,84
2025-03-05,SKU001,60
2025-03-06,SKU001,68
2025-03-07,SKU001,50
2025-03-08,SKU001,70
2025-03-09,SKU001,99
2025-03-10,SKU001,77
2025-03-11,SKU001,93
2025-03-12,SKU001,53
2025-03-13,SKU001,43
2025-03-14,SKU001,46
2025-03-15,SKU001,76
2025-03-16,SKU001,95
2025-03-17,SKU001,104
2025-03-18,SKU001,95
2025-03-19,SKU001,78
2025-03-20,SKU001,51
2025-03-21,SKU001,54
2025-03-22,SKU001,84
2025-03-23,SKU001,103
2025-03-24,SKU001,78
2025-03-25,SKU001,96
2025-03-26,SKU001,47
2025-03-27,SKU001,65
2025-03-28,SKU001,62
2025-03-29,SKU001,73
2025-03-30,SKU001,87
2025-03-31,SKU001,80
2025-04-01,SKU001,87
2025-04-02,SKU001,69
2025-04-03,SKU001,71
2025-04-04,SKU001,81
2025-04-05,SKU001,76
2025-04-06,SKU001,78
2025-04-07,SKU001,77
2025-04-08,SKU001,101
2025-04-09,SKU001,86
2025-04-10,SKU001,70
2025-04-11,SKU001,64
2025-04-12,SKU001,84
2025-04-13,SKU001,101
2025-04-14,SKU001,83
2025-04-15,SKU001,82
2025-04-16,SKU001,56
2025-04-17,SKU001,59
2025-04-18,SKU001,81
2025-04-19,SKU001,87
2025-04-20,SKU001,88
2025-04-21,SKU001,59
2025-04-22,SKU001,74
2025-04-23,SKU001,70
2025-04-24,SKU001,58
2025-04-25,SKU001,64
2025-04-26,SKU001,78
2025-04-27,SKU001,81
2025-04-28,SKU001,90
2025-04-29,SKU001,80
2025-04-30,SKU001,61
2025-05-01,SKU001,81
2025-05-02,SKU001,58
2025-05-03,SKU001,50
2025-05-04,SKU001,107
2025-05-05,SKU001,80
2025-05-06,SKU001,92
2025-05-07,SKU001,61
2025-05-08,SKU001,67
2025-05-09,SKU001,63
2025-05-10,SKU001,86
2025-05-11,SKU001,84
2025-05-12,SKU001,82
2025-05-13,SKU001,84
2025-05-14,SKU001,64
2025-05-15,SKU001,39
2025-05-16,SKU001,57
2025-05-17,SKU001,107
2025-05-18,SKU001,66
2025-05-19,SKU001,92
2025-05-20,SKU001,79
2025-05-21,SKU001,89
2025-05-22,SKU001,48
2025-05-23,SKU001,64
2025-05-24,SKU001,83
2025-05-25,SKU001,85
2025-05-26,SKU001,81
2025-05-27,SKU001,81
2025-05-28,SKU001,65
2025-05-29,SKU001,57
2025-05-30,SKU001,74
2025-05-31,SKU001,80
2025-06-01,SKU001,93
2025-06-02,SKU001,93
2025-06-03,SKU001,92
2025-06-04,SKU001,83
2025-06-05,SKU001,57
2025-06-06,SKU001,72
2025-06-07,SKU001,60
2025-06-08,SKU001,61
2025-06-09,SKU001,110
2025-06-10,SKU001,78
2025-06-11,SKU001,71
2025-06-12,SKU001,47
2025-06-13,SKU001,49
2025-06-14,SKU001,67
2025-06-15,SKU001,94
2025-06-16,SKU001,84
2025-06-17,SKU001,78
2025-06-18,SKU001,60
2025-06-19,SKU001,73
2025-06-20,SKU001,73
2025-06-21,SKU001,70
2025-06-22,SKU001,94
2025-06-23,SKU001,87
2025-06-24,SKU001,78
2025-06-25,SKU001,68
2025-06-26,SKU001,68
2025-06-27,SKU001,53
2025-06-28,SKU001,81
2025-06-29,SKU001,115
2025-06-30,SKU001,92
2025-07-01,SKU001,82
2025-07-02,SKU001,68
2025-07-03,SKU001,66
2025-07-04,SKU001,45
2025-07-05,SKU001,94
2024-06-01,SKU002,226
2024-06-02,SKU002,176
2024-06-03,SKU002,199
2024-06-04,SKU002,167
2024-06-05,SKU002,159
2024-06-06,SKU002,135
2024-06-07,SKU002,146
2024-06-08,SKU002,140
2024-06-09,SKU002,180
2024-06-10,SKU002,227
2024-06-11,SKU002,167
2024-06-12,SKU002,86
2024-06-13,SKU002,130
2024-06-14,SKU002,200
2024-06-15,SKU002,187
2024-06-16,SKU002,177
2024-06-17,SKU002,197
2024-06-18,SKU002,197
2024-06-19,SKU002,108
2024-06-20,SKU002,112
2024-06-21,SKU002,150
2024-06-22,SKU002,206
2024-06-23,SKU002,181
2024-06-24,SKU002,237
2024-06-25,SKU002,162
2024-06-26,SKU002,67
2024-06-27,SKU002,152
2024-06-28,SKU002,153
2024-06-29,SKU002,184
2024-06-30,SKU002,209
2024-07-01,SKU002,203
2024-07-02,SKU002,174
2024-07-03,SKU002,146
2024-07-04,SKU002,122
2024-07-05,SKU002,130
2024-07-06,SKU002,121
2024-07-07,SKU002,162
2024-07-08,SKU002,194
2024-07-09,SKU002,125
2024-07-10,SKU002,102
2024-07-11,SKU002,125
2024-07-12,SKU002,137
2024-07-13,SKU002,158
2024-07-14,SKU002,133
2024-07-15,SKU002,237
2024-07-16,SKU002,145
2024-07-17,SKU002,131
2024-07-18,SKU002,102
2024-07-19,SKU002,172
2024-07-20,SKU002,176
2024-07-21,SKU002,180
2024-07-22,SKU002,185
2024-07-23,SKU002,185
2024-07-24,SKU002,121
2024-07-25,SKU002,143
2024-07-26,SKU002,126
2024-07-27,SKU002,179
2024-07-28,SKU002,204
2024-07-29,SKU002,184
2024-07-30,SKU002,129
2024-07-31,SKU002,145
2024-08-01,SKU002,98
2024-08-02,SKU002,142
2024-08-03,SKU002,160
2024-08-04,SKU002,177
2024-08-05,SKU002,166
2024-08-06,SKU002,210
2024-08-07,SKU002,140
2024-08-08,SKU002,192
2024-08-09,SKU002,141
2024-08-10,SKU002,175
2024-08-11,SKU002,193
2024-08-12,SKU002,207
2024-08-13,SKU002,208
2024-08-14,SKU002,179
2024-08-15,SKU002,90
2024-08-16,SKU002,161
2024-08-17,SKU002,178
2024-08-18,SKU002,193
2024-08-19,SKU002,241
2024-08-20,SKU002,224
2024-08-21,SKU002,174
2024-08-22,SKU002,120
2024-08-23,SKU002,110
2024-08-24,SKU002,185
2024-08-25,SKU002,226
2024-08-26,SKU002,148
2024-08-27,SKU002,207
2024-08-28,SKU002,145
2024-08-29,SKU002,89
2024-08-30,SKU002,152
2024-08-31,SKU002,189
2024-09-01,SKU002,183
2024-09-02,SKU002,172
2024-09-03,SKU002,223
2024-09-04,SKU002,135
2024-09-05,SKU002,163
2024-09-06,SKU002,102
2024-09-07,SKU002,176
2024-09-08,SKU002,202
2024-09-09,SKU002,220
2024-09-10,SKU002,218
2024-09-11,SKU002,131
2024-09-12,SKU002,147
2024-09-13,SKU002,106
2024-09-14,SKU002,132
2024-09-15,SKU002,178
2024-09-16,SKU002,209
2024-09-17,SKU002,222
2024-09-18,SKU002,198
2024-09-19,SKU002,125
2024-09-20,SKU002,148
2024-09-21,SKU002,189
2024-09-22,SKU002,211
2024-09-23,SKU002,194
2024-09-24,SKU002,182
2024-09-25,SKU002,149
2024-09-26,SKU002,128
2024-09-27,SKU002,132
2024-09-28,SKU002,163
2024-09-29,SKU002,182
2024-09-30,SKU002,170
2024-10-01,SKU002,202
2024-10-02,SKU002,164
2024-10-03,SKU002,180
2024-10-04,SKU002,149
2024-10-05,SKU002,156
2024-10-06,SKU002,176
2024-10-07,SKU002,200
2024-10-08,SKU002,194
2024-10-09,SKU002,146
2024-10-10,SKU002,97
2024-10-11,SKU002,122
2024-10-12,SKU002,166
2024-10-13,SKU002,210
2024-10-14,SKU002,161
2024-10-15,SKU002,187
2024-10-16,SKU002,157
2024-10-17,SKU002,122
2024-10-18,SKU002,125
2024-10-19,SKU002,148
2024-10-20,SKU002,195
2024-10-21,SKU002,226
2024-10-22,SKU002,210
2024-10-23,SKU002,124
2024-10-24,SKU002,129
2024-10-25,SKU002,85
2024-10-26,SKU002,169
2024-10-27,SKU002,207
2024-10-28,SKU002,237
2024-10-29,SKU002,136
2024-10-30,SKU002,125
2024-10-31,SKU002,137
2024-11-01,SKU002,100
2024-11-02,SKU002,170
2024-11-03,SKU002,207
2024-11-04,SKU002,166
2024-11-05,SKU002,184
2024-11-06,SKU002,121
2024-11-07,SKU002,168
2024-11-08,SKU002,145
2024-11-09,SKU002,150
2024-11-10,SKU002,161
2024-11-11,SKU002,208
2024-11-12,SKU002,214
2024-11-13,SKU002,132
2024-11-14,SKU002,123
2024-11-15,SKU002,121
2024-11-16,SKU002,205
2024-11-17,SKU002,144
2024-11-18,SKU002,230
2024-11-19,SKU002,171
2024-11-20,SKU002,150
2024-11-21,SKU002,125
2024-11-22,SKU002,146
2024-11-23,SKU002,148
2024-11-24,SKU002,218
2024-11-25,SKU002,226
2024-11-26,SKU002,156
2024-11-27,SKU002,168
2024-11-28,SKU002,125
2024-11-29,SKU002,141
2024-11-30,SKU002,204
2024-12-01,SKU002,175
2024-12-02,SKU002,221
2024-12-03,SKU002,192
2024-12-04,SKU002,147
2024-12-05,SKU002,143
2024-12-06,SKU002,146
2024-12-07,SKU002,137
2024-12-08,SKU002,177
2024-12-09,SKU002,172
2024-12-10,SKU002,174
2024-12-11,SKU002,185
2024-12-12,SKU002,148
2024-12-13,SKU002,104
2024-12-14,SKU002,159
2024-12-15,SKU002,198
2024-12-16,SKU002,217
2024-12-17,SKU002,164
2024-12-18,SKU002,121
2024-12-19,SKU002,132
2024-12-20,SKU002,154
2024-12-21,SKU002,172
2024-12-22,SKU002,170
2024-12-23,SKU002,242
2024-12-24,SKU002,178
2024-12-25,SKU002,156
2024-12-26,SKU002,117
2024-12-27,SKU002,168
2024-12-28,SKU002,180
2024-12-29,SKU002,200
2024-12-30,SKU002,170
2024-12-31,SKU002,208
2025-01-01,SKU002,170
2025-01-02,SKU002,159
2025-01-03,SKU002,141
2025-01-04,SKU002,164
2025-01-05,SKU002,187
2025-01-06,SKU002,255
2025-01-07,SKU002,167
2025-01-08,SKU002,122
2025-01-09,SKU002,124
2025-01-10,SKU002,127
2025-01-11,SKU002,197
2025-01-12,SKU002,158
2025-01-13,SKU002,184
2025-01-14,SKU002,185
2025-01-15,SKU002,183
2025-01-16,SKU002,151
2025-01-17,SKU002,180
2025-01-18,SKU002,175
2025-01-19,SKU002,187
2025-01-20,SKU002,220
2025-01-21,SKU002,146
2025-01-22,SKU002,109
2025-01-23,SKU002,158
2025-01-24,SKU002,145
2025-01-25,SKU002,190
2025-01-26,SKU002,171
2025-01-27,SKU002,230
2025-01-28,SKU002,197
2025-01-29,SKU002,151
2025-01-30,SKU002,139
2025-01-31,SKU002,149
2025-02-01,SKU002,145
2025-02-02,SKU002,182
2025-02-03,SKU002,207
2025-02-04,SKU002,170
2025-02-05,SKU002,115
2025-02-06,SKU002,141
2025-02-07,SKU002,161
2025-02-08,SKU002,193
2025-02-09,SKU002,205
2025-02-10,SKU002,219
2025-02-11,SKU002,205
2025-02-12,SKU002,154
2025-02-13,SKU002,81
2025-02-14,SKU002,169
2025-02-15,SKU002,144
2025-02-16,SKU002,164
2025-02-17,SKU002,171
2025-02-18,SKU002,242
2025-02-19,SKU002,163
2025-02-20,SKU002,108
2025-02-21,SKU002,123
2025-02-22,SKU002,166
2025-02-23,SKU002,205
2025-02-24,SKU002,205
2025-02-25,SKU002,157
2025-02-26,SKU002,159
2025-02-27,SKU002,118
2025-02-28,SKU002,166
2025-03-01,SKU002,167
2025-03-02,SKU002,173
2025-03-03,SKU002,216
2025-03-04,SKU002,190
2025-03-05,SKU002,140
2025-03-06,SKU002,152
2025-03-07,SKU002,156
2025-03-08,SKU002,196
2025-03-09,SKU002,210
2025-03-10,SKU002,193
2025-03-11,SKU002,138
2025-03-12,SKU002,156
2025-03-13,SKU002,142
2025-03-14,SKU002,141
2025-03-15,SKU002,91
2025-03-16,SKU002,209
2025-03-17,SKU002,176
2025-03-18,SKU002,197
2025-03-19,SKU002,194
2025-03-20,SKU002,127
2025-03-21,SKU002,151
2025-03-22,SKU002,167
2025-03-23,SKU002,205
2025-03-24,SKU002,201
2025-03-25,SKU002,168
2025-03-26,SKU002,129
2025-03-27,SKU002,173
2025-03-28,SKU002,151
2025-03-29,SKU002,187
2025-03-30,SKU002,202
2025-03-31,SKU002,223
2025-04-01,SKU002,158
2025-04-02,SKU002,154
2025-04-03,SKU002,146
2025-04-04,SKU002,172
2025-04-05,SKU002,233
2025-04-06,SKU002,202
2025-04-07,SKU002,182
2025-04-08,SKU002,151
2025-04-09,SKU002,129
2025-04-10,SKU002,114
2025-04-11,SKU002,68
2025-04-12,SKU002,149
2025-04-13,SKU002,210
2025-04-14,SKU002,200
2025-04-15,SKU002,174
2025-04-16,SKU002,111
2025-04-17,SKU002,160
2025-04-18,SKU002,153
2025-04-19,SKU002,166
2025-04-20,SKU002,137
2025-04-21,SKU002,186
2025-04-22,SKU002,191
2025-04-23,SKU002,151
2025-04-24,SKU002,138
2025-04-25,SKU002,157
2025-04-26,SKU002,170
2025-04-27,SKU002,208
2025-04-28,SKU002,177
2025-04-29,SKU002,150
2025-04-30,SKU002,163
2025-05-01,SKU002,151
2025-05-02,SKU002,153
2025-05-03,SKU002,169
2025-05-04,SKU002,184
2025-05-05,SKU002,204
2025-05-06,SKU002,190
2025-05-07,SKU002,163
2025-05-08,SKU002,199
2025-05-09,SKU002,117
2025-05-10,SKU002,246
2025-05-11,SKU002,161
2025-05-12,SKU002,208
2025-05-13,SKU002,151
2025-05-14,SKU002,159
2025-05-15,SKU002,158
2025-05-16,SKU002,141
2025-05-17,SKU002,190
2025-05-18,SKU002,181
2025-05-19,SKU002,147
2025-05-20,SKU002,196
2025-05-21,SKU002,152
2025-05-22,SKU002,122
2025-05-23,SKU002,130
2025-05-24,SKU002,176
2025-05-25,SKU002,172
2025-05-26,SKU002,208
2025-05-27,SKU002,210
2025-05-28,SKU002,203
2025-05-29,SKU002,169
2025-05-30,SKU002,144
2025-05-31,SKU002,172
2025-06-01,SKU002,182
2025-06-02,SKU002,187
2025-06-03,SKU002,202
2025-06-04,SKU002,144
2025-06-05,SKU002,143
2025-06-06,SKU002,116
2025-06-07,SKU002,200
2025-06-08,SKU002,184
2025-06-09,SKU002,225
2025-06-10,SKU002,163
2025-06-11,SKU002,133
2025-06-12,SKU002,167
2025-06-13,SKU002,124
2025-06-14,SKU002,127
2025-06-15,SKU002,166
2025-06-16,SKU002,220
2025-06-17,SKU002,199
2025-06-18,SKU002,133
2025-06-19,SKU002,118
2025-06-20,SKU002,157
2025-06-21,SKU002,199
2025-06-22,SKU002,190
2025-06-23,SKU002,212
2025-06-24,SKU002,202
2025-06-25,SKU002,205
2025-06-26,SKU002,105
2025-06-27,SKU002,123
2025-06-28,SKU002,153
2025-06-29,SKU002,213
2025-06-30,SKU002,192
2025-07-01,SKU002,188
2025-07-02,SKU002,155
2025-07-03,SKU002,134
2025-07-04,SKU002,143
2025-07-05,SKU002,192
2024-06-01,SKU003,55
2024-06-02,SKU003,73
2024-06-03,SKU003,65
2024-06-04,SKU003,72
2024-06-05,SKU003,57
2024-06-06,SKU003,62
2024-06-07,SKU003,54
2024-06-08,SKU003,60
2024-06-09,SKU003,72
2024-06-10,SKU003,93
2024-06-11,SKU003,54
2024-06-12,SKU003,52
2024-06-13,SKU003,52
2024-06-14,SKU003,48
2024-06-15,SKU003,69
2024-06-16,SKU003,73
2024-06-17,SKU003,79
2024-06-18,SKU003,71
2024-06-19,SKU003,57
2024-06-20,SKU003,39
2024-06-21,SKU003,56
2024-06-22,SKU003,47
2024-06-23,SKU003,68
2024-06-24,SKU003,81
2024-06-25,SKU003,81
2024-06-26,SKU003,81
2024-06-27,SKU003,47
2024-06-28,SKU003,46
2024-06-29,SKU003,69
2024-06-30,SKU003,92
2024-07-01,SKU003,91
2024-07-02,SKU003,60
2024-07-03,SKU003,57
2024-07-04,SKU003,60
2024-07-05,SKU003,63
2024-07-06,SKU003,70
2024-07-07,SKU003,70
2024-07-08,SKU003,82
2024-07-09,SKU003,78
2024-07-10,SKU003,49
2024-07-11,SKU003,64
2024-07-12,SKU003,64
2024-07-13,SKU003,57
2024-07-14,SKU003,83
2024-07-15,SKU003,84
2024-07-16,SKU003,78
2024-07-17,SKU003,74
2024-07-18,SKU003,51
2024-07-19,SKU003,57
2024-07-20,SKU003,39
2024-07-21,SKU003,85
2024-07-22,SKU003,86
2024-07-23,SKU003,83
2024-07-24,SKU003,49
2024-07-25,SKU003,61
2024-07-26,SKU003,64
2024-07-27,SKU003,58
2024-07-28,SKU003,84
2024-07-29,SKU003,81
2024-07-30,SKU003,53
2024-07-31,SKU003,64
2024-08-01,SKU003,44
2024-08-02,SKU003,38
2024-08-03,SKU003,68
2024-08-04,SKU003,73
2024-08-05,SKU003,90
2024-08-06,SKU003,71
2024-08-07,SKU003,66
2024-08-08,SKU003,56
2024-08-09,SKU003,64
2024-08-10,SKU003,55
2024-08-11,SKU003,76
2024-08-12,SKU003,75
2024-08-13,SKU003,76
2024-08-14,SKU003,61
2024-08-15,SKU003,46
2024-08-16,SKU003,51
2024-08-17,SKU003,80
2024-08-18,SKU003,58
2024-08-19,SKU003,83
2024-08-20,SKU003,81
2024-08-21,SKU003,64
2024-08-22,SKU003,70
2024-08-23,SKU003,63
2024-08-24,SKU003,68
2024-08-25,SKU003,70
2024-08-26,SKU003,80
2024-08-27,SKU003,76
2024-08-28,SKU003,58
2024-08-29,SKU003,44
2024-08-30,SKU003,42
2024-08-31,SKU003,66
2024-09-01,SKU003,60
2024-09-02,SKU003,72
2024-09-03,SKU003,46
2024-09-04,SKU003,66
2024-09-05,SKU003,63
2024-09-06,SKU003,55
2024-09-07,SKU003,82
2024-09-08,SKU003,87
2024-09-09,SKU003,81
2024-09-10,SKU003,68
2024-09-11,SKU003,55
2024-09-12,SKU003,57
2024-09-13,SKU003,53
2024-09-14,SKU003,69
2024-09-15,SKU003,80
2024-09-16,SKU003,74
2024-09-17,SKU003,80
2024-09-18,SKU003,56
2024-09-19,SKU003,52
2024-09-20,SKU003,45
2024-09-21,SKU003,61
2024-09-22,SKU003,95
2024-09-23,SKU003,68
2024-09-24,SKU003,74
2024-09-25,SKU003,54
2024-09-26,SKU003,30
2024-09-27,SKU003,59
2024-09-28,SKU003,59
2024-09-29,SKU003,77
2024-09-30,SKU003,86
2024-10-01,SKU003,72
2024-10-02,SKU003,62
2024-10-03,SKU003,43
2024-10-04,SKU003,61
2024-10-05,SKU003,62
2024-10-06,SKU003,55
2024-10-07,SKU003,84
2024-10-08,SKU003,80
2024-10-09,SKU003,73
2024-10-10,SKU003,72
2024-10-11,SKU003,61
2024-10-12,SKU003,69
2024-10-13,SKU003,84
2024-10-14,SKU003,68
2024-10-15,SKU003,54
2024-10-16,SKU003,54
2024-10-17,SKU003,64
2024-10-18,SKU003,48
2024-10-19,SKU003,68
2024-10-20,SKU003,80
2024-10-21,SKU003,79
2024-10-22,SKU003,57
2024-10-23,SKU003,62
2024-10-24,SKU003,47
2024-10-25,SKU003,70
2024-10-26,SKU003,75
2024-10-27,SKU003,70
2024-10-28,SKU003,93
2024-10-29,SKU003,73
2024-10-30,SKU003,42
2024-10-31,SKU003,51
2024-11-01,SKU003,70
2024-11-02,SKU003,56
2024-11-03,SKU003,73
2024-11-04,SKU003,63
2024-11-05,SKU003,58
2024-11-06,SKU003,50
2024-11-07,SKU003,40
2024-11-08,SKU003,48
2024-11-09,SKU003,81
2024-11-10,SKU003,74
2024-11-11,SKU003,84
2024-11-12,SKU003,80
2024-11-13,SKU003,48
2024-11-14,SKU003,44
2024-11-15,SKU003,61
2024-11-16,SKU003,58
2024-11-17,SKU003,81
2024-11-18,SKU003,93
2024-11-19,SKU003,56
2024-11-20,SKU003,55
2024-11-21,SKU003,50
2024-11-22,SKU003,49
2024-11-23,SKU003,58
2024-11-24,SKU003,69
2024-11-25,SKU003,76
2024-11-26,SKU003,71
2024-11-27,SKU003,68
2024-11-28,SKU003,51
2024-11-29,SKU003,65
2024-11-30,SKU003,58
2024-12-01,SKU003,62
2024-12-02,SKU003,74
2024-12-03,SKU003,74
2024-12-04,SKU003,67
2024-12-05,SKU003,66
2024-12-06,SKU003,57
2024-12-07,SKU003,71
2024-12-08,SKU003,87
2024-12-09,SKU003,69
2024-12-10,SKU003,68
2024-12-11,SKU003,85
2024-12-12,SKU003,60
2024-12-13,SKU003,59
2024-12-14,SKU003,73
2024-12-15,SKU003,61
2024-12-16,SKU003,70
2024-12-17,SKU003,60
2024-12-18,SKU003,62
2024-12-19,SKU003,48
2024-12-20,SKU003,55
2024-12-21,SKU003,61
2024-12-22,SKU003,58
2024-12-23,SKU003,85
2024-12-24,SKU003,53
2024-12-25,SKU003,51
2024-12-26,SKU003,39
2024-12-27,SKU003,46
2024-12-28,SKU003,66
2024-12-29,SKU003,86
2024-12-30,SKU003,61
2024-12-31,SKU003,64
2025-01-01,SKU003,42
2025-01-02,SKU003,46
2025-01-03,SKU003,55
2025-01-04,SKU003,71
2025-01-05,SKU003,54
2025-01-06,SKU003,82
2025-01-07,SKU003,60
2025-01-08,SKU003,47
2025-01-09,SKU003,52
2025-01-10,SKU003,60
2025-01-11,SKU003,63
2025-01-12,SKU003,64
2025-01-13,SKU003,76
2025-01-14,SKU003,63
2025-01-15,SKU003,64
2025-01-16,SKU003,62
2025-01-17,SKU003,64
2025-01-18,SKU003,64
2025-01-19,SKU003,85
2025-01-20,SKU003,67
2025-01-21,SKU003,87
2025-01-22,SKU003,49
2025-01-23,SKU003,32
2025-01-24,SKU003,67
2025-01-25,SKU003,57
2025-01-26,SKU003,75
2025-01-27,SKU003,67
2025-01-28,SKU003,92
2025-01-29,SKU003,76
2025-01-30,SKU003,66
2025-01-31,SKU003,55
2025-02-01,SKU003,73
2025-02-02,SKU003,73
2025-02-03,SKU003,87
2025-02-04,SKU003,66
2025-02-05,SKU003,74
2025-02-06,SKU003,47
2025-02-07,SKU003,51
2025-02-08,SKU003,60
2025-02-09,SKU003,76
2025-02-10,SKU003,73
2025-02-11,SKU003,74
2025-02-12,SKU003,54
2025-02-13,SKU003,59
2025-02-14,SKU003,69
2025-02-15,SKU003,65
2025-02-16,SKU003,95
2025-02-17,SKU003,87
2025-02-18,SKU003,90
2025-02-19,SKU003,58
2025-02-20,SKU003,36
2025-02-21,SKU003,47
2025-02-22,SKU003,58
2025-02-23,SKU003,65
2025-02-24,SKU003,55
2025-02-25,SKU003,79
2025-02-26,SKU003,41
2025-02-27,SKU003,60
2025-02-28,SKU003,75
2025-03-01,SKU003,57
2025-03-02,SKU003,78
2025-03-03,SKU003,73
2025-03-04,SKU003,77
2025-03-05,SKU003,47
2025-03-06,SKU003,50
2025-03-07,SKU003,65
2025-03-08,SKU003,64
2025-03-09,SKU003,58
2025-03-10,SKU003,88
2025-03-11,SKU003,57
2025-03-12,SKU003,59
2025-03-13,SKU003,57
2025-03-14,SKU003,55
2025-03-15,SKU003,88
2025-03-16,SKU003,81
2025-03-17,SKU003,75
2025-03-18,SKU003,75
2025-03-19,SKU003,60
2025-03-20,SKU003,52
2025-03-21,SKU003,56
2025-03-22,SKU003,60
2025-03-23,SKU003,76
2025-03-24,SKU003,72
2025-03-25,SKU003,51
2025-03-26,SKU003,69
2025-03-27,SKU003,46
2025-03-28,SKU003,55
2025-03-29,SKU003,57
2025-03-30,SKU003,67
2025-03-31,SKU003,67
2025-04-01,SKU003,79
2025-04-02,SKU003,70
2025-04-03,SKU003,52
2025-04-04,SKU003,49
2025-04-05,SKU003,48
2025-04-06,SKU003,82
2025-04-07,SKU003,70
2025-04-08,SKU003,59
2025-04-09,SKU003,59
2025-04-10,SKU003,48
2025-04-11,SKU003,39
2025-04-12,SKU003,51
2025-04-13,SKU003,77
2025-04-14,SKU003,70
2025-04-15,SKU003,74
2025-04-16,SKU003,60
2025-04-17,SKU003,62
2025-04-18,SKU003,46
2025-04-19,SKU003,66
2025-04-20,SKU003,80
2025-04-21,SKU003,70
2025-04-22,SKU003,80
2025-04-23,SKU003,42
2025-04-24,SKU003,44
2025-04-25,SKU003,38
2025-04-26,SKU003,57
2025-04-27,SKU003,73
2025-04-28,SKU003,84
2025-04-29,SKU003,68
2025-04-30,SKU003,53
2025-05-01,SKU003,37
2025-05-02,SKU003,42
2025-05-03,SKU003,67
2025-05-04,SKU003,82
2025-05-05,SKU003,72
2025-05-06,SKU003,81
2025-05-07,SKU003,49
2025-05-08,SKU003,48
2025-05-09,SKU003,51
2025-05-10,SKU003,79
2025-05-11,SKU003,75
2025-05-12,SKU003,59
2025-05-13,SKU003,79
2025-05-14,SKU003,76
2025-05-15,SKU003,49
2025-05-16,SKU003,45
2025-05-17,SKU003,72
2025-05-18,SKU003,93
2025-05-19,SKU003,85
2025-05-20,SKU003,54
2025-05-21,SKU003,66
2025-05-22,SKU003,55
2025-05-23,SKU003,45
2025-05-24,SKU003,76
2025-05-25,SKU003,78
2025-05-26,SKU003,89
2025-05-27,SKU003,59
2025-05-28,SKU003,62
2025-05-29,SKU003,43
2025-05-30,SKU003,56
2025-05-31,SKU003,78
2025-06-01,SKU003,60
2025-06-02,SKU003,63
2025-06-03,SKU003,79
2025-06-04,SKU003,58
2025-06-05,SKU003,63
2025-06-06,SKU003,46
2025-06-07,SKU003,64
2025-06-08,SKU003,81
2025-06-09,SKU003,78
2025-06-10,SKU003,52
2025-06-11,SKU003,86
2025-06-12,SKU003,54
2025-06-13,SKU003,41
2025-06-14,SKU003,67
2025-06-15,SKU003,78
2025-06-16,SKU003,86
2025-06-17,SKU003,78
2025-06-18,SKU003,56
2025-06-19,SKU003,35
2025-06-20,SKU003,58
2025-06-21,SKU003,48
2025-06-22,SKU003,86
2025-06-23,SKU003,69
2025-06-24,SKU003,76
2025-06-25,SKU003,52
2025-06-26,SKU003,47
2025-06-27,SKU003,46
2025-06-28,SKU003,71
2025-06-29,SKU003,68
2025-06-30,SKU003,84
2025-07-01,SKU003,64
2025-07-02,SKU003,56
2025-07-03,SKU003,52
2025-07-04,SKU003,55
2025-07-05,SKU003,55
2024-06-01,SKU004,154
2024-06-02,SKU004,199
2024-06-03,SKU004,192
2024-06-04,SKU004,189
2024-06-05,SKU004,137
2024-06-06,SKU004,111
2024-06-07,SKU004,146
2024-06-08,SKU004,149
2024-06-09,SKU004,221
2024-06-10,SKU004,194
2024-06-11,SKU004,142
2024-06-12,SKU004,133
2024-06-13,SKU004,105
2024-06-14,SKU004,162
2024-06-15,SKU004,180
2024-06-16,SKU004,185
2024-06-17,SKU004,199
2024-06-18,SKU004,173
2024-06-19,SKU004,168
2024-06-20,SKU004,142
2024-06-21,SKU004,153
2024-06-22,SKU004,156
2024-06-23,SKU004,171
2024-06-24,SKU004,208
2024-06-25,SKU004,212
2024-06-26,SKU004,174
2024-06-27,SKU004,168
2024-06-28,SKU004,140
2024-06-29,SKU004,138
2024-06-30,SKU004,165
2024-07-01,SKU004,226
2024-07-02,SKU004,130
2024-07-03,SKU004,183
2024-07-04,SKU004,111
2024-07-05,SKU004,182
2024-07-06,SKU004,159
2024-07-07,SKU004,204
2024-07-08,SKU004,250
2024-07-09,SKU004,167
2024-07-10,SKU004,139
2024-07-11,SKU004,113
2024-07-12,SKU004,112
2024-07-13,SKU004,153
2024-07-14,SKU004,173
2024-07-15,SKU004,162
2024-07-16,SKU004,170
2024-07-17,SKU004,158
2024-07-18,SKU004,108
2024-07-19,SKU004,132
2024-07-20,SKU004,195
2024-07-21,SKU004,152
2024-07-22,SKU004,239
2024-07-23,SKU004,159
2024-07-24,SKU004,152
2024-07-25,SKU004,160
2024-07-26,SKU004,174
2024-07-27,SKU004,172
2024-07-28,SKU004,169
2024-07-29,SKU004,173
2024-07-30,SKU004,161
2024-07-31,SKU004,193
2024-08-01,SKU004,120
2024-08-02,SKU004,144
2024-08-03,SKU004,136
2024-08-04,SKU004,158
2024-08-05,SKU004,193
2024-08-06,SKU004,167
2024-08-07,SKU004,141
2024-08-08,SKU004,94
2024-08-09,SKU004,134
2024-08-10,SKU004,198
2024-08-11,SKU004,166
2024-08-12,SKU004,214
2024-08-13,SKU004,91
2024-08-14,SKU004,128
2024-08-15,SKU004,83
2024-08-16,SKU004,166
2024-08-17,SKU004,182
2024-08-18,SKU004,161
2024-08-19,SKU004,199
2024-08-20,SKU004,204
2024-08-21,SKU004,180
2024-08-22,SKU004,120
2024-08-23,SKU004,82
2024-08-24,SKU004,139
2024-08-25,SKU004,205
2024-08-26,SKU004,243
2024-08-27,SKU004,174
2024-08-28,SKU004,132
2024-08-29,SKU004,188
2024-08-30,SKU004,146
2024-08-31,SKU004,131
2024-09-01,SKU004,183
2024-09-02,SKU004,217
2024-09-03,SKU004,173
2024-09-04,SKU004,166
2024-09-05,SKU004,91
2024-09-06,SKU004,101
2024-09-07,SKU004,143
2024-09-08,SKU004,179
2024-09-09,SKU004,200
2024-09-10,SKU004,190
2024-09-11,SKU004,207
2024-09-12,SKU004,112
2024-09-13,SKU004,128
2024-09-14,SKU004,144
2024-09-15,SKU004,212
2024-09-16,SKU004,220
2024-09-17,SKU004,164
2024-09-18,SKU004,197
2024-09-19,SKU004,112
2024-09-20,SKU004,161
2024-09-21,SKU004,196
2024-09-22,SKU004,153
2024-09-23,SKU004,206
2024-09-24,SKU004,109
2024-09-25,SKU004,167
2024-09-26,SKU004,103
2024-09-27,SKU004,150
2024-09-28,SKU004,179
2024-09-29,SKU004,213
2024-09-30,SKU004,214
2024-10-01,SKU004,176
2024-10-02,SKU004,138
2024-10-03,SKU004,128
2024-10-04,SKU004,109
2024-10-05,SKU004,156
2024-10-06,SKU004,179
2024-10-07,SKU004,173
2024-10-08,SKU004,133
2024-10-09,SKU004,116
2024-10-10,SKU004,54
2024-10-11,SKU004,128
2024-10-12,SKU004,170
2024-10-13,SKU004,121
2024-10-14,SKU004,198
2024-10-15,SKU004,172
2024-10-16,SKU004,119
2024-10-17,SKU004,119
2024-10-18,SKU004,161
2024-10-19,SKU004,137
2024-10-20,SKU004,188
2024-10-21,SKU004,201
2024-10-22,SKU004,155
2024-10-23,SKU004,171
2024-10-24,SKU004,139
2024-10-25,SKU004,130
2024-10-26,SKU004,218
2024-10-27,SKU004,211
2024-10-28,SKU004,152
2024-10-29,SKU004,166
2024-10-30,SKU004,207
2024-10-31,SKU004,106
2024-11-01,SKU004,137
2024-11-02,SKU004,191
2024-11-03,SKU004,202
2024-11-04,SKU004,212
2024-11-05,SKU004,193
2024-11-06,SKU004,148
2024-11-07,SKU004,110
2024-11-08,SKU004,146
2024-11-09,SKU004,151
2024-11-10,SKU004,175
2024-11-11,SKU004,228
2024-11-12,SKU004,166
2024-11-13,SKU004,188
2024-11-14,SKU004,136
2024-11-15,SKU004,132
2024-11-16,SKU004,117
2024-11-17,SKU004,237
2024-11-18,SKU004,192
2024-11-19,SKU004,120
2024-11-20,SKU004,171
2024-11-21,SKU004,128
2024-11-22,SKU004,113
2024-11-23,SKU004,183
2024-11-24,SKU004,125
2024-11-25,SKU004,175
2024-11-26,SKU004,168
2024-11-27,SKU004,168
2024-11-28,SKU004,184
2024-11-29,SKU004,130
2024-11-30,SKU004,172
2024-12-01,SKU004,253
2024-12-02,SKU004,193
2024-12-03,SKU004,186
2024-12-04,SKU004,117
2024-12-05,SKU004,177
2024-12-06,SKU004,119
2024-12-07,SKU004,167
2024-12-08,SKU004,192
2024-12-09,SKU004,194
2024-12-10,SKU004,164
2024-12-11,SKU004,153
2024-12-12,SKU004,172
2024-12-13,SKU004,191
2024-12-14,SKU004,157
2024-12-15,SKU004,175
2024-12-16,SKU004,173
2024-12-17,SKU004,240
2024-12-18,SKU004,150
2024-12-19,SKU004,157
2024-12-20,SKU004,153
2024-12-21,SKU004,214
2024-12-22,SKU004,180
2024-12-23,SKU004,166
2024-12-24,SKU004,220
2024-12-25,SKU004,169
2024-12-26,SKU004,141
2024-12-27,SKU004,173
2024-12-28,SKU004,173
2024-12-29,SKU004,224
2024-12-30,SKU004,198
2024-12-31,SKU004,197
2025-01-01,SKU004,160
2025-01-02,SKU004,122
2025-01-03,SKU004,131
2025-01-04,SKU004,152
2025-01-05,SKU004,193
2025-01-06,SKU004,181
2025-01-07,SKU004,185
2025-01-08,SKU004,157
2025-01-09,SKU004,135
2025-01-10,SKU004,141
2025-01-11,SKU004,147
2025-01-12,SKU004,179
2025-01-13,SKU004,152
2025-01-14,SKU004,172
2025-01-15,SKU004,123
2025-01-16,SKU004,132
2025-01-17,SKU004,119
2025-01-18,SKU004,111
2025-01-19,SKU004,241
2025-01-20,SKU004,187
2025-01-21,SKU004,210
2025-01-22,SKU004,134
2025-01-23,SKU004,171
2025-01-24,SKU004,108
2025-01-25,SKU004,165
2025-01-26,SKU004,160
2025-01-27,SKU004,255
2025-01-28,SKU004,169
2025-01-29,SKU004,167
2025-01-30,SKU004,140
2025-01-31,SKU004,135
2025-02-01,SKU004,174
2025-02-02,SKU004,219
2025-02-03,SKU004,209
2025-02-04,SKU004,179
2025-02-05,SKU004,160
2025-02-06,SKU004,176
2025-02-07,SKU004,126
2025-02-08,SKU004,116
2025-02-09,SKU004,160
2025-02-10,SKU004,168
2025-02-11,SKU004,154
2025-02-12,SKU004,127
2025-02-13,SKU004,129
2025-02-14,SKU004,142
2025-02-15,SKU004,167
2025-02-16,SKU004,169
2025-02-17,SKU004,216
2025-02-18,SKU004,188
2025-02-19,SKU004,185
2025-02-20,SKU004,150
2025-02-21,SKU004,127
2025-02-22,SKU004,193
2025-02-23,SKU004,193
2025-02-24,SKU004,212
2025-02-25,SKU004,192
2025-02-26,SKU004,144
2025-02-27,SKU004,132
2025-02-28,SKU004,133
2025-03-01,SKU004,140
2025-03-02,SKU004,134
2025-03-03,SKU004,176
2025-03-04,SKU004,180
2025-03-05,SKU004,173
2025-03-06,SKU004,149
2025-03-07,SKU004,129
2025-03-08,SKU004,145
2025-03-09,SKU004,182
2025-03-10,SKU004,169
2025-03-11,SKU004,124
2025-03-12,SKU004,110
2025-03-13,SKU004,163
2025-03-14,SKU004,181
2025-03-15,SKU004,179
2025-03-16,SKU004,185
2025-03-17,SKU004,159
2025-03-18,SKU004,171
2025-03-19,SKU004,162
2025-03-20,SKU004,150
2025-03-21,SKU004,152
2025-03-22,SKU004,190
2025-03-23,SKU004,233
2025-03-24,SKU004,183
2025-03-25,SKU004,243
2025-03-26,SKU004,98
2025-03-27,SKU004,111
2025-03-28,SKU004,141
2025-03-29,SKU004,174
2025-03-30,SKU004,182
2025-03-31,SKU004,180
2025-04-01,SKU004,228
2025-04-02,SKU004,134
2025-04-03,SKU004,105
2025-04-04,SKU004,177
2025-04-05,SKU004,182
2025-04-06,SKU004,213
2025-04-07,SKU004,197
2025-04-08,SKU004,142
2025-04-09,SKU004,149
2025-04-10,SKU004,93
2025-04-11,SKU004,142
2025-04-12,SKU004,177
2025-04-13,SKU004,212
2025-04-14,SKU004,190
2025-04-15,SKU004,193
2025-04-16,SKU004,125
2025-04-17,SKU004,153
2025-04-18,SKU004,152
2025-04-19,SKU004,142
2025-04-20,SKU004,199
2025-04-21,SKU004,219
2025-04-22,SKU004,177
2025-04-23,SKU004,127
2025-04-24,SKU004,134
2025-04-25,SKU004,149
2025-04-26,SKU004,141
2025-04-27,SKU004,162
2025-04-28,SKU004,205
2025-04-29,SKU004,195
2025-04-30,SKU004,199
2025-05-01,SKU004,146
2025-05-02,SKU004,107
2025-05-03,SKU004,210
2025-05-04,SKU004,212
2025-05-05,SKU004,144
2025-05-06,SKU004,150
2025-05-07,SKU004,135
2025-05-08,SKU004,150
2025-05-09,SKU004,78
2025-05-10,SKU004,158
2025-05-11,SKU004,205
2025-05-12,SKU004,124
2025-05-13,SKU004,193
2025-05-14,SKU004,168
2025-05-15,SKU004,109
2025-05-16,SKU004,108
2025-05-17,SKU004,140
2025-05-18,SKU004,122
2025-05-19,SKU004,185
2025-05-20,SKU004,180
2025-05-21,SKU004,118
2025-05-22,SKU004,153
2025-05-23,SKU004,138
2025-05-24,SKU004,167
2025-05-25,SKU004,176
2025-05-26,SKU004,210
2025-05-27,SKU004,206
2025-05-28,SKU004,137
2025-05-29,SKU004,148
2025-05-30,SKU004,154
2025-05-31,SKU004,171
2025-06-01,SKU004,227
2025-06-02,SKU004,175
2025-06-03,SKU004,165
2025-06-04,SKU004,128
2025-06-05,SKU004,147
2025-06-06,SKU004,129
2025-06-07,SKU004,144
2025-06-08,SKU004,226
2025-06-09,SKU004,236
2025-06-10,SKU004,167
2025-06-11,SKU004,114
2025-06-12,SKU004,175
2025-06-13,SKU004,147
2025-06-14,SKU004,171
2025-06-15,SKU004,189
2025-06-16,SKU004,173
2025-06-17,SKU004,165
2025-06-18,SKU004,163
2025-06-19,SKU004,119
2025-06-20,SKU004,146
2025-06-21,SKU004,161
2025-06-22,SKU004,161
2025-06-23,SKU004,232
2025-06-24,SKU004,189
2025-06-25,SKU004,155
2025-06-26,SKU004,143
2025-06-27,SKU004,93
2025-06-28,SKU004,149
2025-06-29,SKU004,149
2025-06-30,SKU004,195
2025-07-01,SKU004,183
2025-07-02,SKU004,150
2025-07-03,SKU004,158
2025-07-04,SKU004,100
2025-07-05,SKU004,142
2024-06-01,SKU005,30
2024-06-02,SKU005,33
2024-06-03,SKU005,28
2024-06-04,SKU005,35
2024-06-05,SKU005,32
2024-06-06,SKU005,24
2024-06-07,SKU005,17
2024-06-08,SKU005,29
2024-06-09,SKU005,34
2024-06-10,SKU005,32
2024-06-11,SKU005,36
2024-06-12,SKU005,25
2024-06-13,SKU005,31
2024-06-14,SKU005,27
2024-06-15,SKU005,29
2024-06-16,SKU005,36
2024-06-17,SKU005,40
2024-06-18,SKU005,34
2024-06-19,SKU005,25
2024-06-20,SKU005,20
2024-06-21,SKU005,19
2024-06-22,SKU005,18
2024-06-23,SKU005,33
2024-06-24,SKU005,32
2024-06-25,SKU005,29
2024-06-26,SKU005,30
2024-06-27,SKU005,22
2024-06-28,SKU005,32
2024-06-29,SKU005,26
2024-06-30,SKU005,28
2024-07-01,SKU005,28
2024-07-02,SKU005,33
2024-07-03,SKU005,30
2024-07-04,SKU005,20
2024-07-05,SKU005,19
2024-07-06,SKU005,34
2024-07-07,SKU005,26
2024-07-08,SKU005,38
2024-07-09,SKU005,28
2024-07-10,SKU005,27
2024-07-11,SKU005,27
2024-07-12,SKU005,26
2024-07-13,SKU005,27
2024-07-14,SKU005,38
2024-07-15,SKU005,35
2024-07-16,SKU005,46
2024-07-17,SKU005,18
2024-07-18,SKU005,15
2024-07-19,SKU005,28
2024-07-20,SKU005,28
2024-07-21,SKU005,36
2024-07-22,SKU005,29
2024-07-23,SKU005,31
2024-07-24,SKU005,27
2024-07-25,SKU005,20
2024-07-26,SKU005,25
2024-07-27,SKU005,22
2024-07-28,SKU005,34
2024-07-29,SKU005,40
2024-07-30,SKU005,25
2024-07-31,SKU005,20
2024-08-01,SKU005,28
2024-08-02,SKU005,18
2024-08-03,SKU005,32
2024-08-04,SKU005,33
2024-08-05,SKU005,32
2024-08-06,SKU005,37
2024-08-07,SKU005,29
2024-08-08,SKU005,24
2024-08-09,SKU005,15
2024-08-10,SKU005,31
2024-08-11,SKU005,28
2024-08-12,SKU005,33
2024-08-13,SKU005,30
2024-08-14,SKU005,34
2024-08-15,SKU005,21
2024-08-16,SKU005,18
2024-08-17,SKU005,34
2024-08-18,SKU005,35
2024-08-19,SKU005,37
2024-08-20,SKU005,37
2024-08-21,SKU005,33
2024-08-22,SKU005,19
2024-08-23,SKU005,18
2024-08-24,SKU005,32
2024-08-25,SKU005,31
2024-08-26,SKU005,33
2024-08-27,SKU005,26
2024-08-28,SKU005,28
2024-08-29,SKU005,24
2024-08-30,SKU005,23
2024-08-31,SKU005,22
2024-09-01,SKU005,37
2024-09-02,SKU005,35
2024-09-03,SKU005,35
2024-09-04,SKU005,17
2024-09-05,SKU005,23
2024-09-06,SKU005,21
2024-09-07,SKU005,28
2024-09-08,SKU005,36
2024-09-09,SKU005,35
2024-09-10,SKU005,31
2024-09-11,SKU005,26
2024-09-12,SKU005,16
2024-09-13,SKU005,20
2024-09-14,SKU005,33
2024-09-15,SKU005,30
2024-09-16,SKU005,38
2024-09-17,SKU005,34
2024-09-18,SKU005,29
2024-09-19,SKU005,24
2024-09-20,SKU005,22
2024-09-21,SKU005,27
2024-09-22,SKU005,35
2024-09-23,SKU005,25
2024-09-24,SKU005,36
2024-09-25,SKU005,23
2024-09-26,SKU005,22
2024-09-27,SKU005,23
2024-09-28,SKU005,28
2024-09-29,SKU005,27
2024-09-30,SKU005,34
2024-10-01,SKU005,33
2024-10-02,SKU005,17
2024-10-03,SKU005,17
2024-10-04,SKU005,27
2024-10-05,SKU005,31
2024-10-06,SKU005,34
2024-10-07,SKU005,31
2024-10-08,SKU005,33
2024-10-09,SKU005,21
2024-10-10,SKU005,22
2024-10-11,SKU005,18
2024-10-12,SKU005,27
2024-10-13,SKU005,28
2024-10-14,SKU005,37
2024-10-15,SKU005,32
2024-10-16,SKU005,23
2024-10-17,SKU005,27
2024-10-18,SKU005,20
2024-10-19,SKU005,28
2024-10-20,SKU005,30
2024-10-21,SKU005,37
2024-10-22,SKU005,33
2024-10-23,SKU005,31
2024-10-24,SKU005,23
2024-10-25,SKU005,11
2024-10-26,SKU005,26
2024-10-27,SKU005,39
2024-10-28,SKU005,32
2024-10-29,SKU005,22
2024-10-30,SKU005,27
2024-10-31,SKU005,25
2024-11-01,SKU005,21
2024-11-02,SKU005,27
2024-11-03,SKU005,29
2024-11-04,SKU005,36
2024-11-05,SKU005,31
2024-11-06,SKU005,21
2024-11-07,SKU005,23
2024-11-08,SKU005,21
2024-11-09,SKU005,34
2024-11-10,SKU005,36
2024-11-11,SKU005,33
2024-11-12,SKU005,31
2024-11-13,SKU005,30
2024-11-14,SKU005,22
2024-11-15,SKU005,27
2024-11-16,SKU005,34
2024-11-17,SKU005,30
2024-11-18,SKU005,40
2024-11-19,SKU005,36
2024-11-20,SKU005,27
2024-11-21,SKU005,21
2024-11-22,SKU005,25
2024-11-23,SKU005,27
2024-11-24,SKU005,29
2024-11-25,SKU005,36
2024-11-26,SKU005,26
2024-11-27,SKU005,24
2024-11-28,SKU005,21
2024-11-29,SKU005,18
2024-11-30,SKU005,31
2024-12-01,SKU005,31
2024-12-02,SKU005,39
2024-12-03,SKU005,29
2024-12-04,SKU005,24
2024-12-05,SKU005,19
2024-12-06,SKU005,24
2024-12-07,SKU005,28
2024-12-08,SKU005,35
2024-12-09,SKU005,34
2024-12-10,SKU005,39
2024-12-11,SKU005,27
2024-12-12,SKU005,18
2024-12-13,SKU005,19
2024-12-14,SKU005,30
2024-12-15,SKU005,28
2024-12-16,SKU005,36
2024-12-17,SKU005,34
2024-12-18,SKU005,29
2024-12-19,SKU005,19
2024-12-20,SKU005,27
2024-12-21,SKU005,29
2024-12-22,SKU005,30
2024-12-23,SKU005,33
2024-12-24,SKU005,32
2024-12-25,SKU005,23
2024-12-26,SKU005,24
2024-12-27,SKU005,30
2024-12-28,SKU005,32
2024-12-29,SKU005,33
2024-12-30,SKU005,34
2024-12-31,SKU005,28
2025-01-01,SKU005,23
2025-01-02,SKU005,16
2025-01-03,SKU005,25
2025-01-04,SKU005,31
2025-01-05,SKU005,32
2025-01-06,SKU005,30
2025-01-07,SKU005,31
2025-01-08,SKU005,31
2025-01-09,SKU005,26
2025-01-10,SKU005,23
2025-01-11,SKU005,37
2025-01-12,SKU005,44
2025-01-13,SKU005,31
2025-01-14,SKU005,29
2025-01-15,SKU005,28
2025-01-16,SKU005,19
2025-01-17,SKU005,27
2025-01-18,SKU005,28
2025-01-19,SKU005,34
2025-01-20,SKU005,31
2025-01-21,SKU005,27
2025-01-22,SKU005,17
2025-01-23,SKU005,29
2025-01-24,SKU005,28
2025-01-25,SKU005,31
2025-01-26,SKU005,34
2025-01-27,SKU005,24
2025-01-28,SKU005,27
2025-01-29,SKU005,24
2025-01-30,SKU005,18
2025-01-31,SKU005,17
2025-02-01,SKU005,24
2025-02-02,SKU005,33
2025-02-03,SKU005,34
2025-02-04,SKU005,34
2025-02-05,SKU005,34
2025-02-06,SKU005,25
2025-02-07,SKU005,23
2025-02-08,SKU005,36
2025-02-09,SKU005,26
2025-02-10,SKU005,25
2025-02-11,SKU005,27
2025-02-12,SKU005,29
2025-02-13,SKU005,23
2025-02-14,SKU005,19
2025-02-15,SKU005,25
2025-02-16,SKU005,27
2025-02-17,SKU005,28
2025-02-18,SKU005,37
2025-02-19,SKU005,25
2025-02-20,SKU005,30
2025-02-21,SKU005,20
2025-02-22,SKU005,30
2025-02-23,SKU005,33
2025-02-24,SKU005,37
2025-02-25,SKU005,31
2025-02-26,SKU005,30
2025-02-27,SKU005,25
2025-02-28,SKU005,19
2025-03-01,SKU005,31
2025-03-02,SKU005,32
2025-03-03,SKU005,30
2025-03-04,SKU005,33
2025-03-05,SKU005,29
2025-03-06,SKU005,21
2025-03-07,SKU005,22
2025-03-08,SKU005,22
2025-03-09,SKU005,25
2025-03-10,SKU005,32
2025-03-11,SKU005,34
2025-03-12,SKU005,23
2025-03-13,SKU005,29
2025-03-14,SKU005,23
2025-03-15,SKU005,27
2025-03-16,SKU005,31
2025-03-17,SKU005,38
2025-03-18,SKU005,26
2025-03-19,SKU005,25
2025-03-20,SKU005,20
2025-03-21,SKU005,21
2025-03-22,SKU005,28
2025-03-23,SKU005,32
2025-03-24,SKU005,38
2025-03-25,SKU005,30
2025-03-26,SKU005,28
2025-03-27,SKU005,23
2025-03-28,SKU005,30
2025-03-29,SKU005,27
2025-03-30,SKU005,31
2025-03-31,SKU005,37
2025-04-01,SKU005,29
2025-04-02,SKU005,28
2025-04-03,SKU005,32
2025-04-04,SKU005,20
2025-04-05,SKU005,34
2025-04-06,SKU005,30
2025-04-07,SKU005,39
2025-04-08,SKU005,33
2025-04-09,SKU005,28
2025-04-10,SKU005,22
2025-04-11,SKU005,23
2025-04-12,SKU005,25
2025-04-13,SKU005,32
2025-04-14,SKU005,33
2025-04-15,SKU005,31
2025-04-16,SKU005,20
2025-04-17,SKU005,23
2025-04-18,SKU005,29
2025-04-19,SKU005,32
2025-04-20,SKU005,32
2025-04-21,SKU005,44
2025-04-22,SKU005,28
2025-04-23,SKU005,25
2025-04-24,SKU005,16
2025-04-25,SKU005,22
2025-04-26,SKU005,36
2025-04-27,SKU005,31
2025-04-28,SKU005,27
2025-04-29,SKU005,34
2025-04-30,SKU005,27
2025-05-01,SKU005,26
2025-05-02,SKU005,22
2025-05-03,SKU005,24
2025-05-04,SKU005,32
2025-05-05,SKU005,36
2025-05-06,SKU005,30
2025-05-07,SKU005,27
2025-05-08,SKU005,20
2025-05-09,SKU005,25
2025-05-10,SKU005,28
2025-05-11,SKU005,29
2025-05-12,SKU005,34
2025-05-13,SKU005,29
2025-05-14,SKU005,28
2025-05-15,SKU005,26
2025-05-16,SKU005,26
2025-05-17,SKU005,21
2025-05-18,SKU005,28
2025-05-19,SKU005,31
2025-05-20,SKU005,27
2025-05-21,SKU005,23
2025-05-22,SKU005,26
2025-05-23,SKU005,27
2025-05-24,SKU005,26
2025-05-25,SKU005,35
2025-05-26,SKU005,35
2025-05-27,SKU005,30
2025-05-28,SKU005,30
2025-05-29,SKU005,20
2025-05-30,SKU005,24
2025-05-31,SKU005,24
2025-06-01,SKU005,28
2025-06-02,SKU005,28
2025-06-03,SKU005,26
2025-06-04,SKU005,26
2025-06-05,SKU005,21
2025-06-06,SKU005,22
2025-06-07,SKU005,27
2025-06-08,SKU005,40
2025-06-09,SKU005,29
2025-06-10,SKU005,25
2025-06-11,SKU005,22
2025-06-12,SKU005,22
2025-06-13,SKU005,26
2025-06-14,SKU005,31
2025-06-15,SKU005,36
2025-06-16,SKU005,33
2025-06-17,SKU005,29
2025-06-18,SKU005,32
2025-06-19,SKU005,11
2025-06-20,SKU005,24
2025-06-21,SKU005,30
2025-06-22,SKU005,40
2025-06-23,SKU005,26
2025-06-24,SKU005,29
2025-06-25,SKU005,20
2025-06-26,SKU005,15
2025-06-27,SKU005,23
2025-06-28,SKU005,31
2025-06-29,SKU005,37
2025-06-30,SKU005,31
2025-07-01,SKU005,33
2025-07-02,SKU005,25
2025-07-03,SKU005,25
2025-07-04,SKU005,28
2025-07-05,SKU005,27
2024-06-01,SKU006,155
2024-06-02,SKU006,238
2024-06-03,SKU006,257
2024-06-04,SKU006,233
2024-06-05,SKU006,140
2024-06-06,SKU006,147
2024-06-07,SKU006,169
2024-06-08,SKU006,203
2024-06-09,SKU006,223
2024-06-10,SKU006,268
2024-06-11,SKU006,170
2024-06-12,SKU006,167
2024-06-13,SKU006,105
2024-06-14,SKU006,178
2024-06-15,SKU006,206
2024-06-16,SKU006,315
2024-06-17,SKU006,256
2024-06-18,SKU006,216
2024-06-19,SKU006,181
2024-06-20,SKU006,144
2024-06-21,SKU006,164
2024-06-22,SKU006,198
2024-06-23,SKU006,164
2024-06-24,SKU006,233
2024-06-25,SKU006,209
2024-06-26,SKU006,224
2024-06-27,SKU006,149
2024-06-28,SKU006,138
2024-06-29,SKU006,198
2024-06-30,SKU006,222
2024-07-01,SKU006,223
2024-07-02,SKU006,170
2024-07-03,SKU006,169
2024-07-04,SKU006,136
2024-07-05,SKU006,154
2024-07-06,SKU006,211
2024-07-07,SKU006,200
2024-07-08,SKU006,221
2024-07-09,SKU006,222
2024-07-10,SKU006,166
2024-07-11,SKU006,227
2024-07-12,SKU006,167
2024-07-13,SKU006,155
2024-07-14,SKU006,196
2024-07-15,SKU006,200
2024-07-16,SKU006,183
2024-07-17,SKU006,189
2024-07-18,SKU006,121
2024-07-19,SKU006,151
2024-07-20,SKU006,223
2024-07-21,SKU006,205
2024-07-22,SKU006,246
2024-07-23,SKU006,159
2024-07-24,SKU006,163
2024-07-25,SKU006,128
2024-07-26,SKU006,169
2024-07-27,SKU006,161
2024-07-28,SKU006,279
2024-07-29,SKU006,180
2024-07-30,SKU006,239
2024-07-31,SKU006,199
2024-08-01,SKU006,162
2024-08-02,SKU006,162
2024-08-03,SKU006,243
2024-08-04,SKU006,290
2024-08-05,SKU006,221
2024-08-06,SKU006,211
2024-08-07,SKU006,158
2024-08-08,SKU006,120
2024-08-09,SKU006,173
2024-08-10,SKU006,197
2024-08-11,SKU006,174
2024-08-12,SKU006,240
2024-08-13,SKU006,215
2024-08-14,SKU006,156
2024-08-15,SKU006,134
2024-08-16,SKU006,172
2024-08-17,SKU006,236
2024-08-18,SKU006,231
2024-08-19,SKU006,249
2024-08-20,SKU006,183
2024-08-21,SKU006,162
2024-08-22,SKU006,170
2024-08-23,SKU006,122
2024-08-24,SKU006,196
2024-08-25,SKU006,234
2024-08-26,SKU006,226
2024-08-27,SKU006,216
2024-08-28,SKU006,175
2024-08-29,SKU006,135
2024-08-30,SKU006,127
2024-08-31,SKU006,187
2024-09-01,SKU006,257
2024-09-02,SKU006,256
2024-09-03,SKU006,197
2024-09-04,SKU006,163
2024-09-05,SKU006,140
2024-09-06,SKU006,148
2024-09-07,SKU006,198
2024-09-08,SKU006,250
2024-09-09,SKU006,292
2024-09-10,SKU006,183
2024-09-11,SKU006,192
2024-09-12,SKU006,168
2024-09-13,SKU006,151
2024-09-14,SKU006,161
2024-09-15,SKU006,228
2024-09-16,SKU006,287
2024-09-17,SKU006,214
2024-09-18,SKU006,151
2024-09-19,SKU006,148
2024-09-20,SKU006,128
2024-09-21,SKU006,191
2024-09-22,SKU006,239
2024-09-23,SKU006,207
2024-09-24,SKU006,114
2024-09-25,SKU006,181
2024-09-26,SKU006,139
2024-09-27,SKU006,139
2024-09-28,SKU006,168
2024-09-29,SKU006,231
2024-09-30,SKU006,215
2024-10-01,SKU006,233
2024-10-02,SKU006,201
2024-10-03,SKU006,145
2024-10-04,SKU006,145
2024-10-05,SKU006,194
2024-10-06,SKU006,216
2024-10-07,SKU006,177
2024-10-08,SKU006,261
2024-10-09,SKU006,194
2024-10-10,SKU006,140
2024-10-11,SKU006,106
2024-10-12,SKU006,185
2024-10-13,SKU006,203
2024-10-14,SKU006,225
2024-10-15,SKU006,145
2024-10-16,SKU006,160
2024-10-17,SKU006,141
2024-10-18,SKU006,155
2024-10-19,SKU006,183
2024-10-20,SKU006,221
2024-10-21,SKU006,270
2024-10-22,SKU006,192
2024-10-23,SKU006,148
2024-10-24,SKU006,104
2024-10-25,SKU006,146
2024-10-26,SKU006,150
2024-10-27,SKU006,247
2024-10-28,SKU006,224
2024-10-29,SKU006,233
2024-10-30,SKU006,215
2024-10-31,SKU006,128
2024-11-01,SKU006,150
2024-11-02,SKU006,228
2024-11-03,SKU006,225
2024-11-04,SKU006,242
2024-11-05,SKU006,236
2024-11-06,SKU006,199
2024-11-07,SKU006,165
2024-11-08,SKU006,200
2024-11-09,SKU006,188
2024-11-10,SKU006,235
2024-11-11,SKU006,222
2024-11-12,SKU006,236
2024-11-13,SKU006,154
2024-11-14,SKU006,105
2024-11-15,SKU006,179
2024-11-16,SKU006,161
2024-11-17,SKU006,188
2024-11-18,SKU006,263
2024-11-19,SKU006,234
2024-11-20,SKU006,164
2024-11-21,SKU006,66
2024-11-22,SKU006,175
2024-11-23,SKU006,209
2024-11-24,SKU006,234
2024-11-25,SKU006,240
2024-11-26,SKU006,201
2024-11-27,SKU006,162
2024-11-28,SKU006,121
2024-11-29,SKU006,140
2024-11-30,SKU006,199
2024-12-01,SKU006,229
2024-12-02,SKU006,250
2024-12-03,SKU006,166
2024-12-04,SKU006,126
2024-12-05,SKU006,142
2024-12-06,SKU006,131
2024-12-07,SKU006,195
2024-12-08,SKU006,182
2024-12-09,SKU006,261
2024-12-10,SKU006,183
2024-12-11,SKU006,219
2024-12-12,SKU006,168
2024-12-13,SKU006,130
2024-12-14,SKU006,250
2024-12-15,SKU006,227
2024-12-16,SKU006,232
2024-12-17,SKU006,205
2024-12-18,SKU006,187
2024-12-19,SKU006,168
2024-12-20,SKU006,136
2024-12-21,SKU006,184
2024-12-22,SKU006,223
2024-12-23,SKU006,244
2024-12-24,SKU006,224
2024-12-25,SKU006,178
2024-12-26,SKU006,137
2024-12-27,SKU006,143
2024-12-28,SKU006,156
2024-12-29,SKU006,237
2024-12-30,SKU006,209
2024-12-31,SKU006,201
2025-01-01,SKU006,180
2025-01-02,SKU006,153
2025-01-03,SKU006,160
2025-01-04,SKU006,164
2025-01-05,SKU006,227
2025-01-06,SKU006,218
2025-01-07,SKU006,204
2025-01-08,SKU006,207
2025-01-09,SKU006,167
2025-01-10,SKU006,144
2025-01-11,SKU006,186
2025-01-12,SKU006,265
2025-01-13,SKU006,218
2025-01-14,SKU006,208
2025-01-15,SKU006,192
2025-01-16,SKU006,159
2025-01-17,SKU006,150
2025-01-18,SKU006,169
2025-01-19,SKU006,219
2025-01-20,SKU006,246
2025-01-21,SKU006,244
2025-01-22,SKU006,132
2025-01-23,SKU006,203
2025-01-24,SKU006,152
2025-01-25,SKU006,216
2025-01-26,SKU006,199
2025-01-27,SKU006,181
2025-01-28,SKU006,169
2025-01-29,SKU006,164
2025-01-30,SKU006,168
2025-01-31,SKU006,161
2025-02-01,SKU006,183
2025-02-02,SKU006,252
2025-02-03,SKU006,227
2025-02-04,SKU006,214
2025-02-05,SKU006,262
2025-02-06,SKU006,153
2025-02-07,SKU006,140
2025-02-08,SKU006,204
2025-02-09,SKU006,241
2025-02-10,SKU006,236
2025-02-11,SKU006,211
2025-02-12,SKU006,216
2025-02-13,SKU006,192
2025-02-14,SKU006,157
2025-02-15,SKU006,172
2025-02-16,SKU006,232
2025-02-17,SKU006,209
2025-02-18,SKU006,232
2025-02-19,SKU006,186
2025-02-20,SKU006,229
2025-02-21,SKU006,202
2025-02-22,SKU006,159
2025-02-23,SKU006,205
2025-02-24,SKU006,172
2025-02-25,SKU006,146
2025-02-26,SKU006,177
2025-02-27,SKU006,119
2025-02-28,SKU006,207
2025-03-01,SKU006,223
2025-03-02,SKU006,212
2025-03-03,SKU006,218
2025-03-04,SKU006,249
2025-03-05,SKU006,222
2025-03-06,SKU006,126
2025-03-07,SKU006,130
2025-03-08,SKU006,181
2025-03-09,SKU006,232
2025-03-10,SKU006,212
2025-03-11,SKU006,219
2025-03-12,SKU006,229
2025-03-13,SKU006,113
2025-03-14,SKU006,148
2025-03-15,SKU006,150
2025-03-16,SKU006,196
2025-03-17,SKU006,219
2025-03-18,SKU006,186
2025-03-19,SKU006,188
2025-03-20,SKU006,157
2025-03-21,SKU006,169
2025-03-22,SKU006,181
2025-03-23,SKU006,214
2025-03-24,SKU006,217
2025-03-25,SKU006,199
2025-03-26,SKU006,185
2025-03-27,SKU006,98
2025-03-28,SKU006,168
2025-03-29,SKU006,165
2025-03-30,SKU006,210
2025-03-31,SKU006,183
2025-04-01,SKU006,196
2025-04-02,SKU006,181
2025-04-03,SKU006,166
2025-04-04,SKU006,126
2025-04-05,SKU006,202
2025-04-06,SKU006,252
2025-04-07,SKU006,213
2025-04-08,SKU006,207
2025-04-09,SKU006,115
2025-04-10,SKU006,127
2025-04-11,SKU006,168
2025-04-12,SKU006,217
2025-04-13,SKU006,203
2025-04-14,SKU006,303
2025-04-15,SKU006,215
2025-04-16,SKU006,137
2025-04-17,SKU006,190
2025-04-18,SKU006,125
2025-04-19,SKU006,199
2025-04-20,SKU006,193
2025-04-21,SKU006,188
2025-04-22,SKU006,234
2025-04-23,SKU006,166
2025-04-24,SKU006,202
2025-04-25,SKU006,131
2025-04-26,SKU006,146
2025-04-27,SKU006,206
2025-04-28,SKU006,309
2025-04-29,SKU006,230
2025-04-30,SKU006,189
2025-05-01,SKU006,170
2025-05-02,SKU006,146
2025-05-03,SKU006,268
2025-05-04,SKU006,233
2025-05-05,SKU006,237
2025-05-06,SKU006,235
2025-05-07,SKU006,137
2025-05-08,SKU006,128
2025-05-09,SKU006,153
2025-05-10,SKU006,218
2025-05-11,SKU006,183
2025-05-12,SKU006,225
2025-05-13,SKU006,201
2025-05-14,SKU006,129
2025-05-15,SKU006,138
2025-05-16,SKU006,176
2025-05-17,SKU006,148
2025-05-18,SKU006,260
2025-05-19,SKU006,240
2025-05-20,SKU006,216
2025-05-21,SKU006,174
2025-05-22,SKU006,122
2025-05-23,SKU006,142
2025-05-24,SKU006,200
2025-05-25,SKU006,201
2025-05-26,SKU006,232
2025-05-27,SKU006,181
2025-05-28,SKU006,186
2025-05-29,SKU006,168
2025-05-30,SKU006,114
2025-05-31,SKU006,192
2025-06-01,SKU006,176
2025-06-02,SKU006,174
2025-06-03,SKU006,190
2025-06-04,SKU006,253
2025-06-05,SKU006,175
2025-06-06,SKU006,200
2025-06-07,SKU006,207
2025-06-08,SKU006,226
2025-06-09,SKU006,253
2025-06-10,SKU006,188
2025-06-11,SKU006,187
2025-06-12,SKU006,187
2025-06-13,SKU006,180
2025-06-14,SKU006,225
2025-06-15,SKU006,225
2025-06-16,SKU006,275
2025-06-17,SKU006,201
2025-06-18,SKU006,234
2025-06-19,SKU006,169
2025-06-20,SKU006,149
2025-06-21,SKU006,156
2025-06-22,SKU006,197
2025-06-23,SKU006,200
2025-06-24,SKU006,204
2025-06-25,SKU006,137
2025-06-26,SKU006,190
2025-06-27,SKU006,163
2025-06-28,SKU006,192
2025-06-29,SKU006,186
2025-06-30,SKU006,205
2025-07-01,SKU006,143
2025-07-02,SKU006,220
2025-07-03,SKU006,113
2025-07-04,SKU006,122
2025-07-05,SKU006,230
2024-06-01,SKU007,35
2024-06-02,SKU007,39
2024-06-03,SKU007,41
2024-06-04,SKU007,41
2024-06-05,SKU007,31
2024-06-06,SKU007,19
2024-06-07,SKU007,31
2024-06-08,SKU007,35
2024-06-09,SKU007,44
2024-06-10,SKU007,33
2024-06-11,SKU007,32
2024-06-12,SKU007,32
2024-06-13,SKU007,22
2024-06-14,SKU007,16
2024-06-15,SKU007,34
2024-06-16,SKU007,43
2024-06-17,SKU007,39
2024-06-18,SKU007,39
2024-06-19,SKU007,32
2024-06-20,SKU007,27
2024-06-21,SKU007,29
2024-06-22,SKU007,40
2024-06-23,SKU007,33
2024-06-24,SKU007,43
2024-06-25,SKU007,30
2024-06-26,SKU007,26
2024-06-27,SKU007,32
2024-06-28,SKU007,22
2024-06-29,SKU007,32
2024-06-30,SKU007,50
2024-07-01,SKU007,45
2024-07-02,SKU007,32
2024-07-03,SKU007,27
2024-07-04,SKU007,26
2024-07-05,SKU007,34
2024-07-06,SKU007,28
2024-07-07,SKU007,33
2024-07-08,SKU007,43
2024-07-09,SKU007,28
2024-07-10,SKU007,26
2024-07-11,SKU007,26
2024-07-12,SKU007,28
2024-07-13,SKU007,26
2024-07-14,SKU007,40
2024-07-15,SKU007,42
2024-07-16,SKU007,33
2024-07-17,SKU007,38
2024-07-18,SKU007,28
2024-07-19,SKU007,23
2024-07-20,SKU007,41
2024-07-21,SKU007,36
2024-07-22,SKU007,40
2024-07-23,SKU007,33
2024-07-24,SKU007,33
2024-07-25,SKU007,24
2024-07-26,SKU007,26
2024-07-27,SKU007,32
2024-07-28,SKU007,36
2024-07-29,SKU007,45
2024-07-30,SKU007,30
2024-07-31,SKU007,30
2024-08-01,SKU007,27
2024-08-02,SKU007,27
2024-08-03,SKU007,38
2024-08-04,SKU007,31
2024-08-05,SKU007,42
2024-08-06,SKU007,30
2024-08-07,SKU007,28
2024-08-08,SKU007,20
2024-08-09,SKU007,26
2024-08-10,SKU007,30
2024-08-11,SKU007,46
2024-08-12,SKU007,41
2024-08-13,SKU007,38
2024-08-14,SKU007,25
2024-08-15,SKU007,30
2024-08-16,SKU007,36
2024-08-17,SKU007,37
2024-08-18,SKU007,32
2024-08-19,SKU007,37
2024-08-20,SKU007,36
2024-08-21,SKU007,27
2024-08-22,SKU007,39
2024-08-23,SKU007,25
2024-08-24,SKU007,33
2024-08-25,SKU007,35
2024-08-26,SKU007,41
2024-08-27,SKU007,43
2024-08-28,SKU007,31
2024-08-29,SKU007,25
2024-08-30,SKU007,23
2024-08-31,SKU007,39
2024-09-01,SKU007,37
2024-09-02,SKU007,39
2024-09-03,SKU007,24
2024-09-04,SKU007,30
2024-09-05,SKU007,25
2024-09-06,SKU007,19
2024-09-07,SKU007,38
2024-09-08,SKU007,36
2024-09-09,SKU007,49
2024-09-10,SKU007,43
2024-09-11,SKU007,27
2024-09-12,SKU007,33
2024-09-13,SKU007,36
2024-09-14,SKU007,30
2024-09-15,SKU007,33
2024-09-16,SKU007,29
2024-09-17,SKU007,38
2024-09-18,SKU007,25
2024-09-19,SKU007,29
2024-09-20,SKU007,25
2024-09-21,SKU007,29
2024-09-22,SKU007,35
2024-09-23,SKU007,33
2024-09-24,SKU007,33
2024-09-25,SKU007,26
2024-09-26,SKU007,26
2024-09-27,SKU007,28
2024-09-28,SKU007,28
2024-09-29,SKU007,44
2024-09-30,SKU007,39
2024-10-01,SKU007,43
2024-10-02,SKU007,31
2024-10-03,SKU007,27
2024-10-04,SKU007,25
2024-10-05,SKU007,36
2024-10-06,SKU007,38
2024-10-07,SKU007,44
2024-10-08,SKU007,44
2024-10-09,SKU007,27
2024-10-10,SKU007,30
2024-10-11,SKU007,31
2024-10-12,SKU007,35
2024-10-13,SKU007,36
2024-10-14,SKU007,37
2024-10-15,SKU007,33
2024-10-16,SKU007,27
2024-10-17,SKU007,22
2024-10-18,SKU007,27
2024-10-19,SKU007,29
2024-10-20,SKU007,40
2024-10-21,SKU007,40
2024-10-22,SKU007,37
2024-10-23,SKU007,29
2024-10-24,SKU007,27
2024-10-25,SKU007,27
2024-10-26,SKU007,37
2024-10-27,SKU007,36
2024-10-28,SKU007,41
2024-10-29,SKU007,29
2024-10-30,SKU007,34
2024-10-31,SKU007,24
2024-11-01,SKU007,23
2024-11-02,SKU007,27
2024-11-03,SKU007,32
2024-11-04,SKU007,37
2024-11-05,SKU007,43
2024-11-06,SKU007,27
2024-11-07,SKU007,16
2024-11-08,SKU007,30
2024-11-09,SKU007,27
2024-11-10,SKU007,42
2024-11-11,SKU007,37
2024-11-12,SKU007,35
2024-11-13,SKU007,36
2024-11-14,SKU007,30
2024-11-15,SKU007,22
2024-11-16,SKU007,28
2024-11-17,SKU007,29
2024-11-18,SKU007,52
2024-11-19,SKU007,32
2024-11-20,SKU007,36
2024-11-21,SKU007,24
2024-11-22,SKU007,22
2024-11-23,SKU007,33
2024-11-24,SKU007,37
2024-11-25,SKU007,43
2024-11-26,SKU007,40
2024-11-27,SKU007,27
2024-11-28,SKU007,19
2024-11-29,SKU007,22
2024-11-30,SKU007,22
2024-12-01,SKU007,37
2024-12-02,SKU007,39
2024-12-03,SKU007,30
2024-12-04,SKU007,24
2024-12-05,SKU007,26
2024-12-06,SKU007,25
2024-12-07,SKU007,32
2024-12-08,SKU007,36
2024-12-09,SKU007,41
2024-12-10,SKU007,33
2024-12-11,SKU007,28
2024-12-12,SKU007,17
2024-12-13,SKU007,28
2024-12-14,SKU007,33
2024-12-15,SKU007,37
2024-12-16,SKU007,49
2024-12-17,SKU007,37
2024-12-18,SKU007,29
2024-12-19,SKU007,29
2024-12-20,SKU007,38
2024-12-21,SKU007,34
2024-12-22,SKU007,27
2024-12-23,SKU007,42
2024-12-24,SKU007,32
2024-12-25,SKU007,21
2024-12-26,SKU007,35
2024-12-27,SKU007,35
2024-12-28,SKU007,29
2024-12-29,SKU007,34
2024-12-30,SKU007,40
2024-12-31,SKU007,31
2025-01-01,SKU007,29
2025-01-02,SKU007,23
2025-01-03,SKU007,26
2025-01-04,SKU007,26
2025-01-05,SKU007,42
2025-01-06,SKU007,45
2025-01-07,SKU007,35
2025-01-08,SKU007,30
2025-01-09,SKU007,30
2025-01-10,SKU007,28
2025-01-11,SKU007,42
2025-01-12,SKU007,32
2025-01-13,SKU007,44
2025-01-14,SKU007,35
2025-01-15,SKU007,25
2025-01-16,SKU007,38
2025-01-17,SKU007,40
2025-01-18,SKU007,32
2025-01-19,SKU007,40
2025-01-20,SKU007,37
2025-01-21,SKU007,34
2025-01-22,SKU007,25
2025-01-23,SKU007,20
2025-01-24,SKU007,37
2025-01-25,SKU007,33
2025-01-26,SKU007,38
2025-01-27,SKU007,35
2025-01-28,SKU007,37
2025-01-29,SKU007,23
2025-01-30,SKU007,23
2025-01-31,SKU007,22
2025-02-01,SKU007,39
2025-02-02,SKU007,30
2025-02-03,SKU007,34
2025-02-04,SKU007,26
2025-02-05,SKU007,26
2025-02-06,SKU007,24
2025-02-07,SKU007,33
2025-02-08,SKU007,32
2025-02-09,SKU007,36
2025-02-10,SKU007,41
2025-02-11,SKU007,34
2025-02-12,SKU007,42
2025-02-13,SKU007,24
2025-02-14,SKU007,30
2025-02-15,SKU007,37
2025-02-16,SKU007,35
2025-02-17,SKU007,40
2025-02-18,SKU007,33
2025-02-19,SKU007,31
2025-02-20,SKU007,27
2025-02-21,SKU007,27
2025-02-22,SKU007,27
2025-02-23,SKU007,47
2025-02-24,SKU007,42
2025-02-25,SKU007,28
2025-02-26,SKU007,28
2025-02-27,SKU007,19
2025-02-28,SKU007,32
2025-03-01,SKU007,33
2025-03-02,SKU007,38
2025-03-03,SKU007,35
2025-03-04,SKU007,34
2025-03-05,SKU007,34
2025-03-06,SKU007,32
2025-03-07,SKU007,32
2025-03-08,SKU007,25
2025-03-09,SKU007,37
2025-03-10,SKU007,41
2025-03-11,SKU007,32
2025-03-12,SKU007,22
2025-03-13,SKU007,20
2025-03-14,SKU007,35
2025-03-15,SKU007,27
2025-03-16,SKU007,38
2025-03-17,SKU007,39
2025-03-18,SKU007,35
2025-03-19,SKU007,29
2025-03-20,SKU007,30
2025-03-21,SKU007,28
2025-03-22,SKU007,30
2025-03-23,SKU007,38
2025-03-24,SKU007,33
2025-03-25,SKU007,38
2025-03-26,SKU007,27
2025-03-27,SKU007,23
2025-03-28,SKU007,30
2025-03-29,SKU007,31
2025-03-30,SKU007,36
2025-03-31,SKU007,45
2025-04-01,SKU007,31
2025-04-02,SKU007,33
2025-04-03,SKU007,31
2025-04-04,SKU007,34
2025-04-05,SKU007,44
2025-04-06,SKU007,35
2025-04-07,SKU007,35
2025-04-08,SKU007,40
2025-04-09,SKU007,35
2025-04-10,SKU007,23
2025-04-11,SKU007,30
2025-04-12,SKU007,46
2025-04-13,SKU007,39
2025-04-14,SKU007,44
2025-04-15,SKU007,44
2025-04-16,SKU007,43
2025-04-17,SKU007,28
2025-04-18,SKU007,34
2025-04-19,SKU007,29
2025-04-20,SKU007,38
2025-04-21,SKU007,37
2025-04-22,SKU007,27
2025-04-23,SKU007,22
2025-04-24,SKU007,29
2025-04-25,SKU007,30
2025-04-26,SKU007,28
2025-04-27,SKU007,46
2025-04-28,SKU007,34
2025-04-29,SKU007,37
2025-04-30,SKU007,28
2025-05-01,SKU007,27
2025-05-02,SKU007,32
2025-05-03,SKU007,37
2025-05-04,SKU007,42
2025-05-05,SKU007,42
2025-05-06,SKU007,30
2025-05-07,SKU007,36
2025-05-08,SKU007,21
2025-05-09,SKU007,27
2025-05-10,SKU007,31
2025-05-11,SKU007,40
2025-05-12,SKU007,37
2025-05-13,SKU007,35
2025-05-14,SKU007,38
2025-05-15,SKU007,20
2025-05-16,SKU007,28
2025-05-17,SKU007,27
2025-05-18,SKU007,41
2025-05-19,SKU007,36
2025-05-20,SKU007,36
2025-05-21,SKU007,24
2025-05-22,SKU007,33
2025-05-23,SKU007,28
2025-05-24,SKU007,34
2025-05-25,SKU007,42
2025-05-26,SKU007,33
2025-05-27,SKU007,33
2025-05-28,SKU007,31
2025-05-29,SKU007,18
2025-05-30,SKU007,20
2025-05-31,SKU007,29
2025-06-01,SKU007,33
2025-06-02,SKU007,38
2025-06-03,SKU007,38
2025-06-04,SKU007,34
2025-06-05,SKU007,36
2025-06-06,SKU007,28
2025-06-07,SKU007,34
2025-06-08,SKU007,38
2025-06-09,SKU007,41
2025-06-10,SKU007,38
2025-06-11,SKU007,35
2025-06-12,SKU007,31
2025-06-13,SKU007,30
2025-06-14,SKU007,40
2025-06-15,SKU007,38
2025-06-16,SKU007,36
2025-06-17,SKU007,34
2025-06-18,SKU007,30
2025-06-19,SKU007,21
2025-06-20,SKU007,25
2025-06-21,SKU007,27
2025-06-22,SKU007,40
2025-06-23,SKU007,41
2025-06-24,SKU007,27
2025-06-25,SKU007,27
2025-06-26,SKU007,36
2025-06-27,SKU007,31
2025-06-28,SKU007,35
2025-06-29,SKU007,35
2025-06-30,SKU007,41
2025-07-01,SKU007,36
2025-07-02,SKU007,26
2025-07-03,SKU007,24
2025-07-04,SKU007,26
2025-07-05,SKU007,26
2024-06-01,SKU008,92
2024-06-02,SKU008,98
2024-06-03,SKU008,109
2024-06-04,SKU008,80
2024-06-05,SKU008,98
2024-06-06,SKU008,106
2024-06-07,SKU008,95
2024-06-08,SKU008,111
2024-06-09,SKU008,119
2024-06-10,SKU008,117
2024-06-11,SKU008,104
2024-06-12,SKU008,74
2024-06-13,SKU008,86
2024-06-14,SKU008,89
2024-06-15,SKU008,88
2024-06-16,SKU008,117
2024-06-17,SKU008,104
2024-06-18,SKU008,94
2024-06-19,SKU008,98
2024-06-20,SKU008,83
2024-06-21,SKU008,77
2024-06-22,SKU008,90
2024-06-23,SKU008,112
2024-06-24,SKU008,87
2024-06-25,SKU008,92
2024-06-26,SKU008,69
2024-06-27,SKU008,77
2024-06-28,SKU008,96
2024-06-29,SKU008,102
2024-06-30,SKU008,103
2024-07-01,SKU008,103
2024-07-02,SKU008,93
2024-07-03,SKU008,115
2024-07-04,SKU008,77
2024-07-05,SKU008,83
2024-07-06,SKU008,65
2024-07-07,SKU008,93
2024-07-08,SKU008,113
2024-07-09,SKU008,96
2024-07-10,SKU008,89
2024-07-11,SKU008,78
2024-07-12,SKU008,89
2024-07-13,SKU008,68
2024-07-14,SKU008,94
2024-07-15,SKU008,112
2024-07-16,SKU008,94
2024-07-17,SKU008,82
2024-07-18,SKU008,78
2024-07-19,SKU008,70
2024-07-20,SKU008,98
2024-07-21,SKU008,118
2024-07-22,SKU008,114
2024-07-23,SKU008,114
2024-07-24,SKU008,56
2024-07-25,SKU008,68
2024-07-26,SKU008,93
2024-07-27,SKU008,83
2024-07-28,SKU008,96
2024-07-29,SKU008,112
2024-07-30,SKU008,103
2024-07-31,SKU008,79
2024-08-01,SKU008,103
2024-08-02,SKU008,84
2024-08-03,SKU008,82
2024-08-04,SKU008,89
2024-08-05,SKU008,119
2024-08-06,SKU008,90
2024-08-07,SKU008,117
2024-08-08,SKU008,83
2024-08-09,SKU008,88
2024-08-10,SKU008,99
2024-08-11,SKU008,126
2024-08-12,SKU008,79
2024-08-13,SKU008,86
2024-08-14,SKU008,101
2024-08-15,SKU008,98
2024-08-16,SKU008,63
2024-08-17,SKU008,69
2024-08-18,SKU008,112
2024-08-19,SKU008,120
2024-08-20,SKU008,105
2024-08-21,SKU008,86
2024-08-22,SKU008,50
2024-08-23,SKU008,75
2024-08-24,SKU008,92
2024-08-25,SKU008,102
2024-08-26,SKU008,86
2024-08-27,SKU008,112
2024-08-28,SKU008,99
2024-08-29,SKU008,65
2024-08-30,SKU008,77
2024-08-31,SKU008,88
2024-09-01,SKU008,103
2024-09-02,SKU008,121
2024-09-03,SKU008,111
2024-09-04,SKU008,102
2024-09-05,SKU008,91
2024-09-06,SKU008,78
2024-09-07,SKU008,135
2024-09-08,SKU008,132
2024-09-09,SKU008,104
2024-09-10,SKU008,105
2024-09-11,SKU008,58
2024-09-12,SKU008,77
2024-09-13,SKU008,104
2024-09-14,SKU008,135
2024-09-15,SKU008,108
2024-09-16,SKU008,118
2024-09-17,SKU008,112
2024-09-18,SKU008,115
2024-09-19,SKU008,62
2024-09-20,SKU008,118
2024-09-21,SKU008,90
2024-09-22,SKU008,93
2024-09-23,SKU008,109
2024-09-24,SKU008,92
2024-09-25,SKU008,93
2024-09-26,SKU008,53
2024-09-27,SKU008,82
2024-09-28,SKU008,104
2024-09-29,SKU008,131
2024-09-30,SKU008,123
2024-10-01,SKU008,123
2024-10-02,SKU008,78
2024-10-03,SKU008,82
2024-10-04,SKU008,48
2024-10-05,SKU008,93
2024-10-06,SKU008,115
2024-10-07,SKU008,120
2024-10-08,SKU008,81
2024-10-09,SKU008,81
2024-10-10,SKU008,73
2024-10-11,SKU008,74
2024-10-12,SKU008,105
2024-10-13,SKU008,107
2024-10-14,SKU008,115
2024-10-15,SKU008,96
2024-10-16,SKU008,102
2024-10-17,SKU008,93
2024-10-18,SKU008,76
2024-10-19,SKU008,136
2024-10-20,SKU008,99
2024-10-21,SKU008,128
2024-10-22,SKU008,90
2024-10-23,SKU008,98
2024-10-24,SKU008,86
2024-10-25,SKU008,66
2024-10-26,SKU008,93
2024-10-27,SKU008,136
2024-10-28,SKU008,102
2024-10-29,SKU008,109
2024-10-30,SKU008,92
2024-10-31,SKU008,76
2024-11-01,SKU008,55
2024-11-02,SKU008,107
2024-11-03,SKU008,110
2024-11-04,SKU008,129
2024-11-05,SKU008,107
2024-11-06,SKU008,88
2024-11-07,SKU008,82
2024-11-08,SKU008,66
2024-11-09,SKU008,117
2024-11-10,SKU008,105
2024-11-11,SKU008,108
2024-11-12,SKU008,122
2024-11-13,SKU008,90
2024-11-14,SKU008,73
2024-11-15,SKU008,86
2024-11-16,SKU008,104
2024-11-17,SKU008,108
2024-11-18,SKU008,127
2024-11-19,SKU008,85
2024-11-20,SKU008,90
2024-11-21,SKU008,88
2024-11-22,SKU008,89
2024-11-23,SKU008,63
2024-11-24,SKU008,108
2024-11-25,SKU008,96
2024-11-26,SKU008,122
2024-11-27,SKU008,81
2024-11-28,SKU008,93
2024-11-29,SKU008,63
2024-11-30,SKU008,101
2024-12-01,SKU008,110
2024-12-02,SKU008,153
2024-12-03,SKU008,120
2024-12-04,SKU008,103
2024-12-05,SKU008,105
2024-12-06,SKU008,84
2024-12-07,SKU008,94
2024-12-08,SKU008,107
2024-12-09,SKU008,118
2024-12-10,SKU008,64
2024-12-11,SKU008,87
2024-12-12,SKU008,80
2024-12-13,SKU008,78
2024-12-14,SKU008,73
2024-12-15,SKU008,108
2024-12-16,SKU008,92
2024-12-17,SKU008,129
2024-12-18,SKU008,83
2024-12-19,SKU008,47
2024-12-20,SKU008,77
2024-12-21,SKU008,108
2024-12-22,SKU008,112
2024-12-23,SKU008,101
2024-12-24,SKU008,94
2024-12-25,SKU008,83
2024-12-26,SKU008,70
2024-12-27,SKU008,62
2024-12-28,SKU008,94
2024-12-29,SKU008,91
2024-12-30,SKU008,127
2024-12-31,SKU008,119
2025-01-01,SKU008,72
2025-01-02,SKU008,66
2025-01-03,SKU008,74
2025-01-04,SKU008,95
2025-01-05,SKU008,114
2025-01-06,SKU008,120
2025-01-07,SKU008,110
2025-01-08,SKU008,109
2025-01-09,SKU008,77
2025-01-10,SKU008,62
2025-01-11,SKU008,72
2025-01-12,SKU008,133
2025-01-13,SKU008,121
2025-01-14,SKU008,106
2025-01-15,SKU008,93
2025-01-16,SKU008,79
2025-01-17,SKU008,86
2025-01-18,SKU008,90
2025-01-19,SKU008,125
2025-01-20,SKU008,106
2025-01-21,SKU008,90
2025-01-22,SKU008,63
2025-01-23,SKU008,73
2025-01-24,SKU008,98
2025-01-25,SKU008,88
2025-01-26,SKU008,90
2025-01-27,SKU008,118
2025-01-28,SKU008,94
2025-01-29,SKU008,109
2025-01-30,SKU008,92
2025-01-31,SKU008,62
2025-02-01,SKU008,93
2025-02-02,SKU008,99
2025-02-03,SKU008,97
2025-02-04,SKU008,102
2025-02-05,SKU008,98
2025-02-06,SKU008,75
2025-02-07,SKU008,73
2025-02-08,SKU008,64
2025-02-09,SKU008,100
2025-02-10,SKU008,121
2025-02-11,SKU008,84
2025-02-12,SKU008,105
2025-02-13,SKU008,68
2025-02-14,SKU008,83
2025-02-15,SKU008,89
2025-02-16,SKU008,93
2025-02-17,SKU008,120
2025-02-18,SKU008,95
2025-02-19,SKU008,75
2025-02-20,SKU008,43
2025-02-21,SKU008,99
2025-02-22,SKU008,95
2025-02-23,SKU008,126
2025-02-24,SKU008,122
2025-02-25,SKU008,119
2025-02-26,SKU008,79
2025-02-27,SKU008,57
2025-02-28,SKU008,91
2025-03-01,SKU008,97
2025-03-02,SKU008,103
2025-03-03,SKU008,124
2025-03-04,SKU008,108
2025-03-05,SKU008,96
2025-03-06,SKU008,62
2025-03-07,SKU008,94
2025-03-08,SKU008,95
2025-03-09,SKU008,125
2025-03-10,SKU008,127
2025-03-11,SKU008,113
2025-03-12,SKU008,85
2025-03-13,SKU008,87
2025-03-14,SKU008,96
2025-03-15,SKU008,104
2025-03-16,SKU008,113
2025-03-17,SKU008,124
2025-03-18,SKU008,96
2025-03-19,SKU008,108
2025-03-20,SKU008,53
2025-03-21,SKU008,81
2025-03-22,SKU008,89
2025-03-23,SKU008,101
2025-03-24,SKU008,118
2025-03-25,SKU008,87
2025-03-26,SKU008,117
2025-03-27,SKU008,57
2025-03-28,SKU008,67
2025-03-29,SKU008,80
2025-03-30,SKU008,113
2025-03-31,SKU008,128
2025-04-01,SKU008,111
2025-04-02,SKU008,108
2025-04-03,SKU008,65
2025-04-04,SKU008,90
2025-04-05,SKU008,91
2025-04-06,SKU008,113
2025-04-07,SKU008,129
2025-04-08,SKU008,79
2025-04-09,SKU008,115
2025-04-10,SKU008,74
2025-04-11,SKU008,57
2025-04-12,SKU008,85
2025-04-13,SKU008,111
2025-04-14,SKU008,104
2025-04-15,SKU008,74
2025-04-16,SKU008,88
2025-04-17,SKU008,66
2025-04-18,SKU008,89
2025-04-19,SKU008,80
2025-04-20,SKU008,142
2025-04-21,SKU008,121
2025-04-22,SKU008,106
2025-04-23,SKU008,96
2025-04-24,SKU008,51
2025-04-25,SKU008,73
2025-04-26,SKU008,120
2025-04-27,SKU008,105
2025-04-28,SKU008,113
2025-04-29,SKU008,97
2025-04-30,SKU008,108
2025-05-01,SKU008,73
2025-05-02,SKU008,62
2025-05-03,SKU008,132
2025-05-04,SKU008,90
2025-05-05,SKU008,112
2025-05-06,SKU008,91
2025-05-07,SKU008,77
2025-05-08,SKU008,61
2025-05-09,SKU008,72
2025-05-10,SKU008,109
2025-05-11,SKU008,83
2025-05-12,SKU008,131
2025-05-13,SKU008,119
2025-05-14,SKU008,94
2025-05-15,SKU008,78
2025-05-16,SKU008,84
2025-05-17,SKU008,115
2025-05-18,SKU008,85
2025-05-19,SKU008,124
2025-05-20,SKU008,93
2025-05-21,SKU008,99
2025-05-22,SKU008,68
2025-05-23,SKU008,90
2025-05-24,SKU008,73
2025-05-25,SKU008,86
2025-05-26,SKU008,112
2025-05-27,SKU008,124
2025-05-28,SKU008,94
2025-05-29,SKU008,84
2025-05-30,SKU008,92
2025-05-31,SKU008,89
2025-06-01,SKU008,119
2025-06-02,SKU008,105
2025-06-03,SKU008,99
2025-06-04,SKU008,84
2025-06-05,SKU008,69
2025-06-06,SKU008,79
2025-06-07,SKU008,91
2025-06-08,SKU008,100
2025-06-09,SKU008,112
2025-06-10,SKU008,105
2025-06-11,SKU008,71
2025-06-12,SKU008,82
2025-06-13,SKU008,73
2025-06-14,SKU008,98
2025-06-15,SKU008,100
2025-06-16,SKU008,128
2025-06-17,SKU008,117
2025-06-18,SKU008,72
2025-06-19,SKU008,84
2025-06-20,SKU008,101
2025-06-21,SKU008,81
2025-06-22,SKU008,97
2025-06-23,SKU008,124
2025-06-24,SKU008,85
2025-06-25,SKU008,76
2025-06-26,SKU008,62
2025-06-27,SKU008,91
2025-06-28,SKU008,85
2025-06-29,SKU008,106
2025-06-30,SKU008,103
2025-07-01,SKU008,120
2025-07-02,SKU008,75
2025-07-03,SKU008,56
2025-07-04,SKU008,60
2025-07-05,SKU008,105
2024-06-01,SKU009,187
2024-06-02,SKU009,226
2024-06-03,SKU009,169
2024-06-04,SKU009,177
2024-06-05,SKU009,215
2024-06-06,SKU009,128
2024-06-07,SKU009,128
2024-06-08,SKU009,167
2024-06-09,SKU009,208
2024-06-10,SKU009,214
2024-06-11,SKU009,167
2024-06-12,SKU009,139
2024-06-13,SKU009,128
2024-06-14,SKU009,123
2024-06-15,SKU009,137
2024-06-16,SKU009,240
2024-06-17,SKU009,191
2024-06-18,SKU009,174
2024-06-19,SKU009,145
2024-06-20,SKU009,133
2024-06-21,SKU009,153
2024-06-22,SKU009,156
2024-06-23,SKU009,223
2024-06-24,SKU009,216
2024-06-25,SKU009,178
2024-06-26,SKU009,137
2024-06-27,SKU009,163
2024-06-28,SKU009,138
2024-06-29,SKU009,137
2024-06-30,SKU009,220
2024-07-01,SKU009,182
2024-07-02,SKU009,204
2024-07-03,SKU009,90
2024-07-04,SKU009,126
2024-07-05,SKU009,171
2024-07-06,SKU009,168
2024-07-07,SKU009,209
2024-07-08,SKU009,178
2024-07-09,SKU009,191
2024-07-10,SKU009,154
2024-07-11,SKU009,141
2024-07-12,SKU009,193
2024-07-13,SKU009,201
2024-07-14,SKU009,214
2024-07-15,SKU009,221
2024-07-16,SKU009,160
2024-07-17,SKU009,142
2024-07-18,SKU009,97
2024-07-19,SKU009,110
2024-07-20,SKU009,146
2024-07-21,SKU009,194
2024-07-22,SKU009,170
2024-07-23,SKU009,182
2024-07-24,SKU009,150
2024-07-25,SKU009,107
2024-07-26,SKU009,180
2024-07-27,SKU009,135
2024-07-28,SKU009,222
2024-07-29,SKU009,144
2024-07-30,SKU009,179
2024-07-31,SKU009,123
2024-08-01,SKU009,119
2024-08-02,SKU009,187
2024-08-03,SKU009,159
2024-08-04,SKU009,166
2024-08-05,SKU009,213
2024-08-06,SKU009,174
2024-08-07,SKU009,157
2024-08-08,SKU009,112
2024-08-09,SKU009,120
2024-08-10,SKU009,148
2024-08-11,SKU009,214
2024-08-12,SKU009,195
2024-08-13,SKU009,156
2024-08-14,SKU009,157
2024-08-15,SKU009,137
2024-08-16,SKU009,156
2024-08-17,SKU009,156
2024-08-18,SKU009,192
2024-08-19,SKU009,211
2024-08-20,SKU009,157
2024-08-21,SKU009,176
2024-08-22,SKU009,136
2024-08-23,SKU009,114
2024-08-24,SKU009,140
2024-08-25,SKU009,192
2024-08-26,SKU009,187
2024-08-27,SKU009,202
2024-08-28,SKU009,146
2024-08-29,SKU009,143
2024-08-30,SKU009,120
2024-08-31,SKU009,167
2024-09-01,SKU009,227
2024-09-02,SKU009,197
2024-09-03,SKU009,169
2024-09-04,SKU009,132
2024-09-05,SKU009,135
2024-09-06,SKU009,177
2024-09-07,SKU009,134
2024-09-08,SKU009,193
2024-09-09,SKU009,158
2024-09-10,SKU009,172
2024-09-11,SKU009,160
2024-09-12,SKU009,95
2024-09-13,SKU009,131
2024-09-14,SKU009,175
2024-09-15,SKU009,198
2024-09-16,SKU009,209
2024-09-17,SKU009,158
2024-09-18,SKU009,161
2024-09-19,SKU009,120
2024-09-20,SKU009,160
2024-09-21,SKU009,110
2024-09-22,SKU009,187
2024-09-23,SKU009,203
2024-09-24,SKU009,217
2024-09-25,SKU009,156
2024-09-26,SKU009,140
2024-09-27,SKU009,151
2024-09-28,SKU009,200
2024-09-29,SKU009,185
2024-09-30,SKU009,165
2024-10-01,SKU009,142
2024-10-02,SKU009,170
2024-10-03,SKU009,141
2024-10-04,SKU009,135
2024-10-05,SKU009,153
2024-10-06,SKU009,199
2024-10-07,SKU009,206
2024-10-08,SKU009,195
2024-10-09,SKU009,125
2024-10-10,SKU009,91
2024-10-11,SKU009,119
2024-10-12,SKU009,134
2024-10-13,SKU009,159
2024-10-14,SKU009,240
2024-10-15,SKU009,125
2024-10-16,SKU009,165
2024-10-17,SKU009,158
2024-10-18,SKU009,167
2024-10-19,SKU009,175
2024-10-20,SKU009,228
2024-10-21,SKU009,246
2024-10-22,SKU009,175
2024-10-23,SKU009,165
2024-10-24,SKU009,167
2024-10-25,SKU009,120
2024-10-26,SKU009,162
2024-10-27,SKU009,178
2024-10-28,SKU009,212
2024-10-29,SKU009,135
2024-10-30,SKU009,190
2024-10-31,SKU009,149
2024-11-01,SKU009,157
2024-11-02,SKU009,108
2024-11-03,SKU009,168
2024-11-04,SKU009,238
2024-11-05,SKU009,178
2024-11-06,SKU009,110
2024-11-07,SKU009,141
2024-11-08,SKU009,159
2024-11-09,SKU009,181
2024-11-10,SKU009,190
2024-11-11,SKU009,229
2024-11-12,SKU009,165
2024-11-13,SKU009,167
2024-11-14,SKU009,139
2024-11-15,SKU009,138
2024-11-16,SKU009,158
2024-11-17,SKU009,186
2024-11-18,SKU009,202
2024-11-19,SKU009,175
2024-11-20,SKU009,172
2024-11-21,SKU009,122
2024-11-22,SKU009,181
2024-11-23,SKU009,153
2024-11-24,SKU009,217
2024-11-25,SKU009,225
2024-11-26,SKU009,187
2024-11-27,SKU009,155
2024-11-28,SKU009,117
2024-11-29,SKU009,129
2024-11-30,SKU009,174
2024-12-01,SKU009,193
2024-12-02,SKU009,231
2024-12-03,SKU009,171
2024-12-04,SKU009,143
2024-12-05,SKU009,93
2024-12-06,SKU009,158
2024-12-07,SKU009,182
2024-12-08,SKU009,219
2024-12-09,SKU009,227
2024-12-10,SKU009,202
2024-12-11,SKU009,174
2024-12-12,SKU009,151
2024-12-13,SKU009,161
2024-12-14,SKU009,122
2024-12-15,SKU009,167
2024-12-16,SKU009,169
2024-12-17,SKU009,215
2024-12-18,SKU009,134
2024-12-19,SKU009,120
2024-12-20,SKU009,142
2024-12-21,SKU009,137
2024-12-22,SKU009,204
2024-12-23,SKU009,147
2024-12-24,SKU009,153
2024-12-25,SKU009,158
2024-12-26,SKU009,104
2024-12-27,SKU009,174
2024-12-28,SKU009,169
2024-12-29,SKU009,223
2024-12-30,SKU009,210
2024-12-31,SKU009,182
2025-01-01,SKU009,128
2025-01-02,SKU009,159
2025-01-03,SKU009,153
2025-01-04,SKU009,221
2025-01-05,SKU009,215
2025-01-06,SKU009,191
2025-01-07,SKU009,190
2025-01-08,SKU009,164
2025-01-09,SKU009,165
2025-01-10,SKU009,175
2025-01-11,SKU009,164
2025-01-12,SKU009,164
2025-01-13,SKU009,154
2025-01-14,SKU009,154
2025-01-15,SKU009,139
2025-01-16,SKU009,173
2025-01-17,SKU009,180
2025-01-18,SKU009,192
2025-01-19,SKU009,225
2025-01-20,SKU009,183
2025-01-21,SKU009,144
2025-01-22,SKU009,128
2025-01-23,SKU009,84
2025-01-24,SKU009,114
2025-01-25,SKU009,155
2025-01-26,SKU009,198
2025-01-27,SKU009,204
2025-01-28,SKU009,165
2025-01-29,SKU009,168
2025-01-30,SKU009,118
2025-01-31,SKU009,142
2025-02-01,SKU009,140
2025-02-02,SKU009,222
2025-02-03,SKU009,201
2025-02-04,SKU009,200
2025-02-05,SKU009,123
2025-02-06,SKU009,140
2025-02-07,SKU009,156
2025-02-08,SKU009,116
2025-02-09,SKU009,224
2025-02-10,SKU009,169
2025-02-11,SKU009,188
2025-02-12,SKU009,198
2025-02-13,SKU009,159
2025-02-14,SKU009,104
2025-02-15,SKU009,164
2025-02-16,SKU009,225
2025-02-17,SKU009,180
2025-02-18,SKU009,174
2025-02-19,SKU009,144
2025-02-20,SKU009,150
2025-02-21,SKU009,103
2025-02-22,SKU009,184
2025-02-23,SKU009,179
2025-02-24,SKU009,200
2025-02-25,SKU009,177
2025-02-26,SKU009,169
2025-02-27,SKU009,135
2025-02-28,SKU009,178
2025-03-01,SKU009,193
2025-03-02,SKU009,174
2025-03-03,SKU009,235
2025-03-04,SKU009,191
2025-03-05,SKU009,158
2025-03-06,SKU009,157
2025-03-07,SKU009,115
2025-03-08,SKU009,133
2025-03-09,SKU009,195
2025-03-10,SKU009,185
2025-03-11,SKU009,235
2025-03-12,SKU009,134
2025-03-13,SKU009,136
2025-03-14,SKU009,147
2025-03-15,SKU009,199
2025-03-16,SKU009,169
2025-03-17,SKU009,160
2025-03-18,SKU009,218
2025-03-19,SKU009,155
2025-03-20,SKU009,156
2025-03-21,SKU009,163
2025-03-22,SKU009,194
2025-03-23,SKU009,185
2025-03-24,SKU009,184
2025-03-25,SKU009,132
2025-03-26,SKU009,128
2025-03-27,SKU009,137
2025-03-28,SKU009,124
2025-03-29,SKU009,139
2025-03-30,SKU009,196
2025-03-31,SKU009,235
2025-04-01,SKU009,181
2025-04-02,SKU009,125
2025-04-03,SKU009,167
2025-04-04,SKU009,122
2025-04-05,SKU009,205
2025-04-06,SKU009,188
2025-04-07,SKU009,203
2025-04-08,SKU009,222
2025-04-09,SKU009,119
2025-04-10,SKU009,109
2025-04-11,SKU009,134
2025-04-12,SKU009,164
2025-04-13,SKU009,261
2025-04-14,SKU009,178
2025-04-15,SKU009,150
2025-04-16,SKU009,130
2025-04-17,SKU009,141
2025-04-18,SKU009,154
2025-04-19,SKU009,150
2025-04-20,SKU009,195
2025-04-21,SKU009,250
2025-04-22,SKU009,183
2025-04-23,SKU009,162
2025-04-24,SKU009,183
2025-04-25,SKU009,124
2025-04-26,SKU009,149
2025-04-27,SKU009,182
2025-04-28,SKU009,187
2025-04-29,SKU009,137
2025-04-30,SKU009,157
2025-05-01,SKU009,141
2025-05-02,SKU009,137
2025-05-03,SKU009,174
2025-05-04,SKU009,201
2025-05-05,SKU009,168
2025-05-06,SKU009,190
2025-05-07,SKU009,167
2025-05-08,SKU009,95
2025-05-09,SKU009,179
2025-05-10,SKU009,137
2025-05-11,SKU009,166
2025-05-12,SKU009,206
2025-05-13,SKU009,196
2025-05-14,SKU009,173
2025-05-15,SKU009,149
2025-05-16,SKU009,129
2025-05-17,SKU009,171
2025-05-18,SKU009,186
2025-05-19,SKU009,205
2025-05-20,SKU009,184
2025-05-21,SKU009,141
2025-05-22,SKU009,126
2025-05-23,SKU009,95
2025-05-24,SKU009,189
2025-05-25,SKU009,202
2025-05-26,SKU009,143
2025-05-27,SKU009,203
2025-05-28,SKU009,152
2025-05-29,SKU009,112
2025-05-30,SKU009,116
2025-05-31,SKU009,151
2025-06-01,SKU009,171
2025-06-02,SKU009,181
2025-06-03,SKU009,225
2025-06-04,SKU009,163
2025-06-05,SKU009,187
2025-06-06,SKU009,147
2025-06-07,SKU009,183
2025-06-08,SKU009,172
2025-06-09,SKU009,197
2025-06-10,SKU009,181
2025-06-11,SKU009,169
2025-06-12,SKU009,134
2025-06-13,SKU009,151
2025-06-14,SKU009,176
2025-06-15,SKU009,187
2025-06-16,SKU009,191
2025-06-17,SKU009,166
2025-06-18,SKU009,181
2025-06-19,SKU009,128
2025-06-20,SKU009,150
2025-06-21,SKU009,164
2025-06-22,SKU009,221
2025-06-23,SKU009,151
2025-06-24,SKU009,190
2025-06-25,SKU009,122
2025-06-26,SKU009,145
2025-06-27,SKU009,138
2025-06-28,SKU009,131
2025-06-29,SKU009,203
2025-06-30,SKU009,206
2025-07-01,SKU009,177
2025-07-02,SKU009,151
2025-07-03,SKU009,139
2025-07-04,SKU009,171
2025-07-05,SKU009,160
2024-06-01,SKU010,60
2024-06-02,SKU010,81
2024-06-03,SKU010,70
2024-06-04,SKU010,59
2024-06-05,SKU010,45
2024-06-06,SKU010,48
2024-06-07,SKU010,43
2024-06-08,SKU010,73
2024-06-09,SKU010,62
2024-06-10,SKU010,65
2024-06-11,SKU010,70
2024-06-12,SKU010,65
2024-06-13,SKU010,55
2024-06-14,SKU010,60
2024-06-15,SKU010,59
2024-06-16,SKU010,69
2024-06-17,SKU010,90
2024-06-18,SKU010,80
2024-06-19,SKU010,61
2024-06-20,SKU010,58
2024-06-21,SKU010,58
2024-06-22,SKU010,49
2024-06-23,SKU010,69
2024-06-24,SKU010,85
2024-06-25,SKU010,72
2024-06-26,SKU010,54
2024-06-27,SKU010,62
2024-06-28,SKU010,54
2024-06-29,SKU010,67
2024-06-30,SKU010,73
2024-07-01,SKU010,77
2024-07-02,SKU010,71
2024-07-03,SKU010,66
2024-07-04,SKU010,61
2024-07-05,SKU010,47
2024-07-06,SKU010,63
2024-07-07,SKU010,81
2024-07-08,SKU010,71
2024-07-09,SKU010,53
2024-07-10,SKU010,47
2024-07-11,SKU010,41
2024-07-12,SKU010,46
2024-07-13,SKU010,53
2024-07-14,SKU010,79
2024-07-15,SKU010,69
2024-07-16,SKU010,77
2024-07-17,SKU010,45
2024-07-18,SKU010,45
2024-07-19,SKU010,52
2024-07-20,SKU010,67
2024-07-21,SKU010,80
2024-07-22,SKU010,67
2024-07-23,SKU010,74
2024-07-24,SKU010,40
2024-07-25,SKU010,56
2024-07-26,SKU010,39
2024-07-27,SKU010,64
2024-07-28,SKU010,80
2024-07-29,SKU010,80
2024-07-30,SKU010,50
2024-07-31,SKU010,51
2024-08-01,SKU010,55
2024-08-02,SKU010,57
2024-08-03,SKU010,62
2024-08-04,SKU010,50
2024-08-05,SKU010,82
2024-08-06,SKU010,78
2024-08-07,SKU010,56
2024-08-08,SKU010,50
2024-08-09,SKU010,55
2024-08-10,SKU010,73
2024-08-11,SKU010,72
2024-08-12,SKU010,70
2024-08-13,SKU010,69
2024-08-14,SKU010,55
2024-08-15,SKU010,48
2024-08-16,SKU010,35
2024-08-17,SKU010,65
2024-08-18,SKU010,80
2024-08-19,SKU010,81
2024-08-20,SKU010,74
2024-08-21,SKU010,54
2024-08-22,SKU010,50
2024-08-23,SKU010,61
2024-08-24,SKU010,68
2024-08-25,SKU010,83
2024-08-26,SKU010,66
2024-08-27,SKU010,59
2024-08-28,SKU010,52
2024-08-29,SKU010,40
2024-08-30,SKU010,39
2024-08-31,SKU010,64
2024-09-01,SKU010,73
2024-09-02,SKU010,74
2024-09-03,SKU010,68
2024-09-04,SKU010,42
2024-09-05,SKU010,44
2024-09-06,SKU010,48
2024-09-07,SKU010,60
2024-09-08,SKU010,56
2024-09-09,SKU010,63
2024-09-10,SKU010,61
2024-09-11,SKU010,64
2024-09-12,SKU010,51
2024-09-13,SKU010,60
2024-09-14,SKU010,59
2024-09-15,SKU010,69
2024-09-16,SKU010,76
2024-09-17,SKU010,64
2024-09-18,SKU010,49
2024-09-19,SKU010,35
2024-09-20,SKU010,45
2024-09-21,SKU010,68
2024-09-22,SKU010,81
2024-09-23,SKU010,65
2024-09-24,SKU010,50
2024-09-25,SKU010,63
2024-09-26,SKU010,49
2024-09-27,SKU010,38
2024-09-28,SKU010,32
2024-09-29,SKU010,61
2024-09-30,SKU010,68
2024-10-01,SKU010,55
2024-10-02,SKU010,61
2024-10-03,SKU010,41
2024-10-04,SKU010,51
2024-10-05,SKU010,81
2024-10-06,SKU010,70
2024-10-07,SKU010,71
2024-10-08,SKU010,64
2024-10-09,SKU010,61
2024-10-10,SKU010,53
2024-10-11,SKU010,42
2024-10-12,SKU010,56
2024-10-13,SKU010,63
2024-10-14,SKU010,69
2024-10-15,SKU010,82
2024-10-16,SKU010,60
2024-10-17,SKU010,48
2024-10-18,SKU010,62
2024-10-19,SKU010,62
2024-10-20,SKU010,55
2024-10-21,SKU010,87
2024-10-22,SKU010,64
2024-10-23,SKU010,34
2024-10-24,SKU010,34
2024-10-25,SKU010,61
2024-10-26,SKU010,46
2024-10-27,SKU010,82
2024-10-28,SKU010,72
2024-10-29,SKU010,72
2024-10-30,SKU010,52
2024-10-31,SKU010,53
2024-11-01,SKU010,53
2024-11-02,SKU010,60
2024-11-03,SKU010,60
2024-11-04,SKU010,75
2024-11-05,SKU010,49
2024-11-06,SKU010,63
2024-11-07,SKU010,50
2024-11-08,SKU010,55
2024-11-09,SKU010,36
2024-11-10,SKU010,59
2024-11-11,SKU010,67
2024-11-12,SKU010,71
2024-11-13,SKU010,46
2024-11-14,SKU010,71
2024-11-15,SKU010,48
2024-11-16,SKU010,51
2024-11-17,SKU010,68
2024-11-18,SKU010,63
2024-11-19,SKU010,55
2024-11-20,SKU010,64
2024-11-21,SKU010,53
2024-11-22,SKU010,55
2024-11-23,SKU010,71
2024-11-24,SKU010,74
2024-11-25,SKU010,62
2024-11-26,SKU010,72
2024-11-27,SKU010,45
2024-11-28,SKU010,44
2024-11-29,SKU010,50
2024-11-30,SKU010,59
2024-12-01,SKU010,53
2024-12-02,SKU010,63
2024-12-03,SKU010,65
2024-12-04,SKU010,49
2024-12-05,SKU010,58
2024-12-06,SKU010,62
2024-12-07,SKU010,50
2024-12-08,SKU010,70
2024-12-09,SKU010,86
2024-12-10,SKU010,64
2024-12-11,SKU010,51
2024-12-12,SKU010,56
2024-12-13,SKU010,48
2024-12-14,SKU010,71
2024-12-15,SKU010,64
2024-12-16,SKU010,67
2024-12-17,SKU010,72
2024-12-18,SKU010,56
2024-12-19,SKU010,49
2024-12-20,SKU010,33
2024-12-21,SKU010,57
2024-12-22,SKU010,77
2024-12-23,SKU010,65
2024-12-24,SKU010,72
2024-12-25,SKU010,57
2024-12-26,SKU010,47
2024-12-27,SKU010,63
2024-12-28,SKU010,57
2024-12-29,SKU010,67
2024-12-30,SKU010,70
2024-12-31,SKU010,66
2025-01-01,SKU010,62
2025-01-02,SKU010,35
2025-01-03,SKU010,58
2025-01-04,SKU010,61
2025-01-05,SKU010,74
2025-01-06,SKU010,93
2025-01-07,SKU010,61
2025-01-08,SKU010,44
2025-01-09,SKU010,50
2025-01-10,SKU010,54
2025-01-11,SKU010,68
2025-01-12,SKU010,65
2025-01-13,SKU010,64
2025-01-14,SKU010,51
2025-01-15,SKU010,42
2025-01-16,SKU010,45
2025-01-17,SKU010,50
2025-01-18,SKU010,79
2025-01-19,SKU010,54
2025-01-20,SKU010,75
2025-01-21,SKU010,59
2025-01-22,SKU010,57
2025-01-23,SKU010,43
2025-01-24,SKU010,60
2025-01-25,SKU010,69
2025-01-26,SKU010,68
2025-01-27,SKU010,85
2025-01-28,SKU010,72
2025-01-29,SKU010,67
2025-01-30,SKU010,48
2025-01-31,SKU010,59
2025-02-01,SKU010,53
2025-02-02,SKU010,62
2025-02-03,SKU010,91
2025-02-04,SKU010,55
2025-02-05,SKU010,51
2025-02-06,SKU010,31
2025-02-07,SKU010,43
2025-02-08,SKU010,51
2025-02-09,SKU010,63
2025-02-10,SKU010,74
2025-02-11,SKU010,70
2025-02-12,SKU010,46
2025-02-13,SKU010,41
2025-02-14,SKU010,60
2025-02-15,SKU010,75
2025-02-16,SKU010,81
2025-02-17,SKU010,57
2025-02-18,SKU010,76
2025-02-19,SKU010,71
2025-02-20,SKU010,33
2025-02-21,SKU010,60
2025-02-22,SKU010,62
2025-02-23,SKU010,66
2025-02-24,SKU010,73
2025-02-25,SKU010,69
2025-02-26,SKU010,65
2025-02-27,SKU010,58
2025-02-28,SKU010,37
2025-03-01,SKU010,54
2025-03-02,SKU010,70
2025-03-03,SKU010,86
2025-03-04,SKU010,41
2025-03-05,SKU010,49
2025-03-06,SKU010,35
2025-03-07,SKU010,38
2025-03-08,SKU010,69
2025-03-09,SKU010,65
2025-03-10,SKU010,51
2025-03-11,SKU010,64
2025-03-12,SKU010,73
2025-03-13,SKU010,32
2025-03-14,SKU010,55
2025-03-15,SKU010,74
2025-03-16,SKU010,69
2025-03-17,SKU010,89
2025-03-18,SKU010,59
2025-03-19,SKU010,68
2025-03-20,SKU010,59
2025-03-21,SKU010,50
2025-03-22,SKU010,47
2025-03-23,SKU010,60
2025-03-24,SKU010,51
2025-03-25,SKU010,71
2025-03-26,SKU010,59
2025-03-27,SKU010,49
2025-03-28,SKU010,50
2025-03-29,SKU010,72
2025-03-30,SKU010,72
2025-03-31,SKU010,67
2025-04-01,SKU010,67
2025-04-02,SKU010,73
2025-04-03,SKU010,54
2025-04-04,SKU010,47
2025-04-05,SKU010,60
2025-04-06,SKU010,74
2025-04-07,SKU010,68
2025-04-08,SKU010,61
2025-04-09,SKU010,55
2025-04-10,SKU010,62
2025-04-11,SKU010,58
2025-04-12,SKU010,56
2025-04-13,SKU010,77
2025-04-14,SKU010,72
2025-04-15,SKU010,68
2025-04-16,SKU010,57
2025-04-17,SKU010,29
2025-04-18,SKU010,23
2025-04-19,SKU010,62
2025-04-20,SKU010,62
2025-04-21,SKU010,57
2025-04-22,SKU010,58
2025-04-23,SKU010,63
2025-04-24,SKU010,52
2025-04-25,SKU010,58
2025-04-26,SKU010,64
2025-04-27,SKU010,61
2025-04-28,SKU010,79
2025-04-29,SKU010,70
2025-04-30,SKU010,54
2025-05-01,SKU010,49
2025-05-02,SKU010,58
2025-05-03,SKU010,53
2025-05-04,SKU010,79
2025-05-05,SKU010,77
2025-05-06,SKU010,65
2025-05-07,SKU010,69
2025-05-08,SKU010,37
2025-05-09,SKU010,46
2025-05-10,SKU010,54
2025-05-11,SKU010,73
2025-05-12,SKU010,82
2025-05-13,SKU010,56
2025-05-14,SKU010,85
2025-05-15,SKU010,42
2025-05-16,SKU010,54
2025-05-17,SKU010,60
2025-05-18,SKU010,70
2025-05-19,SKU010,65
2025-05-20,SKU010,75
2025-05-21,SKU010,47
2025-05-22,SKU010,32
2025-05-23,SKU010,41
2025-05-24,SKU010,73
2025-05-25,SKU010,81
2025-05-26,SKU010,54
2025-05-27,SKU010,73
2025-05-28,SKU010,37
2025-05-29,SKU010,48
2025-05-30,SKU010,40
2025-05-31,SKU010,68
2025-06-01,SKU010,74
2025-06-02,SKU010,81
2025-06-03,SKU010,63
2025-06-04,SKU010,53
2025-06-05,SKU010,35
2025-06-06,SKU010,41
2025-06-07,SKU010,69
2025-06-08,SKU010,73
2025-06-09,SKU010,73
2025-06-10,SKU010,77
2025-06-11,SKU010,43
2025-06-12,SKU010,55
2025-06-13,SKU010,40
2025-06-14,SKU010,73
2025-06-15,SKU010,74
2025-06-16,SKU010,80
2025-06-17,SKU010,59
2025-06-18,SKU010,74
2025-06-19,SKU010,66
2025-06-20,SKU010,54
2025-06-21,SKU010,71
2025-06-22,SKU010,67
2025-06-23,SKU010,60
2025-06-24,SKU010,72
2025-06-25,SKU010,47
2025-06-26,SKU010,60
2025-06-27,SKU010,60
2025-06-28,SKU010,62
2025-06-29,SKU010,71
2025-06-30,SKU010,81
2025-07-01,SKU010,68
2025-07-02,SKU010,51
2025-07-03,SKU010,35
2025-07-04,SKU010,59
2025-07-05,SKU010,63
2024-06-01,SKU011,184
2024-06-02,SKU011,148
2024-06-03,SKU011,161
2024-06-04,SKU011,148
2024-06-05,SKU011,131
2024-06-06,SKU011,86
2024-06-07,SKU011,108
2024-06-08,SKU011,146
2024-06-09,SKU011,144
2024-06-10,SKU011,171
2024-06-11,SKU011,143
2024-06-12,SKU011,127
2024-06-13,SKU011,127
2024-06-14,SKU011,105
2024-06-15,SKU011,102
2024-06-16,SKU011,145
2024-06-17,SKU011,139
2024-06-18,SKU011,100
2024-06-19,SKU011,117
2024-06-20,SKU011,109
2024-06-21,SKU011,130
2024-06-22,SKU011,108
2024-06-23,SKU011,152
2024-06-24,SKU011,177
2024-06-25,SKU011,130
2024-06-26,SKU011,129
2024-06-27,SKU011,136
2024-06-28,SKU011,73
2024-06-29,SKU011,135
2024-06-30,SKU011,173
2024-07-01,SKU011,149
2024-07-02,SKU011,168
2024-07-03,SKU011,131
2024-07-04,SKU011,139
2024-07-05,SKU011,121
2024-07-06,SKU011,166
2024-07-07,SKU011,156
2024-07-08,SKU011,129
2024-07-09,SKU011,129
2024-07-10,SKU011,139
2024-07-11,SKU011,124
2024-07-12,SKU011,104
2024-07-13,SKU011,165
2024-07-14,SKU011,143
2024-07-15,SKU011,164
2024-07-16,SKU011,150
2024-07-17,SKU011,93
2024-07-18,SKU011,102
2024-07-19,SKU011,156
2024-07-20,SKU011,112
2024-07-21,SKU011,163
2024-07-22,SKU011,133
2024-07-23,SKU011,123
2024-07-24,SKU011,91
2024-07-25,SKU011,123
2024-07-26,SKU011,93
2024-07-27,SKU011,155
2024-07-28,SKU011,140
2024-07-29,SKU011,158
2024-07-30,SKU011,149
2024-07-31,SKU011,87
2024-08-01,SKU011,109
2024-08-02,SKU011,116
2024-08-03,SKU011,152
2024-08-04,SKU011,132
2024-08-05,SKU011,139
2024-08-06,SKU011,154
2024-08-07,SKU011,146
2024-08-08,SKU011,93
2024-08-09,SKU011,86
2024-08-10,SKU011,124
2024-08-11,SKU011,131
2024-08-12,SKU011,163
2024-08-13,SKU011,120
2024-08-14,SKU011,138
2024-08-15,SKU011,109
2024-08-16,SKU011,129
2024-08-17,SKU011,83
2024-08-18,SKU011,116
2024-08-19,SKU011,181
2024-08-20,SKU011,127
2024-08-21,SKU011,90
2024-08-22,SKU011,101
2024-08-23,SKU011,114
2024-08-24,SKU011,127
2024-08-25,SKU011,159
2024-08-26,SKU011,162
2024-08-27,SKU011,147
2024-08-28,SKU011,145
2024-08-29,SKU011,104
2024-08-30,SKU011,109
2024-08-31,SKU011,146
2024-09-01,SKU011,161
2024-09-02,SKU011,138
2024-09-03,SKU011,139
2024-09-04,SKU011,127
2024-09-05,SKU011,93
2024-09-06,SKU011,99
2024-09-07,SKU011,103
2024-09-08,SKU011,94
2024-09-09,SKU011,148
2024-09-10,SKU011,144
2024-09-11,SKU011,97
2024-09-12,SKU011,132
2024-09-13,SKU011,89
2024-09-14,SKU011,148
2024-09-15,SKU011,158
2024-09-16,SKU011,198
2024-09-17,SKU011,152
2024-09-18,SKU011,91
2024-09-19,SKU011,125
2024-09-20,SKU011,143
2024-09-21,SKU011,95
2024-09-22,SKU011,163
2024-09-23,SKU011,172
2024-09-24,SKU011,137
2024-09-25,SKU011,71
2024-09-26,SKU011,99
2024-09-27,SKU011,98
2024-09-28,SKU011,160
2024-09-29,SKU011,149
2024-09-30,SKU011,147
2024-10-01,SKU011,130
2024-10-02,SKU011,125
2024-10-03,SKU011,106
2024-10-04,SKU011,94
2024-10-05,SKU011,135
2024-10-06,SKU011,139
2024-10-07,SKU011,105
2024-10-08,SKU011,154
2024-10-09,SKU011,130
2024-10-10,SKU011,109
2024-10-11,SKU011,101
2024-10-12,SKU011,129
2024-10-13,SKU011,166
2024-10-14,SKU011,143
2024-10-15,SKU011,158
2024-10-16,SKU011,90
2024-10-17,SKU011,108
2024-10-18,SKU011,110
2024-10-19,SKU011,150
2024-10-20,SKU011,132
2024-10-21,SKU011,140
2024-10-22,SKU011,114
2024-10-23,SKU011,108
2024-10-24,SKU011,110
2024-10-25,SKU011,75
2024-10-26,SKU011,121
2024-10-27,SKU011,162
2024-10-28,SKU011,153
2024-10-29,SKU011,143
2024-10-30,SKU011,89
2024-10-31,SKU011,103
2024-11-01,SKU011,110
2024-11-02,SKU011,127
2024-11-03,SKU011,153
2024-11-04,SKU011,149
2024-11-05,SKU011,132
2024-11-06,SKU011,98
2024-11-07,SKU011,124
2024-11-08,SKU011,86
2024-11-09,SKU011,133
2024-11-10,SKU011,186
2024-11-11,SKU011,177
2024-11-12,SKU011,151
2024-11-13,SKU011,124
2024-11-14,SKU011,102
2024-11-15,SKU011,92
2024-11-16,SKU011,125
2024-11-17,SKU011,162
2024-11-18,SKU011,163
2024-11-19,SKU011,157
2024-11-20,SKU011,143
2024-11-21,SKU011,102
2024-11-22,SKU011,113
2024-11-23,SKU011,93
2024-11-24,SKU011,194
2024-11-25,SKU011,147
2024-11-26,SKU011,154
2024-11-27,SKU011,111
2024-11-28,SKU011,96
2024-11-29,SKU011,105
2024-11-30,SKU011,106
2024-12-01,SKU011,102
2024-12-02,SKU011,178
2024-12-03,SKU011,152
2024-12-04,SKU011,101
2024-12-05,SKU011,113
2024-12-06,SKU011,126
2024-12-07,SKU011,116
2024-12-08,SKU011,158
2024-12-09,SKU011,175
2024-12-10,SKU011,113
2024-12-11,SKU011,129
2024-12-12,SKU011,112
2024-12-13,SKU011,146
2024-12-14,SKU011,141
2024-12-15,SKU011,142
2024-12-16,SKU011,150
2024-12-17,SKU011,181
2024-12-18,SKU011,112
2024-12-19,SKU011,116
2024-12-20,SKU011,105
2024-12-21,SKU011,151
2024-12-22,SKU011,172
2024-12-23,SKU011,155
2024-12-24,SKU011,133
2024-12-25,SKU011,110
2024-12-26,SKU011,71
2024-12-27,SKU011,112
2024-12-28,SKU011,132
2024-12-29,SKU011,134
2024-12-30,SKU011,120
2024-12-31,SKU011,145
2025-01-01,SKU011,125
2025-01-02,SKU011,112
2025-01-03,SKU011,90
2025-01-04,SKU011,138
2025-01-05,SKU011,147
2025-01-06,SKU011,172
2025-01-07,SKU011,122
2025-01-08,SKU011,141
2025-01-09,SKU011,134
2025-01-10,SKU011,112
2025-01-11,SKU011,138
2025-01-12,SKU011,166
2025-01-13,SKU011,135
2025-01-14,SKU011,132
2025-01-15,SKU011,122
2025-01-16,SKU011,144
2025-01-17,SKU011,86
2025-01-18,SKU011,162
2025-01-19,SKU011,147
2025-01-20,SKU011,155
2025-01-21,SKU011,165
2025-01-22,SKU011,158
2025-01-23,SKU011,113
2025-01-24,SKU011,132
2025-01-25,SKU011,112
2025-01-26,SKU011,140
2025-01-27,SKU011,129
2025-01-28,SKU011,131
2025-01-29,SKU011,130
2025-01-30,SKU011,109
2025-01-31,SKU011,143
2025-02-01,SKU011,170
2025-02-02,SKU011,148
2025-02-03,SKU011,142
2025-02-04,SKU011,164
2025-02-05,SKU011,143
2025-02-06,SKU011,113
2025-02-07,SKU011,123
2025-02-08,SKU011,141
2025-02-09,SKU011,131
2025-02-10,SKU011,132
2025-02-11,SKU011,140
2025-02-12,SKU011,115
2025-02-13,SKU011,110
2025-02-14,SKU011,107
2025-02-15,SKU011,97
2025-02-16,SKU011,109
2025-02-17,SKU011,170
2025-02-18,SKU011,128
2025-02-19,SKU011,114
2025-02-20,SKU011,94
2025-02-21,SKU011,92
2025-02-22,SKU011,112
2025-02-23,SKU011,170
2025-02-24,SKU011,151
2025-02-25,SKU011,154
2025-02-26,SKU011,134
2025-02-27,SKU011,111
2025-02-28,SKU011,125
2025-03-01,SKU011,130
2025-03-02,SKU011,177
2025-03-03,SKU011,171
2025-03-04,SKU011,160
2025-03-05,SKU011,100
2025-03-06,SKU011,110
2025-03-07,SKU011,74
2025-03-08,SKU011,157
2025-03-09,SKU011,138
2025-03-10,SKU011,146
2025-03-11,SKU011,115
2025-03-12,SKU011,118
2025-03-13,SKU011,99
2025-03-14,SKU011,145
2025-03-15,SKU011,147
2025-03-16,SKU011,140
2025-03-17,SKU011,123
2025-03-18,SKU011,97
2025-03-19,SKU011,99
2025-03-20,SKU011,79
2025-03-21,SKU011,116
2025-03-22,SKU011,127
2025-03-23,SKU011,151
2025-03-24,SKU011,137
2025-03-25,SKU011,144
2025-03-26,SKU011,91
2025-03-27,SKU011,103
2025-03-28,SKU011,126
2025-03-29,SKU011,123
2025-03-30,SKU011,159
2025-03-31,SKU011,117
2025-04-01,SKU011,101
2025-04-02,SKU011,125
2025-04-03,SKU011,125
2025-04-04,SKU011,105
2025-04-05,SKU011,172
2025-04-06,SKU011,122
2025-04-07,SKU011,142
2025-04-08,SKU011,144
2025-04-09,SKU011,128
2025-04-10,SKU011,93
2025-04-11,SKU011,89
2025-04-12,SKU011,142
2025-04-13,SKU011,153
2025-04-14,SKU011,149
2025-04-15,SKU011,151
2025-04-16,SKU011,116
2025-04-17,SKU011,102
2025-04-18,SKU011,106
2025-04-19,SKU011,114
2025-04-20,SKU011,132
2025-04-21,SKU011,145
2025-04-22,SKU011,142
2025-04-23,SKU011,82
2025-04-24,SKU011,123
2025-04-25,SKU011,110
2025-04-26,SKU011,109
2025-04-27,SKU011,182
2025-04-28,SKU011,156
2025-04-29,SKU011,115
2025-04-30,SKU011,149
2025-05-01,SKU011,131
2025-05-02,SKU011,92
2025-05-03,SKU011,124
2025-05-04,SKU011,141
2025-05-05,SKU011,119
2025-05-06,SKU011,148
2025-05-07,SKU011,135
2025-05-08,SKU011,117
2025-05-09,SKU011,110
2025-05-10,SKU011,148
2025-05-11,SKU011,128
2025-05-12,SKU011,191
2025-05-13,SKU011,126
2025-05-14,SKU011,106
2025-05-15,SKU011,93
2025-05-16,SKU011,97
2025-05-17,SKU011,126
2025-05-18,SKU011,146
2025-05-19,SKU011,158
2025-05-20,SKU011,125
2025-05-21,SKU011,122
2025-05-22,SKU011,83
2025-05-23,SKU011,124
2025-05-24,SKU011,144
2025-05-25,SKU011,150
2025-05-26,SKU011,143
2025-05-27,SKU011,147
2025-05-28,SKU011,101
2025-05-29,SKU011,105
2025-05-30,SKU011,107
2025-05-31,SKU011,181
2025-06-01,SKU011,126
2025-06-02,SKU011,103
2025-06-03,SKU011,129
2025-06-04,SKU011,85
2025-06-05,SKU011,90
2025-06-06,SKU011,84
2025-06-07,SKU011,112
2025-06-08,SKU011,130
2025-06-09,SKU011,174
2025-06-10,SKU011,140
2025-06-11,SKU011,140
2025-06-12,SKU011,105
2025-06-13,SKU011,128
2025-06-14,SKU011,124
2025-06-15,SKU011,181
2025-06-16,SKU011,165
2025-06-17,SKU011,126
2025-06-18,SKU011,131
2025-06-19,SKU011,105
2025-06-20,SKU011,106
2025-06-21,SKU011,132
2025-06-22,SKU011,165
2025-06-23,SKU011,114
2025-06-24,SKU011,134
2025-06-25,SKU011,132
2025-06-26,SKU011,109
2025-06-27,SKU011,88
2025-06-28,SKU011,84
2025-06-29,SKU011,183
2025-06-30,SKU011,152
2025-07-01,SKU011,171
2025-07-02,SKU011,134
2025-07-03,SKU011,89
2025-07-04,SKU011,61
2025-07-05,SKU011,121
2024-06-01,SKU012,121
2024-06-02,SKU012,112
2024-06-03,SKU012,138
2024-06-04,SKU012,126
2024-06-05,SKU012,120
2024-06-06,SKU012,86
2024-06-07,SKU012,103
2024-06-08,SKU012,118
2024-06-09,SKU012,146
2024-06-10,SKU012,121
2024-06-11,SKU012,71
2024-06-12,SKU012,99
2024-06-13,SKU012,87
2024-06-14,SKU012,76
2024-06-15,SKU012,87
2024-06-16,SKU012,121
2024-06-17,SKU012,133
2024-06-18,SKU012,124
2024-06-19,SKU012,64
2024-06-20,SKU012,61
2024-06-21,SKU012,114
2024-06-22,SKU012,110
2024-06-23,SKU012,131
2024-06-24,SKU012,112
2024-06-25,SKU012,123
2024-06-26,SKU012,97
2024-06-27,SKU012,80
2024-06-28,SKU012,71
2024-06-29,SKU012,98
2024-06-30,SKU012,164
2024-07-01,SKU012,129
2024-07-02,SKU012,136
2024-07-03,SKU012,100
2024-07-04,SKU012,86
2024-07-05,SKU012,85
2024-07-06,SKU012,136
2024-07-07,SKU012,137
2024-07-08,SKU012,122
2024-07-09,SKU012,116
2024-07-10,SKU012,121
2024-07-11,SKU012,43
2024-07-12,SKU012,101
2024-07-13,SKU012,122
2024-07-14,SKU012,118
2024-07-15,SKU012,138
2024-07-16,SKU012,131
2024-07-17,SKU012,82
2024-07-18,SKU012,105
2024-07-19,SKU012,100
2024-07-20,SKU012,110
2024-07-21,SKU012,132
2024-07-22,SKU012,147
2024-07-23,SKU012,162
2024-07-24,SKU012,114
2024-07-25,SKU012,105
2024-07-26,SKU012,99
2024-07-27,SKU012,145
2024-07-28,SKU012,106
2024-07-29,SKU012,106
2024-07-30,SKU012,125
2024-07-31,SKU012,114
2024-08-01,SKU012,47
2024-08-02,SKU012,95
2024-08-03,SKU012,110
2024-08-04,SKU012,143
2024-08-05,SKU012,142
2024-08-06,SKU012,92
2024-08-07,SKU012,85
2024-08-08,SKU012,77
2024-08-09,SKU012,108
2024-08-10,SKU012,119
2024-08-11,SKU012,120
2024-08-12,SKU012,137
2024-08-13,SKU012,105
2024-08-14,SKU012,138
2024-08-15,SKU012,101
2024-08-16,SKU012,109
2024-08-17,SKU012,136
2024-08-18,SKU012,148
2024-08-19,SKU012,136
2024-08-20,SKU012,120
2024-08-21,SKU012,125
2024-08-22,SKU012,91
2024-08-23,SKU012,83
2024-08-24,SKU012,146
2024-08-25,SKU012,115
2024-08-26,SKU012,106
2024-08-27,SKU012,140
2024-08-28,SKU012,91
2024-08-29,SKU012,98
2024-08-30,SKU012,126
2024-08-31,SKU012,90
2024-09-01,SKU012,130
2024-09-02,SKU012,160
2024-09-03,SKU012,134
2024-09-04,SKU012,100
2024-09-05,SKU012,131
2024-09-06,SKU012,94
2024-09-07,SKU012,120
2024-09-08,SKU012,159
2024-09-09,SKU012,152
2024-09-10,SKU012,145
2024-09-11,SKU012,88
2024-09-12,SKU012,112
2024-09-13,SKU012,98
2024-09-14,SKU012,100
2024-09-15,SKU012,134
2024-09-16,SKU012,138
2024-09-17,SKU012,154
2024-09-18,SKU012,110
2024-09-19,SKU012,78
2024-09-20,SKU012,78
2024-09-21,SKU012,112
2024-09-22,SKU012,108
2024-09-23,SKU012,123
2024-09-24,SKU012,119
2024-09-25,SKU012,96
2024-09-26,SKU012,103
2024-09-27,SKU012,83
2024-09-28,SKU012,71
2024-09-29,SKU012,102
2024-09-30,SKU012,135
2024-10-01,SKU012,113
2024-10-02,SKU012,82
2024-10-03,SKU012,124
2024-10-04,SKU012,109
2024-10-05,SKU012,112
2024-10-06,SKU012,135
2024-10-07,SKU012,131
2024-10-08,SKU012,102
2024-10-09,SKU012,121
2024-10-10,SKU012,105
2024-10-11,SKU012,62
2024-10-12,SKU012,117
2024-10-13,SKU012,136
2024-10-14,SKU012,130
2024-10-15,SKU012,158
2024-10-16,SKU012,137
2024-10-17,SKU012,85
2024-10-18,SKU012,92
2024-10-19,SKU012,107
2024-10-20,SKU012,120
2024-10-21,SKU012,119
2024-10-22,SKU012,131
2024-10-23,SKU012,136
2024-10-24,SKU012,117
2024-10-25,SKU012,109
2024-10-26,SKU012,72
2024-10-27,SKU012,99
2024-10-28,SKU012,153
2024-10-29,SKU012,150
2024-10-30,SKU012,113
2024-10-31,SKU012,86
2024-11-01,SKU012,118
2024-11-02,SKU012,126
2024-11-03,SKU012,150
2024-11-04,SKU012,104
2024-11-05,SKU012,129
2024-11-06,SKU012,133
2024-11-07,SKU012,100
2024-11-08,SKU012,111
2024-11-09,SKU012,114
2024-11-10,SKU012,132
2024-11-11,SKU012,159
2024-11-12,SKU012,111
2024-11-13,SKU012,90
2024-11-14,SKU012,83
2024-11-15,SKU012,96
2024-11-16,SKU012,86
2024-11-17,SKU012,143
2024-11-18,SKU012,132
2024-11-19,SKU012,137
2024-11-20,SKU012,67
2024-11-21,SKU012,106
2024-11-22,SKU012,118
2024-11-23,SKU012,120
2024-11-24,SKU012,131
2024-11-25,SKU012,150
2024-11-26,SKU012,144
2024-11-27,SKU012,112
2024-11-28,SKU012,101
2024-11-29,SKU012,123
2024-11-30,SKU012,126
2024-12-01,SKU012,117
2024-12-02,SKU012,157
2024-12-03,SKU012,121
2024-12-04,SKU012,104
2024-12-05,SKU012,93
2024-12-06,SKU012,112
2024-12-07,SKU012,143
2024-12-08,SKU012,131
2024-12-09,SKU012,164
2024-12-10,SKU012,126
2024-12-11,SKU012,127
2024-12-12,SKU012,94
2024-12-13,SKU012,87
2024-12-14,SKU012,146
2024-12-15,SKU012,121
2024-12-16,SKU012,124
2024-12-17,SKU012,102
2024-12-18,SKU012,125
2024-12-19,SKU012,116
2024-12-20,SKU012,102
2024-12-21,SKU012,96
2024-12-22,SKU012,131
2024-12-23,SKU012,130
2024-12-24,SKU012,105
2024-12-25,SKU012,95
2024-12-26,SKU012,100
2024-12-27,SKU012,85
2024-12-28,SKU012,118
2024-12-29,SKU012,101
2024-12-30,SKU012,163
2024-12-31,SKU012,116
2025-01-01,SKU012,118
2025-01-02,SKU012,94
2025-01-03,SKU012,102
2025-01-04,SKU012,94
2025-01-05,SKU012,118
2025-01-06,SKU012,123
2025-01-07,SKU012,123
2025-01-08,SKU012,126
2025-01-09,SKU012,98
2025-01-10,SKU012,80
2025-01-11,SKU012,114
2025-01-12,SKU012,129
2025-01-13,SKU012,129
2025-01-14,SKU012,123
2025-01-15,SKU012,116
2025-01-16,SKU012,79
2025-01-17,SKU012,89
2025-01-18,SKU012,130
2025-01-19,SKU012,139
2025-01-20,SKU012,157
2025-01-21,SKU012,147
2025-01-22,SKU012,80
2025-01-23,SKU012,96
2025-01-24,SKU012,87
2025-01-25,SKU012,93
2025-01-26,SKU012,117
2025-01-27,SKU012,130
2025-01-28,SKU012,118
2025-01-29,SKU012,93
2025-01-30,SKU012,91
2025-01-31,SKU012,137
2025-02-01,SKU012,84
2025-02-02,SKU012,150
2025-02-03,SKU012,135
2025-02-04,SKU012,115
2025-02-05,SKU012,69
2025-02-06,SKU012,104
2025-02-07,SKU012,71
2025-02-08,SKU012,127
2025-02-09,SKU012,160
2025-02-10,SKU012,113
2025-02-11,SKU012,143
2025-02-12,SKU012,104
2025-02-13,SKU012,55
2025-02-14,SKU012,75
2025-02-15,SKU012,116
2025-02-16,SKU012,137
2025-02-17,SKU012,108
2025-02-18,SKU012,123
2025-02-19,SKU012,117
2025-02-20,SKU012,108
2025-02-21,SKU012,88
2025-02-22,SKU012,120
2025-02-23,SKU012,149
2025-02-24,SKU012,149
2025-02-25,SKU012,138
2025-02-26,SKU012,105
2025-02-27,SKU012,89
2025-02-28,SKU012,100
2025-03-01,SKU012,100
2025-03-02,SKU012,150
2025-03-03,SKU012,109
2025-03-04,SKU012,114
2025-03-05,SKU012,103
2025-03-06,SKU012,99
2025-03-07,SKU012,106
2025-03-08,SKU012,138
2025-03-09,SKU012,132
2025-03-10,SKU012,123
2025-03-11,SKU012,120
2025-03-12,SKU012,98
2025-03-13,SKU012,100
2025-03-14,SKU012,77
2025-03-15,SKU012,110
2025-03-16,SKU012,158
2025-03-17,SKU012,138
2025-03-18,SKU012,105
2025-03-19,SKU012,97
2025-03-20,SKU012,53
2025-03-21,SKU012,94
2025-03-22,SKU012,141
2025-03-23,SKU012,111
2025-03-24,SKU012,110
2025-03-25,SKU012,112
2025-03-26,SKU012,119
2025-03-27,SKU012,120
2025-03-28,SKU012,103
2025-03-29,SKU012,91
2025-03-30,SKU012,130
2025-03-31,SKU012,165
2025-04-01,SKU012,118
2025-04-02,SKU012,106
2025-04-03,SKU012,95
2025-04-04,SKU012,69
2025-04-05,SKU012,130
2025-04-06,SKU012,145
2025-04-07,SKU012,101
2025-04-08,SKU012,100
2025-04-09,SKU012,87
2025-04-10,SKU012,104
2025-04-11,SKU012,83
2025-04-12,SKU012,120
2025-04-13,SKU012,128
2025-04-14,SKU012,136
2025-04-15,SKU012,131
2025-04-16,SKU012,108
2025-04-17,SKU012,91
2025-04-18,SKU012,101
2025-04-19,SKU012,117
2025-04-20,SKU012,127
2025-04-21,SKU012,128
2025-04-22,SKU012,155
2025-04-23,SKU012,96
2025-04-24,SKU012,114
2025-04-25,SKU012,84
2025-04-26,SKU012,127
2025-04-27,SKU012,161
2025-04-28,SKU012,129
2025-04-29,SKU012,111
2025-04-30,SKU012,96
2025-05-01,SKU012,91
2025-05-02,SKU012,101
2025-05-03,SKU012,112
2025-05-04,SKU012,124
2025-05-05,SKU012,168
2025-05-06,SKU012,119
2025-05-07,SKU012,93
2025-05-08,SKU012,105
2025-05-09,SKU012,110
2025-05-10,SKU012,137
2025-05-11,SKU012,163
2025-05-12,SKU012,141
2025-05-13,SKU012,118
2025-05-14,SKU012,71
2025-05-15,SKU012,75
2025-05-16,SKU012,99
2025-05-17,SKU012,93
2025-05-18,SKU012,104
2025-05-19,SKU012,136
2025-05-20,SKU012,136
2025-05-21,SKU012,99
2025-05-22,SKU012,106
2025-05-23,SKU012,106
2025-05-24,SKU012,132
2025-05-25,SKU012,168
2025-05-26,SKU012,179
2025-05-27,SKU012,135
2025-05-28,SKU012,95
2025-05-29,SKU012,92
2025-05-30,SKU012,122
2025-05-31,SKU012,98
2025-06-01,SKU012,155
2025-06-02,SKU012,132
2025-06-03,SKU012,127
2025-06-04,SKU012,90
2025-06-05,SKU012,69
2025-06-06,SKU012,91
2025-06-07,SKU012,135
2025-06-08,SKU012,119
2025-06-09,SKU012,162
2025-06-10,SKU012,113
2025-06-11,SKU012,85
2025-06-12,SKU012,95
2025-06-13,SKU012,107
2025-06-14,SKU012,116
2025-06-15,SKU012,133
2025-06-16,SKU012,162
2025-06-17,SKU012,124
2025-06-18,SKU012,95
2025-06-19,SKU012,72
2025-06-20,SKU012,117
2025-06-21,SKU012,106
2025-06-22,SKU012,125
2025-06-23,SKU012,153
2025-06-24,SKU012,158
2025-06-25,SKU012,107
2025-06-26,SKU012,89
2025-06-27,SKU012,95
2025-06-28,SKU012,105
2025-06-29,SKU012,125
2025-06-30,SKU012,129
2025-07-01,SKU012,138
2025-07-02,SKU012,102
2025-07-03,SKU012,114
2025-07-04,SKU012,93
2025-07-05,SKU012,107
2024-06-01,SKU013,157
2024-06-02,SKU013,153
2024-06-03,SKU013,155
2024-06-04,SKU013,144
2024-06-05,SKU013,150
2024-06-06,SKU013,112
2024-06-07,SKU013,136
2024-06-08,SKU013,127
2024-06-09,SKU013,174
2024-06-10,SKU013,162
2024-06-11,SKU013,161
2024-06-12,SKU013,140
2024-06-13,SKU013,88
2024-06-14,SKU013,113
2024-06-15,SKU013,151
2024-06-16,SKU013,175
2024-06-17,SKU013,183
2024-06-18,SKU013,146
2024-06-19,SKU013,151
2024-06-20,SKU013,93
2024-06-21,SKU013,82
2024-06-22,SKU013,127
2024-06-23,SKU013,176
2024-06-24,SKU013,136
2024-06-25,SKU013,114
2024-06-26,SKU013,86
2024-06-27,SKU013,121
2024-06-28,SKU013,83
2024-06-29,SKU013,143
2024-06-30,SKU013,146
2024-07-01,SKU013,142
2024-07-02,SKU013,124
2024-07-03,SKU013,125
2024-07-04,SKU013,91
2024-07-05,SKU013,111
2024-07-06,SKU013,140
2024-07-07,SKU013,165
2024-07-08,SKU013,176
2024-07-09,SKU013,147
2024-07-10,SKU013,100
2024-07-11,SKU013,115
2024-07-12,SKU013,124
2024-07-13,SKU013,128
2024-07-14,SKU013,147
2024-07-15,SKU013,207
2024-07-16,SKU013,118
2024-07-17,SKU013,130
2024-07-18,SKU013,127
2024-07-19,SKU013,105
2024-07-20,SKU013,129
2024-07-21,SKU013,145
2024-07-22,SKU013,158
2024-07-23,SKU013,161
2024-07-24,SKU013,117
2024-07-25,SKU013,168
2024-07-26,SKU013,102
2024-07-27,SKU013,159
2024-07-28,SKU013,163
2024-07-29,SKU013,160
2024-07-30,SKU013,173
2024-07-31,SKU013,89
2024-08-01,SKU013,115
2024-08-02,SKU013,97
2024-08-03,SKU013,123
2024-08-04,SKU013,143
2024-08-05,SKU013,139
2024-08-06,SKU013,111
2024-08-07,SKU013,128
2024-08-08,SKU013,105
2024-08-09,SKU013,105
2024-08-10,SKU013,147
2024-08-11,SKU013,162
2024-08-12,SKU013,152
2024-08-13,SKU013,204
2024-08-14,SKU013,141
2024-08-15,SKU013,155
2024-08-16,SKU013,103
2024-08-17,SKU013,137
2024-08-18,SKU013,128
2024-08-19,SKU013,151
2024-08-20,SKU013,132
2024-08-21,SKU013,180
2024-08-22,SKU013,93
2024-08-23,SKU013,107
2024-08-24,SKU013,103
2024-08-25,SKU013,163
2024-08-26,SKU013,140
2024-08-27,SKU013,162
2024-08-28,SKU013,85
2024-08-29,SKU013,104
2024-08-30,SKU013,75
2024-08-31,SKU013,122
2024-09-01,SKU013,147
2024-09-02,SKU013,146
2024-09-03,SKU013,134
2024-09-04,SKU013,140
2024-09-05,SKU013,149
2024-09-06,SKU013,118
2024-09-07,SKU013,115
2024-09-08,SKU013,154
2024-09-09,SKU013,151
2024-09-10,SKU013,161
2024-09-11,SKU013,126
2024-09-12,SKU013,75
2024-09-13,SKU013,133
2024-09-14,SKU013,151
2024-09-15,SKU013,182
2024-09-16,SKU013,148
2024-09-17,SKU013,149
2024-09-18,SKU013,97
2024-09-19,SKU013,105
2024-09-20,SKU013,119
2024-09-21,SKU013,119
2024-09-22,SKU013,159
2024-09-23,SKU013,161
2024-09-24,SKU013,135
2024-09-25,SKU013,148
2024-09-26,SKU013,102
2024-09-27,SKU013,114
2024-09-28,SKU013,103
2024-09-29,SKU013,163
2024-09-30,SKU013,148
2024-10-01,SKU013,162
2024-10-02,SKU013,95
2024-10-03,SKU013,115
2024-10-04,SKU013,68
2024-10-05,SKU013,144
2024-10-06,SKU013,149
2024-10-07,SKU013,166
2024-10-08,SKU013,132
2024-10-09,SKU013,102
2024-10-10,SKU013,98
2024-10-11,SKU013,115
2024-10-12,SKU013,143
2024-10-13,SKU013,159
2024-10-14,SKU013,139
2024-10-15,SKU013,180
2024-10-16,SKU013,127
2024-10-17,SKU013,94
2024-10-18,SKU013,120
2024-10-19,SKU013,137
2024-10-20,SKU013,149
2024-10-21,SKU013,152
2024-10-22,SKU013,163
2024-10-23,SKU013,155
2024-10-24,SKU013,66
2024-10-25,SKU013,136
2024-10-26,SKU013,132
2024-10-27,SKU013,157
2024-10-28,SKU013,185
2024-10-29,SKU013,91
2024-10-30,SKU013,137
2024-10-31,SKU013,132
2024-11-01,SKU013,98
2024-11-02,SKU013,104
2024-11-03,SKU013,185
2024-11-04,SKU013,123
2024-11-05,SKU013,152
2024-11-06,SKU013,141
2024-11-07,SKU013,114
2024-11-08,SKU013,123
2024-11-09,SKU013,127
2024-11-10,SKU013,162
2024-11-11,SKU013,144
2024-11-12,SKU013,132
2024-11-13,SKU013,121
2024-11-14,SKU013,76
2024-11-15,SKU013,123
2024-11-16,SKU013,83
2024-11-17,SKU013,160
2024-11-18,SKU013,167
2024-11-19,SKU013,128
2024-11-20,SKU013,96
2024-11-21,SKU013,98
2024-11-22,SKU013,124
2024-11-23,SKU013,139
2024-11-24,SKU013,131
2024-11-25,SKU013,160
2024-11-26,SKU013,149
2024-11-27,SKU013,125
2024-11-28,SKU013,87
2024-11-29,SKU013,114
2024-11-30,SKU013,150
2024-12-01,SKU013,163
2024-12-02,SKU013,166
2024-12-03,SKU013,176
2024-12-04,SKU013,124
2024-12-05,SKU013,90
2024-12-06,SKU013,95
2024-12-07,SKU013,135
2024-12-08,SKU013,124
2024-12-09,SKU013,152
2024-12-10,SKU013,153
2024-12-11,SKU013,144
2024-12-12,SKU013,76
2024-12-13,SKU013,113
2024-12-14,SKU013,131
2024-12-15,SKU013,153
2024-12-16,SKU013,161
2024-12-17,SKU013,143
2024-12-18,SKU013,148
2024-12-19,SKU013,131
2024-12-20,SKU013,154
2024-12-21,SKU013,132
2024-12-22,SKU013,145
2024-12-23,SKU013,139
2024-12-24,SKU013,133
2024-12-25,SKU013,135
2024-12-26,SKU013,123
2024-12-27,SKU013,125
2024-12-28,SKU013,119
2024-12-29,SKU013,140
2024-12-30,SKU013,196
2024-12-31,SKU013,127
2025-01-01,SKU013,149
2025-01-02,SKU013,114
2025-01-03,SKU013,97
2025-01-04,SKU013,109
2025-01-05,SKU013,139
2025-01-06,SKU013,166
2025-01-07,SKU013,125
2025-01-08,SKU013,151
2025-01-09,SKU013,102
2025-01-10,SKU013,125
2025-01-11,SKU013,144
2025-01-12,SKU013,185
2025-01-13,SKU013,149
2025-01-14,SKU013,146
2025-01-15,SKU013,93
2025-01-16,SKU013,108
2025-01-17,SKU013,134
2025-01-18,SKU013,136
2025-01-19,SKU013,198
2025-01-20,SKU013,168
2025-01-21,SKU013,133
2025-01-22,SKU013,130
2025-01-23,SKU013,77
2025-01-24,SKU013,96
2025-01-25,SKU013,108
2025-01-26,SKU013,153
2025-01-27,SKU013,157
2025-01-28,SKU013,167
2025-01-29,SKU013,119
2025-01-30,SKU013,86
2025-01-31,SKU013,142
2025-02-01,SKU013,74
2025-02-02,SKU013,153
2025-02-03,SKU013,162
2025-02-04,SKU013,143
2025-02-05,SKU013,130
2025-02-06,SKU013,108
2025-02-07,SKU013,121
2025-02-08,SKU013,120
2025-02-09,SKU013,124
2025-02-10,SKU013,157
2025-02-11,SKU013,123
2025-02-12,SKU013,106
2025-02-13,SKU013,129
2025-02-14,SKU013,142
2025-02-15,SKU013,155
2025-02-16,SKU013,172
2025-02-17,SKU013,159
2025-02-18,SKU013,164
2025-02-19,SKU013,128
2025-02-20,SKU013,145
2025-02-21,SKU013,93
2025-02-22,SKU013,145
2025-02-23,SKU013,128
2025-02-24,SKU013,171
2025-02-25,SKU013,109
2025-02-26,SKU013,97
2025-02-27,SKU013,81
2025-02-28,SKU013,116
2025-03-01,SKU013,139
2025-03-02,SKU013,201
2025-03-03,SKU013,156
2025-03-04,SKU013,159
2025-03-05,SKU013,124
2025-03-06,SKU013,120
2025-03-07,SKU013,114
2025-03-08,SKU013,154
2025-03-09,SKU013,132
2025-03-10,SKU013,109
2025-03-11,SKU013,152
2025-03-12,SKU013,85
2025-03-13,SKU013,132
2025-03-14,SKU013,101
2025-03-15,SKU013,111
2025-03-16,SKU013,206
2025-03-17,SKU013,157
2025-03-18,SKU013,139
2025-03-19,SKU013,135
2025-03-20,SKU013,122
2025-03-21,SKU013,134
2025-03-22,SKU013,106
2025-03-23,SKU013,163
2025-03-24,SKU013,152
2025-03-25,SKU013,125
2025-03-26,SKU013,121
2025-03-27,SKU013,70
2025-03-28,SKU013,130
2025-03-29,SKU013,126
2025-03-30,SKU013,143
2025-03-31,SKU013,155
2025-04-01,SKU013,140
2025-04-02,SKU013,143
2025-04-03,SKU013,85
2025-04-04,SKU013,104
2025-04-05,SKU013,128
2025-04-06,SKU013,132
2025-04-07,SKU013,161
2025-04-08,SKU013,129
2025-04-09,SKU013,93
2025-04-10,SKU013,117
2025-04-11,SKU013,142
2025-04-12,SKU013,133
2025-04-13,SKU013,151
2025-04-14,SKU013,155
2025-04-15,SKU013,133
2025-04-16,SKU013,144
2025-04-17,SKU013,108
2025-04-18,SKU013,68
2025-04-19,SKU013,156
2025-04-20,SKU013,172
2025-04-21,SKU013,170
2025-04-22,SKU013,89
2025-04-23,SKU013,120
2025-04-24,SKU013,124
2025-04-25,SKU013,119
2025-04-26,SKU013,136
2025-04-27,SKU013,170
2025-04-28,SKU013,160
2025-04-29,SKU013,167
2025-04-30,SKU013,124
2025-05-01,SKU013,108
2025-05-02,SKU013,129
2025-05-03,SKU013,124
2025-05-04,SKU013,131
2025-05-05,SKU013,158
2025-05-06,SKU013,155
2025-05-07,SKU013,139
2025-05-08,SKU013,125
2025-05-09,SKU013,110
2025-05-10,SKU013,129
2025-05-11,SKU013,141
2025-05-12,SKU013,163
2025-05-13,SKU013,111
2025-05-14,SKU013,121
2025-05-15,SKU013,163
2025-05-16,SKU013,82
2025-05-17,SKU013,135
2025-05-18,SKU013,160
2025-05-19,SKU013,168
2025-05-20,SKU013,124
2025-05-21,SKU013,131
2025-05-22,SKU013,96
2025-05-23,SKU013,83
2025-05-24,SKU013,151
2025-05-25,SKU013,166
2025-05-26,SKU013,139
2025-05-27,SKU013,133
2025-05-28,SKU013,109
2025-05-29,SKU013,74
2025-05-30,SKU013,126
2025-05-31,SKU013,148
2025-06-01,SKU013,146
2025-06-02,SKU013,157
2025-06-03,SKU013,146
2025-06-04,SKU013,125
2025-06-05,SKU013,80
2025-06-06,SKU013,121
2025-06-07,SKU013,109
2025-06-08,SKU013,166
2025-06-09,SKU013,137
2025-06-10,SKU013,118
2025-06-11,SKU013,120
2025-06-12,SKU013,105
2025-06-13,SKU013,113
2025-06-14,SKU013,114
2025-06-15,SKU013,157
2025-06-16,SKU013,164
2025-06-17,SKU013,167
2025-06-18,SKU013,124
2025-06-19,SKU013,94
2025-06-20,SKU013,85
2025-06-21,SKU013,102
2025-06-22,SKU013,159
2025-06-23,SKU013,173
2025-06-24,SKU013,126
2025-06-25,SKU013,126
2025-06-26,SKU013,103
2025-06-27,SKU013,126
2025-06-28,SKU013,149
2025-06-29,SKU013,108
2025-06-30,SKU013,178
2025-07-01,SKU013,148
2025-07-02,SKU013,110
2025-07-03,SKU013,96
2025-07-04,SKU013,112
2025-07-05,SKU013,122
2024-06-01,SKU014,45
2024-06-02,SKU014,50
2024-06-03,SKU014,70
2024-06-04,SKU014,55
2024-06-05,SKU014,63
2024-06-06,SKU014,43
2024-06-07,SKU014,47
2024-06-08,SKU014,42
2024-06-09,SKU014,56
2024-06-10,SKU014,60
2024-06-11,SKU014,50
2024-06-12,SKU014,42
2024-06-13,SKU014,43
2024-06-14,SKU014,45
2024-06-15,SKU014,40
2024-06-16,SKU014,60
2024-06-17,SKU014,64
2024-06-18,SKU014,50
2024-06-19,SKU014,40
2024-06-20,SKU014,44
2024-06-21,SKU014,23
2024-06-22,SKU014,50
2024-06-23,SKU014,70
2024-06-24,SKU014,40
2024-06-25,SKU014,61
2024-06-26,SKU014,50
2024-06-27,SKU014,29
2024-06-28,SKU014,46
2024-06-29,SKU014,58
2024-06-30,SKU014,49
2024-07-01,SKU014,54
2024-07-02,SKU014,55
2024-07-03,SKU014,53
2024-07-04,SKU014,36
2024-07-05,SKU014,42
2024-07-06,SKU014,45
2024-07-07,SKU014,58
2024-07-08,SKU014,68
2024-07-09,SKU014,55
2024-07-10,SKU014,43
2024-07-11,SKU014,40
2024-07-12,SKU014,36
2024-07-13,SKU014,43
2024-07-14,SKU014,67
2024-07-15,SKU014,72
2024-07-16,SKU014,41
2024-07-17,SKU014,50
2024-07-18,SKU014,47
2024-07-19,SKU014,33
2024-07-20,SKU014,46
2024-07-21,SKU014,53
2024-07-22,SKU014,74
2024-07-23,SKU014,67
2024-07-24,SKU014,39
2024-07-25,SKU014,29
2024-07-26,SKU014,48
2024-07-27,SKU014,54
2024-07-28,SKU014,67
2024-07-29,SKU014,52
2024-07-30,SKU014,60
2024-07-31,SKU014,40
2024-08-01,SKU014,45
2024-08-02,SKU014,42
2024-08-03,SKU014,64
2024-08-04,SKU014,61
2024-08-05,SKU014,57
2024-08-06,SKU014,55
2024-08-07,SKU014,45
2024-08-08,SKU014,32
2024-08-09,SKU014,57
2024-08-10,SKU014,62
2024-08-11,SKU014,56
2024-08-12,SKU014,65
2024-08-13,SKU014,70
2024-08-14,SKU014,55
2024-08-15,SKU014,38
2024-08-16,SKU014,42
2024-08-17,SKU014,37
2024-08-18,SKU014,64
2024-08-19,SKU014,69
2024-08-20,SKU014,64
2024-08-21,SKU014,51
2024-08-22,SKU014,43
2024-08-23,SKU014,35
2024-08-24,SKU014,52
2024-08-25,SKU014,53
2024-08-26,SKU014,64
2024-08-27,SKU014,49
2024-08-28,SKU014,50
2024-08-29,SKU014,50
2024-08-30,SKU014,45
2024-08-31,SKU014,52
2024-09-01,SKU014,65
2024-09-02,SKU014,73
2024-09-03,SKU014,54
2024-09-04,SKU014,50
2024-09-05,SKU014,52
2024-09-06,SKU014,47
2024-09-07,SKU014,35
2024-09-08,SKU014,52
2024-09-09,SKU014,65
2024-09-10,SKU014,51
2024-09-11,SKU014,56
2024-09-12,SKU014,54
2024-09-13,SKU014,38
2024-09-14,SKU014,42
2024-09-15,SKU014,55
2024-09-16,SKU014,57
2024-09-17,SKU014,66
2024-09-18,SKU014,38
2024-09-19,SKU014,46
2024-09-20,SKU014,53
2024-09-21,SKU014,56
2024-09-22,SKU014,61
2024-09-23,SKU014,59
2024-09-24,SKU014,68
2024-09-25,SKU014,44
2024-09-26,SKU014,47
2024-09-27,SKU014,41
2024-09-28,SKU014,36
2024-09-29,SKU014,56
2024-09-30,SKU014,59
2024-10-01,SKU014,53
2024-10-02,SKU014,41
2024-10-03,SKU014,45
2024-10-04,SKU014,48
2024-10-05,SKU014,48
2024-10-06,SKU014,55
2024-10-07,SKU014,52
2024-10-08,SKU014,56
2024-10-09,SKU014,56
2024-10-10,SKU014,51
2024-10-11,SKU014,38
2024-10-12,SKU014,65
2024-10-13,SKU014,55
2024-10-14,SKU014,52
2024-10-15,SKU014,44
2024-10-16,SKU014,38
2024-10-17,SKU014,43
2024-10-18,SKU014,40
2024-10-19,SKU014,45
2024-10-20,SKU014,51
2024-10-21,SKU014,52
2024-10-22,SKU014,48
2024-10-23,SKU014,53
2024-10-24,SKU014,54
2024-10-25,SKU014,56
2024-10-26,SKU014,55
2024-10-27,SKU014,54
2024-10-28,SKU014,55
2024-10-29,SKU014,60
2024-10-30,SKU014,44
2024-10-31,SKU014,43
2024-11-01,SKU014,57
2024-11-02,SKU014,52
2024-11-03,SKU014,75
2024-11-04,SKU014,51
2024-11-05,SKU014,58
2024-11-06,SKU014,48
2024-11-07,SKU014,33
2024-11-08,SKU014,48
2024-11-09,SKU014,61
2024-11-10,SKU014,74
2024-11-11,SKU014,63
2024-11-12,SKU014,40
2024-11-13,SKU014,49
2024-11-14,SKU014,46
2024-11-15,SKU014,40
2024-11-16,SKU014,52
2024-11-17,SKU014,54
2024-11-18,SKU014,59
2024-11-19,SKU014,62
2024-11-20,SKU014,56
2024-11-21,SKU014,31
2024-11-22,SKU014,38
2024-11-23,SKU014,38
2024-11-24,SKU014,72
2024-11-25,SKU014,66
2024-11-26,SKU014,39
2024-11-27,SKU014,45
2024-11-28,SKU014,38
2024-11-29,SKU014,37
2024-11-30,SKU014,58
2024-12-01,SKU014,65
2024-12-02,SKU014,62
2024-12-03,SKU014,50
2024-12-04,SKU014,41
2024-12-05,SKU014,41
2024-12-06,SKU014,39
2024-12-07,SKU014,50
2024-12-08,SKU014,62
2024-12-09,SKU014,48
2024-12-10,SKU014,49
2024-12-11,SKU014,45
2024-12-12,SKU014,52
2024-12-13,SKU014,49
2024-12-14,SKU014,50
2024-12-15,SKU014,61
2024-12-16,SKU014,59
2024-12-17,SKU014,62
2024-12-18,SKU014,49
2024-12-19,SKU014,50
2024-12-20,SKU014,32
2024-12-21,SKU014,44
2024-12-22,SKU014,60
2024-12-23,SKU014,63
2024-12-24,SKU014,72
2024-12-25,SKU014,32
2024-12-26,SKU014,40
2024-12-27,SKU014,42
2024-12-28,SKU014,52
2024-12-29,SKU014,71
2024-12-30,SKU014,66
2024-12-31,SKU014,42
2025-01-01,SKU014,57
2025-01-02,SKU014,52
2025-01-03,SKU014,44
2025-01-04,SKU014,38
2025-01-05,SKU014,57
2025-01-06,SKU014,63
2025-01-07,SKU014,62
2025-01-08,SKU014,32
2025-01-09,SKU014,34
2025-01-10,SKU014,50
2025-01-11,SKU014,61
2025-01-12,SKU014,61
2025-01-13,SKU014,68
2025-01-14,SKU014,58
2025-01-15,SKU014,53
2025-01-16,SKU014,41
2025-01-17,SKU014,46
2025-01-18,SKU014,41
2025-01-19,SKU014,63
2025-01-20,SKU014,50
2025-01-21,SKU014,60
2025-01-22,SKU014,42
2025-01-23,SKU014,43
2025-01-24,SKU014,35
2025-01-25,SKU014,46
2025-01-26,SKU014,61
2025-01-27,SKU014,65
2025-01-28,SKU014,63
2025-01-29,SKU014,37
2025-01-30,SKU014,29
2025-01-31,SKU014,35
2025-02-01,SKU014,42
2025-02-02,SKU014,70
2025-02-03,SKU014,70
2025-02-04,SKU014,47
2025-02-05,SKU014,58
2025-02-06,SKU014,50
2025-02-07,SKU014,30
2025-02-08,SKU014,42
2025-02-09,SKU014,45
2025-02-10,SKU014,59
2025-02-11,SKU014,54
2025-02-12,SKU014,46
2025-02-13,SKU014,25
2025-02-14,SKU014,31
2025-02-15,SKU014,52
2025-02-16,SKU014,62
2025-02-17,SKU014,45
2025-02-18,SKU014,45
2025-02-19,SKU014,53
2025-02-20,SKU014,31
2025-02-21,SKU014,42
2025-02-22,SKU014,40
2025-02-23,SKU014,64
2025-02-24,SKU014,45
2025-02-25,SKU014,52
2025-02-26,SKU014,53
2025-02-27,SKU014,45
2025-02-28,SKU014,39
2025-03-01,SKU014,45
2025-03-02,SKU014,56
2025-03-03,SKU014,50
2025-03-04,SKU014,54
2025-03-05,SKU014,45
2025-03-06,SKU014,37
2025-03-07,SKU014,50
2025-03-08,SKU014,42
2025-03-09,SKU014,45
2025-03-10,SKU014,56
2025-03-11,SKU014,55
2025-03-12,SKU014,45
2025-03-13,SKU014,39
2025-03-14,SKU014,34
2025-03-15,SKU014,43
2025-03-16,SKU014,54
2025-03-17,SKU014,55
2025-03-18,SKU014,63
2025-03-19,SKU014,48
2025-03-20,SKU014,36
2025-03-21,SKU014,50
2025-03-22,SKU014,53
2025-03-23,SKU014,48
2025-03-24,SKU014,35
2025-03-25,SKU014,44
2025-03-26,SKU014,50
2025-03-27,SKU014,47
2025-03-28,SKU014,30
2025-03-29,SKU014,55
2025-03-30,SKU014,62
2025-03-31,SKU014,70
2025-04-01,SKU014,61
2025-04-02,SKU014,56
2025-04-03,SKU014,44
2025-04-04,SKU014,46
2025-04-05,SKU014,47
2025-04-06,SKU014,64
2025-04-07,SKU014,50
2025-04-08,SKU014,53
2025-04-09,SKU014,50
2025-04-10,SKU014,51
2025-04-11,SKU014,39
2025-04-12,SKU014,57
2025-04-13,SKU014,56
2025-04-14,SKU014,67
2025-04-15,SKU014,48
2025-04-16,SKU014,51
2025-04-17,SKU014,40
2025-04-18,SKU014,33
2025-04-19,SKU014,49
2025-04-20,SKU014,68
2025-04-21,SKU014,52
2025-04-22,SKU014,43
2025-04-23,SKU014,49
2025-04-24,SKU014,28
2025-04-25,SKU014,54
2025-04-26,SKU014,62
2025-04-27,SKU014,66
2025-04-28,SKU014,60
2025-04-29,SKU014,67
2025-04-30,SKU014,56
2025-05-01,SKU014,36
2025-05-02,SKU014,53
2025-05-03,SKU014,43
2025-05-04,SKU014,56
2025-05-05,SKU014,46
2025-05-06,SKU014,55
2025-05-07,SKU014,43
2025-05-08,SKU014,37
2025-05-09,SKU014,41
2025-05-10,SKU014,46
2025-05-11,SKU014,58
2025-05-12,SKU014,69
2025-05-13,SKU014,46
2025-05-14,SKU014,52
2025-05-15,SKU014,42
2025-05-16,SKU014,45
2025-05-17,SKU014,50
2025-05-18,SKU014,52
2025-05-19,SKU014,63
2025-05-20,SKU014,58
2025-05-21,SKU014,40
2025-05-22,SKU014,30
2025-05-23,SKU014,43
2025-05-24,SKU014,56
2025-05-25,SKU014,65
2025-05-26,SKU014,69
2025-05-27,SKU014,57
2025-05-28,SKU014,44
2025-05-29,SKU014,40
2025-05-30,SKU014,33
2025-05-31,SKU014,45
2025-06-01,SKU014,57
2025-06-02,SKU014,58
2025-06-03,SKU014,55
2025-06-04,SKU014,35
2025-06-05,SKU014,32
2025-06-06,SKU014,48
2025-06-07,SKU014,44
2025-06-08,SKU014,53
2025-06-09,SKU014,60
2025-06-10,SKU014,47
2025-06-11,SKU014,54
2025-06-12,SKU014,31
2025-06-13,SKU014,42
2025-06-14,SKU014,44
2025-06-15,SKU014,59
2025-06-16,SKU014,56
2025-06-17,SKU014,54
2025-06-18,SKU014,55
2025-06-19,SKU014,35
2025-06-20,SKU014,37
2025-06-21,SKU014,48
2025-06-22,SKU014,69
2025-06-23,SKU014,59
2025-06-24,SKU014,64
2025-06-25,SKU014,44
2025-06-26,SKU014,49
2025-06-27,SKU014,45
2025-06-28,SKU014,54
2025-06-29,SKU014,47
2025-06-30,SKU014,48
2025-07-01,SKU014,62
2025-07-02,SKU014,54
2025-07-03,SKU014,58
2025-07-04,SKU014,31
2025-07-05,SKU014,54
2024-06-01,SKU015,48
2024-06-02,SKU015,60
2024-06-03,SKU015,64
2024-06-04,SKU015,65
2024-06-05,SKU015,46
2024-06-06,SKU015,46
2024-06-07,SKU015,55
2024-06-08,SKU015,67
2024-06-09,SKU015,72
2024-06-10,SKU015,72
2024-06-11,SKU015,61
2024-06-12,SKU015,47
2024-06-13,SKU015,50
2024-06-14,SKU015,39
2024-06-15,SKU015,58
2024-06-16,SKU015,57
2024-06-17,SKU015,68
2024-06-18,SKU015,53
2024-06-19,SKU015,49
2024-06-20,SKU015,40
2024-06-21,SKU015,41
2024-06-22,SKU015,56
2024-06-23,SKU015,45
2024-06-24,SKU015,53
2024-06-25,SKU015,69
2024-06-26,SKU015,53
2024-06-27,SKU015,40
2024-06-28,SKU015,56
2024-06-29,SKU015,52
2024-06-30,SKU015,61
2024-07-01,SKU015,61
2024-07-02,SKU015,78
2024-07-03,SKU015,54
2024-07-04,SKU015,48
2024-07-05,SKU015,52
2024-07-06,SKU015,41
2024-07-07,SKU015,61
2024-07-08,SKU015,72
2024-07-09,SKU015,62
2024-07-10,SKU015,71
2024-07-11,SKU015,41
2024-07-12,SKU015,56
2024-07-13,SKU015,64
2024-07-14,SKU015,67
2024-07-15,SKU015,71
2024-07-16,SKU015,59
2024-07-17,SKU015,35
2024-07-18,SKU015,49
2024-07-19,SKU015,52
2024-07-20,SKU015,62
2024-07-21,SKU015,66
2024-07-22,SKU015,76
2024-07-23,SKU015,55
2024-07-24,SKU015,65
2024-07-25,SKU015,37
2024-07-26,SKU015,47
2024-07-27,SKU015,63
2024-07-28,SKU015,62
2024-07-29,SKU015,75
2024-07-30,SKU015,59
2024-07-31,SKU015,53
2024-08-01,SKU015,44
2024-08-02,SKU015,43
2024-08-03,SKU015,76
2024-08-04,SKU015,59
2024-08-05,SKU015,49
2024-08-06,SKU015,55
2024-08-07,SKU015,53
2024-08-08,SKU015,43
2024-08-09,SKU015,57
2024-08-10,SKU015,65
2024-08-11,SKU015,63
2024-08-12,SKU015,54
2024-08-13,SKU015,51
2024-08-14,SKU015,52
2024-08-15,SKU015,33
2024-08-16,SKU015,45
2024-08-17,SKU015,69
2024-08-18,SKU015,69
2024-08-19,SKU015,69
2024-08-20,SKU015,53
2024-08-21,SKU015,54
2024-08-22,SKU015,44
2024-08-23,SKU015,50
2024-08-24,SKU015,63
2024-08-25,SKU015,74
2024-08-26,SKU015,69
2024-08-27,SKU015,66
2024-08-28,SKU015,48
2024-08-29,SKU015,56
2024-08-30,SKU015,41
2024-08-31,SKU015,55
2024-09-01,SKU015,76
2024-09-02,SKU015,64
2024-09-03,SKU015,50
2024-09-04,SKU015,49
2024-09-05,SKU015,58
2024-09-06,SKU015,29
2024-09-07,SKU015,58
2024-09-08,SKU015,60
2024-09-09,SKU015,67
2024-09-10,SKU015,59
2024-09-11,SKU015,60
2024-09-12,SKU015,46
2024-09-13,SKU015,57
2024-09-14,SKU015,68
2024-09-15,SKU015,66
2024-09-16,SKU015,65
2024-09-17,SKU015,65
2024-09-18,SKU015,57
2024-09-19,SKU015,36
2024-09-20,SKU015,50
2024-09-21,SKU015,55
2024-09-22,SKU015,62
2024-09-23,SKU015,62
2024-09-24,SKU015,57
2024-09-25,SKU015,63
2024-09-26,SKU015,43
2024-09-27,SKU015,58
2024-09-28,SKU015,58
2024-09-29,SKU015,56
2024-09-30,SKU015,70
2024-10-01,SKU015,52
2024-10-02,SKU015,57
2024-10-03,SKU015,44
2024-10-04,SKU015,55
2024-10-05,SKU015,69
2024-10-06,SKU015,51
2024-10-07,SKU015,64
2024-10-08,SKU015,52
2024-10-09,SKU015,71
2024-10-10,SKU015,42
2024-10-11,SKU015,37
2024-10-12,SKU015,76
2024-10-13,SKU015,60
2024-10-14,SKU015,54
2024-10-15,SKU015,52
2024-10-16,SKU015,53
2024-10-17,SKU015,46
2024-10-18,SKU015,41
2024-10-19,SKU015,53
2024-10-20,SKU015,66
2024-10-21,SKU015,79
2024-10-22,SKU015,65
2024-10-23,SKU015,47
2024-10-24,SKU015,44
2024-10-25,SKU015,55
2024-10-26,SKU015,71
2024-10-27,SKU015,56
2024-10-28,SKU015,78
2024-10-29,SKU015,59
2024-10-30,SKU015,38
2024-10-31,SKU015,30
2024-11-01,SKU015,59
2024-11-02,SKU015,69
2024-11-03,SKU015,61
2024-11-04,SKU015,66
2024-11-05,SKU015,47
2024-11-06,SKU015,59
2024-11-07,SKU015,46
2024-11-08,SKU015,35
2024-11-09,SKU015,59
2024-11-10,SKU015,54
2024-11-11,SKU015,73
2024-11-12,SKU015,53
2024-11-13,SKU015,55
2024-11-14,SKU015,40
2024-11-15,SKU015,28
2024-11-16,SKU015,66
2024-11-17,SKU015,75
2024-11-18,SKU015,64
2024-11-19,SKU015,64
2024-11-20,SKU015,56
2024-11-21,SKU015,50
2024-11-22,SKU015,63
2024-11-23,SKU015,61
2024-11-24,SKU015,63
2024-11-25,SKU015,72
2024-11-26,SKU015,58
2024-11-27,SKU015,43
2024-11-28,SKU015,56
2024-11-29,SKU015,53
2024-11-30,SKU015,41
2024-12-01,SKU015,60
2024-12-02,SKU015,75
2024-12-03,SKU015,49
2024-12-04,SKU015,46
2024-12-05,SKU015,69
2024-12-06,SKU015,45
2024-12-07,SKU015,66
2024-12-08,SKU015,79
2024-12-09,SKU015,60
2024-12-10,SKU015,64
2024-12-11,SKU015,70
2024-12-12,SKU015,50
2024-12-13,SKU015,68
2024-12-14,SKU015,52
2024-12-15,SKU015,81
2024-12-16,SKU015,68
2024-12-17,SKU015,59
2024-12-18,SKU015,58
2024-12-19,SKU015,45
2024-12-20,SKU015,47
2024-12-21,SKU015,61
2024-12-22,SKU015,50
2024-12-23,SKU015,61
2024-12-24,SKU015,68
2024-12-25,SKU015,61
2024-12-26,SKU015,49
2024-12-27,SKU015,50
2024-12-28,SKU015,60
2024-12-29,SKU015,74
2024-12-30,SKU015,56
2024-12-31,SKU015,58
2025-01-01,SKU015,51
2025-01-02,SKU015,48
2025-01-03,SKU015,30
2025-01-04,SKU015,46
2025-01-05,SKU015,66
2025-01-06,SKU015,77
2025-01-07,SKU015,58
2025-01-08,SKU015,46
2025-01-09,SKU015,50
2025-01-10,SKU015,45
2025-01-11,SKU015,65
2025-01-12,SKU015,64
2025-01-13,SKU015,59
2025-01-14,SKU015,74
2025-01-15,SKU015,63
2025-01-16,SKU015,38
2025-01-17,SKU015,51
2025-01-18,SKU015,54
2025-01-19,SKU015,71
2025-01-20,SKU015,61
2025-01-21,SKU015,69
2025-01-22,SKU015,62
2025-01-23,SKU015,38
2025-01-24,SKU015,49
2025-01-25,SKU015,67
2025-01-26,SKU015,57
2025-01-27,SKU015,62
2025-01-28,SKU015,68
2025-01-29,SKU015,51
2025-01-30,SKU015,32
2025-01-31,SKU015,45
2025-02-01,SKU015,72
2025-02-02,SKU015,84
2025-02-03,SKU015,63
2025-02-04,SKU015,54
2025-02-05,SKU015,48
2025-02-06,SKU015,61
2025-02-07,SKU015,55
2025-02-08,SKU015,70
2025-02-09,SKU015,74
2025-02-10,SKU015,57
2025-02-11,SKU015,54
2025-02-12,SKU015,46
2025-02-13,SKU015,41
2025-02-14,SKU015,42
2025-02-15,SKU015,52
2025-02-16,SKU015,71
2025-02-17,SKU015,69
2025-02-18,SKU015,72
2025-02-19,SKU015,54
2025-02-20,SKU015,40
2025-02-21,SKU015,50
2025-02-22,SKU015,44
2025-02-23,SKU015,46
2025-02-24,SKU015,74
2025-02-25,SKU015,71
2025-02-26,SKU015,53
2025-02-27,SKU015,43
2025-02-28,SKU015,37
2025-03-01,SKU015,67
2025-03-02,SKU015,70
2025-03-03,SKU015,71
2025-03-04,SKU015,62
2025-03-05,SKU015,48
2025-03-06,SKU015,36
2025-03-07,SKU015,50
2025-03-08,SKU015,52
2025-03-09,SKU015,62
2025-03-10,SKU015,83
2025-03-11,SKU015,62
2025-03-12,SKU015,31
2025-03-13,SKU015,41
2025-03-14,SKU015,40
2025-03-15,SKU015,56
2025-03-16,SKU015,54
2025-03-17,SKU015,72
2025-03-18,SKU015,59
2025-03-19,SKU015,48
2025-03-20,SKU015,47
2025-03-21,SKU015,47
2025-03-22,SKU015,56
2025-03-23,SKU015,64
2025-03-24,SKU015,68
2025-03-25,SKU015,65
2025-03-26,SKU015,54
2025-03-27,SKU015,56
2025-03-28,SKU015,43
2025-03-29,SKU015,59
2025-03-30,SKU015,87
2025-03-31,SKU015,68
2025-04-01,SKU015,62
2025-04-02,SKU015,41
2025-04-03,SKU015,40
2025-04-04,SKU015,47
2025-04-05,SKU015,62
2025-04-06,SKU015,71
2025-04-07,SKU015,71
2025-04-08,SKU015,69
2025-04-09,SKU015,44
2025-04-10,SKU015,50
2025-04-11,SKU015,48
2025-04-12,SKU015,58
2025-04-13,SKU015,63
2025-04-14,SKU015,60
2025-04-15,SKU015,52
2025-04-16,SKU015,55
2025-04-17,SKU015,50
2025-04-18,SKU015,47
2025-04-19,SKU015,57
2025-04-20,SKU015,60
2025-04-21,SKU015,72
2025-04-22,SKU015,62
2025-04-23,SKU015,49
2025-04-24,SKU015,53
2025-04-25,SKU015,54
2025-04-26,SKU015,44
2025-04-27,SKU015,66
2025-04-28,SKU015,60
2025-04-29,SKU015,63
2025-04-30,SKU015,25
2025-05-01,SKU015,48
2025-05-02,SKU015,54
2025-05-03,SKU015,56
2025-05-04,SKU015,56
2025-05-05,SKU015,85
2025-05-06,SKU015,72
2025-05-07,SKU015,48
2025-05-08,SKU015,44
2025-05-09,SKU015,31
2025-05-10,SKU015,61
2025-05-11,SKU015,54
2025-05-12,SKU015,74
2025-05-13,SKU015,71
2025-05-14,SKU015,51
2025-05-15,SKU015,37
2025-05-16,SKU015,59
2025-05-17,SKU015,57
2025-05-18,SKU015,67
2025-05-19,SKU015,60
2025-05-20,SKU015,64
2025-05-21,SKU015,50
2025-05-22,SKU015,35
2025-05-23,SKU015,60
2025-05-24,SKU015,72
2025-05-25,SKU015,75
2025-05-26,SKU015,76
2025-05-27,SKU015,77
2025-05-28,SKU015,43
2025-05-29,SKU015,37
2025-05-30,SKU015,45
2025-05-31,SKU015,60
2025-06-01,SKU015,63
2025-06-02,SKU015,59
2025-06-03,SKU015,62
2025-06-04,SKU015,51
2025-06-05,SKU015,53
2025-06-06,SKU015,48
2025-06-07,SKU015,41
2025-06-08,SKU015,69
2025-06-09,SKU015,82
2025-06-10,SKU015,62
2025-06-11,SKU015,60
2025-06-12,SKU015,42
2025-06-13,SKU015,53
2025-06-14,SKU015,51
2025-06-15,SKU015,64
2025-06-16,SKU015,66
2025-06-17,SKU015,66
2025-06-18,SKU015,45
2025-06-19,SKU015,33
2025-06-20,SKU015,52
2025-06-21,SKU015,61
2025-06-22,SKU015,67
2025-06-23,SKU015,76
2025-06-24,SKU015,60
2025-06-25,SKU015,54
2025-06-26,SKU015,43
2025-06-27,SKU015,46
2025-06-28,SKU015,60
2025-06-29,SKU015,85
2025-06-30,SKU015,74
2025-07-01,SKU015,67
2025-07-02,SKU015,59
2025-07-03,SKU015,26
2025-07-04,SKU015,51
2025-07-05,SKU015,65
2024-06-01,SKU016,168
2024-06-02,SKU016,172
2024-06-03,SKU016,191
2024-06-04,SKU016,163
2024-06-05,SKU016,180
2024-06-06,SKU016,174
2024-06-07,SKU016,192
2024-06-08,SKU016,147
2024-06-09,SKU016,178
2024-06-10,SKU016,183
2024-06-11,SKU016,158
2024-06-12,SKU016,129
2024-06-13,SKU016,123
2024-06-14,SKU016,165
2024-06-15,SKU016,151
2024-06-16,SKU016,222
2024-06-17,SKU016,237
2024-06-18,SKU016,191
2024-06-19,SKU016,185
2024-06-20,SKU016,102
2024-06-21,SKU016,128
2024-06-22,SKU016,174
2024-06-23,SKU016,201
2024-06-24,SKU016,238
2024-06-25,SKU016,158
2024-06-26,SKU016,141
2024-06-27,SKU016,134
2024-06-28,SKU016,129
2024-06-29,SKU016,143
2024-06-30,SKU016,183
2024-07-01,SKU016,196
2024-07-02,SKU016,220
2024-07-03,SKU016,128
2024-07-04,SKU016,157
2024-07-05,SKU016,175
2024-07-06,SKU016,156
2024-07-07,SKU016,202
2024-07-08,SKU016,217
2024-07-09,SKU016,194
2024-07-10,SKU016,156
2024-07-11,SKU016,119
2024-07-12,SKU016,159
2024-07-13,SKU016,160
2024-07-14,SKU016,196
2024-07-15,SKU016,206
2024-07-16,SKU016,205
2024-07-17,SKU016,203
2024-07-18,SKU016,117
2024-07-19,SKU016,144
2024-07-20,SKU016,131
2024-07-21,SKU016,233
2024-07-22,SKU016,203
2024-07-23,SKU016,176
2024-07-24,SKU016,156
2024-07-25,SKU016,139
2024-07-26,SKU016,124
2024-07-27,SKU016,199
2024-07-28,SKU016,212
2024-07-29,SKU016,222
2024-07-30,SKU016,166
2024-07-31,SKU016,136
2024-08-01,SKU016,133
2024-08-02,SKU016,163
2024-08-03,SKU016,182
2024-08-04,SKU016,176
2024-08-05,SKU016,219
2024-08-06,SKU016,159
2024-08-07,SKU016,138
2024-08-08,SKU016,140
2024-08-09,SKU016,113
2024-08-10,SKU016,145
2024-08-11,SKU016,235
2024-08-12,SKU016,237
2024-08-13,SKU016,242
2024-08-14,SKU016,166
2024-08-15,SKU016,152
2024-08-16,SKU016,139
2024-08-17,SKU016,160
2024-08-18,SKU016,218
2024-08-19,SKU016,236
2024-08-20,SKU016,204
2024-08-21,SKU016,133
2024-08-22,SKU016,146
2024-08-23,SKU016,123
2024-08-24,SKU016,161
2024-08-25,SKU016,237
2024-08-26,SKU016,172
2024-08-27,SKU016,239
2024-08-28,SKU016,168
2024-08-29,SKU016,124
2024-08-30,SKU016,144
2024-08-31,SKU016,152
2024-09-01,SKU016,182
2024-09-02,SKU016,204
2024-09-03,SKU016,175
2024-09-04,SKU016,131
2024-09-05,SKU016,130
2024-09-06,SKU016,109
2024-09-07,SKU016,137
2024-09-08,SKU016,163
2024-09-09,SKU016,244
2024-09-10,SKU016,194
2024-09-11,SKU016,169
2024-09-12,SKU016,136
2024-09-13,SKU016,155
2024-09-14,SKU016,199
2024-09-15,SKU016,206
2024-09-16,SKU016,244
2024-09-17,SKU016,183
2024-09-18,SKU016,170
2024-09-19,SKU016,154
2024-09-20,SKU016,119
2024-09-21,SKU016,170
2024-09-22,SKU016,149
2024-09-23,SKU016,199
2024-09-24,SKU016,177
2024-09-25,SKU016,146
2024-09-26,SKU016,126
2024-09-27,SKU016,156
2024-09-28,SKU016,147
2024-09-29,SKU016,243
2024-09-30,SKU016,216
2024-10-01,SKU016,163
2024-10-02,SKU016,171
2024-10-03,SKU016,161
2024-10-04,SKU016,152
2024-10-05,SKU016,144
2024-10-06,SKU016,252
2024-10-07,SKU016,218
2024-10-08,SKU016,152
2024-10-09,SKU016,160
2024-10-10,SKU016,130
2024-10-11,SKU016,143
2024-10-12,SKU016,139
2024-10-13,SKU016,197
2024-10-14,SKU016,181
2024-10-15,SKU016,175
2024-10-16,SKU016,164
2024-10-17,SKU016,124
2024-10-18,SKU016,135
2024-10-19,SKU016,190
2024-10-20,SKU016,173
2024-10-21,SKU016,186
2024-10-22,SKU016,152
2024-10-23,SKU016,133
2024-10-24,SKU016,139
2024-10-25,SKU016,159
2024-10-26,SKU016,149
2024-10-27,SKU016,211
2024-10-28,SKU016,205
2024-10-29,SKU016,149
2024-10-30,SKU016,159
2024-10-31,SKU016,166
2024-11-01,SKU016,95
2024-11-02,SKU016,220
2024-11-03,SKU016,180
2024-11-04,SKU016,160
2024-11-05,SKU016,187
2024-11-06,SKU016,175
2024-11-07,SKU016,129
2024-11-08,SKU016,150
2024-11-09,SKU016,223
2024-11-10,SKU016,201
2024-11-11,SKU016,278
2024-11-12,SKU016,216
2024-11-13,SKU016,156
2024-11-14,SKU016,143
2024-11-15,SKU016,134
2024-11-16,SKU016,175
2024-11-17,SKU016,210
2024-11-18,SKU016,192
2024-11-19,SKU016,149
2024-11-20,SKU016,188
2024-11-21,SKU016,161
2024-11-22,SKU016,107
2024-11-23,SKU016,173
2024-11-24,SKU016,221
2024-11-25,SKU016,225
2024-11-26,SKU016,166
2024-11-27,SKU016,179
2024-11-28,SKU016,136
2024-11-29,SKU016,152
2024-11-30,SKU016,146
2024-12-01,SKU016,88
2024-12-02,SKU016,182
2024-12-03,SKU016,197
2024-12-04,SKU016,149
2024-12-05,SKU016,153
2024-12-06,SKU016,171
2024-12-07,SKU016,161
2024-12-08,SKU016,185
2024-12-09,SKU016,147
2024-12-10,SKU016,144
2024-12-11,SKU016,120
2024-12-12,SKU016,150
2024-12-13,SKU016,134
2024-12-14,SKU016,155
2024-12-15,SKU016,179
2024-12-16,SKU016,182
2024-12-17,SKU016,207
2024-12-18,SKU016,157
2024-12-19,SKU016,161
2024-12-20,SKU016,87
2024-12-21,SKU016,183
2024-12-22,SKU016,183
2024-12-23,SKU016,195
2024-12-24,SKU016,218
2024-12-25,SKU016,144
2024-12-26,SKU016,149
2024-12-27,SKU016,117
2024-12-28,SKU016,170
2024-12-29,SKU016,155
2024-12-30,SKU016,200
2024-12-31,SKU016,193
2025-01-01,SKU016,182
2025-01-02,SKU016,115
2025-01-03,SKU016,129
2025-01-04,SKU016,153
2025-01-05,SKU016,189
2025-01-06,SKU016,178
2025-01-07,SKU016,129
2025-01-08,SKU016,128
2025-01-09,SKU016,135
2025-01-10,SKU016,139
2025-01-11,SKU016,183
2025-01-12,SKU016,217
2025-01-13,SKU016,191
2025-01-14,SKU016,143
2025-01-15,SKU016,165
2025-01-16,SKU016,136
2025-01-17,SKU016,136
2025-01-18,SKU016,200
2025-01-19,SKU016,207
2025-01-20,SKU016,205
2025-01-21,SKU016,188
2025-01-22,SKU016,176
2025-01-23,SKU016,119
2025-01-24,SKU016,120
2025-01-25,SKU016,163
2025-01-26,SKU016,166
2025-01-27,SKU016,201
2025-01-28,SKU016,186
2025-01-29,SKU016,153
2025-01-30,SKU016,127
2025-01-31,SKU016,184
2025-02-01,SKU016,193
2025-02-02,SKU016,193
2025-02-03,SKU016,204
2025-02-04,SKU016,219
2025-02-05,SKU016,140
2025-02-06,SKU016,112
2025-02-07,SKU016,148
2025-02-08,SKU016,179
2025-02-09,SKU016,208
2025-02-10,SKU016,223
2025-02-11,SKU016,165
2025-02-12,SKU016,119
2025-02-13,SKU016,121
2025-02-14,SKU016,157
2025-02-15,SKU016,146
2025-02-16,SKU016,146
2025-02-17,SKU016,206
2025-02-18,SKU016,169
2025-02-19,SKU016,111
2025-02-20,SKU016,138
2025-02-21,SKU016,133
2025-02-22,SKU016,211
2025-02-23,SKU016,198
2025-02-24,SKU016,217
2025-02-25,SKU016,183
2025-02-26,SKU016,139
2025-02-27,SKU016,124
2025-02-28,SKU016,170
2025-03-01,SKU016,188
2025-03-02,SKU016,158
2025-03-03,SKU016,170
2025-03-04,SKU016,153
2025-03-05,SKU016,181
2025-03-06,SKU016,92
2025-03-07,SKU016,163
2025-03-08,SKU016,179
2025-03-09,SKU016,199
2025-03-10,SKU016,190
2025-03-11,SKU016,214
2025-03-12,SKU016,157
2025-03-13,SKU016,99
2025-03-14,SKU016,112
2025-03-15,SKU016,127
2025-03-16,SKU016,226
2025-03-17,SKU016,238
2025-03-18,SKU016,211
2025-03-19,SKU016,151
2025-03-20,SKU016,100
2025-03-21,SKU016,116
2025-03-22,SKU016,144
2025-03-23,SKU016,194
2025-03-24,SKU016,237
2025-03-25,SKU016,219
2025-03-26,SKU016,142
2025-03-27,SKU016,79
2025-03-28,SKU016,113
2025-03-29,SKU016,199
2025-03-30,SKU016,201
2025-03-31,SKU016,193
2025-04-01,SKU016,173
2025-04-02,SKU016,135
2025-04-03,SKU016,106
2025-04-04,SKU016,195
2025-04-05,SKU016,213
2025-04-06,SKU016,175
2025-04-07,SKU016,157
2025-04-08,SKU016,188
2025-04-09,SKU016,151
2025-04-10,SKU016,152
2025-04-11,SKU016,164
2025-04-12,SKU016,139
2025-04-13,SKU016,228
2025-04-14,SKU016,193
2025-04-15,SKU016,199
2025-04-16,SKU016,148
2025-04-17,SKU016,159
2025-04-18,SKU016,83
2025-04-19,SKU016,188
2025-04-20,SKU016,174
2025-04-21,SKU016,204
2025-04-22,SKU016,215
2025-04-23,SKU016,134
2025-04-24,SKU016,112
2025-04-25,SKU016,133
2025-04-26,SKU016,158
2025-04-27,SKU016,169
2025-04-28,SKU016,205
2025-04-29,SKU016,188
2025-04-30,SKU016,166
2025-05-01,SKU016,115
2025-05-02,SKU016,119
2025-05-03,SKU016,166
2025-05-04,SKU016,189
2025-05-05,SKU016,196
2025-05-06,SKU016,166
2025-05-07,SKU016,163
2025-05-08,SKU016,112
2025-05-09,SKU016,139
2025-05-10,SKU016,161
2025-05-11,SKU016,195
2025-05-12,SKU016,232
2025-05-13,SKU016,150
2025-05-14,SKU016,94
2025-05-15,SKU016,121
2025-05-16,SKU016,113
2025-05-17,SKU016,93
2025-05-18,SKU016,240
2025-05-19,SKU016,216
2025-05-20,SKU016,201
2025-05-21,SKU016,147
2025-05-22,SKU016,147
2025-05-23,SKU016,132
2025-05-24,SKU016,190
2025-05-25,SKU016,200
2025-05-26,SKU016,201
2025-05-27,SKU016,185
2025-05-28,SKU016,191
2025-05-29,SKU016,140
2025-05-30,SKU016,116
2025-05-31,SKU016,178
2025-06-01,SKU016,208
2025-06-02,SKU016,198
2025-06-03,SKU016,182
2025-06-04,SKU016,127
2025-06-05,SKU016,139
2025-06-06,SKU016,112
2025-06-07,SKU016,163
2025-06-08,SKU016,178
2025-06-09,SKU016,227
2025-06-10,SKU016,223
2025-06-11,SKU016,125
2025-06-12,SKU016,136
2025-06-13,SKU016,135
2025-06-14,SKU016,181
2025-06-15,SKU016,198
2025-06-16,SKU016,192
2025-06-17,SKU016,186
2025-06-18,SKU016,149
2025-06-19,SKU016,176
2025-06-20,SKU016,122
2025-06-21,SKU016,176
2025-06-22,SKU016,208
2025-06-23,SKU016,213
2025-06-24,SKU016,176
2025-06-25,SKU016,189
2025-06-26,SKU016,83
2025-06-27,SKU016,115
2025-06-28,SKU016,186
2025-06-29,SKU016,173
2025-06-30,SKU016,178
2025-07-01,SKU016,172
2025-07-02,SKU016,134
2025-07-03,SKU016,152
2025-07-04,SKU016,166
2025-07-05,SKU016,171
2024-06-01,SKU017,51
2024-06-02,SKU017,42
2024-06-03,SKU017,53
2024-06-04,SKU017,57
2024-06-05,SKU017,47
2024-06-06,SKU017,45
2024-06-07,SKU017,33
2024-06-08,SKU017,50
2024-06-09,SKU017,48
2024-06-10,SKU017,57
2024-06-11,SKU017,56
2024-06-12,SKU017,35
2024-06-13,SKU017,23
2024-06-14,SKU017,49
2024-06-15,SKU017,47
2024-06-16,SKU017,50
2024-06-17,SKU017,52
2024-06-18,SKU017,34
2024-06-19,SKU017,42
2024-06-20,SKU017,32
2024-06-21,SKU017,37
2024-06-22,SKU017,44
2024-06-23,SKU017,29
2024-06-24,SKU017,56
2024-06-25,SKU017,49
2024-06-26,SKU017,42
2024-06-27,SKU017,34
2024-06-28,SKU017,37
2024-06-29,SKU017,45
2024-06-30,SKU017,53
2024-07-01,SKU017,56
2024-07-02,SKU017,50
2024-07-03,SKU017,52
2024-07-04,SKU017,31
2024-07-05,SKU017,35
2024-07-06,SKU017,55
2024-07-07,SKU017,50
2024-07-08,SKU017,59
2024-07-09,SKU017,49
2024-07-10,SKU017,39
2024-07-11,SKU017,42
2024-07-12,SKU017,41
2024-07-13,SKU017,34
2024-07-14,SKU017,52
2024-07-15,SKU017,46
2024-07-16,SKU017,56
2024-07-17,SKU017,52
2024-07-18,SKU017,48
2024-07-19,SKU017,39
2024-07-20,SKU017,41
2024-07-21,SKU017,53
2024-07-22,SKU017,46
2024-07-23,SKU017,63
2024-07-24,SKU017,48
2024-07-25,SKU017,37
2024-07-26,SKU017,44
2024-07-27,SKU017,41
2024-07-28,SKU017,44
2024-07-29,SKU017,38
2024-07-30,SKU017,48
2024-07-31,SKU017,39
2024-08-01,SKU017,39
2024-08-02,SKU017,37
2024-08-03,SKU017,47
2024-08-04,SKU017,56
2024-08-05,SKU017,43
2024-08-06,SKU017,54
2024-08-07,SKU017,37
2024-08-08,SKU017,39
2024-08-09,SKU017,44
2024-08-10,SKU017,51
2024-08-11,SKU017,52
2024-08-12,SKU017,54
2024-08-13,SKU017,54
2024-08-14,SKU017,30
2024-08-15,SKU017,29
2024-08-16,SKU017,35
2024-08-17,SKU017,35
2024-08-18,SKU017,49
2024-08-19,SKU017,50
2024-08-20,SKU017,48
2024-08-21,SKU017,40
2024-08-22,SKU017,42
2024-08-23,SKU017,41
2024-08-24,SKU017,44
2024-08-25,SKU017,49
2024-08-26,SKU017,52
2024-08-27,SKU017,48
2024-08-28,SKU017,57
2024-08-29,SKU017,26
2024-08-30,SKU017,31
2024-08-31,SKU017,37
2024-09-01,SKU017,53
2024-09-02,SKU017,54
2024-09-03,SKU017,44
2024-09-04,SKU017,46
2024-09-05,SKU017,38
2024-09-06,SKU017,43
2024-09-07,SKU017,52
2024-09-08,SKU017,37
2024-09-09,SKU017,57
2024-09-10,SKU017,39
2024-09-11,SKU017,42
2024-09-12,SKU017,35
2024-09-13,SKU017,37
2024-09-14,SKU017,36
2024-09-15,SKU017,58
2024-09-16,SKU017,44
2024-09-17,SKU017,53
2024-09-18,SKU017,31
2024-09-19,SKU017,35
2024-09-20,SKU017,49
2024-09-21,SKU017,60
2024-09-22,SKU017,40
2024-09-23,SKU017,48
2024-09-24,SKU017,44
2024-09-25,SKU017,55
2024-09-26,SKU017,35
2024-09-27,SKU017,44
2024-09-28,SKU017,46
2024-09-29,SKU017,43
2024-09-30,SKU017,40
2024-10-01,SKU017,44
2024-10-02,SKU017,55
2024-10-03,SKU017,37
2024-10-04,SKU017,44
2024-10-05,SKU017,35
2024-10-06,SKU017,49
2024-10-07,SKU017,58
2024-10-08,SKU017,41
2024-10-09,SKU017,40
2024-10-10,SKU017,30
2024-10-11,SKU017,43
2024-10-12,SKU017,47
2024-10-13,SKU017,55
2024-10-14,SKU017,58
2024-10-15,SKU017,46
2024-10-16,SKU017,47
2024-10-17,SKU017,32
2024-10-18,SKU017,41
2024-10-19,SKU017,31
2024-10-20,SKU017,46
2024-10-21,SKU017,68
2024-10-22,SKU017,52
2024-10-23,SKU017,44
2024-10-24,SKU017,30
2024-10-25,SKU017,30
2024-10-26,SKU017,42
2024-10-27,SKU017,50
2024-10-28,SKU017,65
2024-10-29,SKU017,55
2024-10-30,SKU017,41
2024-10-31,SKU017,36
2024-11-01,SKU017,42
2024-11-02,SKU017,35
2024-11-03,SKU017,38
2024-11-04,SKU017,57
2024-11-05,SKU017,48
2024-11-06,SKU017,32
2024-11-07,SKU017,22
2024-11-08,SKU017,43
2024-11-09,SKU017,41
2024-11-10,SKU017,54
2024-11-11,SKU017,51
2024-11-12,SKU017,48
2024-11-13,SKU017,36
2024-11-14,SKU017,35
2024-11-15,SKU017,41
2024-11-16,SKU017,42
2024-11-17,SKU017,49
2024-11-18,SKU017,57
2024-11-19,SKU017,52
2024-11-20,SKU017,33
2024-11-21,SKU017,35
2024-11-22,SKU017,34
2024-11-23,SKU017,44
2024-11-24,SKU017,60
2024-11-25,SKU017,55
2024-11-26,SKU017,62
2024-11-27,SKU017,42
2024-11-28,SKU017,34
2024-11-29,SKU017,37
2024-11-30,SKU017,45
2024-12-01,SKU017,53
2024-12-02,SKU017,46
2024-12-03,SKU017,46
2024-12-04,SKU017,35
2024-12-05,SKU017,42
2024-12-06,SKU017,24
2024-12-07,SKU017,45
2024-12-08,SKU017,41
2024-12-09,SKU017,55
2024-12-10,SKU017,45
2024-12-11,SKU017,28
2024-12-12,SKU017,42
2024-12-13,SKU017,21
2024-12-14,SKU017,44
2024-12-15,SKU017,55
2024-12-16,SKU017,62
2024-12-17,SKU017,37
2024-12-18,SKU017,37
2024-12-19,SKU017,43
2024-12-20,SKU017,45
2024-12-21,SKU017,52
2024-12-22,SKU017,68
2024-12-23,SKU017,49
2024-12-24,SKU017,50
2024-12-25,SKU017,38
2024-12-26,SKU017,22
2024-12-27,SKU017,37
2024-12-28,SKU017,31
2024-12-29,SKU017,47
2024-12-30,SKU017,43
2024-12-31,SKU017,51
2025-01-01,SKU017,35
2025-01-02,SKU017,24
2025-01-03,SKU017,43
2025-01-04,SKU017,40
2025-01-05,SKU017,48
2025-01-06,SKU017,46
2025-01-07,SKU017,55
2025-01-08,SKU017,42
2025-01-09,SKU017,31
2025-01-10,SKU017,24
2025-01-11,SKU017,61
2025-01-12,SKU017,64
2025-01-13,SKU017,62
2025-01-14,SKU017,43
2025-01-15,SKU017,37
2025-01-16,SKU017,38
2025-01-17,SKU017,31
2025-01-18,SKU017,37
2025-01-19,SKU017,61
2025-01-20,SKU017,52
2025-01-21,SKU017,40
2025-01-22,SKU017,46
2025-01-23,SKU017,32
2025-01-24,SKU017,24
2025-01-25,SKU017,37
2025-01-26,SKU017,47
2025-01-27,SKU017,54
2025-01-28,SKU017,49
2025-01-29,SKU017,48
2025-01-30,SKU017,34
2025-01-31,SKU017,34
2025-02-01,SKU017,52
2025-02-02,SKU017,57
2025-02-03,SKU017,51
2025-02-04,SKU017,50
2025-02-05,SKU017,37
2025-02-06,SKU017,28
2025-02-07,SKU017,52
2025-02-08,SKU017,40
2025-02-09,SKU017,53
2025-02-10,SKU017,43
2025-02-11,SKU017,53
2025-02-12,SKU017,32
2025-02-13,SKU017,46
2025-02-14,SKU017,49
2025-02-15,SKU017,48
2025-02-16,SKU017,52
2025-02-17,SKU017,51
2025-02-18,SKU017,48
2025-02-19,SKU017,43
2025-02-20,SKU017,36
2025-02-21,SKU017,44
2025-02-22,SKU017,38
2025-02-23,SKU017,61
2025-02-24,SKU017,50
2025-02-25,SKU017,43
2025-02-26,SKU017,43
2025-02-27,SKU017,38
2025-02-28,SKU017,26
2025-03-01,SKU017,41
2025-03-02,SKU017,37
2025-03-03,SKU017,48
2025-03-04,SKU017,44
2025-03-05,SKU017,42
2025-03-06,SKU017,30
2025-03-07,SKU017,33
2025-03-08,SKU017,53
2025-03-09,SKU017,65
2025-03-10,SKU017,47
2025-03-11,SKU017,55
2025-03-12,SKU017,43
2025-03-13,SKU017,24
2025-03-14,SKU017,32
2025-03-15,SKU017,24
2025-03-16,SKU017,53
2025-03-17,SKU017,45
2025-03-18,SKU017,49
2025-03-19,SKU017,57
2025-03-20,SKU017,46
2025-03-21,SKU017,32
2025-03-22,SKU017,37
2025-03-23,SKU017,59
2025-03-24,SKU017,46
2025-03-25,SKU017,54
2025-03-26,SKU017,58
2025-03-27,SKU017,40
2025-03-28,SKU017,45
2025-03-29,SKU017,51
2025-03-30,SKU017,47
2025-03-31,SKU017,54
2025-04-01,SKU017,42
2025-04-02,SKU017,49
2025-04-03,SKU017,28
2025-04-04,SKU017,42
2025-04-05,SKU017,51
2025-04-06,SKU017,48
2025-04-07,SKU017,48
2025-04-08,SKU017,47
2025-04-09,SKU017,34
2025-04-10,SKU017,36
2025-04-11,SKU017,31
2025-04-12,SKU017,38
2025-04-13,SKU017,54
2025-04-14,SKU017,57
2025-04-15,SKU017,46
2025-04-16,SKU017,29
2025-04-17,SKU017,43
2025-04-18,SKU017,34
2025-04-19,SKU017,58
2025-04-20,SKU017,50
2025-04-21,SKU017,53
2025-04-22,SKU017,45
2025-04-23,SKU017,42
2025-04-24,SKU017,58
2025-04-25,SKU017,35
2025-04-26,SKU017,52
2025-04-27,SKU017,51
2025-04-28,SKU017,60
2025-04-29,SKU017,35
2025-04-30,SKU017,53
2025-05-01,SKU017,38
2025-05-02,SKU017,35
2025-05-03,SKU017,50
2025-05-04,SKU017,52
2025-05-05,SKU017,45
2025-05-06,SKU017,32
2025-05-07,SKU017,52
2025-05-08,SKU017,34
2025-05-09,SKU017,33
2025-05-10,SKU017,40
2025-05-11,SKU017,61
2025-05-12,SKU017,49
2025-05-13,SKU017,52
2025-05-14,SKU017,38
2025-05-15,SKU017,27
2025-05-16,SKU017,43
2025-05-17,SKU017,51
2025-05-18,SKU017,46
2025-05-19,SKU017,52
2025-05-20,SKU017,48
2025-05-21,SKU017,43
2025-05-22,SKU017,48
2025-05-23,SKU017,35
2025-05-24,SKU017,42
2025-05-25,SKU017,50
2025-05-26,SKU017,46
2025-05-27,SKU017,36
2025-05-28,SKU017,41
2025-05-29,SKU017,39
2025-05-30,SKU017,37
2025-05-31,SKU017,44
2025-06-01,SKU017,45
2025-06-02,SKU017,54
2025-06-03,SKU017,49
2025-06-04,SKU017,43
2025-06-05,SKU017,38
2025-06-06,SKU017,40
2025-06-07,SKU017,53
2025-06-08,SKU017,55
2025-06-09,SKU017,56
2025-06-10,SKU017,36
2025-06-11,SKU017,47
2025-06-12,SKU017,33
2025-06-13,SKU017,38
2025-06-14,SKU017,36
2025-06-15,SKU017,65
2025-06-16,SKU017,36
2025-06-17,SKU017,58
2025-06-18,SKU017,43
2025-06-19,SKU017,23
2025-06-20,SKU017,51
2025-06-21,SKU017,47
2025-06-22,SKU017,35
2025-06-23,SKU017,50
2025-06-24,SKU017,51
2025-06-25,SKU017,51
2025-06-26,SKU017,33
2025-06-27,SKU017,20
2025-06-28,SKU017,54
2025-06-29,SKU017,54
2025-06-30,SKU017,38
2025-07-01,SKU017,50
2025-07-02,SKU017,43
2025-07-03,SKU017,33
2025-07-04,SKU017,32
2025-07-05,SKU017,40
2024-06-01,SKU018,162
2024-06-02,SKU018,196
2024-06-03,SKU018,134
2024-06-04,SKU018,173
2024-06-05,SKU018,152
2024-06-06,SKU018,128
2024-06-07,SKU018,121
2024-06-08,SKU018,187
2024-06-09,SKU018,209
2024-06-10,SKU018,176
2024-06-11,SKU018,165
2024-06-12,SKU018,158
2024-06-13,SKU018,154
2024-06-14,SKU018,111
2024-06-15,SKU018,130
2024-06-16,SKU018,184
2024-06-17,SKU018,158
2024-06-18,SKU018,122
2024-06-19,SKU018,122
2024-06-20,SKU018,134
2024-06-21,SKU018,166
2024-06-22,SKU018,138
2024-06-23,SKU018,175
2024-06-24,SKU018,188
2024-06-25,SKU018,152
2024-06-26,SKU018,124
2024-06-27,SKU018,132
2024-06-28,SKU018,102
2024-06-29,SKU018,136
2024-06-30,SKU018,173
2024-07-01,SKU018,191
2024-07-02,SKU018,132
2024-07-03,SKU018,138
2024-07-04,SKU018,94
2024-07-05,SKU018,114
2024-07-06,SKU018,172
2024-07-07,SKU018,176
2024-07-08,SKU018,223
2024-07-09,SKU018,166
2024-07-10,SKU018,163
2024-07-11,SKU018,142
2024-07-12,SKU018,130
2024-07-13,SKU018,124
2024-07-14,SKU018,176
2024-07-15,SKU018,172
2024-07-16,SKU018,154
2024-07-17,SKU018,144
2024-07-18,SKU018,90
2024-07-19,SKU018,110
2024-07-20,SKU018,131
2024-07-21,SKU018,172
2024-07-22,SKU018,166
2024-07-23,SKU018,151
2024-07-24,SKU018,144
2024-07-25,SKU018,114
2024-07-26,SKU018,130
2024-07-27,SKU018,128
2024-07-28,SKU018,159
2024-07-29,SKU018,231
2024-07-30,SKU018,151
2024-07-31,SKU018,92
2024-08-01,SKU018,132
2024-08-02,SKU018,114
2024-08-03,SKU018,160
2024-08-04,SKU018,176
2024-08-05,SKU018,197
2024-08-06,SKU018,165
2024-08-07,SKU018,135
2024-08-08,SKU018,150
2024-08-09,SKU018,79
2024-08-10,SKU018,123
2024-08-11,SKU018,159
2024-08-12,SKU018,145
2024-08-13,SKU018,156
2024-08-14,SKU018,127
2024-08-15,SKU018,146
2024-08-16,SKU018,128
2024-08-17,SKU018,149
2024-08-18,SKU018,169
2024-08-19,SKU018,160
2024-08-20,SKU018,188
2024-08-21,SKU018,169
2024-08-22,SKU018,96
2024-08-23,SKU018,167
2024-08-24,SKU018,139
2024-08-25,SKU018,161
2024-08-26,SKU018,195
2024-08-27,SKU018,180
2024-08-28,SKU018,139
2024-08-29,SKU018,116
2024-08-30,SKU018,157
2024-08-31,SKU018,140
2024-09-01,SKU018,176
2024-09-02,SKU018,223
2024-09-03,SKU018,136
2024-09-04,SKU018,130
2024-09-05,SKU018,148
2024-09-06,SKU018,142
2024-09-07,SKU018,175
2024-09-08,SKU018,148
2024-09-09,SKU018,191
2024-09-10,SKU018,161
2024-09-11,SKU018,193
2024-09-12,SKU018,143
2024-09-13,SKU018,129
2024-09-14,SKU018,161
2024-09-15,SKU018,179
2024-09-16,SKU018,200
2024-09-17,SKU018,148
2024-09-18,SKU018,172
2024-09-19,SKU018,93
2024-09-20,SKU018,135
2024-09-21,SKU018,135
2024-09-22,SKU018,179
2024-09-23,SKU018,207
2024-09-24,SKU018,128
2024-09-25,SKU018,137
2024-09-26,SKU018,91
2024-09-27,SKU018,123
2024-09-28,SKU018,121
2024-09-29,SKU018,182
2024-09-30,SKU018,174
2024-10-01,SKU018,185
2024-10-02,SKU018,169
2024-10-03,SKU018,124
2024-10-04,SKU018,151
2024-10-05,SKU018,186
2024-10-06,SKU018,157
2024-10-07,SKU018,217
2024-10-08,SKU018,167
2024-10-09,SKU018,118
2024-10-10,SKU018,131
2024-10-11,SKU018,128
2024-10-12,SKU018,121
2024-10-13,SKU018,153
2024-10-14,SKU018,222
2024-10-15,SKU018,174
2024-10-16,SKU018,175
2024-10-17,SKU018,114
2024-10-18,SKU018,111
2024-10-19,SKU018,115
2024-10-20,SKU018,200
2024-10-21,SKU018,194
2024-10-22,SKU018,158
2024-10-23,SKU018,122
2024-10-24,SKU018,150
2024-10-25,SKU018,126
2024-10-26,SKU018,150
2024-10-27,SKU018,164
2024-10-28,SKU018,175
2024-10-29,SKU018,180
2024-10-30,SKU018,108
2024-10-31,SKU018,126
2024-11-01,SKU018,152
2024-11-02,SKU018,152
2024-11-03,SKU018,202
2024-11-04,SKU018,215
2024-11-05,SKU018,188
2024-11-06,SKU018,128
2024-11-07,SKU018,123
2024-11-08,SKU018,138
2024-11-09,SKU018,143
2024-11-10,SKU018,166
2024-11-11,SKU018,171
2024-11-12,SKU018,226
2024-11-13,SKU018,134
2024-11-14,SKU018,149
2024-11-15,SKU018,110
2024-11-16,SKU018,193
2024-11-17,SKU018,169
2024-11-18,SKU018,185
2024-11-19,SKU018,125
2024-11-20,SKU018,166
2024-11-21,SKU018,155
2024-11-22,SKU018,102
2024-11-23,SKU018,181
2024-11-24,SKU018,147
2024-11-25,SKU018,199
2024-11-26,SKU018,161
2024-11-27,SKU018,172
2024-11-28,SKU018,130
2024-11-29,SKU018,151
2024-11-30,SKU018,183
2024-12-01,SKU018,171
2024-12-02,SKU018,183
2024-12-03,SKU018,142
2024-12-04,SKU018,134
2024-12-05,SKU018,168
2024-12-06,SKU018,147
2024-12-07,SKU018,130
2024-12-08,SKU018,216
2024-12-09,SKU018,193
2024-12-10,SKU018,187
2024-12-11,SKU018,152
2024-12-12,SKU018,134
2024-12-13,SKU018,84
2024-12-14,SKU018,180
2024-12-15,SKU018,126
2024-12-16,SKU018,207
2024-12-17,SKU018,170
2024-12-18,SKU018,160
2024-12-19,SKU018,128
2024-12-20,SKU018,154
2024-12-21,SKU018,154
2024-12-22,SKU018,185
2024-12-23,SKU018,193
2024-12-24,SKU018,211
2024-12-25,SKU018,155
2024-12-26,SKU018,94
2024-12-27,SKU018,117
2024-12-28,SKU018,168
2024-12-29,SKU018,207
2024-12-30,SKU018,167
2024-12-31,SKU018,219
2025-01-01,SKU018,145
2025-01-02,SKU018,134
2025-01-03,SKU018,101
2025-01-04,SKU018,180
2025-01-05,SKU018,168
2025-01-06,SKU018,167
2025-01-07,SKU018,160
2025-01-08,SKU018,173
2025-01-09,SKU018,135
2025-01-10,SKU018,109
2025-01-11,SKU018,142
2025-01-12,SKU018,211
2025-01-13,SKU018,179
2025-01-14,SKU018,180
2025-01-15,SKU018,159
2025-01-16,SKU018,45
2025-01-17,SKU018,159
2025-01-18,SKU018,134
2025-01-19,SKU018,170
2025-01-20,SKU018,220
2025-01-21,SKU018,201
2025-01-22,SKU018,152
2025-01-23,SKU018,141
2025-01-24,SKU018,153
2025-01-25,SKU018,187
2025-01-26,SKU018,214
2025-01-27,SKU018,187
2025-01-28,SKU018,150
2025-01-29,SKU018,135
2025-01-30,SKU018,127
2025-01-31,SKU018,129
2025-02-01,SKU018,131
2025-02-02,SKU018,188
2025-02-03,SKU018,148
2025-02-04,SKU018,169
2025-02-05,SKU018,144
2025-02-06,SKU018,127
2025-02-07,SKU018,150
2025-02-08,SKU018,171
2025-02-09,SKU018,229
2025-02-10,SKU018,172
2025-02-11,SKU018,174
2025-02-12,SKU018,146
2025-02-13,SKU018,128
2025-02-14,SKU018,101
2025-02-15,SKU018,127
2025-02-16,SKU018,178
2025-02-17,SKU018,148
2025-02-18,SKU018,160
2025-02-19,SKU018,126
2025-02-20,SKU018,117
2025-02-21,SKU018,156
2025-02-22,SKU018,129
2025-02-23,SKU018,198
2025-02-24,SKU018,171
2025-02-25,SKU018,157
2025-02-26,SKU018,151
2025-02-27,SKU018,118
2025-02-28,SKU018,109
2025-03-01,SKU018,145
2025-03-02,SKU018,137
2025-03-03,SKU018,193
2025-03-04,SKU018,96
2025-03-05,SKU018,161
2025-03-06,SKU018,138
2025-03-07,SKU018,167
2025-03-08,SKU018,204
2025-03-09,SKU018,200
2025-03-10,SKU018,170
2025-03-11,SKU018,218
2025-03-12,SKU018,113
2025-03-13,SKU018,80
2025-03-14,SKU018,173
2025-03-15,SKU018,168
2025-03-16,SKU018,135
2025-03-17,SKU018,153
2025-03-18,SKU018,180
2025-03-19,SKU018,121
2025-03-20,SKU018,107
2025-03-21,SKU018,175
2025-03-22,SKU018,204
2025-03-23,SKU018,181
2025-03-24,SKU018,181
2025-03-25,SKU018,188
2025-03-26,SKU018,128
2025-03-27,SKU018,72
2025-03-28,SKU018,66
2025-03-29,SKU018,152
2025-03-30,SKU018,198
2025-03-31,SKU018,184
2025-04-01,SKU018,186
2025-04-02,SKU018,162
2025-04-03,SKU018,156
2025-04-04,SKU018,134
2025-04-05,SKU018,160
2025-04-06,SKU018,177
2025-04-07,SKU018,178
2025-04-08,SKU018,131
2025-04-09,SKU018,168
2025-04-10,SKU018,115
2025-04-11,SKU018,120
2025-04-12,SKU018,141
2025-04-13,SKU018,147
2025-04-14,SKU018,182
2025-04-15,SKU018,179
2025-04-16,SKU018,124
2025-04-17,SKU018,148
2025-04-18,SKU018,121
2025-04-19,SKU018,119
2025-04-20,SKU018,210
2025-04-21,SKU018,189
2025-04-22,SKU018,187
2025-04-23,SKU018,161
2025-04-24,SKU018,102
2025-04-25,SKU018,118
2025-04-26,SKU018,178
2025-04-27,SKU018,220
2025-04-28,SKU018,185
2025-04-29,SKU018,153
2025-04-30,SKU018,179
2025-05-01,SKU018,109
2025-05-02,SKU018,138
2025-05-03,SKU018,144
2025-05-04,SKU018,184
2025-05-05,SKU018,162
2025-05-06,SKU018,159
2025-05-07,SKU018,126
2025-05-08,SKU018,139
2025-05-09,SKU018,134
2025-05-10,SKU018,174
2025-05-11,SKU018,159
2025-05-12,SKU018,179
2025-05-13,SKU018,182
2025-05-14,SKU018,160
2025-05-15,SKU018,91
2025-05-16,SKU018,137
2025-05-17,SKU018,135
2025-05-18,SKU018,199
2025-05-19,SKU018,227
2025-05-20,SKU018,107
2025-05-21,SKU018,125
2025-05-22,SKU018,130
2025-05-23,SKU018,130
2025-05-24,SKU018,176
2025-05-25,SKU018,180
2025-05-26,SKU018,172
2025-05-27,SKU018,144
2025-05-28,SKU018,113
2025-05-29,SKU018,107
2025-05-30,SKU018,117
2025-05-31,SKU018,163
2025-06-01,SKU018,174
2025-06-02,SKU018,169
2025-06-03,SKU018,144
2025-06-04,SKU018,124
2025-06-05,SKU018,111
2025-06-06,SKU018,113
2025-06-07,SKU018,170
2025-06-08,SKU018,210
2025-06-09,SKU018,157
2025-06-10,SKU018,193
2025-06-11,SKU018,157
2025-06-12,SKU018,128
2025-06-13,SKU018,165
2025-06-14,SKU018,150
2025-06-15,SKU018,187
2025-06-16,SKU018,187
2025-06-17,SKU018,169
2025-06-18,SKU018,151
2025-06-19,SKU018,125
2025-06-20,SKU018,141
2025-06-21,SKU018,139
2025-06-22,SKU018,163
2025-06-23,SKU018,168
2025-06-24,SKU018,159
2025-06-25,SKU018,164
2025-06-26,SKU018,113
2025-06-27,SKU018,145
2025-06-28,SKU018,160
2025-06-29,SKU018,168
2025-06-30,SKU018,214
2025-07-01,SKU018,184
2025-07-02,SKU018,141
2025-07-03,SKU018,122
2025-07-04,SKU018,132
2025-07-05,SKU018,119
2024-06-01,SKU019,161
2024-06-02,SKU019,226
2024-06-03,SKU019,176
2024-06-04,SKU019,179
2024-06-05,SKU019,157
2024-06-06,SKU019,228
2024-06-07,SKU019,174
2024-06-08,SKU019,214
2024-06-09,SKU019,191
2024-06-10,SKU019,230
2024-06-11,SKU019,151
2024-06-12,SKU019,159
2024-06-13,SKU019,162
2024-06-14,SKU019,116
2024-06-15,SKU019,195
2024-06-16,SKU019,226
2024-06-17,SKU019,203
2024-06-18,SKU019,177
2024-06-19,SKU019,148
2024-06-20,SKU019,139
2024-06-21,SKU019,146
2024-06-22,SKU019,198
2024-06-23,SKU019,198
2024-06-24,SKU019,264
2024-06-25,SKU019,244
2024-06-26,SKU019,175
2024-06-27,SKU019,139
2024-06-28,SKU019,141
2024-06-29,SKU019,193
2024-06-30,SKU019,226
2024-07-01,SKU019,214
2024-07-02,SKU019,189
2024-07-03,SKU019,178
2024-07-04,SKU019,150
2024-07-05,SKU019,139
2024-07-06,SKU019,187
2024-07-07,SKU019,196
2024-07-08,SKU019,199
2024-07-09,SKU019,200
2024-07-10,SKU019,152
2024-07-11,SKU019,128
2024-07-12,SKU019,184
2024-07-13,SKU019,173
2024-07-14,SKU019,264
2024-07-15,SKU019,237
2024-07-16,SKU019,177
2024-07-17,SKU019,200
2024-07-18,SKU019,128
2024-07-19,SKU019,210
2024-07-20,SKU019,190
2024-07-21,SKU019,228
2024-07-22,SKU019,221
2024-07-23,SKU019,207
2024-07-24,SKU019,162
2024-07-25,SKU019,123
2024-07-26,SKU019,165
2024-07-27,SKU019,212
2024-07-28,SKU019,180
2024-07-29,SKU019,262
2024-07-30,SKU019,217
2024-07-31,SKU019,156
2024-08-01,SKU019,136
2024-08-02,SKU019,207
2024-08-03,SKU019,210
2024-08-04,SKU019,244
2024-08-05,SKU019,213
2024-08-06,SKU019,215
2024-08-07,SKU019,178
2024-08-08,SKU019,143
2024-08-09,SKU019,158
2024-08-10,SKU019,215
2024-08-11,SKU019,257
2024-08-12,SKU019,213
2024-08-13,SKU019,164
2024-08-14,SKU019,213
2024-08-15,SKU019,194
2024-08-16,SKU019,166
2024-08-17,SKU019,233
2024-08-18,SKU019,222
2024-08-19,SKU019,195
2024-08-20,SKU019,164
2024-08-21,SKU019,132
2024-08-22,SKU019,148
2024-08-23,SKU019,142
2024-08-24,SKU019,168
2024-08-25,SKU019,210
2024-08-26,SKU019,244
2024-08-27,SKU019,185
2024-08-28,SKU019,148
2024-08-29,SKU019,135
2024-08-30,SKU019,181
2024-08-31,SKU019,182
2024-09-01,SKU019,220
2024-09-02,SKU019,263
2024-09-03,SKU019,278
2024-09-04,SKU019,186
2024-09-05,SKU019,163
2024-09-06,SKU019,123
2024-09-07,SKU019,194
2024-09-08,SKU019,214
2024-09-09,SKU019,245
2024-09-10,SKU019,189
2024-09-11,SKU019,174
2024-09-12,SKU019,165
2024-09-13,SKU019,208
2024-09-14,SKU019,227
2024-09-15,SKU019,248
2024-09-16,SKU019,240
2024-09-17,SKU019,188
2024-09-18,SKU019,188
2024-09-19,SKU019,127
2024-09-20,SKU019,150
2024-09-21,SKU019,233
2024-09-22,SKU019,228
2024-09-23,SKU019,226
2024-09-24,SKU019,210
2024-09-25,SKU019,165
2024-09-26,SKU019,89
2024-09-27,SKU019,120
2024-09-28,SKU019,201
2024-09-29,SKU019,187
2024-09-30,SKU019,217
2024-10-01,SKU019,166
2024-10-02,SKU019,148
2024-10-03,SKU019,148
2024-10-04,SKU019,181
2024-10-05,SKU019,215
2024-10-06,SKU019,192
2024-10-07,SKU019,228
2024-10-08,SKU019,161
2024-10-09,SKU019,170
2024-10-10,SKU019,174
2024-10-11,SKU019,153
2024-10-12,SKU019,220
2024-10-13,SKU019,236
2024-10-14,SKU019,227
2024-10-15,SKU019,193
2024-10-16,SKU019,153
2024-10-17,SKU019,108
2024-10-18,SKU019,119
2024-10-19,SKU019,211
2024-10-20,SKU019,255
2024-10-21,SKU019,190
2024-10-22,SKU019,202
2024-10-23,SKU019,125
2024-10-24,SKU019,121
2024-10-25,SKU019,162
2024-10-26,SKU019,170
2024-10-27,SKU019,160
2024-10-28,SKU019,267
2024-10-29,SKU019,199
2024-10-30,SKU019,138
2024-10-31,SKU019,152
2024-11-01,SKU019,153
2024-11-02,SKU019,196
2024-11-03,SKU019,203
2024-11-04,SKU019,229
2024-11-05,SKU019,226
2024-11-06,SKU019,132
2024-11-07,SKU019,129
2024-11-08,SKU019,178
2024-11-09,SKU019,169
2024-11-10,SKU019,211
2024-11-11,SKU019,207
2024-11-12,SKU019,189
2024-11-13,SKU019,154
2024-11-14,SKU019,113
2024-11-15,SKU019,168
2024-11-16,SKU019,213
2024-11-17,SKU019,208
2024-11-18,SKU019,246
2024-11-19,SKU019,186
2024-11-20,SKU019,153
2024-11-21,SKU019,159
2024-11-22,SKU019,167
2024-11-23,SKU019,181
2024-11-24,SKU019,231
2024-11-25,SKU019,184
2024-11-26,SKU019,192
2024-11-27,SKU019,195
2024-11-28,SKU019,175
2024-11-29,SKU019,178
2024-11-30,SKU019,212
2024-12-01,SKU019,202
2024-12-02,SKU019,173
2024-12-03,SKU019,193
2024-12-04,SKU019,186
2024-12-05,SKU019,170
2024-12-06,SKU019,141
2024-12-07,SKU019,157
2024-12-08,SKU019,189
2024-12-09,SKU019,205
2024-12-10,SKU019,148
2024-12-11,SKU019,153
2024-12-12,SKU019,149
2024-12-13,SKU019,153
2024-12-14,SKU019,175
2024-12-15,SKU019,194
2024-12-16,SKU019,204
2024-12-17,SKU019,185
2024-12-18,SKU019,188
2024-12-19,SKU019,148
2024-12-20,SKU019,243
2024-12-21,SKU019,175
2024-12-22,SKU019,225
2024-12-23,SKU019,211
2024-12-24,SKU019,191
2024-12-25,SKU019,211
2024-12-26,SKU019,176
2024-12-27,SKU019,107
2024-12-28,SKU019,156
2024-12-29,SKU019,209
2024-12-30,SKU019,206
2024-12-31,SKU019,158
2025-01-01,SKU019,171
2025-01-02,SKU019,96
2025-01-03,SKU019,159
2025-01-04,SKU019,204
2025-01-05,SKU019,237
2025-01-06,SKU019,216
2025-01-07,SKU019,242
2025-01-08,SKU019,177
2025-01-09,SKU019,171
2025-01-10,SKU019,135
2025-01-11,SKU019,226
2025-01-12,SKU019,213
2025-01-13,SKU019,263
2025-01-14,SKU019,237
2025-01-15,SKU019,175
2025-01-16,SKU019,159
2025-01-17,SKU019,150
2025-01-18,SKU019,161
2025-01-19,SKU019,229
2025-01-20,SKU019,235
2025-01-21,SKU019,155
2025-01-22,SKU019,166
2025-01-23,SKU019,172
2025-01-24,SKU019,196
2025-01-25,SKU019,204
2025-01-26,SKU019,171
2025-01-27,SKU019,191
2025-01-28,SKU019,190
2025-01-29,SKU019,207
2025-01-30,SKU019,131
2025-01-31,SKU019,184
2025-02-01,SKU019,167
2025-02-02,SKU019,227
2025-02-03,SKU019,194
2025-02-04,SKU019,195
2025-02-05,SKU019,137
2025-02-06,SKU019,188
2025-02-07,SKU019,136
2025-02-08,SKU019,141
2025-02-09,SKU019,168
2025-02-10,SKU019,218
2025-02-11,SKU019,187
2025-02-12,SKU019,186
2025-02-13,SKU019,142
2025-02-14,SKU019,187
2025-02-15,SKU019,173
2025-02-16,SKU019,241
2025-02-17,SKU019,194
2025-02-18,SKU019,158
2025-02-19,SKU019,145
2025-02-20,SKU019,117
2025-02-21,SKU019,121
2025-02-22,SKU019,195
2025-02-23,SKU019,205
2025-02-24,SKU019,224
2025-02-25,SKU019,215
2025-02-26,SKU019,122
2025-02-27,SKU019,164
2025-02-28,SKU019,122
2025-03-01,SKU019,168
2025-03-02,SKU019,161
2025-03-03,SKU019,238
2025-03-04,SKU019,153
2025-03-05,SKU019,135
2025-03-06,SKU019,117
2025-03-07,SKU019,152
2025-03-08,SKU019,180
2025-03-09,SKU019,235
2025-03-10,SKU019,217
2025-03-11,SKU019,227
2025-03-12,SKU019,179
2025-03-13,SKU019,122
2025-03-14,SKU019,137
2025-03-15,SKU019,226
2025-03-16,SKU019,247
2025-03-17,SKU019,243
2025-03-18,SKU019,226
2025-03-19,SKU019,181
2025-03-20,SKU019,157
2025-03-21,SKU019,157
2025-03-22,SKU019,231
2025-03-23,SKU019,200
2025-03-24,SKU019,227
2025-03-25,SKU019,153
2025-03-26,SKU019,129
2025-03-27,SKU019,198
2025-03-28,SKU019,172
2025-03-29,SKU019,178
2025-03-30,SKU019,215
2025-03-31,SKU019,182
2025-04-01,SKU019,188
2025-04-02,SKU019,128
2025-04-03,SKU019,140
2025-04-04,SKU019,174
2025-04-05,SKU019,197
2025-04-06,SKU019,257
2025-04-07,SKU019,228
2025-04-08,SKU019,132
2025-04-09,SKU019,222
2025-04-10,SKU019,125
2025-04-11,SKU019,160
2025-04-12,SKU019,187
2025-04-13,SKU019,219
2025-04-14,SKU019,221
2025-04-15,SKU019,202
2025-04-16,SKU019,132
2025-04-17,SKU019,220
2025-04-18,SKU019,173
2025-04-19,SKU019,185
2025-04-20,SKU019,264
2025-04-21,SKU019,190
2025-04-22,SKU019,224
2025-04-23,SKU019,153
2025-04-24,SKU019,159
2025-04-25,SKU019,167
2025-04-26,SKU019,120
2025-04-27,SKU019,173
2025-04-28,SKU019,264
2025-04-29,SKU019,193
2025-04-30,SKU019,223
2025-05-01,SKU019,184
2025-05-02,SKU019,149
2025-05-03,SKU019,175
2025-05-04,SKU019,258
2025-05-05,SKU019,278
2025-05-06,SKU019,192
2025-05-07,SKU019,210
2025-05-08,SKU019,177
2025-05-09,SKU019,188
2025-05-10,SKU019,187
2025-05-11,SKU019,194
2025-05-12,SKU019,191
2025-05-13,SKU019,164
2025-05-14,SKU019,221
2025-05-15,SKU019,148
2025-05-16,SKU019,124
2025-05-17,SKU019,212
2025-05-18,SKU019,200
2025-05-19,SKU019,202
2025-05-20,SKU019,257
2025-05-21,SKU019,131
2025-05-22,SKU019,155
2025-05-23,SKU019,139
2025-05-24,SKU019,163
2025-05-25,SKU019,172
2025-05-26,SKU019,222
2025-05-27,SKU019,176
2025-05-28,SKU019,184
2025-05-29,SKU019,147
2025-05-30,SKU019,147
2025-05-31,SKU019,160
2025-06-01,SKU019,252
2025-06-02,SKU019,240
2025-06-03,SKU019,181
2025-06-04,SKU019,131
2025-06-05,SKU019,96
2025-06-06,SKU019,187
2025-06-07,SKU019,209
2025-06-08,SKU019,242
2025-06-09,SKU019,217
2025-06-10,SKU019,222
2025-06-11,SKU019,196
2025-06-12,SKU019,146
2025-06-13,SKU019,145
2025-06-14,SKU019,157
2025-06-15,SKU019,225
2025-06-16,SKU019,235
2025-06-17,SKU019,189
2025-06-18,SKU019,160
2025-06-19,SKU019,142
2025-06-20,SKU019,177
2025-06-21,SKU019,146
2025-06-22,SKU019,182
2025-06-23,SKU019,190
2025-06-24,SKU019,196
2025-06-25,SKU019,177
2025-06-26,SKU019,119
2025-06-27,SKU019,180
2025-06-28,SKU019,224
2025-06-29,SKU019,224
2025-06-30,SKU019,251
2025-07-01,SKU019,175
2025-07-02,SKU019,143
2025-07-03,SKU019,162
2025-07-04,SKU019,154
2025-07-05,SKU019,159
2024-06-01,SKU020,118
2024-06-02,SKU020,143
2024-06-03,SKU020,124
2024-06-04,SKU020,151
2024-06-05,SKU020,101
2024-06-06,SKU020,108
2024-06-07,SKU020,85
2024-06-08,SKU020,116
2024-06-09,SKU020,140
2024-06-10,SKU020,169
2024-06-11,SKU020,115
2024-06-12,SKU020,107
2024-06-13,SKU020,101
2024-06-14,SKU020,71
2024-06-15,SKU020,76
2024-06-16,SKU020,114
2024-06-17,SKU020,151
2024-06-18,SKU020,152
2024-06-19,SKU020,88
2024-06-20,SKU020,70
2024-06-21,SKU020,121
2024-06-22,SKU020,103
2024-06-23,SKU020,124
2024-06-24,SKU020,160
2024-06-25,SKU020,145
2024-06-26,SKU020,119
2024-06-27,SKU020,62
2024-06-28,SKU020,74
2024-06-29,SKU020,132
2024-06-30,SKU020,136
2024-07-01,SKU020,122
2024-07-02,SKU020,117
2024-07-03,SKU020,122
2024-07-04,SKU020,117
2024-07-05,SKU020,95
2024-07-06,SKU020,101
2024-07-07,SKU020,126
2024-07-08,SKU020,158
2024-07-09,SKU020,145
2024-07-10,SKU020,106
2024-07-11,SKU020,82
2024-07-12,SKU020,114
2024-07-13,SKU020,141
2024-07-14,SKU020,106
2024-07-15,SKU020,131
2024-07-16,SKU020,142
2024-07-17,SKU020,104
2024-07-18,SKU020,83
2024-07-19,SKU020,98
2024-07-20,SKU020,119
2024-07-21,SKU020,112
2024-07-22,SKU020,137
2024-07-23,SKU020,129
2024-07-24,SKU020,95
2024-07-25,SKU020,78
2024-07-26,SKU020,86
2024-07-27,SKU020,97
2024-07-28,SKU020,145
2024-07-29,SKU020,118
2024-07-30,SKU020,126
2024-07-31,SKU020,97
2024-08-01,SKU020,79
2024-08-02,SKU020,119
2024-08-03,SKU020,111
2024-08-04,SKU020,119
2024-08-05,SKU020,122
2024-08-06,SKU020,129
2024-08-07,SKU020,117
2024-08-08,SKU020,113
2024-08-09,SKU020,92
2024-08-10,SKU020,109
2024-08-11,SKU020,133
2024-08-12,SKU020,138
2024-08-13,SKU020,110
2024-08-14,SKU020,128
2024-08-15,SKU020,91
2024-08-16,SKU020,104
2024-08-17,SKU020,120
2024-08-18,SKU020,138
2024-08-19,SKU020,118
2024-08-20,SKU020,123
2024-08-21,SKU020,142
2024-08-22,SKU020,118
2024-08-23,SKU020,98
2024-08-24,SKU020,107
2024-08-25,SKU020,93
2024-08-26,SKU020,127
2024-08-27,SKU020,121
2024-08-28,SKU020,98
2024-08-29,SKU020,87
2024-08-30,SKU020,106
2024-08-31,SKU020,96
2024-09-01,SKU020,135
2024-09-02,SKU020,133
2024-09-03,SKU020,108
2024-09-04,SKU020,132
2024-09-05,SKU020,104
2024-09-06,SKU020,82
2024-09-07,SKU020,122
2024-09-08,SKU020,107
2024-09-09,SKU020,124
2024-09-10,SKU020,145
2024-09-11,SKU020,109
2024-09-12,SKU020,96
2024-09-13,SKU020,112
2024-09-14,SKU020,123
2024-09-15,SKU020,126
2024-09-16,SKU020,151
2024-09-17,SKU020,94
2024-09-18,SKU020,92
2024-09-19,SKU020,89
2024-09-20,SKU020,105
2024-09-21,SKU020,107
2024-09-22,SKU020,100
2024-09-23,SKU020,102
2024-09-24,SKU020,122
2024-09-25,SKU020,95
2024-09-26,SKU020,76
2024-09-27,SKU020,77
2024-09-28,SKU020,115
2024-09-29,SKU020,153
2024-09-30,SKU020,137
2024-10-01,SKU020,145
2024-10-02,SKU020,97
2024-10-03,SKU020,98
2024-10-04,SKU020,118
2024-10-05,SKU020,110
2024-10-06,SKU020,131
2024-10-07,SKU020,129
2024-10-08,SKU020,133
2024-10-09,SKU020,118
2024-10-10,SKU020,97
2024-10-11,SKU020,91
2024-10-12,SKU020,88
2024-10-13,SKU020,130
2024-10-14,SKU020,132
2024-10-15,SKU020,127
2024-10-16,SKU020,105
2024-10-17,SKU020,118
2024-10-18,SKU020,84
2024-10-19,SKU020,86
2024-10-20,SKU020,111
2024-10-21,SKU020,124
2024-10-22,SKU020,141
2024-10-23,SKU020,81
2024-10-24,SKU020,71
2024-10-25,SKU020,102
2024-10-26,SKU020,127
2024-10-27,SKU020,104
2024-10-28,SKU020,105
2024-10-29,SKU020,109
2024-10-30,SKU020,114
2024-10-31,SKU020,93
2024-11-01,SKU020,83
2024-11-02,SKU020,126
2024-11-03,SKU020,133
2024-11-04,SKU020,133
2024-11-05,SKU020,95
2024-11-06,SKU020,90
2024-11-07,SKU020,124
2024-11-08,SKU020,90
2024-11-09,SKU020,97
2024-11-10,SKU020,124
2024-11-11,SKU020,137
2024-11-12,SKU020,138
2024-11-13,SKU020,114
2024-11-14,SKU020,79
2024-11-15,SKU020,117
2024-11-16,SKU020,127
2024-11-17,SKU020,123
2024-11-18,SKU020,133
2024-11-19,SKU020,133
2024-11-20,SKU020,121
2024-11-21,SKU020,65
2024-11-22,SKU020,97
2024-11-23,SKU020,112
2024-11-24,SKU020,121
2024-11-25,SKU020,125
2024-11-26,SKU020,141
2024-11-27,SKU020,112
2024-11-28,SKU020,127
2024-11-29,SKU020,86
2024-11-30,SKU020,115
2024-12-01,SKU020,136
2024-12-02,SKU020,150
2024-12-03,SKU020,146
2024-12-04,SKU020,105
2024-12-05,SKU020,72
2024-12-06,SKU020,83
2024-12-07,SKU020,115
2024-12-08,SKU020,150
2024-12-09,SKU020,111
2024-12-10,SKU020,103
2024-12-11,SKU020,116
2024-12-12,SKU020,69
2024-12-13,SKU020,76
2024-12-14,SKU020,132
2024-12-15,SKU020,127
2024-12-16,SKU020,130
2024-12-17,SKU020,146
2024-12-18,SKU020,85
2024-12-19,SKU020,70
2024-12-20,SKU020,123
2024-12-21,SKU020,117
2024-12-22,SKU020,142
2024-12-23,SKU020,130
2024-12-24,SKU020,121
2024-12-25,SKU020,91
2024-12-26,SKU020,96
2024-12-27,SKU020,109
2024-12-28,SKU020,116
2024-12-29,SKU020,149
2024-12-30,SKU020,146
2024-12-31,SKU020,105
2025-01-01,SKU020,101
2025-01-02,SKU020,83
2025-01-03,SKU020,108
2025-01-04,SKU020,121
2025-01-05,SKU020,133
2025-01-06,SKU020,152
2025-01-07,SKU020,91
2025-01-08,SKU020,93
2025-01-09,SKU020,82
2025-01-10,SKU020,100
2025-01-11,SKU020,122
2025-01-12,SKU020,131
2025-01-13,SKU020,113
2025-01-14,SKU020,130
2025-01-15,SKU020,105
2025-01-16,SKU020,66
2025-01-17,SKU020,90
2025-01-18,SKU020,119
2025-01-19,SKU020,159
2025-01-20,SKU020,117
2025-01-21,SKU020,136
2025-01-22,SKU020,85
2025-01-23,SKU020,69
2025-01-24,SKU020,75
2025-01-25,SKU020,123
2025-01-26,SKU020,133
2025-01-27,SKU020,130
2025-01-28,SKU020,131
2025-01-29,SKU020,104
2025-01-30,SKU020,93
2025-01-31,SKU020,90
2025-02-01,SKU020,96
2025-02-02,SKU020,159
2025-02-03,SKU020,159
2025-02-04,SKU020,150
2025-02-05,SKU020,94
2025-02-06,SKU020,79
2025-02-07,SKU020,88
2025-02-08,SKU020,131
2025-02-09,SKU020,131
2025-02-10,SKU020,126
2025-02-11,SKU020,129
2025-02-12,SKU020,91
2025-02-13,SKU020,68
2025-02-14,SKU020,98
2025-02-15,SKU020,104
2025-02-16,SKU020,130
2025-02-17,SKU020,90
2025-02-18,SKU020,108
2025-02-19,SKU020,102
2025-02-20,SKU020,65
2025-02-21,SKU020,70
2025-02-22,SKU020,114
2025-02-23,SKU020,143
2025-02-24,SKU020,120
2025-02-25,SKU020,118
2025-02-26,SKU020,99
2025-02-27,SKU020,64
2025-02-28,SKU020,115
2025-03-01,SKU020,110
2025-03-02,SKU020,128
2025-03-03,SKU020,141
2025-03-04,SKU020,96
2025-03-05,SKU020,119
2025-03-06,SKU020,109
2025-03-07,SKU020,98
2025-03-08,SKU020,121
2025-03-09,SKU020,125
2025-03-10,SKU020,150
2025-03-11,SKU020,109
2025-03-12,SKU020,103
2025-03-13,SKU020,91
2025-03-14,SKU020,95
2025-03-15,SKU020,131
2025-03-16,SKU020,168
2025-03-17,SKU020,133
2025-03-18,SKU020,131
2025-03-19,SKU020,90
2025-03-20,SKU020,108
2025-03-21,SKU020,87
2025-03-22,SKU020,166
2025-03-23,SKU020,102
2025-03-24,SKU020,171
2025-03-25,SKU020,140
2025-03-26,SKU020,84
2025-03-27,SKU020,130
2025-03-28,SKU020,80
2025-03-29,SKU020,108
2025-03-30,SKU020,109
2025-03-31,SKU020,133
2025-04-01,SKU020,122
2025-04-02,SKU020,117
2025-04-03,SKU020,132
2025-04-04,SKU020,87
2025-04-05,SKU020,66
2025-04-06,SKU020,142
2025-04-07,SKU020,126
2025-04-08,SKU020,154
2025-04-09,SKU020,103
2025-04-10,SKU020,78
2025-04-11,SKU020,78
2025-04-12,SKU020,124
2025-04-13,SKU020,126
2025-04-14,SKU020,160
2025-04-15,SKU020,119
2025-04-16,SKU020,127
2025-04-17,SKU020,68
2025-04-18,SKU020,66
2025-04-19,SKU020,127
2025-04-20,SKU020,123
2025-04-21,SKU020,131
2025-04-22,SKU020,106
2025-04-23,SKU020,85
2025-04-24,SKU020,102
2025-04-25,SKU020,95
2025-04-26,SKU020,95
2025-04-27,SKU020,144
2025-04-28,SKU020,155
2025-04-29,SKU020,121
2025-04-30,SKU020,120
2025-05-01,SKU020,74
2025-05-02,SKU020,105
2025-05-03,SKU020,116
2025-05-04,SKU020,117
2025-05-05,SKU020,170
2025-05-06,SKU020,127
2025-05-07,SKU020,93
2025-05-08,SKU020,91
2025-05-09,SKU020,81
2025-05-10,SKU020,93
2025-05-11,SKU020,123
2025-05-12,SKU020,129
2025-05-13,SKU020,109
2025-05-14,SKU020,124
2025-05-15,SKU020,78
2025-05-16,SKU020,80
2025-05-17,SKU020,93
2025-05-18,SKU020,109
2025-05-19,SKU020,152
2025-05-20,SKU020,127
2025-05-21,SKU020,115
2025-05-22,SKU020,108
2025-05-23,SKU020,90
2025-05-24,SKU020,138
2025-05-25,SKU020,120
2025-05-26,SKU020,116
2025-05-27,SKU020,129
2025-05-28,SKU020,106
2025-05-29,SKU020,93
2025-05-30,SKU020,113
2025-05-31,SKU020,115
2025-06-01,SKU020,136
2025-06-02,SKU020,158
2025-06-03,SKU020,127
2025-06-04,SKU020,112
2025-06-05,SKU020,67
2025-06-06,SKU020,158
2025-06-07,SKU020,86
2025-06-08,SKU020,122
2025-06-09,SKU020,125
2025-06-10,SKU020,159
2025-06-11,SKU020,93
2025-06-12,SKU020,98
2025-06-13,SKU020,86
2025-06-14,SKU020,95
2025-06-15,SKU020,140
2025-06-16,SKU020,123
2025-06-17,SKU020,126
2025-06-18,SKU020,114
2025-06-19,SKU020,123
2025-06-20,SKU020,74
2025-06-21,SKU020,110
2025-06-22,SKU020,129
2025-06-23,SKU020,135
2025-06-24,SKU020,166
2025-06-25,SKU020,100
2025-06-26,SKU020,48
2025-06-27,SKU020,92
2025-06-28,SKU020,111
2025-06-29,SKU020,127
2025-06-30,SKU020,123
2025-07-01,SKU020,100
2025-07-02,SKU020,140
2025-07-03,SKU020,96
2025-07-04,SKU020,92
2025-07-05,SKU020,149
2024-06-01,SKU021,173
2024-06-02,SKU021,248
2024-06-03,SKU021,201
2024-06-04,SKU021,239
2024-06-05,SKU021,148
2024-06-06,SKU021,174
2024-06-07,SKU021,226
2024-06-08,SKU021,202
2024-06-09,SKU021,165
2024-06-10,SKU021,239
2024-06-11,SKU021,231
2024-06-12,SKU021,209
2024-06-13,SKU021,204
2024-06-14,SKU021,213
2024-06-15,SKU021,195
2024-06-16,SKU021,210
2024-06-17,SKU021,204
2024-06-18,SKU021,200
2024-06-19,SKU021,196
2024-06-20,SKU021,120
2024-06-21,SKU021,140
2024-06-22,SKU021,216
2024-06-23,SKU021,211
2024-06-24,SKU021,249
2024-06-25,SKU021,192
2024-06-26,SKU021,190
2024-06-27,SKU021,137
2024-06-28,SKU021,111
2024-06-29,SKU021,228
2024-06-30,SKU021,209
2024-07-01,SKU021,230
2024-07-02,SKU021,196
2024-07-03,SKU021,198
2024-07-04,SKU021,170
2024-07-05,SKU021,184
2024-07-06,SKU021,183
2024-07-07,SKU021,229
2024-07-08,SKU021,250
2024-07-09,SKU021,262
2024-07-10,SKU021,191
2024-07-11,SKU021,130
2024-07-12,SKU021,176
2024-07-13,SKU021,194
2024-07-14,SKU021,170
2024-07-15,SKU021,183
2024-07-16,SKU021,214
2024-07-17,SKU021,182
2024-07-18,SKU021,151
2024-07-19,SKU021,194
2024-07-20,SKU021,171
2024-07-21,SKU021,189
2024-07-22,SKU021,213
2024-07-23,SKU021,198
2024-07-24,SKU021,180
2024-07-25,SKU021,136
2024-07-26,SKU021,104
2024-07-27,SKU021,122
2024-07-28,SKU021,234
2024-07-29,SKU021,204
2024-07-30,SKU021,156
2024-07-31,SKU021,200
2024-08-01,SKU021,206
2024-08-02,SKU021,165
2024-08-03,SKU021,207
2024-08-04,SKU021,238
2024-08-05,SKU021,169
2024-08-06,SKU021,243
2024-08-07,SKU021,219
2024-08-08,SKU021,215
2024-08-09,SKU021,155
2024-08-10,SKU021,165
2024-08-11,SKU021,271
2024-08-12,SKU021,253
2024-08-13,SKU021,242
2024-08-14,SKU021,162
2024-08-15,SKU021,168
2024-08-16,SKU021,136
2024-08-17,SKU021,199
2024-08-18,SKU021,220
2024-08-19,SKU021,308
2024-08-20,SKU021,233
2024-08-21,SKU021,117
2024-08-22,SKU021,160
2024-08-23,SKU021,179
2024-08-24,SKU021,185
2024-08-25,SKU021,197
2024-08-26,SKU021,258
2024-08-27,SKU021,188
2024-08-28,SKU021,199
2024-08-29,SKU021,129
2024-08-30,SKU021,152
2024-08-31,SKU021,228
2024-09-01,SKU021,245
2024-09-02,SKU021,239
2024-09-03,SKU021,215
2024-09-04,SKU021,184
2024-09-05,SKU021,137
2024-09-06,SKU021,123
2024-09-07,SKU021,216
2024-09-08,SKU021,276
2024-09-09,SKU021,256
2024-09-10,SKU021,224
2024-09-11,SKU021,146
2024-09-12,SKU021,186
2024-09-13,SKU021,182
2024-09-14,SKU021,222
2024-09-15,SKU021,261
2024-09-16,SKU021,285
2024-09-17,SKU021,183
2024-09-18,SKU021,143
2024-09-19,SKU021,165
2024-09-20,SKU021,140
2024-09-21,SKU021,166
2024-09-22,SKU021,267
2024-09-23,SKU021,208
2024-09-24,SKU021,216
2024-09-25,SKU021,133
2024-09-26,SKU021,162
2024-09-27,SKU021,203
2024-09-28,SKU021,235
2024-09-29,SKU021,261
2024-09-30,SKU021,235
2024-10-01,SKU021,249
2024-10-02,SKU021,195
2024-10-03,SKU021,147
2024-10-04,SKU021,179
2024-10-05,SKU021,225
2024-10-06,SKU021,190
2024-10-07,SKU021,206
2024-10-08,SKU021,212
2024-10-09,SKU021,145
2024-10-10,SKU021,123
2024-10-11,SKU021,155
2024-10-12,SKU021,229
2024-10-13,SKU021,259
2024-10-14,SKU021,247
2024-10-15,SKU021,222
2024-10-16,SKU021,244
2024-10-17,SKU021,144
2024-10-18,SKU021,175
2024-10-19,SKU021,181
2024-10-20,SKU021,192
2024-10-21,SKU021,273
2024-10-22,SKU021,207
2024-10-23,SKU021,202
2024-10-24,SKU021,153
2024-10-25,SKU021,205
2024-10-26,SKU021,169
2024-10-27,SKU021,265
2024-10-28,SKU021,264
2024-10-29,SKU021,163
2024-10-30,SKU021,166
2024-10-31,SKU021,191
2024-11-01,SKU021,217
2024-11-02,SKU021,220
2024-11-03,SKU021,218
2024-11-04,SKU021,209
2024-11-05,SKU021,233
2024-11-06,SKU021,169
2024-11-07,SKU021,149
2024-11-08,SKU021,161
2024-11-09,SKU021,225
2024-11-10,SKU021,284
2024-11-11,SKU021,268
2024-11-12,SKU021,217
2024-11-13,SKU021,155
2024-11-14,SKU021,180
2024-11-15,SKU021,218
2024-11-16,SKU021,229
2024-11-17,SKU021,236
2024-11-18,SKU021,223
2024-11-19,SKU021,227
2024-11-20,SKU021,216
2024-11-21,SKU021,167
2024-11-22,SKU021,165
2024-11-23,SKU021,178
2024-11-24,SKU021,307
2024-11-25,SKU021,211
2024-11-26,SKU021,187
2024-11-27,SKU021,187
2024-11-28,SKU021,154
2024-11-29,SKU021,198
2024-11-30,SKU021,231
2024-12-01,SKU021,194
2024-12-02,SKU021,215
2024-12-03,SKU021,190
2024-12-04,SKU021,205
2024-12-05,SKU021,173
2024-12-06,SKU021,157
2024-12-07,SKU021,205
2024-12-08,SKU021,196
2024-12-09,SKU021,216
2024-12-10,SKU021,177
2024-12-11,SKU021,186
2024-12-12,SKU021,164
2024-12-13,SKU021,138
2024-12-14,SKU021,212
2024-12-15,SKU021,262
2024-12-16,SKU021,207
2024-12-17,SKU021,207
2024-12-18,SKU021,197
2024-12-19,SKU021,160
2024-12-20,SKU021,127
2024-12-21,SKU021,186
2024-12-22,SKU021,216
2024-12-23,SKU021,233
2024-12-24,SKU021,212
2024-12-25,SKU021,228
2024-12-26,SKU021,154
2024-12-27,SKU021,117
2024-12-28,SKU021,202
2024-12-29,SKU021,282
2024-12-30,SKU021,233
2024-12-31,SKU021,203
2025-01-01,SKU021,173
2025-01-02,SKU021,178
2025-01-03,SKU021,159
2025-01-04,SKU021,154
2025-01-05,SKU021,210
2025-01-06,SKU021,236
2025-01-07,SKU021,232
2025-01-08,SKU021,164
2025-01-09,SKU021,151
2025-01-10,SKU021,169
2025-01-11,SKU021,176
2025-01-12,SKU021,227
2025-01-13,SKU021,252
2025-01-14,SKU021,181
2025-01-15,SKU021,191
2025-01-16,SKU021,128
2025-01-17,SKU021,136
2025-01-18,SKU021,179
2025-01-19,SKU021,271
2025-01-20,SKU021,187
2025-01-21,SKU021,202
2025-01-22,SKU021,181
2025-01-23,SKU021,195
2025-01-24,SKU021,226
2025-01-25,SKU021,186
2025-01-26,SKU021,246
2025-01-27,SKU021,235
2025-01-28,SKU021,213
2025-01-29,SKU021,190
2025-01-30,SKU021,113
2025-01-31,SKU021,166
2025-02-01,SKU021,212
2025-02-02,SKU021,204
2025-02-03,SKU021,251
2025-02-04,SKU021,165
2025-02-05,SKU021,185
2025-02-06,SKU021,200
2025-02-07,SKU021,161
2025-02-08,SKU021,170
2025-02-09,SKU021,188
2025-02-10,SKU021,249
2025-02-11,SKU021,244
2025-02-12,SKU021,180
2025-02-13,SKU021,146
2025-02-14,SKU021,110
2025-02-15,SKU021,203
2025-02-16,SKU021,210
2025-02-17,SKU021,219
2025-02-18,SKU021,265
2025-02-19,SKU021,128
2025-02-20,SKU021,110
2025-02-21,SKU021,175
2025-02-22,SKU021,187
2025-02-23,SKU021,215
2025-02-24,SKU021,246
2025-02-25,SKU021,224
2025-02-26,SKU021,153
2025-02-27,SKU021,143
2025-02-28,SKU021,169
2025-03-01,SKU021,204
2025-03-02,SKU021,245
2025-03-03,SKU021,220
2025-03-04,SKU021,227
2025-03-05,SKU021,210
2025-03-06,SKU021,162
2025-03-07,SKU021,165
2025-03-08,SKU021,192
2025-03-09,SKU021,212
2025-03-10,SKU021,210
2025-03-11,SKU021,207
2025-03-12,SKU021,195
2025-03-13,SKU021,134
2025-03-14,SKU021,166
2025-03-15,SKU021,193
2025-03-16,SKU021,283
2025-03-17,SKU021,259
2025-03-18,SKU021,237
2025-03-19,SKU021,209
2025-03-20,SKU021,144
2025-03-21,SKU021,209
2025-03-22,SKU021,204
2025-03-23,SKU021,229
2025-03-24,SKU021,202
2025-03-25,SKU021,204
2025-03-26,SKU021,129
2025-03-27,SKU021,153
2025-03-28,SKU021,151
2025-03-29,SKU021,187
2025-03-30,SKU021,189
2025-03-31,SKU021,259
2025-04-01,SKU021,234
2025-04-02,SKU021,232
2025-04-03,SKU021,210
2025-04-04,SKU021,173
2025-04-05,SKU021,230
2025-04-06,SKU021,238
2025-04-07,SKU021,225
2025-04-08,SKU021,208
2025-04-09,SKU021,201
2025-04-10,SKU021,282
2025-04-11,SKU021,203
2025-04-12,SKU021,206
2025-04-13,SKU021,245
2025-04-14,SKU021,252
2025-04-15,SKU021,214
2025-04-16,SKU021,204
2025-04-17,SKU021,156
2025-04-18,SKU021,138
2025-04-19,SKU021,213
2025-04-20,SKU021,248
2025-04-21,SKU021,233
2025-04-22,SKU021,226
2025-04-23,SKU021,210
2025-04-24,SKU021,159
2025-04-25,SKU021,155
2025-04-26,SKU021,178
2025-04-27,SKU021,223
2025-04-28,SKU021,284
2025-04-29,SKU021,210
2025-04-30,SKU021,192
2025-05-01,SKU021,151
2025-05-02,SKU021,156
2025-05-03,SKU021,173
2025-05-04,SKU021,233
2025-05-05,SKU021,222
2025-05-06,SKU021,254
2025-05-07,SKU021,179
2025-05-08,SKU021,159
2025-05-09,SKU021,163
2025-05-10,SKU021,210
2025-05-11,SKU021,275
2025-05-12,SKU021,207
2025-05-13,SKU021,225
2025-05-14,SKU021,135
2025-05-15,SKU021,197
2025-05-16,SKU021,165
2025-05-17,SKU021,154
2025-05-18,SKU021,192
2025-05-19,SKU021,262
2025-05-20,SKU021,167
2025-05-21,SKU021,190
2025-05-22,SKU021,147
2025-05-23,SKU021,162
2025-05-24,SKU021,179
2025-05-25,SKU021,202
2025-05-26,SKU021,223
2025-05-27,SKU021,233
2025-05-28,SKU021,173
2025-05-29,SKU021,173
2025-05-30,SKU021,161
2025-05-31,SKU021,217
2025-06-01,SKU021,243
2025-06-02,SKU021,222
2025-06-03,SKU021,188
2025-06-04,SKU021,210
2025-06-05,SKU021,136
2025-06-06,SKU021,183
2025-06-07,SKU021,200
2025-06-08,SKU021,216
2025-06-09,SKU021,251
2025-06-10,SKU021,257
2025-06-11,SKU021,200
2025-06-12,SKU021,164
2025-06-13,SKU021,216
2025-06-14,SKU021,149
2025-06-15,SKU021,197
2025-06-16,SKU021,224
2025-06-17,SKU021,259
2025-06-18,SKU021,210
2025-06-19,SKU021,109
2025-06-20,SKU021,155
2025-06-21,SKU021,159
2025-06-22,SKU021,229
2025-06-23,SKU021,265
2025-06-24,SKU021,245
2025-06-25,SKU021,190
2025-06-26,SKU021,148
2025-06-27,SKU021,165
2025-06-28,SKU021,219
2025-06-29,SKU021,300
2025-06-30,SKU021,202
2025-07-01,SKU021,264
2025-07-02,SKU021,189
2025-07-03,SKU021,185
2025-07-04,SKU021,173
2025-07-05,SKU021,241
2024-06-01,SKU022,143
2024-06-02,SKU022,193
2024-06-03,SKU022,216
2024-06-04,SKU022,172
2024-06-05,SKU022,95
2024-06-06,SKU022,124
2024-06-07,SKU022,136
2024-06-08,SKU022,157
2024-06-09,SKU022,171
2024-06-10,SKU022,220
2024-06-11,SKU022,115
2024-06-12,SKU022,147
2024-06-13,SKU022,130
2024-06-14,SKU022,183
2024-06-15,SKU022,158
2024-06-16,SKU022,193
2024-06-17,SKU022,192
2024-06-18,SKU022,174
2024-06-19,SKU022,186
2024-06-20,SKU022,101
2024-06-21,SKU022,117
2024-06-22,SKU022,176
2024-06-23,SKU022,189
2024-06-24,SKU022,182
2024-06-25,SKU022,170
2024-06-26,SKU022,166
2024-06-27,SKU022,139
2024-06-28,SKU022,116
2024-06-29,SKU022,164
2024-06-30,SKU022,182
2024-07-01,SKU022,200
2024-07-02,SKU022,164
2024-07-03,SKU022,116
2024-07-04,SKU022,143
2024-07-05,SKU022,146
2024-07-06,SKU022,192
2024-07-07,SKU022,152
2024-07-08,SKU022,187
2024-07-09,SKU022,166
2024-07-10,SKU022,135
2024-07-11,SKU022,91
2024-07-12,SKU022,108
2024-07-13,SKU022,164
2024-07-14,SKU022,171
2024-07-15,SKU022,169
2024-07-16,SKU022,206
2024-07-17,SKU022,201
2024-07-18,SKU022,126
2024-07-19,SKU022,98
2024-07-20,SKU022,167
2024-07-21,SKU022,133
2024-07-22,SKU022,157
2024-07-23,SKU022,182
2024-07-24,SKU022,111
2024-07-25,SKU022,120
2024-07-26,SKU022,98
2024-07-27,SKU022,159
2024-07-28,SKU022,209
2024-07-29,SKU022,174
2024-07-30,SKU022,171
2024-07-31,SKU022,125
2024-08-01,SKU022,110
2024-08-02,SKU022,114
2024-08-03,SKU022,177
2024-08-04,SKU022,149
2024-08-05,SKU022,181
2024-08-06,SKU022,181
2024-08-07,SKU022,166
2024-08-08,SKU022,138
2024-08-09,SKU022,132
2024-08-10,SKU022,145
2024-08-11,SKU022,205
2024-08-12,SKU022,168
2024-08-13,SKU022,152
2024-08-14,SKU022,176
2024-08-15,SKU022,136
2024-08-16,SKU022,143
2024-08-17,SKU022,172
2024-08-18,SKU022,180
2024-08-19,SKU022,155
2024-08-20,SKU022,178
2024-08-21,SKU022,144
2024-08-22,SKU022,107
2024-08-23,SKU022,107
2024-08-24,SKU022,157
2024-08-25,SKU022,151
2024-08-26,SKU022,185
2024-08-27,SKU022,165
2024-08-28,SKU022,141
2024-08-29,SKU022,137
2024-08-30,SKU022,148
2024-08-31,SKU022,141
2024-09-01,SKU022,203
2024-09-02,SKU022,184
2024-09-03,SKU022,213
2024-09-04,SKU022,130
2024-09-05,SKU022,89
2024-09-06,SKU022,153
2024-09-07,SKU022,168
2024-09-08,SKU022,211
2024-09-09,SKU022,196
2024-09-10,SKU022,227
2024-09-11,SKU022,140
2024-09-12,SKU022,152
2024-09-13,SKU022,121
2024-09-14,SKU022,170
2024-09-15,SKU022,199
2024-09-16,SKU022,209
2024-09-17,SKU022,190
2024-09-18,SKU022,68
2024-09-19,SKU022,126
2024-09-20,SKU022,120
2024-09-21,SKU022,149
2024-09-22,SKU022,176
2024-09-23,SKU022,212
2024-09-24,SKU022,177
2024-09-25,SKU022,132
2024-09-26,SKU022,92
2024-09-27,SKU022,170
2024-09-28,SKU022,143
2024-09-29,SKU022,180
2024-09-30,SKU022,239
2024-10-01,SKU022,157
2024-10-02,SKU022,138
2024-10-03,SKU022,133
2024-10-04,SKU022,95
2024-10-05,SKU022,117
2024-10-06,SKU022,171
2024-10-07,SKU022,178
2024-10-08,SKU022,175
2024-10-09,SKU022,121
2024-10-10,SKU022,137
2024-10-11,SKU022,82
2024-10-12,SKU022,156
2024-10-13,SKU022,191
2024-10-14,SKU022,197
2024-10-15,SKU022,168
2024-10-16,SKU022,129
2024-10-17,SKU022,123
2024-10-18,SKU022,163
2024-10-19,SKU022,144
2024-10-20,SKU022,206
2024-10-21,SKU022,216
2024-10-22,SKU022,131
2024-10-23,SKU022,141
2024-10-24,SKU022,104
2024-10-25,SKU022,98
2024-10-26,SKU022,177
2024-10-27,SKU022,194
2024-10-28,SKU022,195
2024-10-29,SKU022,146
2024-10-30,SKU022,149
2024-10-31,SKU022,96
2024-11-01,SKU022,135
2024-11-02,SKU022,142
2024-11-03,SKU022,208
2024-11-04,SKU022,180
2024-11-05,SKU022,177
2024-11-06,SKU022,150
2024-11-07,SKU022,125
2024-11-08,SKU022,136
2024-11-09,SKU022,165
2024-11-10,SKU022,161
2024-11-11,SKU022,198
2024-11-12,SKU022,192
2024-11-13,SKU022,154
2024-11-14,SKU022,119
2024-11-15,SKU022,137
2024-11-16,SKU022,149
2024-11-17,SKU022,180
2024-11-18,SKU022,161
2024-11-19,SKU022,204
2024-11-20,SKU022,190
2024-11-21,SKU022,111
2024-11-22,SKU022,152
2024-11-23,SKU022,193
2024-11-24,SKU022,160
2024-11-25,SKU022,138
2024-11-26,SKU022,208
2024-11-27,SKU022,144
2024-11-28,SKU022,115
2024-11-29,SKU022,134
2024-11-30,SKU022,149
2024-12-01,SKU022,253
2024-12-02,SKU022,176
2024-12-03,SKU022,179
2024-12-04,SKU022,175
2024-12-05,SKU022,158
2024-12-06,SKU022,159
2024-12-07,SKU022,148
2024-12-08,SKU022,179
2024-12-09,SKU022,137
2024-12-10,SKU022,170
2024-12-11,SKU022,145
2024-12-12,SKU022,145
2024-12-13,SKU022,176
2024-12-14,SKU022,175
2024-12-15,SKU022,208
2024-12-16,SKU022,188
2024-12-17,SKU022,202
2024-12-18,SKU022,145
2024-12-19,SKU022,154
2024-12-20,SKU022,152
2024-12-21,SKU022,167
2024-12-22,SKU022,146
2024-12-23,SKU022,215
2024-12-24,SKU022,181
2024-12-25,SKU022,161
2024-12-26,SKU022,135
2024-12-27,SKU022,145
2024-12-28,SKU022,189
2024-12-29,SKU022,171
2024-12-30,SKU022,200
2024-12-31,SKU022,153
2025-01-01,SKU022,158
2025-01-02,SKU022,133
2025-01-03,SKU022,118
2025-01-04,SKU022,160
2025-01-05,SKU022,169
2025-01-06,SKU022,180
2025-01-07,SKU022,180
2025-01-08,SKU022,151
2025-01-09,SKU022,82
2025-01-10,SKU022,142
2025-01-11,SKU022,151
2025-01-12,SKU022,173
2025-01-13,SKU022,162
2025-01-14,SKU022,171
2025-01-15,SKU022,132
2025-01-16,SKU022,157
2025-01-17,SKU022,92
2025-01-18,SKU022,135
2025-01-19,SKU022,158
2025-01-20,SKU022,195
2025-01-21,SKU022,200
2025-01-22,SKU022,156
2025-01-23,SKU022,101
2025-01-24,SKU022,123
2025-01-25,SKU022,139
2025-01-26,SKU022,195
2025-01-27,SKU022,178
2025-01-28,SKU022,138
2025-01-29,SKU022,158
2025-01-30,SKU022,157
2025-01-31,SKU022,129
2025-02-01,SKU022,161
2025-02-02,SKU022,147
2025-02-03,SKU022,140
2025-02-04,SKU022,128
2025-02-05,SKU022,143
2025-02-06,SKU022,120
2025-02-07,SKU022,146
2025-02-08,SKU022,153
2025-02-09,SKU022,206
2025-02-10,SKU022,209
2025-02-11,SKU022,164
2025-02-12,SKU022,121
2025-02-13,SKU022,82
2025-02-14,SKU022,167
2025-02-15,SKU022,136
2025-02-16,SKU022,147
2025-02-17,SKU022,192
2025-02-18,SKU022,136
2025-02-19,SKU022,147
2025-02-20,SKU022,119
2025-02-21,SKU022,155
2025-02-22,SKU022,178
2025-02-23,SKU022,209
2025-02-24,SKU022,194
2025-02-25,SKU022,151
2025-02-26,SKU022,120
2025-02-27,SKU022,115
2025-02-28,SKU022,181
2025-03-01,SKU022,152
2025-03-02,SKU022,187
2025-03-03,SKU022,225
2025-03-04,SKU022,178
2025-03-05,SKU022,127
2025-03-06,SKU022,144
2025-03-07,SKU022,123
2025-03-08,SKU022,165
2025-03-09,SKU022,195
2025-03-10,SKU022,177
2025-03-11,SKU022,176
2025-03-12,SKU022,182
2025-03-13,SKU022,112
2025-03-14,SKU022,165
2025-03-15,SKU022,144
2025-03-16,SKU022,225
2025-03-17,SKU022,169
2025-03-18,SKU022,162
2025-03-19,SKU022,180
2025-03-20,SKU022,164
2025-03-21,SKU022,153
2025-03-22,SKU022,132
2025-03-23,SKU022,185
2025-03-24,SKU022,189
2025-03-25,SKU022,151
2025-03-26,SKU022,161
2025-03-27,SKU022,109
2025-03-28,SKU022,103
2025-03-29,SKU022,120
2025-03-30,SKU022,223
2025-03-31,SKU022,177
2025-04-01,SKU022,160
2025-04-02,SKU022,120
2025-04-03,SKU022,160
2025-04-04,SKU022,101
2025-04-05,SKU022,129
2025-04-06,SKU022,175
2025-04-07,SKU022,188
2025-04-08,SKU022,187
2025-04-09,SKU022,128
2025-04-10,SKU022,164
2025-04-11,SKU022,117
2025-04-12,SKU022,134
2025-04-13,SKU022,157
2025-04-14,SKU022,170
2025-04-15,SKU022,144
2025-04-16,SKU022,162
2025-04-17,SKU022,103
2025-04-18,SKU022,130
2025-04-19,SKU022,134
2025-04-20,SKU022,155
2025-04-21,SKU022,215
2025-04-22,SKU022,210
2025-04-23,SKU022,174
2025-04-24,SKU022,92
2025-04-25,SKU022,102
2025-04-26,SKU022,205
2025-04-27,SKU022,177
2025-04-28,SKU022,156
2025-04-29,SKU022,197
2025-04-30,SKU022,146
2025-05-01,SKU022,141
2025-05-02,SKU022,80
2025-05-03,SKU022,150
2025-05-04,SKU022,205
2025-05-05,SKU022,174
2025-05-06,SKU022,201
2025-05-07,SKU022,113
2025-05-08,SKU022,125
2025-05-09,SKU022,172
2025-05-10,SKU022,131
2025-05-11,SKU022,189
2025-05-12,SKU022,203
2025-05-13,SKU022,174
2025-05-14,SKU022,138
2025-05-15,SKU022,106
2025-05-16,SKU022,138
2025-05-17,SKU022,156
2025-05-18,SKU022,149
2025-05-19,SKU022,215
2025-05-20,SKU022,150
2025-05-21,SKU022,111
2025-05-22,SKU022,113
2025-05-23,SKU022,112
2025-05-24,SKU022,152
2025-05-25,SKU022,153
2025-05-26,SKU022,199
2025-05-27,SKU022,204
2025-05-28,SKU022,147
2025-05-29,SKU022,93
2025-05-30,SKU022,112
2025-05-31,SKU022,163
2025-06-01,SKU022,136
2025-06-02,SKU022,160
2025-06-03,SKU022,133
2025-06-04,SKU022,147
2025-06-05,SKU022,178
2025-06-06,SKU022,103
2025-06-07,SKU022,177
2025-06-08,SKU022,169
2025-06-09,SKU022,158
2025-06-10,SKU022,209
2025-06-11,SKU022,195
2025-06-12,SKU022,137
2025-06-13,SKU022,142
2025-06-14,SKU022,159
2025-06-15,SKU022,179
2025-06-16,SKU022,197
2025-06-17,SKU022,188
2025-06-18,SKU022,184
2025-06-19,SKU022,115
2025-06-20,SKU022,136
2025-06-21,SKU022,156
2025-06-22,SKU022,207
2025-06-23,SKU022,246
2025-06-24,SKU022,197
2025-06-25,SKU022,163
2025-06-26,SKU022,149
2025-06-27,SKU022,163
2025-06-28,SKU022,215
2025-06-29,SKU022,143
2025-06-30,SKU022,203
2025-07-01,SKU022,111
2025-07-02,SKU022,167
2025-07-03,SKU022,140
2025-07-04,SKU022,120
2025-07-05,SKU022,95
2024-06-01,SKU023,180
2024-06-02,SKU023,214
2024-06-03,SKU023,213
2024-06-04,SKU023,179
2024-06-05,SKU023,140
2024-06-06,SKU023,144
2024-06-07,SKU023,130
2024-06-08,SKU023,202
2024-06-09,SKU023,206
2024-06-10,SKU023,169
2024-06-11,SKU023,200
2024-06-12,SKU023,176
2024-06-13,SKU023,189
2024-06-14,SKU023,177
2024-06-15,SKU023,156
2024-06-16,SKU023,247
2024-06-17,SKU023,178
2024-06-18,SKU023,196
2024-06-19,SKU023,185
2024-06-20,SKU023,184
2024-06-21,SKU023,203
2024-06-22,SKU023,214
2024-06-23,SKU023,204
2024-06-24,SKU023,231
2024-06-25,SKU023,202
2024-06-26,SKU023,145
2024-06-27,SKU023,142
2024-06-28,SKU023,200
2024-06-29,SKU023,197
2024-06-30,SKU023,264
2024-07-01,SKU023,186
2024-07-02,SKU023,185
2024-07-03,SKU023,176
2024-07-04,SKU023,165
2024-07-05,SKU023,149
2024-07-06,SKU023,202
2024-07-07,SKU023,230
2024-07-08,SKU023,178
2024-07-09,SKU023,216
2024-07-10,SKU023,193
2024-07-11,SKU023,153
2024-07-12,SKU023,102
2024-07-13,SKU023,173
2024-07-14,SKU023,220
2024-07-15,SKU023,192
2024-07-16,SKU023,220
2024-07-17,SKU023,184
2024-07-18,SKU023,149
2024-07-19,SKU023,152
2024-07-20,SKU023,185
2024-07-21,SKU023,208
2024-07-22,SKU023,180
2024-07-23,SKU023,184
2024-07-24,SKU023,166
2024-07-25,SKU023,183
2024-07-26,SKU023,171
2024-07-27,SKU023,220
2024-07-28,SKU023,170
2024-07-29,SKU023,205
2024-07-30,SKU023,252
2024-07-31,SKU023,144
2024-08-01,SKU023,124
2024-08-02,SKU023,145
2024-08-03,SKU023,234
2024-08-04,SKU023,190
2024-08-05,SKU023,230
2024-08-06,SKU023,206
2024-08-07,SKU023,112
2024-08-08,SKU023,144
2024-08-09,SKU023,137
2024-08-10,SKU023,198
2024-08-11,SKU023,255
2024-08-12,SKU023,206
2024-08-13,SKU023,186
2024-08-14,SKU023,232
2024-08-15,SKU023,126
2024-08-16,SKU023,116
2024-08-17,SKU023,217
2024-08-18,SKU023,207
2024-08-19,SKU023,223
2024-08-20,SKU023,256
2024-08-21,SKU023,126
2024-08-22,SKU023,140
2024-08-23,SKU023,118
2024-08-24,SKU023,189
2024-08-25,SKU023,193
2024-08-26,SKU023,183
2024-08-27,SKU023,215
2024-08-28,SKU023,165
2024-08-29,SKU023,111
2024-08-30,SKU023,120
2024-08-31,SKU023,186
2024-09-01,SKU023,163
2024-09-02,SKU023,221
2024-09-03,SKU023,232
2024-09-04,SKU023,182
2024-09-05,SKU023,128
2024-09-06,SKU023,159
2024-09-07,SKU023,146
2024-09-08,SKU023,212
2024-09-09,SKU023,206
2024-09-10,SKU023,168
2024-09-11,SKU023,181
2024-09-12,SKU023,92
2024-09-13,SKU023,120
2024-09-14,SKU023,151
2024-09-15,SKU023,195
2024-09-16,SKU023,250
2024-09-17,SKU023,216
2024-09-18,SKU023,167
2024-09-19,SKU023,146
2024-09-20,SKU023,152
2024-09-21,SKU023,217
2024-09-22,SKU023,159
2024-09-23,SKU023,236
2024-09-24,SKU023,182
2024-09-25,SKU023,178
2024-09-26,SKU023,159
2024-09-27,SKU023,172
2024-09-28,SKU023,223
2024-09-29,SKU023,171
2024-09-30,SKU023,242
2024-10-01,SKU023,194
2024-10-02,SKU023,152
2024-10-03,SKU023,200
2024-10-04,SKU023,171
2024-10-05,SKU023,169
2024-10-06,SKU023,234
2024-10-07,SKU023,214
2024-10-08,SKU023,184
2024-10-09,SKU023,148
2024-10-10,SKU023,153
2024-10-11,SKU023,135
2024-10-12,SKU023,184
2024-10-13,SKU023,232
2024-10-14,SKU023,218
2024-10-15,SKU023,249
2024-10-16,SKU023,165
2024-10-17,SKU023,181
2024-10-18,SKU023,178
2024-10-19,SKU023,221
2024-10-20,SKU023,261
2024-10-21,SKU023,168
2024-10-22,SKU023,203
2024-10-23,SKU023,161
2024-10-24,SKU023,148
2024-10-25,SKU023,141
2024-10-26,SKU023,165
2024-10-27,SKU023,178
2024-10-28,SKU023,218
2024-10-29,SKU023,221
2024-10-30,SKU023,151
2024-10-31,SKU023,136
2024-11-01,SKU023,133
2024-11-02,SKU023,153
2024-11-03,SKU023,202
2024-11-04,SKU023,224
2024-11-05,SKU023,230
2024-11-06,SKU023,132
2024-11-07,SKU023,144
2024-11-08,SKU023,184
2024-11-09,SKU023,148
2024-11-10,SKU023,242
2024-11-11,SKU023,203
2024-11-12,SKU023,215
2024-11-13,SKU023,158
2024-11-14,SKU023,157
2024-11-15,SKU023,195
2024-11-16,SKU023,177
2024-11-17,SKU023,235
2024-11-18,SKU023,223
2024-11-19,SKU023,174
2024-11-20,SKU023,160
2024-11-21,SKU023,139
2024-11-22,SKU023,114
2024-11-23,SKU023,192
2024-11-24,SKU023,226
2024-11-25,SKU023,237
2024-11-26,SKU023,234
2024-11-27,SKU023,190
2024-11-28,SKU023,129
2024-11-29,SKU023,141
2024-11-30,SKU023,203
2024-12-01,SKU023,219
2024-12-02,SKU023,215
2024-12-03,SKU023,172
2024-12-04,SKU023,150
2024-12-05,SKU023,161
2024-12-06,SKU023,99
2024-12-07,SKU023,117
2024-12-08,SKU023,227
2024-12-09,SKU023,201
2024-12-10,SKU023,208
2024-12-11,SKU023,207
2024-12-12,SKU023,118
2024-12-13,SKU023,107
2024-12-14,SKU023,173
2024-12-15,SKU023,190
2024-12-16,SKU023,214
2024-12-17,SKU023,210
2024-12-18,SKU023,173
2024-12-19,SKU023,146
2024-12-20,SKU023,180
2024-12-21,SKU023,198
2024-12-22,SKU023,203
2024-12-23,SKU023,232
2024-12-24,SKU023,154
2024-12-25,SKU023,193
2024-12-26,SKU023,146
2024-12-27,SKU023,119
2024-12-28,SKU023,169
2024-12-29,SKU023,236
2024-12-30,SKU023,194
2024-12-31,SKU023,207
2025-01-01,SKU023,188
2025-01-02,SKU023,146
2025-01-03,SKU023,129
2025-01-04,SKU023,178
2025-01-05,SKU023,170
2025-01-06,SKU023,202
2025-01-07,SKU023,166
2025-01-08,SKU023,163
2025-01-09,SKU023,111
2025-01-10,SKU023,154
2025-01-11,SKU023,211
2025-01-12,SKU023,240
2025-01-13,SKU023,181
2025-01-14,SKU023,178
2025-01-15,SKU023,187
2025-01-16,SKU023,164
2025-01-17,SKU023,135
2025-01-18,SKU023,167
2025-01-19,SKU023,210
2025-01-20,SKU023,166
2025-01-21,SKU023,210
2025-01-22,SKU023,194
2025-01-23,SKU023,134
2025-01-24,SKU023,114
2025-01-25,SKU023,218
2025-01-26,SKU023,214
2025-01-27,SKU023,234
2025-01-28,SKU023,160
2025-01-29,SKU023,129
2025-01-30,SKU023,156
2025-01-31,SKU023,180
2025-02-01,SKU023,150
2025-02-02,SKU023,205
2025-02-03,SKU023,172
2025-02-04,SKU023,177
2025-02-05,SKU023,157
2025-02-06,SKU023,158
2025-02-07,SKU023,95
2025-02-08,SKU023,216
2025-02-09,SKU023,204
2025-02-10,SKU023,250
2025-02-11,SKU023,214
2025-02-12,SKU023,187
2025-02-13,SKU023,199
2025-02-14,SKU023,131
2025-02-15,SKU023,184
2025-02-16,SKU023,181
2025-02-17,SKU023,212
2025-02-18,SKU023,215
2025-02-19,SKU023,195
2025-02-20,SKU023,135
2025-02-21,SKU023,119
2025-02-22,SKU023,182
2025-02-23,SKU023,185
2025-02-24,SKU023,199
2025-02-25,SKU023,214
2025-02-26,SKU023,177
2025-02-27,SKU023,167
2025-02-28,SKU023,143
2025-03-01,SKU023,207
2025-03-02,SKU023,209
2025-03-03,SKU023,207
2025-03-04,SKU023,166
2025-03-05,SKU023,108
2025-03-06,SKU023,103
2025-03-07,SKU023,158
2025-03-08,SKU023,155
2025-03-09,SKU023,164
2025-03-10,SKU023,204
2025-03-11,SKU023,203
2025-03-12,SKU023,176
2025-03-13,SKU023,144
2025-03-14,SKU023,150
2025-03-15,SKU023,165
2025-03-16,SKU023,225
2025-03-17,SKU023,210
2025-03-18,SKU023,194
2025-03-19,SKU023,192
2025-03-20,SKU023,166
2025-03-21,SKU023,147
2025-03-22,SKU023,171
2025-03-23,SKU023,199
2025-03-24,SKU023,161
2025-03-25,SKU023,225
2025-03-26,SKU023,146
2025-03-27,SKU023,168
2025-03-28,SKU023,153
2025-03-29,SKU023,218
2025-03-30,SKU023,222
2025-03-31,SKU023,240
2025-04-01,SKU023,180
2025-04-02,SKU023,130
2025-04-03,SKU023,149
2025-04-04,SKU023,100
2025-04-05,SKU023,167
2025-04-06,SKU023,176
2025-04-07,SKU023,192
2025-04-08,SKU023,212
2025-04-09,SKU023,179
2025-04-10,SKU023,141
2025-04-11,SKU023,160
2025-04-12,SKU023,165
2025-04-13,SKU023,274
2025-04-14,SKU023,223
2025-04-15,SKU023,180
2025-04-16,SKU023,188
2025-04-17,SKU023,178
2025-04-18,SKU023,131
2025-04-19,SKU023,142
2025-04-20,SKU023,175
2025-04-21,SKU023,197
2025-04-22,SKU023,194
2025-04-23,SKU023,120
2025-04-24,SKU023,134
2025-04-25,SKU023,146
2025-04-26,SKU023,189
2025-04-27,SKU023,225
2025-04-28,SKU023,226
2025-04-29,SKU023,244
2025-04-30,SKU023,194
2025-05-01,SKU023,151
2025-05-02,SKU023,126
2025-05-03,SKU023,162
2025-05-04,SKU023,170
2025-05-05,SKU023,219
2025-05-06,SKU023,205
2025-05-07,SKU023,188
2025-05-08,SKU023,152
2025-05-09,SKU023,180
2025-05-10,SKU023,209
2025-05-11,SKU023,180
2025-05-12,SKU023,201
2025-05-13,SKU023,195
2025-05-14,SKU023,145
2025-05-15,SKU023,138
2025-05-16,SKU023,160
2025-05-17,SKU023,177
2025-05-18,SKU023,208
2025-05-19,SKU023,190
2025-05-20,SKU023,209
2025-05-21,SKU023,176
2025-05-22,SKU023,124
2025-05-23,SKU023,117
2025-05-24,SKU023,213
2025-05-25,SKU023,255
2025-05-26,SKU023,221
2025-05-27,SKU023,186
2025-05-28,SKU023,193
2025-05-29,SKU023,158
2025-05-30,SKU023,146
2025-05-31,SKU023,206
2025-06-01,SKU023,186
2025-06-02,SKU023,196
2025-06-03,SKU023,205
2025-06-04,SKU023,167
2025-06-05,SKU023,162
2025-06-06,SKU023,184
2025-06-07,SKU023,138
2025-06-08,SKU023,209
2025-06-09,SKU023,266
2025-06-10,SKU023,180
2025-06-11,SKU023,145
2025-06-12,SKU023,84
2025-06-13,SKU023,155
2025-06-14,SKU023,196
2025-06-15,SKU023,224
2025-06-16,SKU023,187
2025-06-17,SKU023,195
2025-06-18,SKU023,170
2025-06-19,SKU023,146
2025-06-20,SKU023,122
2025-06-21,SKU023,182
2025-06-22,SKU023,186
2025-06-23,SKU023,165
2025-06-24,SKU023,214
2025-06-25,SKU023,168
2025-06-26,SKU023,161
2025-06-27,SKU023,137
2025-06-28,SKU023,197
2025-06-29,SKU023,236
2025-06-30,SKU023,262
2025-07-01,SKU023,218
2025-07-02,SKU023,175
2025-07-03,SKU023,108
2025-07-04,SKU023,149
2025-07-05,SKU023,142
2024-06-01,SKU024,28
2024-06-02,SKU024,22
2024-06-03,SKU024,19
2024-06-04,SKU024,27
2024-06-05,SKU024,18
2024-06-06,SKU024,20
2024-06-07,SKU024,15
2024-06-08,SKU024,21
2024-06-09,SKU024,29
2024-06-10,SKU024,22
2024-06-11,SKU024,23
2024-06-12,SKU024,21
2024-06-13,SKU024,15
2024-06-14,SKU024,19
2024-06-15,SKU024,22
2024-06-16,SKU024,27
2024-06-17,SKU024,32
2024-06-18,SKU024,33
2024-06-19,SKU024,22
2024-06-20,SKU024,17
2024-06-21,SKU024,20
2024-06-22,SKU024,21
2024-06-23,SKU024,20
2024-06-24,SKU024,26
2024-06-25,SKU024,27
2024-06-26,SKU024,15
2024-06-27,SKU024,14
2024-06-28,SKU024,17
2024-06-29,SKU024,23
2024-06-30,SKU024,33
2024-07-01,SKU024,24
2024-07-02,SKU024,24
2024-07-03,SKU024,20
2024-07-04,SKU024,17
2024-07-05,SKU024,18
2024-07-06,SKU024,20
2024-07-07,SKU024,34
2024-07-08,SKU024,29
2024-07-09,SKU024,22
2024-07-10,SKU024,24
2024-07-11,SKU024,19
2024-07-12,SKU024,19
2024-07-13,SKU024,21
2024-07-14,SKU024,25
2024-07-15,SKU024,22
2024-07-16,SKU024,18
2024-07-17,SKU024,21
2024-07-18,SKU024,17
2024-07-19,SKU024,21
2024-07-20,SKU024,19
2024-07-21,SKU024,22
2024-07-22,SKU024,29
2024-07-23,SKU024,23
2024-07-24,SKU024,23
2024-07-25,SKU024,18
2024-07-26,SKU024,25
2024-07-27,SKU024,24
2024-07-28,SKU024,27
2024-07-29,SKU024,29
2024-07-30,SKU024,23
2024-07-31,SKU024,15
2024-08-01,SKU024,19
2024-08-02,SKU024,25
2024-08-03,SKU024,14
2024-08-04,SKU024,27
2024-08-05,SKU024,21
2024-08-06,SKU024,24
2024-08-07,SKU024,20
2024-08-08,SKU024,20
2024-08-09,SKU024,19
2024-08-10,SKU024,27
2024-08-11,SKU024,29
2024-08-12,SKU024,26
2024-08-13,SKU024,28
2024-08-14,SKU024,19
2024-08-15,SKU024,16
2024-08-16,SKU024,15
2024-08-17,SKU024,26
2024-08-18,SKU024,24
2024-08-19,SKU024,18
2024-08-20,SKU024,26
2024-08-21,SKU024,19
2024-08-22,SKU024,17
2024-08-23,SKU024,18
2024-08-24,SKU024,21
2024-08-25,SKU024,34
2024-08-26,SKU024,32
2024-08-27,SKU024,26
2024-08-28,SKU024,21
2024-08-29,SKU024,21
2024-08-30,SKU024,19
2024-08-31,SKU024,25
2024-09-01,SKU024,27
2024-09-02,SKU024,27
2024-09-03,SKU024,27
2024-09-04,SKU024,19
2024-09-05,SKU024,18
2024-09-06,SKU024,15
2024-09-07,SKU024,19
2024-09-08,SKU024,17
2024-09-09,SKU024,28
2024-09-10,SKU024,26
2024-09-11,SKU024,24
2024-09-12,SKU024,14
2024-09-13,SKU024,20
2024-09-14,SKU024,22
2024-09-15,SKU024,28
2024-09-16,SKU024,24
2024-09-17,SKU024,23
2024-09-18,SKU024,15
2024-09-19,SKU024,15
2024-09-20,SKU024,19
2024-09-21,SKU024,23
2024-09-22,SKU024,20
2024-09-23,SKU024,25
2024-09-24,SKU024,24
2024-09-25,SKU024,25
2024-09-26,SKU024,15
2024-09-27,SKU024,20
2024-09-28,SKU024,20
2024-09-29,SKU024,24
2024-09-30,SKU024,23
2024-10-01,SKU024,20
2024-10-02,SKU024,19
2024-10-03,SKU024,21
2024-10-04,SKU024,16
2024-10-05,SKU024,19
2024-10-06,SKU024,26
2024-10-07,SKU024,26
2024-10-08,SKU024,24
2024-10-09,SKU024,21
2024-10-10,SKU024,14
2024-10-11,SKU024,16
2024-10-12,SKU024,25
2024-10-13,SKU024,25
2024-10-14,SKU024,28
2024-10-15,SKU024,28
2024-10-16,SKU024,23
2024-10-17,SKU024,13
2024-10-18,SKU024,18
2024-10-19,SKU024,25
2024-10-20,SKU024,27
2024-10-21,SKU024,27
2024-10-22,SKU024,18
2024-10-23,SKU024,18
2024-10-24,SKU024,18
2024-10-25,SKU024,14
2024-10-26,SKU024,25
2024-10-27,SKU024,25
2024-10-28,SKU024,20
2024-10-29,SKU024,22
2024-10-30,SKU024,19
2024-10-31,SKU024,17
2024-11-01,SKU024,23
2024-11-02,SKU024,24
2024-11-03,SKU024,21
2024-11-04,SKU024,21
2024-11-05,SKU024,23
2024-11-06,SKU024,21
2024-11-07,SKU024,21
2024-11-08,SKU024,24
2024-11-09,SKU024,28
2024-11-10,SKU024,24
2024-11-11,SKU024,29
2024-11-12,SKU024,25
2024-11-13,SKU024,16
2024-11-14,SKU024,11
2024-11-15,SKU024,19
2024-11-16,SKU024,17
2024-11-17,SKU024,23
2024-11-18,SKU024,24
2024-11-19,SKU024,25
2024-11-20,SKU024,24
2024-11-21,SKU024,18
2024-11-22,SKU024,17
2024-11-23,SKU024,15
2024-11-24,SKU024,27
2024-11-25,SKU024,26
2024-11-26,SKU024,22
2024-11-27,SKU024,24
2024-11-28,SKU024,14
2024-11-29,SKU024,16
2024-11-30,SKU024,21
2024-12-01,SKU024,24
2024-12-02,SKU024,28
2024-12-03,SKU024,25
2024-12-04,SKU024,24
2024-12-05,SKU024,19
2024-12-06,SKU024,18
2024-12-07,SKU024,21
2024-12-08,SKU024,27
2024-12-09,SKU024,26
2024-12-10,SKU024,24
2024-12-11,SKU024,22
2024-12-12,SKU024,18
2024-12-13,SKU024,20
2024-12-14,SKU024,19
2024-12-15,SKU024,30
2024-12-16,SKU024,23
2024-12-17,SKU024,25
2024-12-18,SKU024,18
2024-12-19,SKU024,21
2024-12-20,SKU024,21
2024-12-21,SKU024,22
2024-12-22,SKU024,31
2024-12-23,SKU024,26
2024-12-24,SKU024,27
2024-12-25,SKU024,18
2024-12-26,SKU024,19
2024-12-27,SKU024,15
2024-12-28,SKU024,22
2024-12-29,SKU024,25
2024-12-30,SKU024,29
2024-12-31,SKU024,22
2025-01-01,SKU024,30
2025-01-02,SKU024,13
2025-01-03,SKU024,19
2025-01-04,SKU024,23
2025-01-05,SKU024,27
2025-01-06,SKU024,25
2025-01-07,SKU024,25
2025-01-08,SKU024,18
2025-01-09,SKU024,24
2025-01-10,SKU024,16
2025-01-11,SKU024,22
2025-01-12,SKU024,23
2025-01-13,SKU024,24
2025-01-14,SKU024,19
2025-01-15,SKU024,22
2025-01-16,SKU024,15
2025-01-17,SKU024,16
2025-01-18,SKU024,19
2025-01-19,SKU024,26
2025-01-20,SKU024,26
2025-01-21,SKU024,24
2025-01-22,SKU024,18
2025-01-23,SKU024,19
2025-01-24,SKU024,16
2025-01-25,SKU024,22
2025-01-26,SKU024,25
2025-01-27,SKU024,21
2025-01-28,SKU024,31
2025-01-29,SKU024,22
2025-01-30,SKU024,18
2025-01-31,SKU024,20
2025-02-01,SKU024,29
2025-02-02,SKU024,29
2025-02-03,SKU024,27
2025-02-04,SKU024,22
2025-02-05,SKU024,18
2025-02-06,SKU024,12
2025-02-07,SKU024,17
2025-02-08,SKU024,24
2025-02-09,SKU024,28
2025-02-10,SKU024,28
2025-02-11,SKU024,22
2025-02-12,SKU024,22
2025-02-13,SKU024,20
2025-02-14,SKU024,11
2025-02-15,SKU024,23
2025-02-16,SKU024,32
2025-02-17,SKU024,25
2025-02-18,SKU024,16
2025-02-19,SKU024,17
2025-02-20,SKU024,12
2025-02-21,SKU024,16
2025-02-22,SKU024,18
2025-02-23,SKU024,29
2025-02-24,SKU024,29
2025-02-25,SKU024,25
2025-02-26,SKU024,24
2025-02-27,SKU024,16
2025-02-28,SKU024,19
2025-03-01,SKU024,29
2025-03-02,SKU024,27
2025-03-03,SKU024,28
2025-03-04,SKU024,21
2025-03-05,SKU024,19
2025-03-06,SKU024,14
2025-03-07,SKU024,24
2025-03-08,SKU024,17
2025-03-09,SKU024,28
2025-03-10,SKU024,28
2025-03-11,SKU024,19
2025-03-12,SKU024,24
2025-03-13,SKU024,17
2025-03-14,SKU024,14
2025-03-15,SKU024,23
2025-03-16,SKU024,23
2025-03-17,SKU024,26
2025-03-18,SKU024,22
2025-03-19,SKU024,17
2025-03-20,SKU024,14
2025-03-21,SKU024,21
2025-03-22,SKU024,23
2025-03-23,SKU024,26
2025-03-24,SKU024,25
2025-03-25,SKU024,24
2025-03-26,SKU024,18
2025-03-27,SKU024,15
2025-03-28,SKU024,24
2025-03-29,SKU024,25
2025-03-30,SKU024,24
2025-03-31,SKU024,21
2025-04-01,SKU024,18
2025-04-02,SKU024,18
2025-04-03,SKU024,18
2025-04-04,SKU024,19
2025-04-05,SKU024,22
2025-04-06,SKU024,27
2025-04-07,SKU024,23
2025-04-08,SKU024,29
2025-04-09,SKU024,19
2025-04-10,SKU024,19
2025-04-11,SKU024,16
2025-04-12,SKU024,23
2025-04-13,SKU024,32
2025-04-14,SKU024,23
2025-04-15,SKU024,20
2025-04-16,SKU024,17
2025-04-17,SKU024,17
2025-04-18,SKU024,17
2025-04-19,SKU024,19
2025-04-20,SKU024,25
2025-04-21,SKU024,31
2025-04-22,SKU024,23
2025-04-23,SKU024,20
2025-04-24,SKU024,19
2025-04-25,SKU024,21
2025-04-26,SKU024,27
2025-04-27,SKU024,26
2025-04-28,SKU024,26
2025-04-29,SKU024,21
2025-04-30,SKU024,23
2025-05-01,SKU024,15
2025-05-02,SKU024,16
2025-05-03,SKU024,23
2025-05-04,SKU024,31
2025-05-05,SKU024,29
2025-05-06,SKU024,24
2025-05-07,SKU024,17
2025-05-08,SKU024,23
2025-05-09,SKU024,18
2025-05-10,SKU024,21
2025-05-11,SKU024,27
2025-05-12,SKU024,25
2025-05-13,SKU024,21
2025-05-14,SKU024,18
2025-05-15,SKU024,16
2025-05-16,SKU024,15
2025-05-17,SKU024,18
2025-05-18,SKU024,29
2025-05-19,SKU024,28
2025-05-20,SKU024,21
2025-05-21,SKU024,23
2025-05-22,SKU024,19
2025-05-23,SKU024,17
2025-05-24,SKU024,18
2025-05-25,SKU024,27
2025-05-26,SKU024,32
2025-05-27,SKU024,24
2025-05-28,SKU024,23
2025-05-29,SKU024,17
2025-05-30,SKU024,22
2025-05-31,SKU024,22
2025-06-01,SKU024,18
2025-06-02,SKU024,24
2025-06-03,SKU024,24
2025-06-04,SKU024,24
2025-06-05,SKU024,17
2025-06-06,SKU024,19
2025-06-07,SKU024,20
2025-06-08,SKU024,31
2025-06-09,SKU024,31
2025-06-10,SKU024,22
2025-06-11,SKU024,15
2025-06-12,SKU024,12
2025-06-13,SKU024,21
2025-06-14,SKU024,22
2025-06-15,SKU024,23
2025-06-16,SKU024,27
2025-06-17,SKU024,20
2025-06-18,SKU024,23
2025-06-19,SKU024,16
2025-06-20,SKU024,15
2025-06-21,SKU024,21
2025-06-22,SKU024,24
2025-06-23,SKU024,27
2025-06-24,SKU024,28
2025-06-25,SKU024,24
2025-06-26,SKU024,18
2025-06-27,SKU024,18
2025-06-28,SKU024,20
2025-06-29,SKU024,20
2025-06-30,SKU024,26
2025-07-01,SKU024,21
2025-07-02,SKU024,24
2025-07-03,SKU024,17
2025-07-04,SKU024,21
2025-07-05,SKU024,20
2024-06-01,SKU025,129
2024-06-02,SKU025,178
2024-06-03,SKU025,177
2024-06-04,SKU025,162
2024-06-05,SKU025,129
2024-06-06,SKU025,132
2024-06-07,SKU025,134
2024-06-08,SKU025,96
2024-06-09,SKU025,160
2024-06-10,SKU025,193
2024-06-11,SKU025,134
2024-06-12,SKU025,94
2024-06-13,SKU025,112
2024-06-14,SKU025,132
2024-06-15,SKU025,133
2024-06-16,SKU025,193
2024-06-17,SKU025,210
2024-06-18,SKU025,114
2024-06-19,SKU025,122
2024-06-20,SKU025,66
2024-06-21,SKU025,135
2024-06-22,SKU025,128
2024-06-23,SKU025,155
2024-06-24,SKU025,196
2024-06-25,SKU025,127
2024-06-26,SKU025,97
2024-06-27,SKU025,66
2024-06-28,SKU025,148
2024-06-29,SKU025,165
2024-06-30,SKU025,159
2024-07-01,SKU025,144
2024-07-02,SKU025,173
2024-07-03,SKU025,190
2024-07-04,SKU025,110
2024-07-05,SKU025,95
2024-07-06,SKU025,170
2024-07-07,SKU025,141
2024-07-08,SKU025,163
2024-07-09,SKU025,99
2024-07-10,SKU025,124
2024-07-11,SKU025,88
2024-07-12,SKU025,148
2024-07-13,SKU025,122
2024-07-14,SKU025,182
2024-07-15,SKU025,169
2024-07-16,SKU025,158
2024-07-17,SKU025,142
2024-07-18,SKU025,114
2024-07-19,SKU025,107
2024-07-20,SKU025,126
2024-07-21,SKU025,176
2024-07-22,SKU025,130
2024-07-23,SKU025,191
2024-07-24,SKU025,133
2024-07-25,SKU025,108
2024-07-26,SKU025,126
2024-07-27,SKU025,130
2024-07-28,SKU025,162
2024-07-29,SKU025,147
2024-07-30,SKU025,163
2024-07-31,SKU025,129
2024-08-01,SKU025,119
2024-08-02,SKU025,152
2024-08-03,SKU025,126
2024-08-04,SKU025,163
2024-08-05,SKU025,135
2024-08-06,SKU025,167
2024-08-07,SKU025,130
2024-08-08,SKU025,115
2024-08-09,SKU025,117
2024-08-10,SKU025,131
2024-08-11,SKU025,219
2024-08-12,SKU025,172
2024-08-13,SKU025,162
2024-08-14,SKU025,106
2024-08-15,SKU025,134
2024-08-16,SKU025,118
2024-08-17,SKU025,153
2024-08-18,SKU025,185
2024-08-19,SKU025,169
2024-08-20,SKU025,141
2024-08-21,SKU025,81
2024-08-22,SKU025,107
2024-08-23,SKU025,106
2024-08-24,SKU025,118
2024-08-25,SKU025,197
2024-08-26,SKU025,192
2024-08-27,SKU025,116
2024-08-28,SKU025,134
2024-08-29,SKU025,98
2024-08-30,SKU025,129
2024-08-31,SKU025,126
2024-09-01,SKU025,154
2024-09-02,SKU025,192
2024-09-03,SKU025,173
2024-09-04,SKU025,163
2024-09-05,SKU025,110
2024-09-06,SKU025,89
2024-09-07,SKU025,163
2024-09-08,SKU025,185
2024-09-09,SKU025,184
2024-09-10,SKU025,139
2024-09-11,SKU025,108
2024-09-12,SKU025,127
2024-09-13,SKU025,102
2024-09-14,SKU025,136
2024-09-15,SKU025,228
2024-09-16,SKU025,217
2024-09-17,SKU025,172
2024-09-18,SKU025,116
2024-09-19,SKU025,100
2024-09-20,SKU025,136
2024-09-21,SKU025,175
2024-09-22,SKU025,154
2024-09-23,SKU025,161
2024-09-24,SKU025,157
2024-09-25,SKU025,101
2024-09-26,SKU025,86
2024-09-27,SKU025,95
2024-09-28,SKU025,155
2024-09-29,SKU025,171
2024-09-30,SKU025,195
2024-10-01,SKU025,118
2024-10-02,SKU025,98
2024-10-03,SKU025,125
2024-10-04,SKU025,102
2024-10-05,SKU025,126
2024-10-06,SKU025,187
2024-10-07,SKU025,159
2024-10-08,SKU025,146
2024-10-09,SKU025,125
2024-10-10,SKU025,111
2024-10-11,SKU025,135
2024-10-12,SKU025,117
2024-10-13,SKU025,161
2024-10-14,SKU025,196
2024-10-15,SKU025,201
2024-10-16,SKU025,101
2024-10-17,SKU025,122
2024-10-18,SKU025,117
2024-10-19,SKU025,141
2024-10-20,SKU025,148
2024-10-21,SKU025,187
2024-10-22,SKU025,171
2024-10-23,SKU025,185
2024-10-24,SKU025,87
2024-10-25,SKU025,83
2024-10-26,SKU025,187
2024-10-27,SKU025,164
2024-10-28,SKU025,161
2024-10-29,SKU025,159
2024-10-30,SKU025,101
2024-10-31,SKU025,123
2024-11-01,SKU025,119
2024-11-02,SKU025,166
2024-11-03,SKU025,184
2024-11-04,SKU025,191
2024-11-05,SKU025,160
2024-11-06,SKU025,165
2024-11-07,SKU025,127
2024-11-08,SKU025,109
2024-11-09,SKU025,126
2024-11-10,SKU025,150
2024-11-11,SKU025,184
2024-11-12,SKU025,127
2024-11-13,SKU025,134
2024-11-14,SKU025,97
2024-11-15,SKU025,94
2024-11-16,SKU025,120
2024-11-17,SKU025,165
2024-11-18,SKU025,187
2024-11-19,SKU025,141
2024-11-20,SKU025,86
2024-11-21,SKU025,183
2024-11-22,SKU025,145
2024-11-23,SKU025,163
2024-11-24,SKU025,200
2024-11-25,SKU025,173
2024-11-26,SKU025,153
2024-11-27,SKU025,160
2024-11-28,SKU025,144
2024-11-29,SKU025,134
2024-11-30,SKU025,162
2024-12-01,SKU025,139
2024-12-02,SKU025,165
2024-12-03,SKU025,192
2024-12-04,SKU025,148
2024-12-05,SKU025,84
2024-12-06,SKU025,109
2024-12-07,SKU025,176
2024-12-08,SKU025,175
2024-12-09,SKU025,175
2024-12-10,SKU025,160
2024-12-11,SKU025,129
2024-12-12,SKU025,104
2024-12-13,SKU025,103
2024-12-14,SKU025,165
2024-12-15,SKU025,170
2024-12-16,SKU025,186
2024-12-17,SKU025,167
2024-12-18,SKU025,161
2024-12-19,SKU025,125
2024-12-20,SKU025,138
2024-12-21,SKU025,147
2024-12-22,SKU025,145
2024-12-23,SKU025,166
2024-12-24,SKU025,168
2024-12-25,SKU025,145
2024-12-26,SKU025,146
2024-12-27,SKU025,111
2024-12-28,SKU025,148
2024-12-29,SKU025,163
2024-12-30,SKU025,206
2024-12-31,SKU025,163
2025-01-01,SKU025,139
2025-01-02,SKU025,114
2025-01-03,SKU025,116
2025-01-04,SKU025,112
2025-01-05,SKU025,138
2025-01-06,SKU025,175
2025-01-07,SKU025,157
2025-01-08,SKU025,135
2025-01-09,SKU025,135
2025-01-10,SKU025,123
2025-01-11,SKU025,136
2025-01-12,SKU025,161
2025-01-13,SKU025,176
2025-01-14,SKU025,147
2025-01-15,SKU025,153
2025-01-16,SKU025,115
2025-01-17,SKU025,126
2025-01-18,SKU025,125
2025-01-19,SKU025,188
2025-01-20,SKU025,202
2025-01-21,SKU025,126
2025-01-22,SKU025,139
2025-01-23,SKU025,113
2025-01-24,SKU025,127
2025-01-25,SKU025,153
2025-01-26,SKU025,117
2025-01-27,SKU025,187
2025-01-28,SKU025,179
2025-01-29,SKU025,157
2025-01-30,SKU025,95
2025-01-31,SKU025,120
2025-02-01,SKU025,131
2025-02-02,SKU025,124
2025-02-03,SKU025,158
2025-02-04,SKU025,132
2025-02-05,SKU025,138
2025-02-06,SKU025,80
2025-02-07,SKU025,100
2025-02-08,SKU025,132
2025-02-09,SKU025,182
2025-02-10,SKU025,230
2025-02-11,SKU025,162
2025-02-12,SKU025,108
2025-02-13,SKU025,101
2025-02-14,SKU025,135
2025-02-15,SKU025,114
2025-02-16,SKU025,189
2025-02-17,SKU025,177
2025-02-18,SKU025,153
2025-02-19,SKU025,94
2025-02-20,SKU025,135
2025-02-21,SKU025,104
2025-02-22,SKU025,146
2025-02-23,SKU025,162
2025-02-24,SKU025,137
2025-02-25,SKU025,150
2025-02-26,SKU025,105
2025-02-27,SKU025,101
2025-02-28,SKU025,130
2025-03-01,SKU025,158
2025-03-02,SKU025,165
2025-03-03,SKU025,152
2025-03-04,SKU025,142
2025-03-05,SKU025,116
2025-03-06,SKU025,69
2025-03-07,SKU025,122
2025-03-08,SKU025,107
2025-03-09,SKU025,167
2025-03-10,SKU025,140
2025-03-11,SKU025,130
2025-03-12,SKU025,145
2025-03-13,SKU025,116
2025-03-14,SKU025,80
2025-03-15,SKU025,131
2025-03-16,SKU025,171
2025-03-17,SKU025,158
2025-03-18,SKU025,148
2025-03-19,SKU025,136
2025-03-20,SKU025,116
2025-03-21,SKU025,99
2025-03-22,SKU025,143
2025-03-23,SKU025,159
2025-03-24,SKU025,208
2025-03-25,SKU025,153
2025-03-26,SKU025,133
2025-03-27,SKU025,121
2025-03-28,SKU025,114
2025-03-29,SKU025,128
2025-03-30,SKU025,175
2025-03-31,SKU025,181
2025-04-01,SKU025,200
2025-04-02,SKU025,147
2025-04-03,SKU025,131
2025-04-04,SKU025,136
2025-04-05,SKU025,128
2025-04-06,SKU025,138
2025-04-07,SKU025,149
2025-04-08,SKU025,170
2025-04-09,SKU025,161
2025-04-10,SKU025,131
2025-04-11,SKU025,117
2025-04-12,SKU025,179
2025-04-13,SKU025,156
2025-04-14,SKU025,146
2025-04-15,SKU025,161
2025-04-16,SKU025,158
2025-04-17,SKU025,97
2025-04-18,SKU025,84
2025-04-19,SKU025,144
2025-04-20,SKU025,182
2025-04-21,SKU025,107
2025-04-22,SKU025,176
2025-04-23,SKU025,101
2025-04-24,SKU025,131
2025-04-25,SKU025,78
2025-04-26,SKU025,111
2025-04-27,SKU025,179
2025-04-28,SKU025,197
2025-04-29,SKU025,155
2025-04-30,SKU025,182
2025-05-01,SKU025,93
2025-05-02,SKU025,98
2025-05-03,SKU025,137
2025-05-04,SKU025,158
2025-05-05,SKU025,177
2025-05-06,SKU025,139
2025-05-07,SKU025,143
2025-05-08,SKU025,127
2025-05-09,SKU025,155
2025-05-10,SKU025,132
2025-05-11,SKU025,173
2025-05-12,SKU025,184
2025-05-13,SKU025,155
2025-05-14,SKU025,126
2025-05-15,SKU025,71
2025-05-16,SKU025,122
2025-05-17,SKU025,156
2025-05-18,SKU025,164
2025-05-19,SKU025,154
2025-05-20,SKU025,119
2025-05-21,SKU025,140
2025-05-22,SKU025,116
2025-05-23,SKU025,150
2025-05-24,SKU025,112
2025-05-25,SKU025,155
2025-05-26,SKU025,143
2025-05-27,SKU025,177
2025-05-28,SKU025,157
2025-05-29,SKU025,156
2025-05-30,SKU025,132
2025-05-31,SKU025,160
2025-06-01,SKU025,175
2025-06-02,SKU025,183
2025-06-03,SKU025,156
2025-06-04,SKU025,144
2025-06-05,SKU025,161
2025-06-06,SKU025,125
2025-06-07,SKU025,144
2025-06-08,SKU025,170
2025-06-09,SKU025,168
2025-06-10,SKU025,161
2025-06-11,SKU025,127
2025-06-12,SKU025,140
2025-06-13,SKU025,143
2025-06-14,SKU025,189
2025-06-15,SKU025,165
2025-06-16,SKU025,177
2025-06-17,SKU025,161
2025-06-18,SKU025,135
2025-06-19,SKU025,139
2025-06-20,SKU025,86
2025-06-21,SKU025,153
2025-06-22,SKU025,208
2025-06-23,SKU025,200
2025-06-24,SKU025,182
2025-06-25,SKU025,149
2025-06-26,SKU025,102
2025-06-27,SKU025,105
2025-06-28,SKU025,127
2025-06-29,SKU025,141
2025-06-30,SKU025,191
2025-07-01,SKU025,187
2025-07-02,SKU025,140
2025-07-03,SKU025,132
2025-07-04,SKU025,127
2025-07-05,SKU025,155
2024-06-01,SKU026,141
2024-06-02,SKU026,147
2024-06-03,SKU026,161
2024-06-04,SKU026,151
2024-06-05,SKU026,109
2024-06-06,SKU026,87
2024-06-07,SKU026,99
2024-06-08,SKU026,106
2024-06-09,SKU026,133
2024-06-10,SKU026,141
2024-06-11,SKU026,118
2024-06-12,SKU026,134
2024-06-13,SKU026,90
2024-06-14,SKU026,76
2024-06-15,SKU026,127
2024-06-16,SKU026,134
2024-06-17,SKU026,191
2024-06-18,SKU026,149
2024-06-19,SKU026,94
2024-06-20,SKU026,120
2024-06-21,SKU026,116
2024-06-22,SKU026,130
2024-06-23,SKU026,188
2024-06-24,SKU026,142
2024-06-25,SKU026,168
2024-06-26,SKU026,115
2024-06-27,SKU026,108
2024-06-28,SKU026,99
2024-06-29,SKU026,121
2024-06-30,SKU026,147
2024-07-01,SKU026,123
2024-07-02,SKU026,154
2024-07-03,SKU026,126
2024-07-04,SKU026,78
2024-07-05,SKU026,127
2024-07-06,SKU026,165
2024-07-07,SKU026,143
2024-07-08,SKU026,145
2024-07-09,SKU026,169
2024-07-10,SKU026,131
2024-07-11,SKU026,106
2024-07-12,SKU026,130
2024-07-13,SKU026,141
2024-07-14,SKU026,185
2024-07-15,SKU026,161
2024-07-16,SKU026,155
2024-07-17,SKU026,146
2024-07-18,SKU026,59
2024-07-19,SKU026,137
2024-07-20,SKU026,125
2024-07-21,SKU026,166
2024-07-22,SKU026,195
2024-07-23,SKU026,141
2024-07-24,SKU026,114
2024-07-25,SKU026,108
2024-07-26,SKU026,84
2024-07-27,SKU026,180
2024-07-28,SKU026,155
2024-07-29,SKU026,195
2024-07-30,SKU026,140
2024-07-31,SKU026,124
2024-08-01,SKU026,128
2024-08-02,SKU026,92
2024-08-03,SKU026,133
2024-08-04,SKU026,174
2024-08-05,SKU026,157
2024-08-06,SKU026,137
2024-08-07,SKU026,146
2024-08-08,SKU026,137
2024-08-09,SKU026,145
2024-08-10,SKU026,121
2024-08-11,SKU026,144
2024-08-12,SKU026,152
2024-08-13,SKU026,161
2024-08-14,SKU026,99
2024-08-15,SKU026,86
2024-08-16,SKU026,99
2024-08-17,SKU026,116
2024-08-18,SKU026,174
2024-08-19,SKU026,178
2024-08-20,SKU026,137
2024-08-21,SKU026,119
2024-08-22,SKU026,57
2024-08-23,SKU026,105
2024-08-24,SKU026,160
2024-08-25,SKU026,146
2024-08-26,SKU026,139
2024-08-27,SKU026,175
2024-08-28,SKU026,101
2024-08-29,SKU026,140
2024-08-30,SKU026,172
2024-08-31,SKU026,133
2024-09-01,SKU026,181
2024-09-02,SKU026,128
2024-09-03,SKU026,112
2024-09-04,SKU026,107
2024-09-05,SKU026,125
2024-09-06,SKU026,114
2024-09-07,SKU026,131
2024-09-08,SKU026,130
2024-09-09,SKU026,159
2024-09-10,SKU026,134
2024-09-11,SKU026,105
2024-09-12,SKU026,88
2024-09-13,SKU026,118
2024-09-14,SKU026,120
2024-09-15,SKU026,156
2024-09-16,SKU026,126
2024-09-17,SKU026,157
2024-09-18,SKU026,128
2024-09-19,SKU026,104
2024-09-20,SKU026,117
2024-09-21,SKU026,154
2024-09-22,SKU026,127
2024-09-23,SKU026,163
2024-09-24,SKU026,120
2024-09-25,SKU026,125
2024-09-26,SKU026,103
2024-09-27,SKU026,113
2024-09-28,SKU026,152
2024-09-29,SKU026,173
2024-09-30,SKU026,183
2024-10-01,SKU026,139
2024-10-02,SKU026,138
2024-10-03,SKU026,119
2024-10-04,SKU026,106
2024-10-05,SKU026,137
2024-10-06,SKU026,153
2024-10-07,SKU026,190
2024-10-08,SKU026,163
2024-10-09,SKU026,116
2024-10-10,SKU026,100
2024-10-11,SKU026,133
2024-10-12,SKU026,162
2024-10-13,SKU026,162
2024-10-14,SKU026,175
2024-10-15,SKU026,173
2024-10-16,SKU026,120
2024-10-17,SKU026,110
2024-10-18,SKU026,124
2024-10-19,SKU026,126
2024-10-20,SKU026,191
2024-10-21,SKU026,152
2024-10-22,SKU026,148
2024-10-23,SKU026,162
2024-10-24,SKU026,71
2024-10-25,SKU026,118
2024-10-26,SKU026,122
2024-10-27,SKU026,156
2024-10-28,SKU026,137
2024-10-29,SKU026,139
2024-10-30,SKU026,124
2024-10-31,SKU026,114
2024-11-01,SKU026,132
2024-11-02,SKU026,88
2024-11-03,SKU026,154
2024-11-04,SKU026,158
2024-11-05,SKU026,145
2024-11-06,SKU026,124
2024-11-07,SKU026,92
2024-11-08,SKU026,83
2024-11-09,SKU026,139
2024-11-10,SKU026,136
2024-11-11,SKU026,169
2024-11-12,SKU026,128
2024-11-13,SKU026,137
2024-11-14,SKU026,108
2024-11-15,SKU026,114
2024-11-16,SKU026,130
2024-11-17,SKU026,148
2024-11-18,SKU026,157
2024-11-19,SKU026,171
2024-11-20,SKU026,92
2024-11-21,SKU026,96
2024-11-22,SKU026,135
2024-11-23,SKU026,152
2024-11-24,SKU026,183
2024-11-25,SKU026,160
2024-11-26,SKU026,120
2024-11-27,SKU026,101
2024-11-28,SKU026,103
2024-11-29,SKU026,129
2024-11-30,SKU026,130
2024-12-01,SKU026,149
2024-12-02,SKU026,169
2024-12-03,SKU026,147
2024-12-04,SKU026,114
2024-12-05,SKU026,88
2024-12-06,SKU026,133
2024-12-07,SKU026,156
2024-12-08,SKU026,135
2024-12-09,SKU026,153
2024-12-10,SKU026,160
2024-12-11,SKU026,100
2024-12-12,SKU026,116
2024-12-13,SKU026,107
2024-12-14,SKU026,110
2024-12-15,SKU026,192
2024-12-16,SKU026,154
2024-12-17,SKU026,157
2024-12-18,SKU026,101
2024-12-19,SKU026,140
2024-12-20,SKU026,153
2024-12-21,SKU026,105
2024-12-22,SKU026,153
2024-12-23,SKU026,188
2024-12-24,SKU026,137
2024-12-25,SKU026,132
2024-12-26,SKU026,75
2024-12-27,SKU026,98
2024-12-28,SKU026,141
2024-12-29,SKU026,144
2024-12-30,SKU026,154
2024-12-31,SKU026,116
2025-01-01,SKU026,137
2025-01-02,SKU026,82
2025-01-03,SKU026,145
2025-01-04,SKU026,121
2025-01-05,SKU026,172
2025-01-06,SKU026,176
2025-01-07,SKU026,127
2025-01-08,SKU026,112
2025-01-09,SKU026,99
2025-01-10,SKU026,106
2025-01-11,SKU026,109
2025-01-12,SKU026,167
2025-01-13,SKU026,147
2025-01-14,SKU026,144
2025-01-15,SKU026,144
2025-01-16,SKU026,120
2025-01-17,SKU026,101
2025-01-18,SKU026,156
2025-01-19,SKU026,170
2025-01-20,SKU026,147
2025-01-21,SKU026,136
2025-01-22,SKU026,144
2025-01-23,SKU026,124
2025-01-24,SKU026,83
2025-01-25,SKU026,115
2025-01-26,SKU026,170
2025-01-27,SKU026,138
2025-01-28,SKU026,163
2025-01-29,SKU026,162
2025-01-30,SKU026,116
2025-01-31,SKU026,95
2025-02-01,SKU026,139
2025-02-02,SKU026,177
2025-02-03,SKU026,163
2025-02-04,SKU026,157
2025-02-05,SKU026,107
2025-02-06,SKU026,94
2025-02-07,SKU026,132
2025-02-08,SKU026,121
2025-02-09,SKU026,104
2025-02-10,SKU026,155
2025-02-11,SKU026,153
2025-02-12,SKU026,145
2025-02-13,SKU026,142
2025-02-14,SKU026,116
2025-02-15,SKU026,148
2025-02-16,SKU026,159
2025-02-17,SKU026,168
2025-02-18,SKU026,143
2025-02-19,SKU026,131
2025-02-20,SKU026,94
2025-02-21,SKU026,154
2025-02-22,SKU026,87
2025-02-23,SKU026,168
2025-02-24,SKU026,168
2025-02-25,SKU026,154
2025-02-26,SKU026,99
2025-02-27,SKU026,75
2025-02-28,SKU026,126
2025-03-01,SKU026,162
2025-03-02,SKU026,161
2025-03-03,SKU026,178
2025-03-04,SKU026,137
2025-03-05,SKU026,130
2025-03-06,SKU026,133
2025-03-07,SKU026,108
2025-03-08,SKU026,159
2025-03-09,SKU026,123
2025-03-10,SKU026,149
2025-03-11,SKU026,158
2025-03-12,SKU026,162
2025-03-13,SKU026,109
2025-03-14,SKU026,93
2025-03-15,SKU026,173
2025-03-16,SKU026,154
2025-03-17,SKU026,175
2025-03-18,SKU026,140
2025-03-19,SKU026,126
2025-03-20,SKU026,97
2025-03-21,SKU026,160
2025-03-22,SKU026,159
2025-03-23,SKU026,192
2025-03-24,SKU026,145
2025-03-25,SKU026,110
2025-03-26,SKU026,117
2025-03-27,SKU026,160
2025-03-28,SKU026,107
2025-03-29,SKU026,156
2025-03-30,SKU026,135
2025-03-31,SKU026,145
2025-04-01,SKU026,145
2025-04-02,SKU026,166
2025-04-03,SKU026,131
2025-04-04,SKU026,72
2025-04-05,SKU026,149
2025-04-06,SKU026,133
2025-04-07,SKU026,148
2025-04-08,SKU026,157
2025-04-09,SKU026,152
2025-04-10,SKU026,136
2025-04-11,SKU026,121
2025-04-12,SKU026,142
2025-04-13,SKU026,183
2025-04-14,SKU026,129
2025-04-15,SKU026,184
2025-04-16,SKU026,108
2025-04-17,SKU026,114
2025-04-18,SKU026,104
2025-04-19,SKU026,112
2025-04-20,SKU026,165
2025-04-21,SKU026,166
2025-04-22,SKU026,145
2025-04-23,SKU026,120
2025-04-24,SKU026,140
2025-04-25,SKU026,158
2025-04-26,SKU026,160
2025-04-27,SKU026,162
2025-04-28,SKU026,128
2025-04-29,SKU026,159
2025-04-30,SKU026,137
2025-05-01,SKU026,124
2025-05-02,SKU026,91
2025-05-03,SKU026,152
2025-05-04,SKU026,188
2025-05-05,SKU026,141
2025-05-06,SKU026,161
2025-05-07,SKU026,107
2025-05-08,SKU026,107
2025-05-09,SKU026,95
2025-05-10,SKU026,128
2025-05-11,SKU026,149
2025-05-12,SKU026,170
2025-05-13,SKU026,165
2025-05-14,SKU026,148
2025-05-15,SKU026,95
2025-05-16,SKU026,121
2025-05-17,SKU026,113
2025-05-18,SKU026,154
2025-05-19,SKU026,162
2025-05-20,SKU026,128
2025-05-21,SKU026,135
2025-05-22,SKU026,106
2025-05-23,SKU026,117
2025-05-24,SKU026,160
2025-05-25,SKU026,147
2025-05-26,SKU026,179
2025-05-27,SKU026,176
2025-05-28,SKU026,151
2025-05-29,SKU026,105
2025-05-30,SKU026,94
2025-05-31,SKU026,121
2025-06-01,SKU026,124
2025-06-02,SKU026,175
2025-06-03,SKU026,162
2025-06-04,SKU026,126
2025-06-05,SKU026,81
2025-06-06,SKU026,106
2025-06-07,SKU026,163
2025-06-08,SKU026,168
2025-06-09,SKU026,177
2025-06-10,SKU026,214
2025-06-11,SKU026,130
2025-06-12,SKU026,65
2025-06-13,SKU026,92
2025-06-14,SKU026,141
2025-06-15,SKU026,156
2025-06-16,SKU026,158
2025-06-17,SKU026,144
2025-06-18,SKU026,107
2025-06-19,SKU026,116
2025-06-20,SKU026,142
2025-06-21,SKU026,170
2025-06-22,SKU026,191
2025-06-23,SKU026,142
2025-06-24,SKU026,146
2025-06-25,SKU026,117
2025-06-26,SKU026,121
2025-06-27,SKU026,112
2025-06-28,SKU026,130
2025-06-29,SKU026,186
2025-06-30,SKU026,163
2025-07-01,SKU026,149
2025-07-02,SKU026,132
2025-07-03,SKU026,122
2025-07-04,SKU026,128
2025-07-05,SKU026,166
2024-06-01,SKU027,122
2024-06-02,SKU027,182
2024-06-03,SKU027,178
2024-06-04,SKU027,157
2024-06-05,SKU027,155
2024-06-06,SKU027,151
2024-06-07,SKU027,114
2024-06-08,SKU027,189
2024-06-09,SKU027,142
2024-06-10,SKU027,194
2024-06-11,SKU027,144
2024-06-12,SKU027,123
2024-06-13,SKU027,123
2024-06-14,SKU027,118
2024-06-15,SKU027,86
2024-06-16,SKU027,188
2024-06-17,SKU027,198
2024-06-18,SKU027,160
2024-06-19,SKU027,132
2024-06-20,SKU027,113
2024-06-21,SKU027,89
2024-06-22,SKU027,110
2024-06-23,SKU027,193
2024-06-24,SKU027,205
2024-06-25,SKU027,178
2024-06-26,SKU027,146
2024-06-27,SKU027,139
2024-06-28,SKU027,144
2024-06-29,SKU027,133
2024-06-30,SKU027,180
2024-07-01,SKU027,174
2024-07-02,SKU027,158
2024-07-03,SKU027,164
2024-07-04,SKU027,157
2024-07-05,SKU027,74
2024-07-06,SKU027,145
2024-07-07,SKU027,168
2024-07-08,SKU027,207
2024-07-09,SKU027,131
2024-07-10,SKU027,70
2024-07-11,SKU027,140
2024-07-12,SKU027,149
2024-07-13,SKU027,111
2024-07-14,SKU027,172
2024-07-15,SKU027,215
2024-07-16,SKU027,140
2024-07-17,SKU027,140
2024-07-18,SKU027,133
2024-07-19,SKU027,95
2024-07-20,SKU027,138
2024-07-21,SKU027,136
2024-07-22,SKU027,177
2024-07-23,SKU027,146
2024-07-24,SKU027,143
2024-07-25,SKU027,136
2024-07-26,SKU027,159
2024-07-27,SKU027,204
2024-07-28,SKU027,179
2024-07-29,SKU027,173
2024-07-30,SKU027,156
2024-07-31,SKU027,116
2024-08-01,SKU027,132
2024-08-02,SKU027,116
2024-08-03,SKU027,163
2024-08-04,SKU027,153
2024-08-05,SKU027,170
2024-08-06,SKU027,174
2024-08-07,SKU027,135
2024-08-08,SKU027,78
2024-08-09,SKU027,127
2024-08-10,SKU027,133
2024-08-11,SKU027,201
2024-08-12,SKU027,202
2024-08-13,SKU027,112
2024-08-14,SKU027,156
2024-08-15,SKU027,130
2024-08-16,SKU027,94
2024-08-17,SKU027,171
2024-08-18,SKU027,146
2024-08-19,SKU027,206
2024-08-20,SKU027,149
2024-08-21,SKU027,104
2024-08-22,SKU027,170
2024-08-23,SKU027,92
2024-08-24,SKU027,133
2024-08-25,SKU027,161
2024-08-26,SKU027,170
2024-08-27,SKU027,180
2024-08-28,SKU027,139
2024-08-29,SKU027,144
2024-08-30,SKU027,136
2024-08-31,SKU027,113
2024-09-01,SKU027,187
2024-09-02,SKU027,186
2024-09-03,SKU027,150
2024-09-04,SKU027,185
2024-09-05,SKU027,135
2024-09-06,SKU027,149
2024-09-07,SKU027,173
2024-09-08,SKU027,165
2024-09-09,SKU027,195
2024-09-10,SKU027,171
2024-09-11,SKU027,125
2024-09-12,SKU027,94
2024-09-13,SKU027,128
2024-09-14,SKU027,164
2024-09-15,SKU027,175
2024-09-16,SKU027,176
2024-09-17,SKU027,165
2024-09-18,SKU027,131
2024-09-19,SKU027,157
2024-09-20,SKU027,134
2024-09-21,SKU027,140
2024-09-22,SKU027,134
2024-09-23,SKU027,176
2024-09-24,SKU027,151
2024-09-25,SKU027,124
2024-09-26,SKU027,143
2024-09-27,SKU027,129
2024-09-28,SKU027,113
2024-09-29,SKU027,189
2024-09-30,SKU027,145
2024-10-01,SKU027,180
2024-10-02,SKU027,127
2024-10-03,SKU027,124
2024-10-04,SKU027,127
2024-10-05,SKU027,148
2024-10-06,SKU027,179
2024-10-07,SKU027,182
2024-10-08,SKU027,206
2024-10-09,SKU027,143
2024-10-10,SKU027,127
2024-10-11,SKU027,111
2024-10-12,SKU027,160
2024-10-13,SKU027,151
2024-10-14,SKU027,206
2024-10-15,SKU027,130
2024-10-16,SKU027,119
2024-10-17,SKU027,85
2024-10-18,SKU027,137
2024-10-19,SKU027,141
2024-10-20,SKU027,190
2024-10-21,SKU027,158
2024-10-22,SKU027,176
2024-10-23,SKU027,151
2024-10-24,SKU027,126
2024-10-25,SKU027,128
2024-10-26,SKU027,154
2024-10-27,SKU027,154
2024-10-28,SKU027,156
2024-10-29,SKU027,176
2024-10-30,SKU027,130
2024-10-31,SKU027,132
2024-11-01,SKU027,163
2024-11-02,SKU027,141
2024-11-03,SKU027,161
2024-11-04,SKU027,173
2024-11-05,SKU027,165
2024-11-06,SKU027,152
2024-11-07,SKU027,121
2024-11-08,SKU027,174
2024-11-09,SKU027,161
2024-11-10,SKU027,192
2024-11-11,SKU027,180
2024-11-12,SKU027,187
2024-11-13,SKU027,133
2024-11-14,SKU027,107
2024-11-15,SKU027,148
2024-11-16,SKU027,150
2024-11-17,SKU027,180
2024-11-18,SKU027,203
2024-11-19,SKU027,167
2024-11-20,SKU027,135
2024-11-21,SKU027,109
2024-11-22,SKU027,151
2024-11-23,SKU027,143
2024-11-24,SKU027,173
2024-11-25,SKU027,187
2024-11-26,SKU027,171
2024-11-27,SKU027,161
2024-11-28,SKU027,120
2024-11-29,SKU027,159
2024-11-30,SKU027,145
2024-12-01,SKU027,183
2024-12-02,SKU027,176
2024-12-03,SKU027,212
2024-12-04,SKU027,130
2024-12-05,SKU027,116
2024-12-06,SKU027,130
2024-12-07,SKU027,145
2024-12-08,SKU027,182
2024-12-09,SKU027,208
2024-12-10,SKU027,167
2024-12-11,SKU027,142
2024-12-12,SKU027,116
2024-12-13,SKU027,116
2024-12-14,SKU027,153
2024-12-15,SKU027,175
2024-12-16,SKU027,207
2024-12-17,SKU027,142
2024-12-18,SKU027,171
2024-12-19,SKU027,118
2024-12-20,SKU027,131
2024-12-21,SKU027,127
2024-12-22,SKU027,187
2024-12-23,SKU027,159
2024-12-24,SKU027,173
2024-12-25,SKU027,144
2024-12-26,SKU027,114
2024-12-27,SKU027,81
2024-12-28,SKU027,200
2024-12-29,SKU027,151
2024-12-30,SKU027,187
2024-12-31,SKU027,148
2025-01-01,SKU027,162
2025-01-02,SKU027,113
2025-01-03,SKU027,110
2025-01-04,SKU027,164
2025-01-05,SKU027,146
2025-01-06,SKU027,171
2025-01-07,SKU027,180
2025-01-08,SKU027,172
2025-01-09,SKU027,100
2025-01-10,SKU027,114
2025-01-11,SKU027,159
2025-01-12,SKU027,129
2025-01-13,SKU027,211
2025-01-14,SKU027,141
2025-01-15,SKU027,128
2025-01-16,SKU027,127
2025-01-17,SKU027,129
2025-01-18,SKU027,129
2025-01-19,SKU027,214
2025-01-20,SKU027,122
2025-01-21,SKU027,139
2025-01-22,SKU027,123
2025-01-23,SKU027,100
2025-01-24,SKU027,155
2025-01-25,SKU027,113
2025-01-26,SKU027,210
2025-01-27,SKU027,174
2025-01-28,SKU027,133
2025-01-29,SKU027,90
2025-01-30,SKU027,117
2025-01-31,SKU027,111
2025-02-01,SKU027,156
2025-02-02,SKU027,164
2025-02-03,SKU027,202
2025-02-04,SKU027,161
2025-02-05,SKU027,128
2025-02-06,SKU027,144
2025-02-07,SKU027,133
2025-02-08,SKU027,169
2025-02-09,SKU027,201
2025-02-10,SKU027,174
2025-02-11,SKU027,165
2025-02-12,SKU027,157
2025-02-13,SKU027,66
2025-02-14,SKU027,125
2025-02-15,SKU027,146
2025-02-16,SKU027,183
2025-02-17,SKU027,162
2025-02-18,SKU027,189
2025-02-19,SKU027,121
2025-02-20,SKU027,111
2025-02-21,SKU027,112
2025-02-22,SKU027,179
2025-02-23,SKU027,127
2025-02-24,SKU027,221
2025-02-25,SKU027,197
2025-02-26,SKU027,125
2025-02-27,SKU027,145
2025-02-28,SKU027,130
2025-03-01,SKU027,188
2025-03-02,SKU027,196
2025-03-03,SKU027,230
2025-03-04,SKU027,129
2025-03-05,SKU027,142
2025-03-06,SKU027,83
2025-03-07,SKU027,116
2025-03-08,SKU027,202
2025-03-09,SKU027,185
2025-03-10,SKU027,203
2025-03-11,SKU027,176
2025-03-12,SKU027,148
2025-03-13,SKU027,110
2025-03-14,SKU027,111
2025-03-15,SKU027,139
2025-03-16,SKU027,113
2025-03-17,SKU027,179
2025-03-18,SKU027,170
2025-03-19,SKU027,124
2025-03-20,SKU027,119
2025-03-21,SKU027,139
2025-03-22,SKU027,171
2025-03-23,SKU027,147
2025-03-24,SKU027,162
2025-03-25,SKU027,181
2025-03-26,SKU027,151
2025-03-27,SKU027,152
2025-03-28,SKU027,157
2025-03-29,SKU027,206
2025-03-30,SKU027,168
2025-03-31,SKU027,216
2025-04-01,SKU027,143
2025-04-02,SKU027,192
2025-04-03,SKU027,132
2025-04-04,SKU027,140
2025-04-05,SKU027,173
2025-04-06,SKU027,144
2025-04-07,SKU027,156
2025-04-08,SKU027,167
2025-04-09,SKU027,146
2025-04-10,SKU027,169
2025-04-11,SKU027,106
2025-04-12,SKU027,186
2025-04-13,SKU027,169
2025-04-14,SKU027,174
2025-04-15,SKU027,160
2025-04-16,SKU027,131
2025-04-17,SKU027,133
2025-04-18,SKU027,118
2025-04-19,SKU027,119
2025-04-20,SKU027,169
2025-04-21,SKU027,191
2025-04-22,SKU027,132
2025-04-23,SKU027,151
2025-04-24,SKU027,148
2025-04-25,SKU027,161
2025-04-26,SKU027,159
2025-04-27,SKU027,134
2025-04-28,SKU027,195
2025-04-29,SKU027,186
2025-04-30,SKU027,122
2025-05-01,SKU027,120
2025-05-02,SKU027,138
2025-05-03,SKU027,191
2025-05-04,SKU027,169
2025-05-05,SKU027,201
2025-05-06,SKU027,171
2025-05-07,SKU027,142
2025-05-08,SKU027,152
2025-05-09,SKU027,109
2025-05-10,SKU027,156
2025-05-11,SKU027,175
2025-05-12,SKU027,146
2025-05-13,SKU027,192
2025-05-14,SKU027,157
2025-05-15,SKU027,122
2025-05-16,SKU027,121
2025-05-17,SKU027,151
2025-05-18,SKU027,191
2025-05-19,SKU027,182
2025-05-20,SKU027,149
2025-05-21,SKU027,126
2025-05-22,SKU027,121
2025-05-23,SKU027,106
2025-05-24,SKU027,159
2025-05-25,SKU027,157
2025-05-26,SKU027,159
2025-05-27,SKU027,236
2025-05-28,SKU027,182
2025-05-29,SKU027,125
2025-05-30,SKU027,147
2025-05-31,SKU027,174
2025-06-01,SKU027,173
2025-06-02,SKU027,187
2025-06-03,SKU027,158
2025-06-04,SKU027,166
2025-06-05,SKU027,150
2025-06-06,SKU027,163
2025-06-07,SKU027,157
2025-06-08,SKU027,224
2025-06-09,SKU027,179
2025-06-10,SKU027,210
2025-06-11,SKU027,127
2025-06-12,SKU027,92
2025-06-13,SKU027,173
2025-06-14,SKU027,166
2025-06-15,SKU027,186
2025-06-16,SKU027,172
2025-06-17,SKU027,145
2025-06-18,SKU027,121
2025-06-19,SKU027,125
2025-06-20,SKU027,124
2025-06-21,SKU027,107
2025-06-22,SKU027,213
2025-06-23,SKU027,171
2025-06-24,SKU027,192
2025-06-25,SKU027,122
2025-06-26,SKU027,125
2025-06-27,SKU027,149
2025-06-28,SKU027,170
2025-06-29,SKU027,169
2025-06-30,SKU027,192
2025-07-01,SKU027,179
2025-07-02,SKU027,135
2025-07-03,SKU027,96
2025-07-04,SKU027,113
2025-07-05,SKU027,142
2024-06-01,SKU028,126
2024-06-02,SKU028,132
2024-06-03,SKU028,109
2024-06-04,SKU028,139
2024-06-05,SKU028,92
2024-06-06,SKU028,92
2024-06-07,SKU028,72
2024-06-08,SKU028,95
2024-06-09,SKU028,134
2024-06-10,SKU028,108
2024-06-11,SKU028,112
2024-06-12,SKU028,100
2024-06-13,SKU028,66
2024-06-14,SKU028,59
2024-06-15,SKU028,116
2024-06-16,SKU028,162
2024-06-17,SKU028,129
2024-06-18,SKU028,121
2024-06-19,SKU028,80
2024-06-20,SKU028,105
2024-06-21,SKU028,80
2024-06-22,SKU028,120
2024-06-23,SKU028,127
2024-06-24,SKU028,132
2024-06-25,SKU028,120
2024-06-26,SKU028,102
2024-06-27,SKU028,86
2024-06-28,SKU028,101
2024-06-29,SKU028,91
2024-06-30,SKU028,114
2024-07-01,SKU028,144
2024-07-02,SKU028,113
2024-07-03,SKU028,88
2024-07-04,SKU028,98
2024-07-05,SKU028,99
2024-07-06,SKU028,82
2024-07-07,SKU028,129
2024-07-08,SKU028,124
2024-07-09,SKU028,122
2024-07-10,SKU028,93
2024-07-11,SKU028,89
2024-07-12,SKU028,58
2024-07-13,SKU028,88
2024-07-14,SKU028,129
2024-07-15,SKU028,162
2024-07-16,SKU028,116
2024-07-17,SKU028,83
2024-07-18,SKU028,84
2024-07-19,SKU028,72
2024-07-20,SKU028,121
2024-07-21,SKU028,119
2024-07-22,SKU028,138
2024-07-23,SKU028,109
2024-07-24,SKU028,111
2024-07-25,SKU028,57
2024-07-26,SKU028,86
2024-07-27,SKU028,110
2024-07-28,SKU028,114
2024-07-29,SKU028,127
2024-07-30,SKU028,116
2024-07-31,SKU028,109
2024-08-01,SKU028,92
2024-08-02,SKU028,92
2024-08-03,SKU028,115
2024-08-04,SKU028,97
2024-08-05,SKU028,110
2024-08-06,SKU028,90
2024-08-07,SKU028,102
2024-08-08,SKU028,88
2024-08-09,SKU028,107
2024-08-10,SKU028,107
2024-08-11,SKU028,108
2024-08-12,SKU028,124
2024-08-13,SKU028,82
2024-08-14,SKU028,87
2024-08-15,SKU028,46
2024-08-16,SKU028,91
2024-08-17,SKU028,98
2024-08-18,SKU028,116
2024-08-19,SKU028,108
2024-08-20,SKU028,101
2024-08-21,SKU028,104
2024-08-22,SKU028,60
2024-08-23,SKU028,94
2024-08-24,SKU028,90
2024-08-25,SKU028,92
2024-08-26,SKU028,141
2024-08-27,SKU028,131
2024-08-28,SKU028,85
2024-08-29,SKU028,74
2024-08-30,SKU028,82
2024-08-31,SKU028,90
2024-09-01,SKU028,108
2024-09-02,SKU028,129
2024-09-03,SKU028,143
2024-09-04,SKU028,88
2024-09-05,SKU028,98
2024-09-06,SKU028,91
2024-09-07,SKU028,76
2024-09-08,SKU028,118
2024-09-09,SKU028,120
2024-09-10,SKU028,133
2024-09-11,SKU028,116
2024-09-12,SKU028,88
2024-09-13,SKU028,105
2024-09-14,SKU028,100
2024-09-15,SKU028,135
2024-09-16,SKU028,123
2024-09-17,SKU028,128
2024-09-18,SKU028,111
2024-09-19,SKU028,93
2024-09-20,SKU028,75
2024-09-21,SKU028,96
2024-09-22,SKU028,129
2024-09-23,SKU028,136
2024-09-24,SKU028,113
2024-09-25,SKU028,88
2024-09-26,SKU028,85
2024-09-27,SKU028,82
2024-09-28,SKU028,98
2024-09-29,SKU028,148
2024-09-30,SKU028,115
2024-10-01,SKU028,119
2024-10-02,SKU028,95
2024-10-03,SKU028,63
2024-10-04,SKU028,67
2024-10-05,SKU028,101
2024-10-06,SKU028,88
2024-10-07,SKU028,150
2024-10-08,SKU028,105
2024-10-09,SKU028,86
2024-10-10,SKU028,101
2024-10-11,SKU028,84
2024-10-12,SKU028,112
2024-10-13,SKU028,109
2024-10-14,SKU028,123
2024-10-15,SKU028,126
2024-10-16,SKU028,80
2024-10-17,SKU028,90
2024-10-18,SKU028,49
2024-10-19,SKU028,121
2024-10-20,SKU028,109
2024-10-21,SKU028,121
2024-10-22,SKU028,109
2024-10-23,SKU028,78
2024-10-24,SKU028,66
2024-10-25,SKU028,94
2024-10-26,SKU028,111
2024-10-27,SKU028,104
2024-10-28,SKU028,130
2024-10-29,SKU028,119
2024-10-30,SKU028,87
2024-10-31,SKU028,62
2024-11-01,SKU028,85
2024-11-02,SKU028,108
2024-11-03,SKU028,117
2024-11-04,SKU028,113
2024-11-05,SKU028,118
2024-11-06,SKU028,113
2024-11-07,SKU028,70
2024-11-08,SKU028,81
2024-11-09,SKU028,144
2024-11-10,SKU028,122
2024-11-11,SKU028,103
2024-11-12,SKU028,104
2024-11-13,SKU028,82
2024-11-14,SKU028,88
2024-11-15,SKU028,91
2024-11-16,SKU028,92
2024-11-17,SKU028,146
2024-11-18,SKU028,123
2024-11-19,SKU028,104
2024-11-20,SKU028,74
2024-11-21,SKU028,68
2024-11-22,SKU028,67
2024-11-23,SKU028,99
2024-11-24,SKU028,104
2024-11-25,SKU028,134
2024-11-26,SKU028,102
2024-11-27,SKU028,106
2024-11-28,SKU028,90
2024-11-29,SKU028,96
2024-11-30,SKU028,116
2024-12-01,SKU028,148
2024-12-02,SKU028,109
2024-12-03,SKU028,124
2024-12-04,SKU028,99
2024-12-05,SKU028,98
2024-12-06,SKU028,88
2024-12-07,SKU028,120
2024-12-08,SKU028,98
2024-12-09,SKU028,107
2024-12-10,SKU028,102
2024-12-11,SKU028,92
2024-12-12,SKU028,83
2024-12-13,SKU028,75
2024-12-14,SKU028,87
2024-12-15,SKU028,108
2024-12-16,SKU028,96
2024-12-17,SKU028,106
2024-12-18,SKU028,92
2024-12-19,SKU028,89
2024-12-20,SKU028,89
2024-12-21,SKU028,129
2024-12-22,SKU028,130
2024-12-23,SKU028,133
2024-12-24,SKU028,116
2024-12-25,SKU028,101
2024-12-26,SKU028,79
2024-12-27,SKU028,88
2024-12-28,SKU028,131
2024-12-29,SKU028,117
2024-12-30,SKU028,102
2024-12-31,SKU028,122
2025-01-01,SKU028,107
2025-01-02,SKU028,84
2025-01-03,SKU028,57
2025-01-04,SKU028,122
2025-01-05,SKU028,121
2025-01-06,SKU028,117
2025-01-07,SKU028,129
2025-01-08,SKU028,62
2025-01-09,SKU028,84
2025-01-10,SKU028,78
2025-01-11,SKU028,125
2025-01-12,SKU028,122
2025-01-13,SKU028,109
2025-01-14,SKU028,128
2025-01-15,SKU028,56
2025-01-16,SKU028,90
2025-01-17,SKU028,67
2025-01-18,SKU028,95
2025-01-19,SKU028,114
2025-01-20,SKU028,136
2025-01-21,SKU028,145
2025-01-22,SKU028,66
2025-01-23,SKU028,89
2025-01-24,SKU028,120
2025-01-25,SKU028,93
2025-01-26,SKU028,108
2025-01-27,SKU028,125
2025-01-28,SKU028,124
2025-01-29,SKU028,103
2025-01-30,SKU028,77
2025-01-31,SKU028,74
2025-02-01,SKU028,122
2025-02-02,SKU028,106
2025-02-03,SKU028,93
2025-02-04,SKU028,89
2025-02-05,SKU028,84
2025-02-06,SKU028,105
2025-02-07,SKU028,68
2025-02-08,SKU028,125
2025-02-09,SKU028,138
2025-02-10,SKU028,125
2025-02-11,SKU028,72
2025-02-12,SKU028,75
2025-02-13,SKU028,72
2025-02-14,SKU028,113
2025-02-15,SKU028,93
2025-02-16,SKU028,106
2025-02-17,SKU028,125
2025-02-18,SKU028,89
2025-02-19,SKU028,93
2025-02-20,SKU028,70
2025-02-21,SKU028,127
2025-02-22,SKU028,88
2025-02-23,SKU028,147
2025-02-24,SKU028,104
2025-02-25,SKU028,115
2025-02-26,SKU028,101
2025-02-27,SKU028,84
2025-02-28,SKU028,87
2025-03-01,SKU028,115
2025-03-02,SKU028,124
2025-03-03,SKU028,119
2025-03-04,SKU028,101
2025-03-05,SKU028,91
2025-03-06,SKU028,79
2025-03-07,SKU028,83
2025-03-08,SKU028,103
2025-03-09,SKU028,96
2025-03-10,SKU028,106
2025-03-11,SKU028,124
2025-03-12,SKU028,59
2025-03-13,SKU028,100
2025-03-14,SKU028,77
2025-03-15,SKU028,128
2025-03-16,SKU028,137
2025-03-17,SKU028,117
2025-03-18,SKU028,107
2025-03-19,SKU028,118
2025-03-20,SKU028,102
2025-03-21,SKU028,101
2025-03-22,SKU028,120
2025-03-23,SKU028,101
2025-03-24,SKU028,125
2025-03-25,SKU028,99
2025-03-26,SKU028,76
2025-03-27,SKU028,85
2025-03-28,SKU028,80
2025-03-29,SKU028,99
2025-03-30,SKU028,110
2025-03-31,SKU028,103
2025-04-01,SKU028,137
2025-04-02,SKU028,96
2025-04-03,SKU028,60
2025-04-04,SKU028,89
2025-04-05,SKU028,125
2025-04-06,SKU028,133
2025-04-07,SKU028,114
2025-04-08,SKU028,103
2025-04-09,SKU028,79
2025-04-10,SKU028,71
2025-04-11,SKU028,76
2025-04-12,SKU028,80
2025-04-13,SKU028,111
2025-04-14,SKU028,127
2025-04-15,SKU028,105
2025-04-16,SKU028,96
2025-04-17,SKU028,107
2025-04-18,SKU028,114
2025-04-19,SKU028,101
2025-04-20,SKU028,131
2025-04-21,SKU028,119
2025-04-22,SKU028,103
2025-04-23,SKU028,76
2025-04-24,SKU028,83
2025-04-25,SKU028,103
2025-04-26,SKU028,83
2025-04-27,SKU028,114
2025-04-28,SKU028,117
2025-04-29,SKU028,115
2025-04-30,SKU028,97
2025-05-01,SKU028,90
2025-05-02,SKU028,115
2025-05-03,SKU028,89
2025-05-04,SKU028,104
2025-05-05,SKU028,126
2025-05-06,SKU028,133
2025-05-07,SKU028,71
2025-05-08,SKU028,87
2025-05-09,SKU028,83
2025-05-10,SKU028,115
2025-05-11,SKU028,128
2025-05-12,SKU028,123
2025-05-13,SKU028,118
2025-05-14,SKU028,83
2025-05-15,SKU028,94
2025-05-16,SKU028,107
2025-05-17,SKU028,104
2025-05-18,SKU028,112
2025-05-19,SKU028,120
2025-05-20,SKU028,123
2025-05-21,SKU028,93
2025-05-22,SKU028,64
2025-05-23,SKU028,101
2025-05-24,SKU028,87
2025-05-25,SKU028,124
2025-05-26,SKU028,93
2025-05-27,SKU028,113
2025-05-28,SKU028,92
2025-05-29,SKU028,52
2025-05-30,SKU028,91
2025-05-31,SKU028,85
2025-06-01,SKU028,119
2025-06-02,SKU028,116
2025-06-03,SKU028,88
2025-06-04,SKU028,77
2025-06-05,SKU028,67
2025-06-06,SKU028,101
2025-06-07,SKU028,115
2025-06-08,SKU028,152
2025-06-09,SKU028,114
2025-06-10,SKU028,103
2025-06-11,SKU028,95
2025-06-12,SKU028,77
2025-06-13,SKU028,77
2025-06-14,SKU028,103
2025-06-15,SKU028,129
2025-06-16,SKU028,90
2025-06-17,SKU028,102
2025-06-18,SKU028,72
2025-06-19,SKU028,80
2025-06-20,SKU028,93
2025-06-21,SKU028,119
2025-06-22,SKU028,111
2025-06-23,SKU028,124
2025-06-24,SKU028,85
2025-06-25,SKU028,80
2025-06-26,SKU028,85
2025-06-27,SKU028,65
2025-06-28,SKU028,121
2025-06-29,SKU028,126
2025-06-30,SKU028,108
2025-07-01,SKU028,88
2025-07-02,SKU028,82
2025-07-03,SKU028,68
2025-07-04,SKU028,67
2025-07-05,SKU028,80
2024-06-01,SKU029,150
2024-06-02,SKU029,196
2024-06-03,SKU029,169
2024-06-04,SKU029,179
2024-06-05,SKU029,134
2024-06-06,SKU029,139
2024-06-07,SKU029,112
2024-06-08,SKU029,162
2024-06-09,SKU029,182
2024-06-10,SKU029,217
2024-06-11,SKU029,181
2024-06-12,SKU029,148
2024-06-13,SKU029,91
2024-06-14,SKU029,119
2024-06-15,SKU029,136
2024-06-16,SKU029,160
2024-06-17,SKU029,186
2024-06-18,SKU029,174
2024-06-19,SKU029,148
2024-06-20,SKU029,154
2024-06-21,SKU029,142
2024-06-22,SKU029,126
2024-06-23,SKU029,184
2024-06-24,SKU029,199
2024-06-25,SKU029,198
2024-06-26,SKU029,138
2024-06-27,SKU029,121
2024-06-28,SKU029,156
2024-06-29,SKU029,159
2024-06-30,SKU029,142
2024-07-01,SKU029,143
2024-07-02,SKU029,211
2024-07-03,SKU029,102
2024-07-04,SKU029,121
2024-07-05,SKU029,151
2024-07-06,SKU029,114
2024-07-07,SKU029,154
2024-07-08,SKU029,156
2024-07-09,SKU029,210
2024-07-10,SKU029,188
2024-07-11,SKU029,108
2024-07-12,SKU029,144
2024-07-13,SKU029,162
2024-07-14,SKU029,173
2024-07-15,SKU029,147
2024-07-16,SKU029,222
2024-07-17,SKU029,99
2024-07-18,SKU029,130
2024-07-19,SKU029,116
2024-07-20,SKU029,178
2024-07-21,SKU029,199
2024-07-22,SKU029,162
2024-07-23,SKU029,150
2024-07-24,SKU029,106
2024-07-25,SKU029,129
2024-07-26,SKU029,147
2024-07-27,SKU029,145
2024-07-28,SKU029,174
2024-07-29,SKU029,230
2024-07-30,SKU029,190
2024-07-31,SKU029,173
2024-08-01,SKU029,73
2024-08-02,SKU029,143
2024-08-03,SKU029,161
2024-08-04,SKU029,150
2024-08-05,SKU029,161
2024-08-06,SKU029,163
2024-08-07,SKU029,110
2024-08-08,SKU029,106
2024-08-09,SKU029,120
2024-08-10,SKU029,168
2024-08-11,SKU029,163
2024-08-12,SKU029,175
2024-08-13,SKU029,192
2024-08-14,SKU029,101
2024-08-15,SKU029,130
2024-08-16,SKU029,140
2024-08-17,SKU029,165
2024-08-18,SKU029,168
2024-08-19,SKU029,160
2024-08-20,SKU029,204
2024-08-21,SKU029,122
2024-08-22,SKU029,99
2024-08-23,SKU029,131
2024-08-24,SKU029,138
2024-08-25,SKU029,204
2024-08-26,SKU029,179
2024-08-27,SKU029,196
2024-08-28,SKU029,152
2024-08-29,SKU029,116
2024-08-30,SKU029,157
2024-08-31,SKU029,140
2024-09-01,SKU029,172
2024-09-02,SKU029,198
2024-09-03,SKU029,174
2024-09-04,SKU029,126
2024-09-05,SKU029,89
2024-09-06,SKU029,130
2024-09-07,SKU029,138
2024-09-08,SKU029,180
2024-09-09,SKU029,175
2024-09-10,SKU029,152
2024-09-11,SKU029,135
2024-09-12,SKU029,123
2024-09-13,SKU029,147
2024-09-14,SKU029,165
2024-09-15,SKU029,228
2024-09-16,SKU029,189
2024-09-17,SKU029,153
2024-09-18,SKU029,138
2024-09-19,SKU029,138
2024-09-20,SKU029,154
2024-09-21,SKU029,186
2024-09-22,SKU029,156
2024-09-23,SKU029,215
2024-09-24,SKU029,167
2024-09-25,SKU029,120
2024-09-26,SKU029,120
2024-09-27,SKU029,159
2024-09-28,SKU029,166
2024-09-29,SKU029,151
2024-09-30,SKU029,157
2024-10-01,SKU029,140
2024-10-02,SKU029,125
2024-10-03,SKU029,127
2024-10-04,SKU029,105
2024-10-05,SKU029,145
2024-10-06,SKU029,212
2024-10-07,SKU029,223
2024-10-08,SKU029,204
2024-10-09,SKU029,100
2024-10-10,SKU029,164
2024-10-11,SKU029,133
2024-10-12,SKU029,157
2024-10-13,SKU029,203
2024-10-14,SKU029,202
2024-10-15,SKU029,125
2024-10-16,SKU029,127
2024-10-17,SKU029,116
2024-10-18,SKU029,100
2024-10-19,SKU029,178
2024-10-20,SKU029,213
2024-10-21,SKU029,185
2024-10-22,SKU029,175
2024-10-23,SKU029,141
2024-10-24,SKU029,127
2024-10-25,SKU029,157
2024-10-26,SKU029,114
2024-10-27,SKU029,191
2024-10-28,SKU029,185
2024-10-29,SKU029,152
2024-10-30,SKU029,130
2024-10-31,SKU029,167
2024-11-01,SKU029,100
2024-11-02,SKU029,151
2024-11-03,SKU029,217
2024-11-04,SKU029,156
2024-11-05,SKU029,158
2024-11-06,SKU029,143
2024-11-07,SKU029,134
2024-11-08,SKU029,129
2024-11-09,SKU029,134
2024-11-10,SKU029,190
2024-11-11,SKU029,183
2024-11-12,SKU029,183
2024-11-13,SKU029,163
2024-11-14,SKU029,90
2024-11-15,SKU029,155
2024-11-16,SKU029,149
2024-11-17,SKU029,198
2024-11-18,SKU029,197
2024-11-19,SKU029,212
2024-11-20,SKU029,142
2024-11-21,SKU029,115
2024-11-22,SKU029,119
2024-11-23,SKU029,131
2024-11-24,SKU029,198
2024-11-25,SKU029,160
2024-11-26,SKU029,187
2024-11-27,SKU029,136
2024-11-28,SKU029,84
2024-11-29,SKU029,165
2024-11-30,SKU029,77
2024-12-01,SKU029,177
2024-12-02,SKU029,191
2024-12-03,SKU029,115
2024-12-04,SKU029,152
2024-12-05,SKU029,109
2024-12-06,SKU029,125
2024-12-07,SKU029,186
2024-12-08,SKU029,183
2024-12-09,SKU029,177
2024-12-10,SKU029,164
2024-12-11,SKU029,183
2024-12-12,SKU029,134
2024-12-13,SKU029,110
2024-12-14,SKU029,144
2024-12-15,SKU029,152
2024-12-16,SKU029,175
2024-12-17,SKU029,206
2024-12-18,SKU029,138
2024-12-19,SKU029,94
2024-12-20,SKU029,141
2024-12-21,SKU029,146
2024-12-22,SKU029,192
2024-12-23,SKU029,180
2024-12-24,SKU029,202
2024-12-25,SKU029,120
2024-12-26,SKU029,98
2024-12-27,SKU029,153
2024-12-28,SKU029,108
2024-12-29,SKU029,175
2024-12-30,SKU029,204
2024-12-31,SKU029,117
2025-01-01,SKU029,143
2025-01-02,SKU029,90
2025-01-03,SKU029,88
2025-01-04,SKU029,130
2025-01-05,SKU029,175
2025-01-06,SKU029,169
2025-01-07,SKU029,194
2025-01-08,SKU029,143
2025-01-09,SKU029,113
2025-01-10,SKU029,100
2025-01-11,SKU029,160
2025-01-12,SKU029,227
2025-01-13,SKU029,169
2025-01-14,SKU029,155
2025-01-15,SKU029,117
2025-01-16,SKU029,152
2025-01-17,SKU029,152
2025-01-18,SKU029,145
2025-01-19,SKU029,165
2025-01-20,SKU029,163
2025-01-21,SKU029,162
2025-01-22,SKU029,165
2025-01-23,SKU029,126
2025-01-24,SKU029,161
2025-01-25,SKU029,138
2025-01-26,SKU029,125
2025-01-27,SKU029,246
2025-01-28,SKU029,173
2025-01-29,SKU029,160
2025-01-30,SKU029,106
2025-01-31,SKU029,99
2025-02-01,SKU029,159
2025-02-02,SKU029,133
2025-02-03,SKU029,179
2025-02-04,SKU029,192
2025-02-05,SKU029,152
2025-02-06,SKU029,131
2025-02-07,SKU029,171
2025-02-08,SKU029,164
2025-02-09,SKU029,135
2025-02-10,SKU029,182
2025-02-11,SKU029,213
2025-02-12,SKU029,134
2025-02-13,SKU029,168
2025-02-14,SKU029,155
2025-02-15,SKU029,146
2025-02-16,SKU029,154
2025-02-17,SKU029,193
2025-02-18,SKU029,198
2025-02-19,SKU029,105
2025-02-20,SKU029,128
2025-02-21,SKU029,83
2025-02-22,SKU029,147
2025-02-23,SKU029,141
2025-02-24,SKU029,198
2025-02-25,SKU029,152
2025-02-26,SKU029,168
2025-02-27,SKU029,112
2025-02-28,SKU029,116
2025-03-01,SKU029,117
2025-03-02,SKU029,188
2025-03-03,SKU029,197
2025-03-04,SKU029,190
2025-03-05,SKU029,157
2025-03-06,SKU029,134
2025-03-07,SKU029,145
2025-03-08,SKU029,171
2025-03-09,SKU029,200
2025-03-10,SKU029,150
2025-03-11,SKU029,158
2025-03-12,SKU029,104
2025-03-13,SKU029,132
2025-03-14,SKU029,169
2025-03-15,SKU029,176
2025-03-16,SKU029,165
2025-03-17,SKU029,197
2025-03-18,SKU029,177
2025-03-19,SKU029,147
2025-03-20,SKU029,94
2025-03-21,SKU029,161
2025-03-22,SKU029,128
2025-03-23,SKU029,171
2025-03-24,SKU029,208
2025-03-25,SKU029,160
2025-03-26,SKU029,143
2025-03-27,SKU029,128
2025-03-28,SKU029,132
2025-03-29,SKU029,158
2025-03-30,SKU029,184
2025-03-31,SKU029,187
2025-04-01,SKU029,148
2025-04-02,SKU029,106
2025-04-03,SKU029,148
2025-04-04,SKU029,155
2025-04-05,SKU029,163
2025-04-06,SKU029,187
2025-04-07,SKU029,164
2025-04-08,SKU029,112
2025-04-09,SKU029,136
2025-04-10,SKU029,81
2025-04-11,SKU029,135
2025-04-12,SKU029,185
2025-04-13,SKU029,165
2025-04-14,SKU029,172
2025-04-15,SKU029,145
2025-04-16,SKU029,143
2025-04-17,SKU029,124
2025-04-18,SKU029,107
2025-04-19,SKU029,176
2025-04-20,SKU029,242
2025-04-21,SKU029,213
2025-04-22,SKU029,166
2025-04-23,SKU029,139
2025-04-24,SKU029,113
2025-04-25,SKU029,118
2025-04-26,SKU029,177
2025-04-27,SKU029,203
2025-04-28,SKU029,158
2025-04-29,SKU029,177
2025-04-30,SKU029,167
2025-05-01,SKU029,117
2025-05-02,SKU029,126
2025-05-03,SKU029,171
2025-05-04,SKU029,196
2025-05-05,SKU029,195
2025-05-06,SKU029,174
2025-05-07,SKU029,151
2025-05-08,SKU029,118
2025-05-09,SKU029,105
2025-05-10,SKU029,119
2025-05-11,SKU029,193
2025-05-12,SKU029,188
2025-05-13,SKU029,179
2025-05-14,SKU029,122
2025-05-15,SKU029,127
2025-05-16,SKU029,133
2025-05-17,SKU029,185
2025-05-18,SKU029,199
2025-05-19,SKU029,168
2025-05-20,SKU029,180
2025-05-21,SKU029,124
2025-05-22,SKU029,64
2025-05-23,SKU029,171
2025-05-24,SKU029,146
2025-05-25,SKU029,203
2025-05-26,SKU029,170
2025-05-27,SKU029,150
2025-05-28,SKU029,129
2025-05-29,SKU029,131
2025-05-30,SKU029,135
2025-05-31,SKU029,167
2025-06-01,SKU029,168
2025-06-02,SKU029,186
2025-06-03,SKU029,149
2025-06-04,SKU029,176
2025-06-05,SKU029,94
2025-06-06,SKU029,112
2025-06-07,SKU029,145
2025-06-08,SKU029,235
2025-06-09,SKU029,203
2025-06-10,SKU029,149
2025-06-11,SKU029,161
2025-06-12,SKU029,137
2025-06-13,SKU029,137
2025-06-14,SKU029,171
2025-06-15,SKU029,181
2025-06-16,SKU029,189
2025-06-17,SKU029,132
2025-06-18,SKU029,175
2025-06-19,SKU029,114
2025-06-20,SKU029,102
2025-06-21,SKU029,143
2025-06-22,SKU029,168
2025-06-23,SKU029,167
2025-06-24,SKU029,187
2025-06-25,SKU029,164
2025-06-26,SKU029,79
2025-06-27,SKU029,119
2025-06-28,SKU029,145
2025-06-29,SKU029,175
2025-06-30,SKU029,225
2025-07-01,SKU029,150
2025-07-02,SKU029,178
2025-07-03,SKU029,121
2025-07-04,SKU029,167
2025-07-05,SKU029,148
2024-06-01,SKU030,47
2024-06-02,SKU030,63
2024-06-03,SKU030,57
2024-06-04,SKU030,53
2024-06-05,SKU030,47
2024-06-06,SKU030,32
2024-06-07,SKU030,42
2024-06-08,SKU030,43
2024-06-09,SKU030,65
2024-06-10,SKU030,59
2024-06-11,SKU030,56
2024-06-12,SKU030,29
2024-06-13,SKU030,43
2024-06-14,SKU030,38
2024-06-15,SKU030,37
2024-06-16,SKU030,55
2024-06-17,SKU030,45
2024-06-18,SKU030,55
2024-06-19,SKU030,53
2024-06-20,SKU030,25
2024-06-21,SKU030,39
2024-06-22,SKU030,46
2024-06-23,SKU030,40
2024-06-24,SKU030,63
2024-06-25,SKU030,55
2024-06-26,SKU030,57
2024-06-27,SKU030,41
2024-06-28,SKU030,33
2024-06-29,SKU030,51
2024-06-30,SKU030,63
2024-07-01,SKU030,53
2024-07-02,SKU030,57
2024-07-03,SKU030,26
2024-07-04,SKU030,48
2024-07-05,SKU030,45
2024-07-06,SKU030,29
2024-07-07,SKU030,57
2024-07-08,SKU030,42
2024-07-09,SKU030,47
2024-07-10,SKU030,48
2024-07-11,SKU030,37
2024-07-12,SKU030,49
2024-07-13,SKU030,47
2024-07-14,SKU030,54
2024-07-15,SKU030,64
2024-07-16,SKU030,49
2024-07-17,SKU030,43
2024-07-18,SKU030,39
2024-07-19,SKU030,39
2024-07-20,SKU030,55
2024-07-21,SKU030,50
2024-07-22,SKU030,50
2024-07-23,SKU030,44
2024-07-24,SKU030,28
2024-07-25,SKU030,48
2024-07-26,SKU030,33
2024-07-27,SKU030,45
2024-07-28,SKU030,65
2024-07-29,SKU030,55
2024-07-30,SKU030,55
2024-07-31,SKU030,33
2024-08-01,SKU030,48
2024-08-02,SKU030,39
2024-08-03,SKU030,40
2024-08-04,SKU030,47
2024-08-05,SKU030,68
2024-08-06,SKU030,47
2024-08-07,SKU030,36
2024-08-08,SKU030,35
2024-08-09,SKU030,40
2024-08-10,SKU030,48
2024-08-11,SKU030,57
2024-08-12,SKU030,58
2024-08-13,SKU030,56
2024-08-14,SKU030,41
2024-08-15,SKU030,52
2024-08-16,SKU030,36
2024-08-17,SKU030,57
2024-08-18,SKU030,50
2024-08-19,SKU030,46
2024-08-20,SKU030,39
2024-08-21,SKU030,45
2024-08-22,SKU030,46
2024-08-23,SKU030,32
2024-08-24,SKU030,41
2024-08-25,SKU030,57
2024-08-26,SKU030,56
2024-08-27,SKU030,47
2024-08-28,SKU030,34
2024-08-29,SKU030,40
2024-08-30,SKU030,44
2024-08-31,SKU030,50
2024-09-01,SKU030,55
2024-09-02,SKU030,49
2024-09-03,SKU030,53
2024-09-04,SKU030,45
2024-09-05,SKU030,29
2024-09-06,SKU030,38
2024-09-07,SKU030,50
2024-09-08,SKU030,54
2024-09-09,SKU030,42
2024-09-10,SKU030,47
2024-09-11,SKU030,38
2024-09-12,SKU030,42
2024-09-13,SKU030,58
2024-09-14,SKU030,48
2024-09-15,SKU030,46
2024-09-16,SKU030,55
2024-09-17,SKU030,51
2024-09-18,SKU030,48
2024-09-19,SKU030,47
2024-09-20,SKU030,49
2024-09-21,SKU030,51
2024-09-22,SKU030,54
2024-09-23,SKU030,67
2024-09-24,SKU030,49
2024-09-25,SKU030,43
2024-09-26,SKU030,36
2024-09-27,SKU030,25
2024-09-28,SKU030,56
2024-09-29,SKU030,59
2024-09-30,SKU030,39
2024-10-01,SKU030,58
2024-10-02,SKU030,41
2024-10-03,SKU030,45
2024-10-04,SKU030,40
2024-10-05,SKU030,37
2024-10-06,SKU030,55
2024-10-07,SKU030,50
2024-10-08,SKU030,42
2024-10-09,SKU030,49
2024-10-10,SKU030,41
2024-10-11,SKU030,50
2024-10-12,SKU030,44
2024-10-13,SKU030,48
2024-10-14,SKU030,61
2024-10-15,SKU030,45
2024-10-16,SKU030,41
2024-10-17,SKU030,42
2024-10-18,SKU030,39
2024-10-19,SKU030,44
2024-10-20,SKU030,44
2024-10-21,SKU030,63
2024-10-22,SKU030,48
2024-10-23,SKU030,47
2024-10-24,SKU030,41
2024-10-25,SKU030,47
2024-10-26,SKU030,45
2024-10-27,SKU030,52
2024-10-28,SKU030,48
2024-10-29,SKU030,47
2024-10-30,SKU030,45
2024-10-31,SKU030,32
2024-11-01,SKU030,42
2024-11-02,SKU030,57
2024-11-03,SKU030,51
2024-11-04,SKU030,47
2024-11-05,SKU030,48
2024-11-06,SKU030,33
2024-11-07,SKU030,47
2024-11-08,SKU030,40
2024-11-09,SKU030,42
2024-11-10,SKU030,50
2024-11-11,SKU030,48
2024-11-12,SKU030,58
2024-11-13,SKU030,56
2024-11-14,SKU030,27
2024-11-15,SKU030,47
2024-11-16,SKU030,45
2024-11-17,SKU030,63
2024-11-18,SKU030,43
2024-11-19,SKU030,53
2024-11-20,SKU030,40
2024-11-21,SKU030,42
2024-11-22,SKU030,40
2024-11-23,SKU030,47
2024-11-24,SKU030,54
2024-11-25,SKU030,67
2024-11-26,SKU030,50
2024-11-27,SKU030,49
2024-11-28,SKU030,42
2024-11-29,SKU030,46
2024-11-30,SKU030,40
2024-12-01,SKU030,59
2024-12-02,SKU030,59
2024-12-03,SKU030,43
2024-12-04,SKU030,41
2024-12-05,SKU030,54
2024-12-06,SKU030,37
2024-12-07,SKU030,44
2024-12-08,SKU030,58
2024-12-09,SKU030,52
2024-12-10,SKU030,52
2024-12-11,SKU030,40
2024-12-12,SKU030,41
2024-12-13,SKU030,39
2024-12-14,SKU030,61
2024-12-15,SKU030,55
2024-12-16,SKU030,55
2024-12-17,SKU030,58
2024-12-18,SKU030,33
2024-12-19,SKU030,50
2024-12-20,SKU030,33
2024-12-21,SKU030,55
2024-12-22,SKU030,65
2024-12-23,SKU030,52
2024-12-24,SKU030,48
2024-12-25,SKU030,42
2024-12-26,SKU030,42
2024-12-27,SKU030,33
2024-12-28,SKU030,46
2024-12-29,SKU030,52
2024-12-30,SKU030,48
2024-12-31,SKU030,44
2025-01-01,SKU030,44
2025-01-02,SKU030,39
2025-01-03,SKU030,34
2025-01-04,SKU030,48
2025-01-05,SKU030,50
2025-01-06,SKU030,65
2025-01-07,SKU030,50
2025-01-08,SKU030,51
2025-01-09,SKU030,26
2025-01-10,SKU030,42
2025-01-11,SKU030,51
2025-01-12,SKU030,53
2025-01-13,SKU030,52
2025-01-14,SKU030,50
2025-01-15,SKU030,48
2025-01-16,SKU030,29
2025-01-17,SKU030,45
2025-01-18,SKU030,49
2025-01-19,SKU030,53
2025-01-20,SKU030,55
2025-01-21,SKU030,52
2025-01-22,SKU030,55
2025-01-23,SKU030,40
2025-01-24,SKU030,33
2025-01-25,SKU030,44
2025-01-26,SKU030,46
2025-01-27,SKU030,43
2025-01-28,SKU030,43
2025-01-29,SKU030,44
2025-01-30,SKU030,47
2025-01-31,SKU030,47
2025-02-01,SKU030,39
2025-02-02,SKU030,49
2025-02-03,SKU030,50
2025-02-04,SKU030,33
2025-02-05,SKU030,42
2025-02-06,SKU030,43
2025-02-07,SKU030,38
2025-02-08,SKU030,38
2025-02-09,SKU030,48
2025-02-10,SKU030,54
2025-02-11,SKU030,57
2025-02-12,SKU030,42
2025-02-13,SKU030,42
2025-02-14,SKU030,39
2025-02-15,SKU030,49
2025-02-16,SKU030,48
2025-02-17,SKU030,51
2025-02-18,SKU030,42
2025-02-19,SKU030,47
2025-02-20,SKU030,36
2025-02-21,SKU030,14
2025-02-22,SKU030,50
2025-02-23,SKU030,61
2025-02-24,SKU030,50
2025-02-25,SKU030,54
2025-02-26,SKU030,41
2025-02-27,SKU030,23
2025-02-28,SKU030,53
2025-03-01,SKU030,46
2025-03-02,SKU030,56
2025-03-03,SKU030,52
2025-03-04,SKU030,49
2025-03-05,SKU030,44
2025-03-06,SKU030,30
2025-03-07,SKU030,52
2025-03-08,SKU030,53
2025-03-09,SKU030,58
2025-03-10,SKU030,55
2025-03-11,SKU030,46
2025-03-12,SKU030,50
2025-03-13,SKU030,42
2025-03-14,SKU030,37
2025-03-15,SKU030,39
2025-03-16,SKU030,43
2025-03-17,SKU030,56
2025-03-18,SKU030,49
2025-03-19,SKU030,51
2025-03-20,SKU030,45
2025-03-21,SKU030,40
2025-03-22,SKU030,46
2025-03-23,SKU030,46
2025-03-24,SKU030,64
2025-03-25,SKU030,51
2025-03-26,SKU030,47
2025-03-27,SKU030,46
2025-03-28,SKU030,36
2025-03-29,SKU030,41
2025-03-30,SKU030,72
2025-03-31,SKU030,60
2025-04-01,SKU030,49
2025-04-02,SKU030,52
2025-04-03,SKU030,36
2025-04-04,SKU030,42
2025-04-05,SKU030,43
2025-04-06,SKU030,54
2025-04-07,SKU030,54
2025-04-08,SKU030,46
2025-04-09,SKU030,45
2025-04-10,SKU030,33
2025-04-11,SKU030,44
2025-04-12,SKU030,45
2025-04-13,SKU030,42
2025-04-14,SKU030,61
2025-04-15,SKU030,56
2025-04-16,SKU030,59
2025-04-17,SKU030,38
2025-04-18,SKU030,41
2025-04-19,SKU030,50
2025-04-20,SKU030,62
2025-04-21,SKU030,63
2025-04-22,SKU030,53
2025-04-23,SKU030,43
2025-04-24,SKU030,44
2025-04-25,SKU030,39
2025-04-26,SKU030,38
2025-04-27,SKU030,44
2025-04-28,SKU030,54
2025-04-29,SKU030,52
2025-04-30,SKU030,60
2025-05-01,SKU030,37
2025-05-02,SKU030,40
2025-05-03,SKU030,44
2025-05-04,SKU030,59
2025-05-05,SKU030,58
2025-05-06,SKU030,47
2025-05-07,SKU030,36
2025-05-08,SKU030,35
2025-05-09,SKU030,34
2025-05-10,SKU030,45
2025-05-11,SKU030,55
2025-05-12,SKU030,53
2025-05-13,SKU030,61
2025-05-14,SKU030,51
2025-05-15,SKU030,36
2025-05-16,SKU030,33
2025-05-17,SKU030,47
2025-05-18,SKU030,53
2025-05-19,SKU030,56
2025-05-20,SKU030,48
2025-05-21,SKU030,36
2025-05-22,SKU030,38
2025-05-23,SKU030,37
2025-05-24,SKU030,45
2025-05-25,SKU030,55
2025-05-26,SKU030,56
2025-05-27,SKU030,52
2025-05-28,SKU030,40
2025-05-29,SKU030,40
2025-05-30,SKU030,35
2025-05-31,SKU030,39
2025-06-01,SKU030,48
2025-06-02,SKU030,51
2025-06-03,SKU030,42
2025-06-04,SKU030,31
2025-06-05,SKU030,41
2025-06-06,SKU030,49
2025-06-07,SKU030,51
2025-06-08,SKU030,51
2025-06-09,SKU030,44
2025-06-10,SKU030,52
2025-06-11,SKU030,32
2025-06-12,SKU030,37
2025-06-13,SKU030,34
2025-06-14,SKU030,31
2025-06-15,SKU030,65
2025-06-16,SKU030,47
2025-06-17,SKU030,49
2025-06-18,SKU030,42
2025-06-19,SKU030,35
2025-06-20,SKU030,43
2025-06-21,SKU030,42
2025-06-22,SKU030,57
2025-06-23,SKU030,58
2025-06-24,SKU030,41
2025-06-25,SKU030,45
2025-06-26,SKU030,30
2025-06-27,SKU030,31
2025-06-28,SKU030,49
2025-06-29,SKU030,51
2025-06-30,SKU030,59
2025-07-01,SKU030,54
2025-07-02,SKU030,33
2025-07-03,SKU030,43
2025-07-04,SKU030,42
2025-07-05,SKU030,43
2024-06-01,SKU031,72
2024-06-02,SKU031,93
2024-06-03,SKU031,84
2024-06-04,SKU031,102
2024-06-05,SKU031,83
2024-06-06,SKU031,60
2024-06-07,SKU031,59
2024-06-08,SKU031,71
2024-06-09,SKU031,78
2024-06-10,SKU031,89
2024-06-11,SKU031,87
2024-06-12,SKU031,52
2024-06-13,SKU031,66
2024-06-14,SKU031,72
2024-06-15,SKU031,79
2024-06-16,SKU031,83
2024-06-17,SKU031,93
2024-06-18,SKU031,94
2024-06-19,SKU031,66
2024-06-20,SKU031,59
2024-06-21,SKU031,85
2024-06-22,SKU031,76
2024-06-23,SKU031,73
2024-06-24,SKU031,97
2024-06-25,SKU031,84
2024-06-26,SKU031,59
2024-06-27,SKU031,47
2024-06-28,SKU031,64
2024-06-29,SKU031,72
2024-06-30,SKU031,71
2024-07-01,SKU031,86
2024-07-02,SKU031,78
2024-07-03,SKU031,66
2024-07-04,SKU031,64
2024-07-05,SKU031,42
2024-07-06,SKU031,61
2024-07-07,SKU031,79
2024-07-08,SKU031,102
2024-07-09,SKU031,105
2024-07-10,SKU031,67
2024-07-11,SKU031,59
2024-07-12,SKU031,35
2024-07-13,SKU031,83
2024-07-14,SKU031,89
2024-07-15,SKU031,90
2024-07-16,SKU031,66
2024-07-17,SKU031,88
2024-07-18,SKU031,75
2024-07-19,SKU031,65
2024-07-20,SKU031,84
2024-07-21,SKU031,85
2024-07-22,SKU031,96
2024-07-23,SKU031,65
2024-07-24,SKU031,42
2024-07-25,SKU031,45
2024-07-26,SKU031,53
2024-07-27,SKU031,66
2024-07-28,SKU031,89
2024-07-29,SKU031,84
2024-07-30,SKU031,79
2024-07-31,SKU031,54
2024-08-01,SKU031,45
2024-08-02,SKU031,62
2024-08-03,SKU031,67
2024-08-04,SKU031,84
2024-08-05,SKU031,93
2024-08-06,SKU031,97
2024-08-07,SKU031,66
2024-08-08,SKU031,79
2024-08-09,SKU031,66
2024-08-10,SKU031,81
2024-08-11,SKU031,96
2024-08-12,SKU031,95
2024-08-13,SKU031,71
2024-08-14,SKU031,79
2024-08-15,SKU031,55
2024-08-16,SKU031,65
2024-08-17,SKU031,74
2024-08-18,SKU031,97
2024-08-19,SKU031,92
2024-08-20,SKU031,64
2024-08-21,SKU031,90
2024-08-22,SKU031,68
2024-08-23,SKU031,56
2024-08-24,SKU031,61
2024-08-25,SKU031,95
2024-08-26,SKU031,76
2024-08-27,SKU031,88
2024-08-28,SKU031,78
2024-08-29,SKU031,52
2024-08-30,SKU031,53
2024-08-31,SKU031,68
2024-09-01,SKU031,74
2024-09-02,SKU031,90
2024-09-03,SKU031,83
2024-09-04,SKU031,75
2024-09-05,SKU031,50
2024-09-06,SKU031,71
2024-09-07,SKU031,62
2024-09-08,SKU031,94
2024-09-09,SKU031,71
2024-09-10,SKU031,97
2024-09-11,SKU031,61
2024-09-12,SKU031,65
2024-09-13,SKU031,69
2024-09-14,SKU031,59
2024-09-15,SKU031,94
2024-09-16,SKU031,81
2024-09-17,SKU031,76
2024-09-18,SKU031,59
2024-09-19,SKU031,76
2024-09-20,SKU031,49
2024-09-21,SKU031,78
2024-09-22,SKU031,78
2024-09-23,SKU031,99
2024-09-24,SKU031,105
2024-09-25,SKU031,60
2024-09-26,SKU031,60
2024-09-27,SKU031,57
2024-09-28,SKU031,84
2024-09-29,SKU031,82
2024-09-30,SKU031,97
2024-10-01,SKU031,75
2024-10-02,SKU031,91
2024-10-03,SKU031,35
2024-10-04,SKU031,66
2024-10-05,SKU031,73
2024-10-06,SKU031,84
2024-10-07,SKU031,90
2024-10-08,SKU031,80
2024-10-09,SKU031,69
2024-10-10,SKU031,63
2024-10-11,SKU031,81
2024-10-12,SKU031,43
2024-10-13,SKU031,105
2024-10-14,SKU031,115
2024-10-15,SKU031,60
2024-10-16,SKU031,67
2024-10-17,SKU031,74
2024-10-18,SKU031,72
2024-10-19,SKU031,91
2024-10-20,SKU031,88
2024-10-21,SKU031,65
2024-10-22,SKU031,94
2024-10-23,SKU031,74
2024-10-24,SKU031,75
2024-10-25,SKU031,45
2024-10-26,SKU031,60
2024-10-27,SKU031,85
2024-10-28,SKU031,102
2024-10-29,SKU031,97
2024-10-30,SKU031,59
2024-10-31,SKU031,54
2024-11-01,SKU031,93
2024-11-02,SKU031,67
2024-11-03,SKU031,92
2024-11-04,SKU031,82
2024-11-05,SKU031,85
2024-11-06,SKU031,57
2024-11-07,SKU031,50
2024-11-08,SKU031,58
2024-11-09,SKU031,67
2024-11-10,SKU031,81
2024-11-11,SKU031,93
2024-11-12,SKU031,100
2024-11-13,SKU031,60
2024-11-14,SKU031,48
2024-11-15,SKU031,62
2024-11-16,SKU031,64
2024-11-17,SKU031,67
2024-11-18,SKU031,99
2024-11-19,SKU031,80
2024-11-20,SKU031,69
2024-11-21,SKU031,38
2024-11-22,SKU031,55
2024-11-23,SKU031,57
2024-11-24,SKU031,84
2024-11-25,SKU031,89
2024-11-26,SKU031,81
2024-11-27,SKU031,59
2024-11-28,SKU031,49
2024-11-29,SKU031,59
2024-11-30,SKU031,77
2024-12-01,SKU031,78
2024-12-02,SKU031,77
2024-12-03,SKU031,70
2024-12-04,SKU031,59
2024-12-05,SKU031,54
2024-12-06,SKU031,50
2024-12-07,SKU031,68
2024-12-08,SKU031,98
2024-12-09,SKU031,84
2024-12-10,SKU031,66
2024-12-11,SKU031,42
2024-12-12,SKU031,79
2024-12-13,SKU031,74
2024-12-14,SKU031,76
2024-12-15,SKU031,97
2024-12-16,SKU031,93
2024-12-17,SKU031,79
2024-12-18,SKU031,53
2024-12-19,SKU031,80
2024-12-20,SKU031,57
2024-12-21,SKU031,69
2024-12-22,SKU031,85
2024-12-23,SKU031,88
2024-12-24,SKU031,86
2024-12-25,SKU031,72
2024-12-26,SKU031,52
2024-12-27,SKU031,62
2024-12-28,SKU031,79
2024-12-29,SKU031,77
2024-12-30,SKU031,103
2024-12-31,SKU031,79
2025-01-01,SKU031,84
2025-01-02,SKU031,44
2025-01-03,SKU031,69
2025-01-04,SKU031,63
2025-01-05,SKU031,77
2025-01-06,SKU031,97
2025-01-07,SKU031,77
2025-01-08,SKU031,95
2025-01-09,SKU031,64
2025-01-10,SKU031,54
2025-01-11,SKU031,79
2025-01-12,SKU031,82
2025-01-13,SKU031,96
2025-01-14,SKU031,76
2025-01-15,SKU031,71
2025-01-16,SKU031,61
2025-01-17,SKU031,62
2025-01-18,SKU031,84
2025-01-19,SKU031,65
2025-01-20,SKU031,88
2025-01-21,SKU031,72
2025-01-22,SKU031,52
2025-01-23,SKU031,50
2025-01-24,SKU031,55
2025-01-25,SKU031,70
2025-01-26,SKU031,88
2025-01-27,SKU031,93
2025-01-28,SKU031,75
2025-01-29,SKU031,84
2025-01-30,SKU031,55
2025-01-31,SKU031,40
2025-02-01,SKU031,69
2025-02-02,SKU031,85
2025-02-03,SKU031,51
2025-02-04,SKU031,93
2025-02-05,SKU031,66
2025-02-06,SKU031,46
2025-02-07,SKU031,51
2025-02-08,SKU031,81
2025-02-09,SKU031,94
2025-02-10,SKU031,80
2025-02-11,SKU031,64
2025-02-12,SKU031,68
2025-02-13,SKU031,62
2025-02-14,SKU031,68
2025-02-15,SKU031,67
2025-02-16,SKU031,83
2025-02-17,SKU031,87
2025-02-18,SKU031,90
2025-02-19,SKU031,81
2025-02-20,SKU031,76
2025-02-21,SKU031,76
2025-02-22,SKU031,93
2025-02-23,SKU031,96
2025-02-24,SKU031,81
2025-02-25,SKU031,96
2025-02-26,SKU031,52
2025-02-27,SKU031,85
2025-02-28,SKU031,51
2025-03-01,SKU031,83
2025-03-02,SKU031,100
2025-03-03,SKU031,92
2025-03-04,SKU031,57
2025-03-05,SKU031,56
2025-03-06,SKU031,63
2025-03-07,SKU031,69
2025-03-08,SKU031,71
2025-03-09,SKU031,85
2025-03-10,SKU031,71
2025-03-11,SKU031,99
2025-03-12,SKU031,63
2025-03-13,SKU031,67
2025-03-14,SKU031,77
2025-03-15,SKU031,60
2025-03-16,SKU031,86
2025-03-17,SKU031,90
2025-03-18,SKU031,77
2025-03-19,SKU031,77
2025-03-20,SKU031,51
2025-03-21,SKU031,62
2025-03-22,SKU031,69
2025-03-23,SKU031,110
2025-03-24,SKU031,80
2025-03-25,SKU031,87
2025-03-26,SKU031,86
2025-03-27,SKU031,49
2025-03-28,SKU031,63
2025-03-29,SKU031,62
2025-03-30,SKU031,62
2025-03-31,SKU031,79
2025-04-01,SKU031,73
2025-04-02,SKU031,61
2025-04-03,SKU031,55
2025-04-04,SKU031,62
2025-04-05,SKU031,60
2025-04-06,SKU031,88
2025-04-07,SKU031,101
2025-04-08,SKU031,94
2025-04-09,SKU031,64
2025-04-10,SKU031,69
2025-04-11,SKU031,54
2025-04-12,SKU031,69
2025-04-13,SKU031,89
2025-04-14,SKU031,84
2025-04-15,SKU031,65
2025-04-16,SKU031,76
2025-04-17,SKU031,50
2025-04-18,SKU031,56
2025-04-19,SKU031,85
2025-04-20,SKU031,90
2025-04-21,SKU031,89
2025-04-22,SKU031,63
2025-04-23,SKU031,54
2025-04-24,SKU031,63
2025-04-25,SKU031,68
2025-04-26,SKU031,76
2025-04-27,SKU031,79
2025-04-28,SKU031,82
2025-04-29,SKU031,82
2025-04-30,SKU031,53
2025-05-01,SKU031,60
2025-05-02,SKU031,46
2025-05-03,SKU031,61
2025-05-04,SKU031,86
2025-05-05,SKU031,94
2025-05-06,SKU031,83
2025-05-07,SKU031,54
2025-05-08,SKU031,38
2025-05-09,SKU031,61
2025-05-10,SKU031,52
2025-05-11,SKU031,95
2025-05-12,SKU031,75
2025-05-13,SKU031,104
2025-05-14,SKU031,56
2025-05-15,SKU031,64
2025-05-16,SKU031,54
2025-05-17,SKU031,71
2025-05-18,SKU031,86
2025-05-19,SKU031,97
2025-05-20,SKU031,90
2025-05-21,SKU031,75
2025-05-22,SKU031,70
2025-05-23,SKU031,55
2025-05-24,SKU031,80
2025-05-25,SKU031,81
2025-05-26,SKU031,98
2025-05-27,SKU031,81
2025-05-28,SKU031,73
2025-05-29,SKU031,62
2025-05-30,SKU031,70
2025-05-31,SKU031,64
2025-06-01,SKU031,67
2025-06-02,SKU031,98
2025-06-03,SKU031,94
2025-06-04,SKU031,65
2025-06-05,SKU031,68
2025-06-06,SKU031,44
2025-06-07,SKU031,66
2025-06-08,SKU031,85
2025-06-09,SKU031,68
2025-06-10,SKU031,63
2025-06-11,SKU031,68
2025-06-12,SKU031,52
2025-06-13,SKU031,58
2025-06-14,SKU031,69
2025-06-15,SKU031,70
2025-06-16,SKU031,85
2025-06-17,SKU031,79
2025-06-18,SKU031,60
2025-06-19,SKU031,53
2025-06-20,SKU031,59
2025-06-21,SKU031,82
2025-06-22,SKU031,83
2025-06-23,SKU031,66
2025-06-24,SKU031,66
2025-06-25,SKU031,77
2025-06-26,SKU031,51
2025-06-27,SKU031,61
2025-06-28,SKU031,94
2025-06-29,SKU031,91
2025-06-30,SKU031,64
2025-07-01,SKU031,95
2025-07-02,SKU031,68
2025-07-03,SKU031,63
2025-07-04,SKU031,65
2025-07-05,SKU031,83
2024-06-01,SKU032,109
2024-06-02,SKU032,169
2024-06-03,SKU032,138
2024-06-04,SKU032,190
2024-06-05,SKU032,120
2024-06-06,SKU032,112
2024-06-07,SKU032,104
2024-06-08,SKU032,147
2024-06-09,SKU032,171
2024-06-10,SKU032,153
2024-06-11,SKU032,162
2024-06-12,SKU032,129
2024-06-13,SKU032,111
2024-06-14,SKU032,102
2024-06-15,SKU032,189
2024-06-16,SKU032,187
2024-06-17,SKU032,183
2024-06-18,SKU032,176
2024-06-19,SKU032,134
2024-06-20,SKU032,105
2024-06-21,SKU032,63
2024-06-22,SKU032,114
2024-06-23,SKU032,207
2024-06-24,SKU032,192
2024-06-25,SKU032,156
2024-06-26,SKU032,95
2024-06-27,SKU032,126
2024-06-28,SKU032,112
2024-06-29,SKU032,155
2024-06-30,SKU032,139
2024-07-01,SKU032,157
2024-07-02,SKU032,171
2024-07-03,SKU032,168
2024-07-04,SKU032,99
2024-07-05,SKU032,97
2024-07-06,SKU032,161
2024-07-07,SKU032,135
2024-07-08,SKU032,142
2024-07-09,SKU032,158
2024-07-10,SKU032,172
2024-07-11,SKU032,95
2024-07-12,SKU032,110
2024-07-13,SKU032,142
2024-07-14,SKU032,152
2024-07-15,SKU032,130
2024-07-16,SKU032,169
2024-07-17,SKU032,132
2024-07-18,SKU032,120
2024-07-19,SKU032,115
2024-07-20,SKU032,172
2024-07-21,SKU032,151
2024-07-22,SKU032,145
2024-07-23,SKU032,187
2024-07-24,SKU032,82
2024-07-25,SKU032,109
2024-07-26,SKU032,117
2024-07-27,SKU032,138
2024-07-28,SKU032,129
2024-07-29,SKU032,142
2024-07-30,SKU032,172
2024-07-31,SKU032,157
2024-08-01,SKU032,104
2024-08-02,SKU032,99
2024-08-03,SKU032,103
2024-08-04,SKU032,182
2024-08-05,SKU032,188
2024-08-06,SKU032,93
2024-08-07,SKU032,77
2024-08-08,SKU032,116
2024-08-09,SKU032,124
2024-08-10,SKU032,130
2024-08-11,SKU032,161
2024-08-12,SKU032,162
2024-08-13,SKU032,153
2024-08-14,SKU032,109
2024-08-15,SKU032,112
2024-08-16,SKU032,104
2024-08-17,SKU032,124
2024-08-18,SKU032,123
2024-08-19,SKU032,164
2024-08-20,SKU032,169
2024-08-21,SKU032,121
2024-08-22,SKU032,105
2024-08-23,SKU032,144
2024-08-24,SKU032,162
2024-08-25,SKU032,198
2024-08-26,SKU032,215
2024-08-27,SKU032,153
2024-08-28,SKU032,104
2024-08-29,SKU032,102
2024-08-30,SKU032,130
2024-08-31,SKU032,170
2024-09-01,SKU032,140
2024-09-02,SKU032,173
2024-09-03,SKU032,135
2024-09-04,SKU032,125
2024-09-05,SKU032,109
2024-09-06,SKU032,126
2024-09-07,SKU032,183
2024-09-08,SKU032,172
2024-09-09,SKU032,158
2024-09-10,SKU032,140
2024-09-11,SKU032,124
2024-09-12,SKU032,94
2024-09-13,SKU032,121
2024-09-14,SKU032,89
2024-09-15,SKU032,157
2024-09-16,SKU032,165
2024-09-17,SKU032,128
2024-09-18,SKU032,120
2024-09-19,SKU032,136
2024-09-20,SKU032,143
2024-09-21,SKU032,129
2024-09-22,SKU032,173
2024-09-23,SKU032,136
2024-09-24,SKU032,146
2024-09-25,SKU032,133
2024-09-26,SKU032,145
2024-09-27,SKU032,143
2024-09-28,SKU032,144
2024-09-29,SKU032,143
2024-09-30,SKU032,196
2024-10-01,SKU032,145
2024-10-02,SKU032,137
2024-10-03,SKU032,110
2024-10-04,SKU032,160
2024-10-05,SKU032,127
2024-10-06,SKU032,181
2024-10-07,SKU032,165
2024-10-08,SKU032,164
2024-10-09,SKU032,162
2024-10-10,SKU032,71
2024-10-11,SKU032,117
2024-10-12,SKU032,121
2024-10-13,SKU032,171
2024-10-14,SKU032,182
2024-10-15,SKU032,142
2024-10-16,SKU032,117
2024-10-17,SKU032,117
2024-10-18,SKU032,91
2024-10-19,SKU032,147
2024-10-20,SKU032,145
2024-10-21,SKU032,183
2024-10-22,SKU032,124
2024-10-23,SKU032,116
2024-10-24,SKU032,97
2024-10-25,SKU032,112
2024-10-26,SKU032,169
2024-10-27,SKU032,180
2024-10-28,SKU032,157
2024-10-29,SKU032,142
2024-10-30,SKU032,146
2024-10-31,SKU032,88
2024-11-01,SKU032,119
2024-11-02,SKU032,127
2024-11-03,SKU032,158
2024-11-04,SKU032,184
2024-11-05,SKU032,138
2024-11-06,SKU032,148
2024-11-07,SKU032,159
2024-11-08,SKU032,131
2024-11-09,SKU032,138
2024-11-10,SKU032,186
2024-11-11,SKU032,144
2024-11-12,SKU032,184
2024-11-13,SKU032,112
2024-11-14,SKU032,158
2024-11-15,SKU032,103
2024-11-16,SKU032,154
2024-11-17,SKU032,129
2024-11-18,SKU032,163
2024-11-19,SKU032,129
2024-11-20,SKU032,98
2024-11-21,SKU032,138
2024-11-22,SKU032,92
2024-11-23,SKU032,125
2024-11-24,SKU032,144
2024-11-25,SKU032,191
2024-11-26,SKU032,174
2024-11-27,SKU032,155
2024-11-28,SKU032,96
2024-11-29,SKU032,146
2024-11-30,SKU032,123
2024-12-01,SKU032,146
2024-12-02,SKU032,153
2024-12-03,SKU032,138
2024-12-04,SKU032,126
2024-12-05,SKU032,95
2024-12-06,SKU032,123
2024-12-07,SKU032,85
2024-12-08,SKU032,167
2024-12-09,SKU032,144
2024-12-10,SKU032,138
2024-12-11,SKU032,114
2024-12-12,SKU032,133
2024-12-13,SKU032,129
2024-12-14,SKU032,137
2024-12-15,SKU032,147
2024-12-16,SKU032,184
2024-12-17,SKU032,190
2024-12-18,SKU032,127
2024-12-19,SKU032,79
2024-12-20,SKU032,103
2024-12-21,SKU032,152
2024-12-22,SKU032,153
2024-12-23,SKU032,149
2024-12-24,SKU032,133
2024-12-25,SKU032,130
2024-12-26,SKU032,80
2024-12-27,SKU032,117
2024-12-28,SKU032,142
2024-12-29,SKU032,152
2024-12-30,SKU032,145
2024-12-31,SKU032,174
2025-01-01,SKU032,100
2025-01-02,SKU032,116
2025-01-03,SKU032,133
2025-01-04,SKU032,143
2025-01-05,SKU032,188
2025-01-06,SKU032,143
2025-01-07,SKU032,136
2025-01-08,SKU032,118
2025-01-09,SKU032,182
2025-01-10,SKU032,129
2025-01-11,SKU032,155
2025-01-12,SKU032,176
2025-01-13,SKU032,169
2025-01-14,SKU032,174
2025-01-15,SKU032,89
2025-01-16,SKU032,119
2025-01-17,SKU032,127
2025-01-18,SKU032,161
2025-01-19,SKU032,138
2025-01-20,SKU032,145
2025-01-21,SKU032,131
2025-01-22,SKU032,139
2025-01-23,SKU032,124
2025-01-24,SKU032,98
2025-01-25,SKU032,180
2025-01-26,SKU032,168
2025-01-27,SKU032,170
2025-01-28,SKU032,148
2025-01-29,SKU032,147
2025-01-30,SKU032,121
2025-01-31,SKU032,158
2025-02-01,SKU032,115
2025-02-02,SKU032,129
2025-02-03,SKU032,152
2025-02-04,SKU032,164
2025-02-05,SKU032,119
2025-02-06,SKU032,139
2025-02-07,SKU032,110
2025-02-08,SKU032,163
2025-02-09,SKU032,144
2025-02-10,SKU032,192
2025-02-11,SKU032,181
2025-02-12,SKU032,116
2025-02-13,SKU032,123
2025-02-14,SKU032,124
2025-02-15,SKU032,151
2025-02-16,SKU032,189
2025-02-17,SKU032,188
2025-02-18,SKU032,163
2025-02-19,SKU032,142
2025-02-20,SKU032,86
2025-02-21,SKU032,117
2025-02-22,SKU032,117
2025-02-23,SKU032,162
2025-02-24,SKU032,191
2025-02-25,SKU032,152
2025-02-26,SKU032,75
2025-02-27,SKU032,91
2025-02-28,SKU032,130
2025-03-01,SKU032,129
2025-03-02,SKU032,178
2025-03-03,SKU032,142
2025-03-04,SKU032,160
2025-03-05,SKU032,137
2025-03-06,SKU032,129
2025-03-07,SKU032,104
2025-03-08,SKU032,156
2025-03-09,SKU032,194
2025-03-10,SKU032,120
2025-03-11,SKU032,153
2025-03-12,SKU032,90
2025-03-13,SKU032,95
2025-03-14,SKU032,102
2025-03-15,SKU032,139
2025-03-16,SKU032,170
2025-03-17,SKU032,186
2025-03-18,SKU032,158
2025-03-19,SKU032,142
2025-03-20,SKU032,90
2025-03-21,SKU032,140
2025-03-22,SKU032,71
2025-03-23,SKU032,194
2025-03-24,SKU032,196
2025-03-25,SKU032,168
2025-03-26,SKU032,175
2025-03-27,SKU032,75
2025-03-28,SKU032,134
2025-03-29,SKU032,143
2025-03-30,SKU032,167
2025-03-31,SKU032,143
2025-04-01,SKU032,160
2025-04-02,SKU032,135
2025-04-03,SKU032,98
2025-04-04,SKU032,117
2025-04-05,SKU032,112
2025-04-06,SKU032,154
2025-04-07,SKU032,187
2025-04-08,SKU032,173
2025-04-09,SKU032,144
2025-04-10,SKU032,133
2025-04-11,SKU032,139
2025-04-12,SKU032,126
2025-04-13,SKU032,169
2025-04-14,SKU032,190
2025-04-15,SKU032,123
2025-04-16,SKU032,99
2025-04-17,SKU032,82
2025-04-18,SKU032,81
2025-04-19,SKU032,118
2025-04-20,SKU032,151
2025-04-21,SKU032,199
2025-04-22,SKU032,143
2025-04-23,SKU032,96
2025-04-24,SKU032,116
2025-04-25,SKU032,114
2025-04-26,SKU032,124
2025-04-27,SKU032,150
2025-04-28,SKU032,190
2025-04-29,SKU032,123
2025-04-30,SKU032,93
2025-05-01,SKU032,123
2025-05-02,SKU032,105
2025-05-03,SKU032,173
2025-05-04,SKU032,159
2025-05-05,SKU032,165
2025-05-06,SKU032,169
2025-05-07,SKU032,93
2025-05-08,SKU032,120
2025-05-09,SKU032,110
2025-05-10,SKU032,162
2025-05-11,SKU032,148
2025-05-12,SKU032,171
2025-05-13,SKU032,145
2025-05-14,SKU032,137
2025-05-15,SKU032,107
2025-05-16,SKU032,124
2025-05-17,SKU032,177
2025-05-18,SKU032,156
2025-05-19,SKU032,176
2025-05-20,SKU032,200
2025-05-21,SKU032,136
2025-05-22,SKU032,62
2025-05-23,SKU032,104
2025-05-24,SKU032,115
2025-05-25,SKU032,181
2025-05-26,SKU032,165
2025-05-27,SKU032,174
2025-05-28,SKU032,141
2025-05-29,SKU032,125
2025-05-30,SKU032,92
2025-05-31,SKU032,151
2025-06-01,SKU032,191
2025-06-02,SKU032,137
2025-06-03,SKU032,145
2025-06-04,SKU032,135
2025-06-05,SKU032,115
2025-06-06,SKU032,148
2025-06-07,SKU032,155
2025-06-08,SKU032,170
2025-06-09,SKU032,184
2025-06-10,SKU032,168
2025-06-11,SKU032,129
2025-06-12,SKU032,105
2025-06-13,SKU032,139
2025-06-14,SKU032,124
2025-06-15,SKU032,160
2025-06-16,SKU032,143
2025-06-17,SKU032,168
2025-06-18,SKU032,154
2025-06-19,SKU032,93
2025-06-20,SKU032,115
2025-06-21,SKU032,130
2025-06-22,SKU032,184
2025-06-23,SKU032,197
2025-06-24,SKU032,142
2025-06-25,SKU032,63
2025-06-26,SKU032,137
2025-06-27,SKU032,119
2025-06-28,SKU032,141
2025-06-29,SKU032,182
2025-06-30,SKU032,160
2025-07-01,SKU032,139
2025-07-02,SKU032,120
2025-07-03,SKU032,123
2025-07-04,SKU032,137
2025-07-05,SKU032,174
2024-06-01,SKU033,165
2024-06-02,SKU033,177
2024-06-03,SKU033,207
2024-06-04,SKU033,147
2024-06-05,SKU033,176
2024-06-06,SKU033,131
2024-06-07,SKU033,126
2024-06-08,SKU033,133
2024-06-09,SKU033,195
2024-06-10,SKU033,180
2024-06-11,SKU033,167
2024-06-12,SKU033,103
2024-06-13,SKU033,115
2024-06-14,SKU033,118
2024-06-15,SKU033,166
2024-06-16,SKU033,174
2024-06-17,SKU033,124
2024-06-18,SKU033,160
2024-06-19,SKU033,108
2024-06-20,SKU033,101
2024-06-21,SKU033,155
2024-06-22,SKU033,116
2024-06-23,SKU033,187
2024-06-24,SKU033,175
2024-06-25,SKU033,153
2024-06-26,SKU033,120
2024-06-27,SKU033,133
2024-06-28,SKU033,142
2024-06-29,SKU033,116
2024-06-30,SKU033,207
2024-07-01,SKU033,159
2024-07-02,SKU033,179
2024-07-03,SKU033,115
2024-07-04,SKU033,115
2024-07-05,SKU033,102
2024-07-06,SKU033,144
2024-07-07,SKU033,176
2024-07-08,SKU033,160
2024-07-09,SKU033,177
2024-07-10,SKU033,153
2024-07-11,SKU033,189
2024-07-12,SKU033,153
2024-07-13,SKU033,184
2024-07-14,SKU033,139
2024-07-15,SKU033,141
2024-07-16,SKU033,163
2024-07-17,SKU033,184
2024-07-18,SKU033,183
2024-07-19,SKU033,116
2024-07-20,SKU033,142
2024-07-21,SKU033,193
2024-07-22,SKU033,182
2024-07-23,SKU033,166
2024-07-24,SKU033,157
2024-07-25,SKU033,189
2024-07-26,SKU033,162
2024-07-27,SKU033,200
2024-07-28,SKU033,137
2024-07-29,SKU033,212
2024-07-30,SKU033,147
2024-07-31,SKU033,182
2024-08-01,SKU033,157
2024-08-02,SKU033,146
2024-08-03,SKU033,139
2024-08-04,SKU033,169
2024-08-05,SKU033,177
2024-08-06,SKU033,187
2024-08-07,SKU033,152
2024-08-08,SKU033,159
2024-08-09,SKU033,169
2024-08-10,SKU033,136
2024-08-11,SKU033,192
2024-08-12,SKU033,197
2024-08-13,SKU033,167
2024-08-14,SKU033,165
2024-08-15,SKU033,137
2024-08-16,SKU033,118
2024-08-17,SKU033,153
2024-08-18,SKU033,172
2024-08-19,SKU033,169
2024-08-20,SKU033,168
2024-08-21,SKU033,112
2024-08-22,SKU033,137
2024-08-23,SKU033,164
2024-08-24,SKU033,157
2024-08-25,SKU033,203
2024-08-26,SKU033,190
2024-08-27,SKU033,146
2024-08-28,SKU033,189
2024-08-29,SKU033,69
2024-08-30,SKU033,132
2024-08-31,SKU033,138
2024-09-01,SKU033,217
2024-09-02,SKU033,191
2024-09-03,SKU033,229
2024-09-04,SKU033,143
2024-09-05,SKU033,108
2024-09-06,SKU033,92
2024-09-07,SKU033,182
2024-09-08,SKU033,161
2024-09-09,SKU033,177
2024-09-10,SKU033,198
2024-09-11,SKU033,167
2024-09-12,SKU033,111
2024-09-13,SKU033,121
2024-09-14,SKU033,115
2024-09-15,SKU033,132
2024-09-16,SKU033,204
2024-09-17,SKU033,190
2024-09-18,SKU033,151
2024-09-19,SKU033,130
2024-09-20,SKU033,115
2024-09-21,SKU033,190
2024-09-22,SKU033,139
2024-09-23,SKU033,175
2024-09-24,SKU033,173
2024-09-25,SKU033,142
2024-09-26,SKU033,126
2024-09-27,SKU033,119
2024-09-28,SKU033,169
2024-09-29,SKU033,152
2024-09-30,SKU033,183
2024-10-01,SKU033,180
2024-10-02,SKU033,135
2024-10-03,SKU033,126
2024-10-04,SKU033,137
2024-10-05,SKU033,115
2024-10-06,SKU033,141
2024-10-07,SKU033,190
2024-10-08,SKU033,155
2024-10-09,SKU033,130
2024-10-10,SKU033,139
2024-10-11,SKU033,108
2024-10-12,SKU033,100
2024-10-13,SKU033,219
2024-10-14,SKU033,215
2024-10-15,SKU033,198
2024-10-16,SKU033,116
2024-10-17,SKU033,124
2024-10-18,SKU033,102
2024-10-19,SKU033,155
2024-10-20,SKU033,172
2024-10-21,SKU033,161
2024-10-22,SKU033,181
2024-10-23,SKU033,136
2024-10-24,SKU033,166
2024-10-25,SKU033,134
2024-10-26,SKU033,96
2024-10-27,SKU033,138
2024-10-28,SKU033,235
2024-10-29,SKU033,161
2024-10-30,SKU033,148
2024-10-31,SKU033,126
2024-11-01,SKU033,165
2024-11-02,SKU033,111
2024-11-03,SKU033,211
2024-11-04,SKU033,216
2024-11-05,SKU033,170
2024-11-06,SKU033,152
2024-11-07,SKU033,117
2024-11-08,SKU033,92
2024-11-09,SKU033,170
2024-11-10,SKU033,186
2024-11-11,SKU033,193
2024-11-12,SKU033,181
2024-11-13,SKU033,128
2024-11-14,SKU033,161
2024-11-15,SKU033,132
2024-11-16,SKU033,169
2024-11-17,SKU033,174
2024-11-18,SKU033,211
2024-11-19,SKU033,172
2024-11-20,SKU033,140
2024-11-21,SKU033,154
2024-11-22,SKU033,91
2024-11-23,SKU033,149
2024-11-24,SKU033,166
2024-11-25,SKU033,195
2024-11-26,SKU033,177
2024-11-27,SKU033,142
2024-11-28,SKU033,109
2024-11-29,SKU033,131
2024-11-30,SKU033,164
2024-12-01,SKU033,176
2024-12-02,SKU033,212
2024-12-03,SKU033,184
2024-12-04,SKU033,143
2024-12-05,SKU033,71
2024-12-06,SKU033,126
2024-12-07,SKU033,171
2024-12-08,SKU033,174
2024-12-09,SKU033,194
2024-12-10,SKU033,164
2024-12-11,SKU033,148
2024-12-12,SKU033,158
2024-12-13,SKU033,150
2024-12-14,SKU033,126
2024-12-15,SKU033,142
2024-12-16,SKU033,197
2024-12-17,SKU033,197
2024-12-18,SKU033,104
2024-12-19,SKU033,121
2024-12-20,SKU033,187
2024-12-21,SKU033,150
2024-12-22,SKU033,239
2024-12-23,SKU033,167
2024-12-24,SKU033,154
2024-12-25,SKU033,126
2024-12-26,SKU033,96
2024-12-27,SKU033,92
2024-12-28,SKU033,151
2024-12-29,SKU033,184
2024-12-30,SKU033,170
2024-12-31,SKU033,158
2025-01-01,SKU033,176
2025-01-02,SKU033,148
2025-01-03,SKU033,126
2025-01-04,SKU033,166
2025-01-05,SKU033,142
2025-01-06,SKU033,193
2025-01-07,SKU033,168
2025-01-08,SKU033,134
2025-01-09,SKU033,126
2025-01-10,SKU033,129
2025-01-11,SKU033,125
2025-01-12,SKU033,220
2025-01-13,SKU033,209
2025-01-14,SKU033,160
2025-01-15,SKU033,101
2025-01-16,SKU033,68
2025-01-17,SKU033,179
2025-01-18,SKU033,152
2025-01-19,SKU033,198
2025-01-20,SKU033,164
2025-01-21,SKU033,162
2025-01-22,SKU033,136
2025-01-23,SKU033,131
2025-01-24,SKU033,134
2025-01-25,SKU033,134
2025-01-26,SKU033,159
2025-01-27,SKU033,185
2025-01-28,SKU033,128
2025-01-29,SKU033,123
2025-01-30,SKU033,122
2025-01-31,SKU033,141
2025-02-01,SKU033,191
2025-02-02,SKU033,169
2025-02-03,SKU033,187
2025-02-04,SKU033,126
2025-02-05,SKU033,150
2025-02-06,SKU033,104
2025-02-07,SKU033,124
2025-02-08,SKU033,167
2025-02-09,SKU033,193
2025-02-10,SKU033,152
2025-02-11,SKU033,188
2025-02-12,SKU033,142
2025-02-13,SKU033,155
2025-02-14,SKU033,166
2025-02-15,SKU033,194
2025-02-16,SKU033,147
2025-02-17,SKU033,196
2025-02-18,SKU033,133
2025-02-19,SKU033,173
2025-02-20,SKU033,159
2025-02-21,SKU033,154
2025-02-22,SKU033,146
2025-02-23,SKU033,193
2025-02-24,SKU033,173
2025-02-25,SKU033,170
2025-02-26,SKU033,140
2025-02-27,SKU033,79
2025-02-28,SKU033,113
2025-03-01,SKU033,209
2025-03-02,SKU033,178
2025-03-03,SKU033,190
2025-03-04,SKU033,169
2025-03-05,SKU033,133
2025-03-06,SKU033,126
2025-03-07,SKU033,122
2025-03-08,SKU033,103
2025-03-09,SKU033,199
2025-03-10,SKU033,224
2025-03-11,SKU033,142
2025-03-12,SKU033,133
2025-03-13,SKU033,161
2025-03-14,SKU033,114
2025-03-15,SKU033,165
2025-03-16,SKU033,282
2025-03-17,SKU033,201
2025-03-18,SKU033,171
2025-03-19,SKU033,163
2025-03-20,SKU033,144
2025-03-21,SKU033,116
2025-03-22,SKU033,115
2025-03-23,SKU033,194
2025-03-24,SKU033,204
2025-03-25,SKU033,163
2025-03-26,SKU033,181
2025-03-27,SKU033,159
2025-03-28,SKU033,150
2025-03-29,SKU033,149
2025-03-30,SKU033,131
2025-03-31,SKU033,182
2025-04-01,SKU033,127
2025-04-02,SKU033,87
2025-04-03,SKU033,141
2025-04-04,SKU033,159
2025-04-05,SKU033,110
2025-04-06,SKU033,174
2025-04-07,SKU033,186
2025-04-08,SKU033,163
2025-04-09,SKU033,110
2025-04-10,SKU033,157
2025-04-11,SKU033,100
2025-04-12,SKU033,110
2025-04-13,SKU033,148
2025-04-14,SKU033,198
2025-04-15,SKU033,163
2025-04-16,SKU033,124
2025-04-17,SKU033,138
2025-04-18,SKU033,139
2025-04-19,SKU033,102
2025-04-20,SKU033,193
2025-04-21,SKU033,214
2025-04-22,SKU033,167
2025-04-23,SKU033,137
2025-04-24,SKU033,170
2025-04-25,SKU033,115
2025-04-26,SKU033,152
2025-04-27,SKU033,188
2025-04-28,SKU033,188
2025-04-29,SKU033,163
2025-04-30,SKU033,145
2025-05-01,SKU033,162
2025-05-02,SKU033,151
2025-05-03,SKU033,154
2025-05-04,SKU033,160
2025-05-05,SKU033,169
2025-05-06,SKU033,192
2025-05-07,SKU033,105
2025-05-08,SKU033,182
2025-05-09,SKU033,131
2025-05-10,SKU033,124
2025-05-11,SKU033,185
2025-05-12,SKU033,168
2025-05-13,SKU033,160
2025-05-14,SKU033,107
2025-05-15,SKU033,120
2025-05-16,SKU033,82
2025-05-17,SKU033,142
2025-05-18,SKU033,161
2025-05-19,SKU033,175
2025-05-20,SKU033,152
2025-05-21,SKU033,143
2025-05-22,SKU033,146
2025-05-23,SKU033,140
2025-05-24,SKU033,186
2025-05-25,SKU033,169
2025-05-26,SKU033,194
2025-05-27,SKU033,178
2025-05-28,SKU033,169
2025-05-29,SKU033,108
2025-05-30,SKU033,150
2025-05-31,SKU033,136
2025-06-01,SKU033,167
2025-06-02,SKU033,178
2025-06-03,SKU033,180
2025-06-04,SKU033,117
2025-06-05,SKU033,103
2025-06-06,SKU033,117
2025-06-07,SKU033,157
2025-06-08,SKU033,158
2025-06-09,SKU033,193
2025-06-10,SKU033,161
2025-06-11,SKU033,158
2025-06-12,SKU033,127
2025-06-13,SKU033,173
2025-06-14,SKU033,159
2025-06-15,SKU033,152
2025-06-16,SKU033,181
2025-06-17,SKU033,170
2025-06-18,SKU033,121
2025-06-19,SKU033,161
2025-06-20,SKU033,124
2025-06-21,SKU033,141
2025-06-22,SKU033,185
2025-06-23,SKU033,165
2025-06-24,SKU033,192
2025-06-25,SKU033,160
2025-06-26,SKU033,129
2025-06-27,SKU033,145
2025-06-28,SKU033,144
2025-06-29,SKU033,145
2025-06-30,SKU033,179
2025-07-01,SKU033,158
2025-07-02,SKU033,95
2025-07-03,SKU033,101
2025-07-04,SKU033,103
2025-07-05,SKU033,131
2024-06-01,SKU034,100
2024-06-02,SKU034,121
2024-06-03,SKU034,118
2024-06-04,SKU034,116
2024-06-05,SKU034,85
2024-06-06,SKU034,96
2024-06-07,SKU034,61
2024-06-08,SKU034,92
2024-06-09,SKU034,93
2024-06-10,SKU034,128
2024-06-11,SKU034,107
2024-06-12,SKU034,101
2024-06-13,SKU034,55
2024-06-14,SKU034,70
2024-06-15,SKU034,68
2024-06-16,SKU034,113
2024-06-17,SKU034,105
2024-06-18,SKU034,112
2024-06-19,SKU034,85
2024-06-20,SKU034,45
2024-06-21,SKU034,55
2024-06-22,SKU034,94
2024-06-23,SKU034,114
2024-06-24,SKU034,80
2024-06-25,SKU034,100
2024-06-26,SKU034,71
2024-06-27,SKU034,59
2024-06-28,SKU034,69
2024-06-29,SKU034,95
2024-06-30,SKU034,98
2024-07-01,SKU034,83
2024-07-02,SKU034,103
2024-07-03,SKU034,80
2024-07-04,SKU034,62
2024-07-05,SKU034,74
2024-07-06,SKU034,88
2024-07-07,SKU034,108
2024-07-08,SKU034,108
2024-07-09,SKU034,103
2024-07-10,SKU034,84
2024-07-11,SKU034,86
2024-07-12,SKU034,101
2024-07-13,SKU034,93
2024-07-14,SKU034,99
2024-07-15,SKU034,91
2024-07-16,SKU034,110
2024-07-17,SKU034,72
2024-07-18,SKU034,108
2024-07-19,SKU034,117
2024-07-20,SKU034,90
2024-07-21,SKU034,84
2024-07-22,SKU034,120
2024-07-23,SKU034,130
2024-07-24,SKU034,67
2024-07-25,SKU034,101
2024-07-26,SKU034,53
2024-07-27,SKU034,73
2024-07-28,SKU034,112
2024-07-29,SKU034,125
2024-07-30,SKU034,100
2024-07-31,SKU034,91
2024-08-01,SKU034,90
2024-08-02,SKU034,95
2024-08-03,SKU034,84
2024-08-04,SKU034,95
2024-08-05,SKU034,126
2024-08-06,SKU034,107
2024-08-07,SKU034,93
2024-08-08,SKU034,66
2024-08-09,SKU034,87
2024-08-10,SKU034,78
2024-08-11,SKU034,111
2024-08-12,SKU034,113
2024-08-13,SKU034,103
2024-08-14,SKU034,96
2024-08-15,SKU034,61
2024-08-16,SKU034,88
2024-08-17,SKU034,93
2024-08-18,SKU034,96
2024-08-19,SKU034,93
2024-08-20,SKU034,127
2024-08-21,SKU034,84
2024-08-22,SKU034,70
2024-08-23,SKU034,63
2024-08-24,SKU034,108
2024-08-25,SKU034,122
2024-08-26,SKU034,123
2024-08-27,SKU034,100
2024-08-28,SKU034,95
2024-08-29,SKU034,63
2024-08-30,SKU034,81
2024-08-31,SKU034,92
2024-09-01,SKU034,111
2024-09-02,SKU034,86
2024-09-03,SKU034,127
2024-09-04,SKU034,108
2024-09-05,SKU034,59
2024-09-06,SKU034,87
2024-09-07,SKU034,72
2024-09-08,SKU034,109
2024-09-09,SKU034,81
2024-09-10,SKU034,97
2024-09-11,SKU034,78
2024-09-12,SKU034,91
2024-09-13,SKU034,102
2024-09-14,SKU034,117
2024-09-15,SKU034,124
2024-09-16,SKU034,112
2024-09-17,SKU034,106
2024-09-18,SKU034,90
2024-09-19,SKU034,58
2024-09-20,SKU034,94
2024-09-21,SKU034,103
2024-09-22,SKU034,118
2024-09-23,SKU034,79
2024-09-24,SKU034,107
2024-09-25,SKU034,99
2024-09-26,SKU034,75
2024-09-27,SKU034,71
2024-09-28,SKU034,74
2024-09-29,SKU034,88
2024-09-30,SKU034,113
2024-10-01,SKU034,98
2024-10-02,SKU034,81
2024-10-03,SKU034,96
2024-10-04,SKU034,61
2024-10-05,SKU034,88
2024-10-06,SKU034,131
2024-10-07,SKU034,107
2024-10-08,SKU034,102
2024-10-09,SKU034,82
2024-10-10,SKU034,85
2024-10-11,SKU034,50
2024-10-12,SKU034,90
2024-10-13,SKU034,108
2024-10-14,SKU034,97
2024-10-15,SKU034,106
2024-10-16,SKU034,96
2024-10-17,SKU034,81
2024-10-18,SKU034,103
2024-10-19,SKU034,87
2024-10-20,SKU034,114
2024-10-21,SKU034,118
2024-10-22,SKU034,98
2024-10-23,SKU034,101
2024-10-24,SKU034,79
2024-10-25,SKU034,62
2024-10-26,SKU034,103
2024-10-27,SKU034,101
2024-10-28,SKU034,107
2024-10-29,SKU034,98
2024-10-30,SKU034,95
2024-10-31,SKU034,90
2024-11-01,SKU034,76
2024-11-02,SKU034,90
2024-11-03,SKU034,79
2024-11-04,SKU034,101
2024-11-05,SKU034,88
2024-11-06,SKU034,89
2024-11-07,SKU034,73
2024-11-08,SKU034,66
2024-11-09,SKU034,95
2024-11-10,SKU034,107
2024-11-11,SKU034,76
2024-11-12,SKU034,117
2024-11-13,SKU034,99
2024-11-14,SKU034,72
2024-11-15,SKU034,83
2024-11-16,SKU034,88
2024-11-17,SKU034,85
2024-11-18,SKU034,141
2024-11-19,SKU034,112
2024-11-20,SKU034,98
2024-11-21,SKU034,71
2024-11-22,SKU034,94
2024-11-23,SKU034,74
2024-11-24,SKU034,104
2024-11-25,SKU034,121
2024-11-26,SKU034,92
2024-11-27,SKU034,98
2024-11-28,SKU034,79
2024-11-29,SKU034,81
2024-11-30,SKU034,83
2024-12-01,SKU034,113
2024-12-02,SKU034,138
2024-12-03,SKU034,104
2024-12-04,SKU034,93
2024-12-05,SKU034,85
2024-12-06,SKU034,62
2024-12-07,SKU034,91
2024-12-08,SKU034,105
2024-12-09,SKU034,81
2024-12-10,SKU034,112
2024-12-11,SKU034,72
2024-12-12,SKU034,84
2024-12-13,SKU034,68
2024-12-14,SKU034,121
2024-12-15,SKU034,104
2024-12-16,SKU034,138
2024-12-17,SKU034,99
2024-12-18,SKU034,84
2024-12-19,SKU034,97
2024-12-20,SKU034,66
2024-12-21,SKU034,94
2024-12-22,SKU034,115
2024-12-23,SKU034,117
2024-12-24,SKU034,102
2024-12-25,SKU034,84
2024-12-26,SKU034,87
2024-12-27,SKU034,81
2024-12-28,SKU034,106
2024-12-29,SKU034,113
2024-12-30,SKU034,120
2024-12-31,SKU034,117
2025-01-01,SKU034,81
2025-01-02,SKU034,90
2025-01-03,SKU034,76
2025-01-04,SKU034,73
2025-01-05,SKU034,103
2025-01-06,SKU034,101
2025-01-07,SKU034,106
2025-01-08,SKU034,81
2025-01-09,SKU034,77
2025-01-10,SKU034,93
2025-01-11,SKU034,114
2025-01-12,SKU034,112
2025-01-13,SKU034,126
2025-01-14,SKU034,99
2025-01-15,SKU034,63
2025-01-16,SKU034,58
2025-01-17,SKU034,76
2025-01-18,SKU034,104
2025-01-19,SKU034,105
2025-01-20,SKU034,128
2025-01-21,SKU034,127
2025-01-22,SKU034,73
2025-01-23,SKU034,105
2025-01-24,SKU034,56
2025-01-25,SKU034,119
2025-01-26,SKU034,107
2025-01-27,SKU034,108
2025-01-28,SKU034,101
2025-01-29,SKU034,74
2025-01-30,SKU034,96
2025-01-31,SKU034,69
2025-02-01,SKU034,85
2025-02-02,SKU034,88
2025-02-03,SKU034,101
2025-02-04,SKU034,91
2025-02-05,SKU034,74
2025-02-06,SKU034,72
2025-02-07,SKU034,63
2025-02-08,SKU034,115
2025-02-09,SKU034,105
2025-02-10,SKU034,116
2025-02-11,SKU034,113
2025-02-12,SKU034,113
2025-02-13,SKU034,88
2025-02-14,SKU034,75
2025-02-15,SKU034,78
2025-02-16,SKU034,112
2025-02-17,SKU034,126
2025-02-18,SKU034,103
2025-02-19,SKU034,86
2025-02-20,SKU034,78
2025-02-21,SKU034,52
2025-02-22,SKU034,95
2025-02-23,SKU034,118
2025-02-24,SKU034,110
2025-02-25,SKU034,117
2025-02-26,SKU034,101
2025-02-27,SKU034,68
2025-02-28,SKU034,85
2025-03-01,SKU034,94
2025-03-02,SKU034,79
2025-03-03,SKU034,109
2025-03-04,SKU034,87
2025-03-05,SKU034,87
2025-03-06,SKU034,84
2025-03-07,SKU034,75
2025-03-08,SKU034,80
2025-03-09,SKU034,111
2025-03-10,SKU034,145
2025-03-11,SKU034,71
2025-03-12,SKU034,88
2025-03-13,SKU034,67
2025-03-14,SKU034,73
2025-03-15,SKU034,92
2025-03-16,SKU034,103
2025-03-17,SKU034,120
2025-03-18,SKU034,98
2025-03-19,SKU034,55
2025-03-20,SKU034,93
2025-03-21,SKU034,94
2025-03-22,SKU034,85
2025-03-23,SKU034,108
2025-03-24,SKU034,128
2025-03-25,SKU034,115
2025-03-26,SKU034,104
2025-03-27,SKU034,80
2025-03-28,SKU034,89
2025-03-29,SKU034,113
2025-03-30,SKU034,103
2025-03-31,SKU034,117
2025-04-01,SKU034,71
2025-04-02,SKU034,63
2025-04-03,SKU034,82
2025-04-04,SKU034,88
2025-04-05,SKU034,88
2025-04-06,SKU034,99
2025-04-07,SKU034,106
2025-04-08,SKU034,104
2025-04-09,SKU034,53
2025-04-10,SKU034,81
2025-04-11,SKU034,79
2025-04-12,SKU034,96
2025-04-13,SKU034,106
2025-04-14,SKU034,92
2025-04-15,SKU034,86
2025-04-16,SKU034,106
2025-04-17,SKU034,66
2025-04-18,SKU034,90
2025-04-19,SKU034,78
2025-04-20,SKU034,107
2025-04-21,SKU034,105
2025-04-22,SKU034,97
2025-04-23,SKU034,80
2025-04-24,SKU034,95
2025-04-25,SKU034,105
2025-04-26,SKU034,96
2025-04-27,SKU034,102
2025-04-28,SKU034,93
2025-04-29,SKU034,82
2025-04-30,SKU034,105
2025-05-01,SKU034,54
2025-05-02,SKU034,72
2025-05-03,SKU034,95
2025-05-04,SKU034,71
2025-05-05,SKU034,94
2025-05-06,SKU034,82
2025-05-07,SKU034,76
2025-05-08,SKU034,78
2025-05-09,SKU034,93
2025-05-10,SKU034,84
2025-05-11,SKU034,101
2025-05-12,SKU034,109
2025-05-13,SKU034,90
2025-05-14,SKU034,91
2025-05-15,SKU034,81
2025-05-16,SKU034,40
2025-05-17,SKU034,102
2025-05-18,SKU034,109
2025-05-19,SKU034,115
2025-05-20,SKU034,118
2025-05-21,SKU034,60
2025-05-22,SKU034,57
2025-05-23,SKU034,77
2025-05-24,SKU034,61
2025-05-25,SKU034,105
2025-05-26,SKU034,123
2025-05-27,SKU034,107
2025-05-28,SKU034,86
2025-05-29,SKU034,72
2025-05-30,SKU034,72
2025-05-31,SKU034,86
2025-06-01,SKU034,111
2025-06-02,SKU034,89
2025-06-03,SKU034,121
2025-06-04,SKU034,75
2025-06-05,SKU034,83
2025-06-06,SKU034,80
2025-06-07,SKU034,77
2025-06-08,SKU034,126
2025-06-09,SKU034,126
2025-06-10,SKU034,79
2025-06-11,SKU034,84
2025-06-12,SKU034,78
2025-06-13,SKU034,50
2025-06-14,SKU034,63
2025-06-15,SKU034,96
2025-06-16,SKU034,93
2025-06-17,SKU034,87
2025-06-18,SKU034,67
2025-06-19,SKU034,73
2025-06-20,SKU034,66
2025-06-21,SKU034,109
2025-06-22,SKU034,110
2025-06-23,SKU034,122
2025-06-24,SKU034,78
2025-06-25,SKU034,76
2025-06-26,SKU034,77
2025-06-27,SKU034,85
2025-06-28,SKU034,84
2025-06-29,SKU034,101
2025-06-30,SKU034,106
2025-07-01,SKU034,97
2025-07-02,SKU034,115
2025-07-03,SKU034,79
2025-07-04,SKU034,79
2025-07-05,SKU034,75
2024-06-01,SKU035,44
2024-06-02,SKU035,61
2024-06-03,SKU035,74
2024-06-04,SKU035,57
2024-06-05,SKU035,48
2024-06-06,SKU035,37
2024-06-07,SKU035,31
2024-06-08,SKU035,58
2024-06-09,SKU035,60
2024-06-10,SKU035,68
2024-06-11,SKU035,60
2024-06-12,SKU035,42
2024-06-13,SKU035,45
2024-06-14,SKU035,35
2024-06-15,SKU035,56
2024-06-16,SKU035,62
2024-06-17,SKU035,77
2024-06-18,SKU035,52
2024-06-19,SKU035,39
2024-06-20,SKU035,40
2024-06-21,SKU035,50
2024-06-22,SKU035,31
2024-06-23,SKU035,70
2024-06-24,SKU035,63
2024-06-25,SKU035,49
2024-06-26,SKU035,46
2024-06-27,SKU035,37
2024-06-28,SKU035,36
2024-06-29,SKU035,38
2024-06-30,SKU035,68
2024-07-01,SKU035,60
2024-07-02,SKU035,56
2024-07-03,SKU035,56
2024-07-04,SKU035,44
2024-07-05,SKU035,33
2024-07-06,SKU035,59
2024-07-07,SKU035,74
2024-07-08,SKU035,69
2024-07-09,SKU035,52
2024-07-10,SKU035,37
2024-07-11,SKU035,36
2024-07-12,SKU035,46
2024-07-13,SKU035,66
2024-07-14,SKU035,56
2024-07-15,SKU035,59
2024-07-16,SKU035,67
2024-07-17,SKU035,46
2024-07-18,SKU035,57
2024-07-19,SKU035,44
2024-07-20,SKU035,63
2024-07-21,SKU035,66
2024-07-22,SKU035,70
2024-07-23,SKU035,57
2024-07-24,SKU035,48
2024-07-25,SKU035,47
2024-07-26,SKU035,52
2024-07-27,SKU035,58
2024-07-28,SKU035,48
2024-07-29,SKU035,67
2024-07-30,SKU035,53
2024-07-31,SKU035,45
2024-08-01,SKU035,47
2024-08-02,SKU035,59
2024-08-03,SKU035,52
2024-08-04,SKU035,78
2024-08-05,SKU035,56
2024-08-06,SKU035,69
2024-08-07,SKU035,53
2024-08-08,SKU035,45
2024-08-09,SKU035,57
2024-08-10,SKU035,49
2024-08-11,SKU035,73
2024-08-12,SKU035,63
2024-08-13,SKU035,53
2024-08-14,SKU035,39
2024-08-15,SKU035,56
2024-08-16,SKU035,55
2024-08-17,SKU035,50
2024-08-18,SKU035,67
2024-08-19,SKU035,66
2024-08-20,SKU035,56
2024-08-21,SKU035,57
2024-08-22,SKU035,38
2024-08-23,SKU035,28
2024-08-24,SKU035,56
2024-08-25,SKU035,63
2024-08-26,SKU035,60
2024-08-27,SKU035,51
2024-08-28,SKU035,37
2024-08-29,SKU035,41
2024-08-30,SKU035,38
2024-08-31,SKU035,62
2024-09-01,SKU035,67
2024-09-02,SKU035,61
2024-09-03,SKU035,63
2024-09-04,SKU035,48
2024-09-05,SKU035,41
2024-09-06,SKU035,45
2024-09-07,SKU035,68
2024-09-08,SKU035,68
2024-09-09,SKU035,62
2024-09-10,SKU035,66
2024-09-11,SKU035,56
2024-09-12,SKU035,46
2024-09-13,SKU035,43
2024-09-14,SKU035,51
2024-09-15,SKU035,54
2024-09-16,SKU035,66
2024-09-17,SKU035,54
2024-09-18,SKU035,46
2024-09-19,SKU035,49
2024-09-20,SKU035,59
2024-09-21,SKU035,57
2024-09-22,SKU035,62
2024-09-23,SKU035,64
2024-09-24,SKU035,68
2024-09-25,SKU035,52
2024-09-26,SKU035,45
2024-09-27,SKU035,48
2024-09-28,SKU035,42
2024-09-29,SKU035,66
2024-09-30,SKU035,57
2024-10-01,SKU035,62
2024-10-02,SKU035,43
2024-10-03,SKU035,48
2024-10-04,SKU035,44
2024-10-05,SKU035,45
2024-10-06,SKU035,60
2024-10-07,SKU035,82
2024-10-08,SKU035,40
2024-10-09,SKU035,51
2024-10-10,SKU035,35
2024-10-11,SKU035,57
2024-10-12,SKU035,61
2024-10-13,SKU035,64
2024-10-14,SKU035,72
2024-10-15,SKU035,61
2024-10-16,SKU035,49
2024-10-17,SKU035,39
2024-10-18,SKU035,43
2024-10-19,SKU035,50
2024-10-20,SKU035,63
2024-10-21,SKU035,49
2024-10-22,SKU035,67
2024-10-23,SKU035,65
2024-10-24,SKU035,40
2024-10-25,SKU035,55
2024-10-26,SKU035,53
2024-10-27,SKU035,58
2024-10-28,SKU035,61
2024-10-29,SKU035,59
2024-10-30,SKU035,43
2024-10-31,SKU035,48
2024-11-01,SKU035,41
2024-11-02,SKU035,45
2024-11-03,SKU035,62
2024-11-04,SKU035,59
2024-11-05,SKU035,56
2024-11-06,SKU035,49
2024-11-07,SKU035,33
2024-11-08,SKU035,57
2024-11-09,SKU035,61
2024-11-10,SKU035,57
2024-11-11,SKU035,64
2024-11-12,SKU035,64
2024-11-13,SKU035,51
2024-11-14,SKU035,59
2024-11-15,SKU035,44
2024-11-16,SKU035,64
2024-11-17,SKU035,52
2024-11-18,SKU035,55
2024-11-19,SKU035,72
2024-11-20,SKU035,46
2024-11-21,SKU035,34
2024-11-22,SKU035,45
2024-11-23,SKU035,64
2024-11-24,SKU035,56
2024-11-25,SKU035,64
2024-11-26,SKU035,44
2024-11-27,SKU035,46
2024-11-28,SKU035,52
2024-11-29,SKU035,39
2024-11-30,SKU035,44
2024-12-01,SKU035,56
2024-12-02,SKU035,60
2024-12-03,SKU035,65
2024-12-04,SKU035,52
2024-12-05,SKU035,48
2024-12-06,SKU035,46
2024-12-07,SKU035,49
2024-12-08,SKU035,56
2024-12-09,SKU035,68
2024-12-10,SKU035,72
2024-12-11,SKU035,42
2024-12-12,SKU035,35
2024-12-13,SKU035,36
2024-12-14,SKU035,61
2024-12-15,SKU035,62
2024-12-16,SKU035,69
2024-12-17,SKU035,55
2024-12-18,SKU035,54
2024-12-19,SKU035,41
2024-12-20,SKU035,33
2024-12-21,SKU035,61
2024-12-22,SKU035,62
2024-12-23,SKU035,62
2024-12-24,SKU035,61
2024-12-25,SKU035,38
2024-12-26,SKU035,47
2024-12-27,SKU035,41
2024-12-28,SKU035,53
2024-12-29,SKU035,72
2024-12-30,SKU035,70
2024-12-31,SKU035,57
2025-01-01,SKU035,48
2025-01-02,SKU035,23
2025-01-03,SKU035,39
2025-01-04,SKU035,55
2025-01-05,SKU035,56
2025-01-06,SKU035,54
2025-01-07,SKU035,63
2025-01-08,SKU035,60
2025-01-09,SKU035,38
2025-01-10,SKU035,53
2025-01-11,SKU035,60
2025-01-12,SKU035,55
2025-01-13,SKU035,59
2025-01-14,SKU035,73
2025-01-15,SKU035,40
2025-01-16,SKU035,39
2025-01-17,SKU035,61
2025-01-18,SKU035,49
2025-01-19,SKU035,73
2025-01-20,SKU035,56
2025-01-21,SKU035,60
2025-01-22,SKU035,58
2025-01-23,SKU035,40
2025-01-24,SKU035,46
2025-01-25,SKU035,60
2025-01-26,SKU035,55
2025-01-27,SKU035,83
2025-01-28,SKU035,67
2025-01-29,SKU035,46
2025-01-30,SKU035,42
2025-01-31,SKU035,61
2025-02-01,SKU035,51
2025-02-02,SKU035,59
2025-02-03,SKU035,74
2025-02-04,SKU035,47
2025-02-05,SKU035,49
2025-02-06,SKU035,44
2025-02-07,SKU035,40
2025-02-08,SKU035,41
2025-02-09,SKU035,63
2025-02-10,SKU035,70
2025-02-11,SKU035,53
2025-02-12,SKU035,40
2025-02-13,SKU035,54
2025-02-14,SKU035,50
2025-02-15,SKU035,51
2025-02-16,SKU035,70
2025-02-17,SKU035,66
2025-02-18,SKU035,73
2025-02-19,SKU035,55
2025-02-20,SKU035,32
2025-02-21,SKU035,40
2025-02-22,SKU035,49
2025-02-23,SKU035,65
2025-02-24,SKU035,62
2025-02-25,SKU035,50
2025-02-26,SKU035,54
2025-02-27,SKU035,52
2025-02-28,SKU035,45
2025-03-01,SKU035,56
2025-03-02,SKU035,55
2025-03-03,SKU035,60
2025-03-04,SKU035,55
2025-03-05,SKU035,54
2025-03-06,SKU035,46
2025-03-07,SKU035,43
2025-03-08,SKU035,51
2025-03-09,SKU035,47
2025-03-10,SKU035,78
2025-03-11,SKU035,42
2025-03-12,SKU035,53
2025-03-13,SKU035,44
2025-03-14,SKU035,43
2025-03-15,SKU035,54
2025-03-16,SKU035,57
2025-03-17,SKU035,70
2025-03-18,SKU035,48
2025-03-19,SKU035,52
2025-03-20,SKU035,38
2025-03-21,SKU035,42
2025-03-22,SKU035,51
2025-03-23,SKU035,61
2025-03-24,SKU035,69
2025-03-25,SKU035,58
2025-03-26,SKU035,57
2025-03-27,SKU035,52
2025-03-28,SKU035,48
2025-03-29,SKU035,60
2025-03-30,SKU035,79
2025-03-31,SKU035,53
2025-04-01,SKU035,67
2025-04-02,SKU035,62
2025-04-03,SKU035,47
2025-04-04,SKU035,61
2025-04-05,SKU035,68
2025-04-06,SKU035,60
2025-04-07,SKU035,62
2025-04-08,SKU035,63
2025-04-09,SKU035,44
2025-04-10,SKU035,65
2025-04-11,SKU035,52
2025-04-12,SKU035,54
2025-04-13,SKU035,51
2025-04-14,SKU035,67
2025-04-15,SKU035,49
2025-04-16,SKU035,55
2025-04-17,SKU035,23
2025-04-18,SKU035,57
2025-04-19,SKU035,51
2025-04-20,SKU035,49
2025-04-21,SKU035,64
2025-04-22,SKU035,59
2025-04-23,SKU035,49
2025-04-24,SKU035,55
2025-04-25,SKU035,49
2025-04-26,SKU035,60
2025-04-27,SKU035,60
2025-04-28,SKU035,68
2025-04-29,SKU035,48
2025-04-30,SKU035,51
2025-05-01,SKU035,37
2025-05-02,SKU035,56
2025-05-03,SKU035,55
2025-05-04,SKU035,68
2025-05-05,SKU035,67
2025-05-06,SKU035,73
2025-05-07,SKU035,37
2025-05-08,SKU035,43
2025-05-09,SKU035,38
2025-05-10,SKU035,37
2025-05-11,SKU035,54
2025-05-12,SKU035,74
2025-05-13,SKU035,58
2025-05-14,SKU035,48
2025-05-15,SKU035,50
2025-05-16,SKU035,46
2025-05-17,SKU035,59
2025-05-18,SKU035,65
2025-05-19,SKU035,69
2025-05-20,SKU035,55
2025-05-21,SKU035,58
2025-05-22,SKU035,34
2025-05-23,SKU035,45
2025-05-24,SKU035,63
2025-05-25,SKU035,61
2025-05-26,SKU035,61
2025-05-27,SKU035,77
2025-05-28,SKU035,61
2025-05-29,SKU035,45
2025-05-30,SKU035,38
2025-05-31,SKU035,38
2025-06-01,SKU035,68
2025-06-02,SKU035,75
2025-06-03,SKU035,62
2025-06-04,SKU035,35
2025-06-05,SKU035,45
2025-06-06,SKU035,42
2025-06-07,SKU035,55
2025-06-08,SKU035,78
2025-06-09,SKU035,71
2025-06-10,SKU035,63
2025-06-11,SKU035,49
2025-06-12,SKU035,47
2025-06-13,SKU035,40
2025-06-14,SKU035,58
2025-06-15,SKU035,61
2025-06-16,SKU035,58
2025-06-17,SKU035,65
2025-06-18,SKU035,31
2025-06-19,SKU035,39
2025-06-20,SKU035,51
2025-06-21,SKU035,64
2025-06-22,SKU035,66
2025-06-23,SKU035,59
2025-06-24,SKU035,58
2025-06-25,SKU035,52
2025-06-26,SKU035,56
2025-06-27,SKU035,53
2025-06-28,SKU035,62
2025-06-29,SKU035,63
2025-06-30,SKU035,56
2025-07-01,SKU035,47
2025-07-02,SKU035,47
2025-07-03,SKU035,49
2025-07-04,SKU035,41
2025-07-05,SKU035,59
2024-06-01,SKU036,136
2024-06-02,SKU036,207
2024-06-03,SKU036,198
2024-06-04,SKU036,157
2024-06-05,SKU036,119
2024-06-06,SKU036,143
2024-06-07,SKU036,147
2024-06-08,SKU036,165
2024-06-09,SKU036,171
2024-06-10,SKU036,156
2024-06-11,SKU036,164
2024-06-12,SKU036,170
2024-06-13,SKU036,101
2024-06-14,SKU036,128
2024-06-15,SKU036,188
2024-06-16,SKU036,168
2024-06-17,SKU036,178
2024-06-18,SKU036,134
2024-06-19,SKU036,152
2024-06-20,SKU036,105
2024-06-21,SKU036,92
2024-06-22,SKU036,129
2024-06-23,SKU036,179
2024-06-24,SKU036,145
2024-06-25,SKU036,133
2024-06-26,SKU036,151
2024-06-27,SKU036,120
2024-06-28,SKU036,107
2024-06-29,SKU036,144
2024-06-30,SKU036,214
2024-07-01,SKU036,209
2024-07-02,SKU036,162
2024-07-03,SKU036,156
2024-07-04,SKU036,124
2024-07-05,SKU036,87
2024-07-06,SKU036,107
2024-07-07,SKU036,154
2024-07-08,SKU036,145
2024-07-09,SKU036,170
2024-07-10,SKU036,125
2024-07-11,SKU036,131
2024-07-12,SKU036,137
2024-07-13,SKU036,167
2024-07-14,SKU036,154
2024-07-15,SKU036,192
2024-07-16,SKU036,142
2024-07-17,SKU036,154
2024-07-18,SKU036,149
2024-07-19,SKU036,144
2024-07-20,SKU036,147
2024-07-21,SKU036,187
2024-07-22,SKU036,146
2024-07-23,SKU036,124
2024-07-24,SKU036,148
2024-07-25,SKU036,151
2024-07-26,SKU036,99
2024-07-27,SKU036,151
2024-07-28,SKU036,185
2024-07-29,SKU036,167
2024-07-30,SKU036,156
2024-07-31,SKU036,152
2024-08-01,SKU036,124
2024-08-02,SKU036,130
2024-08-03,SKU036,129
2024-08-04,SKU036,174
2024-08-05,SKU036,171
2024-08-06,SKU036,156
2024-08-07,SKU036,126
2024-08-08,SKU036,121
2024-08-09,SKU036,108
2024-08-10,SKU036,151
2024-08-11,SKU036,166
2024-08-12,SKU036,159
2024-08-13,SKU036,120
2024-08-14,SKU036,159
2024-08-15,SKU036,138
2024-08-16,SKU036,109
2024-08-17,SKU036,166
2024-08-18,SKU036,151
2024-08-19,SKU036,173
2024-08-20,SKU036,152
2024-08-21,SKU036,132
2024-08-22,SKU036,136
2024-08-23,SKU036,118
2024-08-24,SKU036,143
2024-08-25,SKU036,191
2024-08-26,SKU036,182
2024-08-27,SKU036,151
2024-08-28,SKU036,143
2024-08-29,SKU036,144
2024-08-30,SKU036,151
2024-08-31,SKU036,121
2024-09-01,SKU036,146
2024-09-02,SKU036,203
2024-09-03,SKU036,158
2024-09-04,SKU036,88
2024-09-05,SKU036,105
2024-09-06,SKU036,117
2024-09-07,SKU036,144
2024-09-08,SKU036,192
2024-09-09,SKU036,159
2024-09-10,SKU036,185
2024-09-11,SKU036,144
2024-09-12,SKU036,92
2024-09-13,SKU036,120
2024-09-14,SKU036,162
2024-09-15,SKU036,176
2024-09-16,SKU036,189
2024-09-17,SKU036,151
2024-09-18,SKU036,150
2024-09-19,SKU036,113
2024-09-20,SKU036,185
2024-09-21,SKU036,121
2024-09-22,SKU036,236
2024-09-23,SKU036,159
2024-09-24,SKU036,193
2024-09-25,SKU036,157
2024-09-26,SKU036,101
2024-09-27,SKU036,141
2024-09-28,SKU036,140
2024-09-29,SKU036,181
2024-09-30,SKU036,184
2024-10-01,SKU036,156
2024-10-02,SKU036,128
2024-10-03,SKU036,129
2024-10-04,SKU036,107
2024-10-05,SKU036,131
2024-10-06,SKU036,196
2024-10-07,SKU036,190
2024-10-08,SKU036,135
2024-10-09,SKU036,115
2024-10-10,SKU036,73
2024-10-11,SKU036,148
2024-10-12,SKU036,167
2024-10-13,SKU036,150
2024-10-14,SKU036,195
2024-10-15,SKU036,209
2024-10-16,SKU036,103
2024-10-17,SKU036,108
2024-10-18,SKU036,92
2024-10-19,SKU036,172
2024-10-20,SKU036,172
2024-10-21,SKU036,171
2024-10-22,SKU036,169
2024-10-23,SKU036,125
2024-10-24,SKU036,112
2024-10-25,SKU036,134
2024-10-26,SKU036,137
2024-10-27,SKU036,164
2024-10-28,SKU036,177
2024-10-29,SKU036,166
2024-10-30,SKU036,152
2024-10-31,SKU036,135
2024-11-01,SKU036,93
2024-11-02,SKU036,183
2024-11-03,SKU036,176
2024-11-04,SKU036,173
2024-11-05,SKU036,144
2024-11-06,SKU036,183
2024-11-07,SKU036,175
2024-11-08,SKU036,170
2024-11-09,SKU036,154
2024-11-10,SKU036,182
2024-11-11,SKU036,214
2024-11-12,SKU036,159
2024-11-13,SKU036,150
2024-11-14,SKU036,127
2024-11-15,SKU036,171
2024-11-16,SKU036,184
2024-11-17,SKU036,171
2024-11-18,SKU036,215
2024-11-19,SKU036,164
2024-11-20,SKU036,126
2024-11-21,SKU036,115
2024-11-22,SKU036,131
2024-11-23,SKU036,133
2024-11-24,SKU036,163
2024-11-25,SKU036,148
2024-11-26,SKU036,145
2024-11-27,SKU036,143
2024-11-28,SKU036,145
2024-11-29,SKU036,148
2024-11-30,SKU036,161
2024-12-01,SKU036,140
2024-12-02,SKU036,161
2024-12-03,SKU036,160
2024-12-04,SKU036,160
2024-12-05,SKU036,109
2024-12-06,SKU036,100
2024-12-07,SKU036,184
2024-12-08,SKU036,158
2024-12-09,SKU036,155
2024-12-10,SKU036,169
2024-12-11,SKU036,137
2024-12-12,SKU036,110
2024-12-13,SKU036,127
2024-12-14,SKU036,130
2024-12-15,SKU036,163
2024-12-16,SKU036,180
2024-12-17,SKU036,118
2024-12-18,SKU036,160
2024-12-19,SKU036,90
2024-12-20,SKU036,106
2024-12-21,SKU036,174
2024-12-22,SKU036,188
2024-12-23,SKU036,182
2024-12-24,SKU036,125
2024-12-25,SKU036,124
2024-12-26,SKU036,117
2024-12-27,SKU036,124
2024-12-28,SKU036,177
2024-12-29,SKU036,220
2024-12-30,SKU036,194
2024-12-31,SKU036,152
2025-01-01,SKU036,165
2025-01-02,SKU036,108
2025-01-03,SKU036,68
2025-01-04,SKU036,123
2025-01-05,SKU036,121
2025-01-06,SKU036,172
2025-01-07,SKU036,160
2025-01-08,SKU036,102
2025-01-09,SKU036,102
2025-01-10,SKU036,95
2025-01-11,SKU036,148
2025-01-12,SKU036,155
2025-01-13,SKU036,203
2025-01-14,SKU036,168
2025-01-15,SKU036,174
2025-01-16,SKU036,111
2025-01-17,SKU036,176
2025-01-18,SKU036,151
2025-01-19,SKU036,163
2025-01-20,SKU036,235
2025-01-21,SKU036,123
2025-01-22,SKU036,125
2025-01-23,SKU036,84
2025-01-24,SKU036,86
2025-01-25,SKU036,104
2025-01-26,SKU036,189
2025-01-27,SKU036,150
2025-01-28,SKU036,158
2025-01-29,SKU036,158
2025-01-30,SKU036,132
2025-01-31,SKU036,137
2025-02-01,SKU036,178
2025-02-02,SKU036,211
2025-02-03,SKU036,152
2025-02-04,SKU036,175
2025-02-05,SKU036,132
2025-02-06,SKU036,118
2025-02-07,SKU036,93
2025-02-08,SKU036,139
2025-02-09,SKU036,165
2025-02-10,SKU036,213
2025-02-11,SKU036,138
2025-02-12,SKU036,84
2025-02-13,SKU036,121
2025-02-14,SKU036,99
2025-02-15,SKU036,148
2025-02-16,SKU036,190
2025-02-17,SKU036,178
2025-02-18,SKU036,154
2025-02-19,SKU036,134
2025-02-20,SKU036,141
2025-02-21,SKU036,101
2025-02-22,SKU036,168
2025-02-23,SKU036,152
2025-02-24,SKU036,194
2025-02-25,SKU036,129
2025-02-26,SKU036,150
2025-02-27,SKU036,119
2025-02-28,SKU036,130
2025-03-01,SKU036,173
2025-03-02,SKU036,156
2025-03-03,SKU036,180
2025-03-04,SKU036,171
2025-03-05,SKU036,131
2025-03-06,SKU036,138
2025-03-07,SKU036,135
2025-03-08,SKU036,138
2025-03-09,SKU036,203
2025-03-10,SKU036,193
2025-03-11,SKU036,145
2025-03-12,SKU036,119
2025-03-13,SKU036,117
2025-03-14,SKU036,138
2025-03-15,SKU036,101
2025-03-16,SKU036,156
2025-03-17,SKU036,167
2025-03-18,SKU036,132
2025-03-19,SKU036,115
2025-03-20,SKU036,125
2025-03-21,SKU036,116
2025-03-22,SKU036,142
2025-03-23,SKU036,143
2025-03-24,SKU036,176
2025-03-25,SKU036,130
2025-03-26,SKU036,171
2025-03-27,SKU036,161
2025-03-28,SKU036,117
2025-03-29,SKU036,126
2025-03-30,SKU036,194
2025-03-31,SKU036,194
2025-04-01,SKU036,207
2025-04-02,SKU036,186
2025-04-03,SKU036,76
2025-04-04,SKU036,154
2025-04-05,SKU036,146
2025-04-06,SKU036,187
2025-04-07,SKU036,198
2025-04-08,SKU036,181
2025-04-09,SKU036,161
2025-04-10,SKU036,109
2025-04-11,SKU036,106
2025-04-12,SKU036,178
2025-04-13,SKU036,155
2025-04-14,SKU036,223
2025-04-15,SKU036,147
2025-04-16,SKU036,129
2025-04-17,SKU036,117
2025-04-18,SKU036,92
2025-04-19,SKU036,116
2025-04-20,SKU036,195
2025-04-21,SKU036,141
2025-04-22,SKU036,221
2025-04-23,SKU036,136
2025-04-24,SKU036,98
2025-04-25,SKU036,137
2025-04-26,SKU036,95
2025-04-27,SKU036,167
2025-04-28,SKU036,176
2025-04-29,SKU036,135
2025-04-30,SKU036,124
2025-05-01,SKU036,156
2025-05-02,SKU036,132
2025-05-03,SKU036,160
2025-05-04,SKU036,157
2025-05-05,SKU036,150
2025-05-06,SKU036,159
2025-05-07,SKU036,82
2025-05-08,SKU036,97
2025-05-09,SKU036,99
2025-05-10,SKU036,105
2025-05-11,SKU036,189
2025-05-12,SKU036,177
2025-05-13,SKU036,150
2025-05-14,SKU036,153
2025-05-15,SKU036,84
2025-05-16,SKU036,97
2025-05-17,SKU036,176
2025-05-18,SKU036,226
2025-05-19,SKU036,196
2025-05-20,SKU036,175
2025-05-21,SKU036,125
2025-05-22,SKU036,109
2025-05-23,SKU036,133
2025-05-24,SKU036,182
2025-05-25,SKU036,184
2025-05-26,SKU036,202
2025-05-27,SKU036,143
2025-05-28,SKU036,152
2025-05-29,SKU036,106
2025-05-30,SKU036,131
2025-05-31,SKU036,165
2025-06-01,SKU036,163
2025-06-02,SKU036,157
2025-06-03,SKU036,172
2025-06-04,SKU036,135
2025-06-05,SKU036,125
2025-06-06,SKU036,142
2025-06-07,SKU036,181
2025-06-08,SKU036,190
2025-06-09,SKU036,192
2025-06-10,SKU036,153
2025-06-11,SKU036,130
2025-06-12,SKU036,132
2025-06-13,SKU036,119
2025-06-14,SKU036,161
2025-06-15,SKU036,156
2025-06-16,SKU036,224
2025-06-17,SKU036,168
2025-06-18,SKU036,141
2025-06-19,SKU036,111
2025-06-20,SKU036,171
2025-06-21,SKU036,123
2025-06-22,SKU036,159
2025-06-23,SKU036,200
2025-06-24,SKU036,170
2025-06-25,SKU036,125
2025-06-26,SKU036,109
2025-06-27,SKU036,121
2025-06-28,SKU036,153
2025-06-29,SKU036,210
2025-06-30,SKU036,194
2025-07-01,SKU036,187
2025-07-02,SKU036,128
2025-07-03,SKU036,133
2025-07-04,SKU036,92
2025-07-05,SKU036,155
2024-06-01,SKU037,88
2024-06-02,SKU037,123
2024-06-03,SKU037,123
2024-06-04,SKU037,90
2024-06-05,SKU037,68
2024-06-06,SKU037,59
2024-06-07,SKU037,69
2024-06-08,SKU037,103
2024-06-09,SKU037,105
2024-06-10,SKU037,109
2024-06-11,SKU037,104
2024-06-12,SKU037,66
2024-06-13,SKU037,60
2024-06-14,SKU037,79
2024-06-15,SKU037,76
2024-06-16,SKU037,80
2024-06-17,SKU037,89
2024-06-18,SKU037,107
2024-06-19,SKU037,74
2024-06-20,SKU037,72
2024-06-21,SKU037,59
2024-06-22,SKU037,91
2024-06-23,SKU037,96
2024-06-24,SKU037,109
2024-06-25,SKU037,87
2024-06-26,SKU037,85
2024-06-27,SKU037,62
2024-06-28,SKU037,72
2024-06-29,SKU037,82
2024-06-30,SKU037,100
2024-07-01,SKU037,106
2024-07-02,SKU037,87
2024-07-03,SKU037,77
2024-07-04,SKU037,72
2024-07-05,SKU037,79
2024-07-06,SKU037,85
2024-07-07,SKU037,88
2024-07-08,SKU037,104
2024-07-09,SKU037,102
2024-07-10,SKU037,61
2024-07-11,SKU037,52
2024-07-12,SKU037,64
2024-07-13,SKU037,84
2024-07-14,SKU037,71
2024-07-15,SKU037,110
2024-07-16,SKU037,91
2024-07-17,SKU037,48
2024-07-18,SKU037,55
2024-07-19,SKU037,69
2024-07-20,SKU037,63
2024-07-21,SKU037,112
2024-07-22,SKU037,105
2024-07-23,SKU037,102
2024-07-24,SKU037,65
2024-07-25,SKU037,75
2024-07-26,SKU037,64
2024-07-27,SKU037,84
2024-07-28,SKU037,104
2024-07-29,SKU037,102
2024-07-30,SKU037,104
2024-07-31,SKU037,80
2024-08-01,SKU037,63
2024-08-02,SKU037,83
2024-08-03,SKU037,100
2024-08-04,SKU037,101
2024-08-05,SKU037,120
2024-08-06,SKU037,90
2024-08-07,SKU037,77
2024-08-08,SKU037,69
2024-08-09,SKU037,71
2024-08-10,SKU037,82
2024-08-11,SKU037,90
2024-08-12,SKU037,90
2024-08-13,SKU037,95
2024-08-14,SKU037,94
2024-08-15,SKU037,80
2024-08-16,SKU037,78
2024-08-17,SKU037,102
2024-08-18,SKU037,100
2024-08-19,SKU037,90
2024-08-20,SKU037,89
2024-08-21,SKU037,78
2024-08-22,SKU037,63
2024-08-23,SKU037,80
2024-08-24,SKU037,98
2024-08-25,SKU037,77
2024-08-26,SKU037,101
2024-08-27,SKU037,56
2024-08-28,SKU037,77
2024-08-29,SKU037,68
2024-08-30,SKU037,95
2024-08-31,SKU037,105
2024-09-01,SKU037,111
2024-09-02,SKU037,90
2024-09-03,SKU037,80
2024-09-04,SKU037,64
2024-09-05,SKU037,89
2024-09-06,SKU037,61
2024-09-07,SKU037,81
2024-09-08,SKU037,88
2024-09-09,SKU037,87
2024-09-10,SKU037,98
2024-09-11,SKU037,81
2024-09-12,SKU037,41
2024-09-13,SKU037,56
2024-09-14,SKU037,89
2024-09-15,SKU037,99
2024-09-16,SKU037,98
2024-09-17,SKU037,101
2024-09-18,SKU037,60
2024-09-19,SKU037,62
2024-09-20,SKU037,79
2024-09-21,SKU037,78
2024-09-22,SKU037,103
2024-09-23,SKU037,88
2024-09-24,SKU037,83
2024-09-25,SKU037,56
2024-09-26,SKU037,43
2024-09-27,SKU037,66
2024-09-28,SKU037,92
2024-09-29,SKU037,98
2024-09-30,SKU037,118
2024-10-01,SKU037,88
2024-10-02,SKU037,51
2024-10-03,SKU037,74
2024-10-04,SKU037,59
2024-10-05,SKU037,88
2024-10-06,SKU037,70
2024-10-07,SKU037,99
2024-10-08,SKU037,103
2024-10-09,SKU037,86
2024-10-10,SKU037,66
2024-10-11,SKU037,72
2024-10-12,SKU037,80
2024-10-13,SKU037,96
2024-10-14,SKU037,111
2024-10-15,SKU037,84
2024-10-16,SKU037,70
2024-10-17,SKU037,49
2024-10-18,SKU037,81
2024-10-19,SKU037,82
2024-10-20,SKU037,83
2024-10-21,SKU037,113
2024-10-22,SKU037,92
2024-10-23,SKU037,68
2024-10-24,SKU037,80
2024-10-25,SKU037,67
2024-10-26,SKU037,65
2024-10-27,SKU037,111
2024-10-28,SKU037,91
2024-10-29,SKU037,132
2024-10-30,SKU037,72
2024-10-31,SKU037,43
2024-11-01,SKU037,94
2024-11-02,SKU037,85
2024-11-03,SKU037,102
2024-11-04,SKU037,107
2024-11-05,SKU037,75
2024-11-06,SKU037,50
2024-11-07,SKU037,94
2024-11-08,SKU037,52
2024-11-09,SKU037,106
2024-11-10,SKU037,106
2024-11-11,SKU037,104
2024-11-12,SKU037,87
2024-11-13,SKU037,108
2024-11-14,SKU037,60
2024-11-15,SKU037,63
2024-11-16,SKU037,94
2024-11-17,SKU037,90
2024-11-18,SKU037,89
2024-11-19,SKU037,92
2024-11-20,SKU037,87
2024-11-21,SKU037,93
2024-11-22,SKU037,99
2024-11-23,SKU037,62
2024-11-24,SKU037,112
2024-11-25,SKU037,89
2024-11-26,SKU037,81
2024-11-27,SKU037,71
2024-11-28,SKU037,61
2024-11-29,SKU037,58
2024-11-30,SKU037,55
2024-12-01,SKU037,117
2024-12-02,SKU037,114
2024-12-03,SKU037,93
2024-12-04,SKU037,65
2024-12-05,SKU037,85
2024-12-06,SKU037,71
2024-12-07,SKU037,78
2024-12-08,SKU037,78
2024-12-09,SKU037,109
2024-12-10,SKU037,88
2024-12-11,SKU037,81
2024-12-12,SKU037,71
2024-12-13,SKU037,80
2024-12-14,SKU037,88
2024-12-15,SKU037,95
2024-12-16,SKU037,109
2024-12-17,SKU037,105
2024-12-18,SKU037,98
2024-12-19,SKU037,54
2024-12-20,SKU037,86
2024-12-21,SKU037,65
2024-12-22,SKU037,112
2024-12-23,SKU037,95
2024-12-24,SKU037,104
2024-12-25,SKU037,97
2024-12-26,SKU037,72
2024-12-27,SKU037,72
2024-12-28,SKU037,85
2024-12-29,SKU037,93
2024-12-30,SKU037,117
2024-12-31,SKU037,92
2025-01-01,SKU037,50
2025-01-02,SKU037,81
2025-01-03,SKU037,83
2025-01-04,SKU037,87
2025-01-05,SKU037,89
2025-01-06,SKU037,88
2025-01-07,SKU037,83
2025-01-08,SKU037,81
2025-01-09,SKU037,45
2025-01-10,SKU037,78
2025-01-11,SKU037,87
2025-01-12,SKU037,116
2025-01-13,SKU037,112
2025-01-14,SKU037,84
2025-01-15,SKU037,57
2025-01-16,SKU037,59
2025-01-17,SKU037,90
2025-01-18,SKU037,90
2025-01-19,SKU037,107
2025-01-20,SKU037,95
2025-01-21,SKU037,100
2025-01-22,SKU037,59
2025-01-23,SKU037,81
2025-01-24,SKU037,58
2025-01-25,SKU037,61
2025-01-26,SKU037,129
2025-01-27,SKU037,105
2025-01-28,SKU037,95
2025-01-29,SKU037,54
2025-01-30,SKU037,77
2025-01-31,SKU037,84
2025-02-01,SKU037,83
2025-02-02,SKU037,111
2025-02-03,SKU037,118
2025-02-04,SKU037,100
2025-02-05,SKU037,51
2025-02-06,SKU037,54
2025-02-07,SKU037,94
2025-02-08,SKU037,87
2025-02-09,SKU037,101
2025-02-10,SKU037,92
2025-02-11,SKU037,85
2025-02-12,SKU037,94
2025-02-13,SKU037,89
2025-02-14,SKU037,83
2025-02-15,SKU037,93
2025-02-16,SKU037,108
2025-02-17,SKU037,102
2025-02-18,SKU037,78
2025-02-19,SKU037,60
2025-02-20,SKU037,86
2025-02-21,SKU037,72
2025-02-22,SKU037,92
2025-02-23,SKU037,102
2025-02-24,SKU037,106
2025-02-25,SKU037,98
2025-02-26,SKU037,88
2025-02-27,SKU037,59
2025-02-28,SKU037,88
2025-03-01,SKU037,76
2025-03-02,SKU037,103
2025-03-03,SKU037,88
2025-03-04,SKU037,91
2025-03-05,SKU037,70
2025-03-06,SKU037,70
2025-03-07,SKU037,82
2025-03-08,SKU037,87
2025-03-09,SKU037,125
2025-03-10,SKU037,113
2025-03-11,SKU037,91
2025-03-12,SKU037,77
2025-03-13,SKU037,74
2025-03-14,SKU037,82
2025-03-15,SKU037,70
2025-03-16,SKU037,108
2025-03-17,SKU037,87
2025-03-18,SKU037,100
2025-03-19,SKU037,93
2025-03-20,SKU037,73
2025-03-21,SKU037,43
2025-03-22,SKU037,63
2025-03-23,SKU037,107
2025-03-24,SKU037,71
2025-03-25,SKU037,101
2025-03-26,SKU037,91
2025-03-27,SKU037,84
2025-03-28,SKU037,69
2025-03-29,SKU037,92
2025-03-30,SKU037,102
2025-03-31,SKU037,84
2025-04-01,SKU037,103
2025-04-02,SKU037,96
2025-04-03,SKU037,78
2025-04-04,SKU037,66
2025-04-05,SKU037,96
2025-04-06,SKU037,116
2025-04-07,SKU037,118
2025-04-08,SKU037,107
2025-04-09,SKU037,58
2025-04-10,SKU037,74
2025-04-11,SKU037,81
2025-04-12,SKU037,99
2025-04-13,SKU037,106
2025-04-14,SKU037,123
2025-04-15,SKU037,70
2025-04-16,SKU037,86
2025-04-17,SKU037,75
2025-04-18,SKU037,84
2025-04-19,SKU037,106
2025-04-20,SKU037,88
2025-04-21,SKU037,122
2025-04-22,SKU037,104
2025-04-23,SKU037,76
2025-04-24,SKU037,58
2025-04-25,SKU037,75
2025-04-26,SKU037,90
2025-04-27,SKU037,104
2025-04-28,SKU037,95
2025-04-29,SKU037,101
2025-04-30,SKU037,73
2025-05-01,SKU037,85
2025-05-02,SKU037,95
2025-05-03,SKU037,76
2025-05-04,SKU037,100
2025-05-05,SKU037,115
2025-05-06,SKU037,97
2025-05-07,SKU037,61
2025-05-08,SKU037,80
2025-05-09,SKU037,65
2025-05-10,SKU037,89
2025-05-11,SKU037,87
2025-05-12,SKU037,113
2025-05-13,SKU037,88
2025-05-14,SKU037,90
2025-05-15,SKU037,66
2025-05-16,SKU037,66
2025-05-17,SKU037,91
2025-05-18,SKU037,86
2025-05-19,SKU037,126
2025-05-20,SKU037,96
2025-05-21,SKU037,71
2025-05-22,SKU037,64
2025-05-23,SKU037,73
2025-05-24,SKU037,99
2025-05-25,SKU037,88
2025-05-26,SKU037,98
2025-05-27,SKU037,93
2025-05-28,SKU037,98
2025-05-29,SKU037,82
2025-05-30,SKU037,93
2025-05-31,SKU037,86
2025-06-01,SKU037,118
2025-06-02,SKU037,119
2025-06-03,SKU037,102
2025-06-04,SKU037,89
2025-06-05,SKU037,62
2025-06-06,SKU037,96
2025-06-07,SKU037,83
2025-06-08,SKU037,107
2025-06-09,SKU037,111
2025-06-10,SKU037,76
2025-06-11,SKU037,78
2025-06-12,SKU037,72
2025-06-13,SKU037,71
2025-06-14,SKU037,85
2025-06-15,SKU037,119
2025-06-16,SKU037,92
2025-06-17,SKU037,77
2025-06-18,SKU037,71
2025-06-19,SKU037,79
2025-06-20,SKU037,83
2025-06-21,SKU037,94
2025-06-22,SKU037,111
2025-06-23,SKU037,106
2025-06-24,SKU037,87
2025-06-25,SKU037,66
2025-06-26,SKU037,53
2025-06-27,SKU037,70
2025-06-28,SKU037,96
2025-06-29,SKU037,103
2025-06-30,SKU037,103
2025-07-01,SKU037,80
2025-07-02,SKU037,112
2025-07-03,SKU037,59
2025-07-04,SKU037,74
2025-07-05,SKU037,99
2024-06-01,SKU038,122
2024-06-02,SKU038,178
2024-06-03,SKU038,138
2024-06-04,SKU038,187
2024-06-05,SKU038,133
2024-06-06,SKU038,107
2024-06-07,SKU038,88
2024-06-08,SKU038,115
2024-06-09,SKU038,160
2024-06-10,SKU038,206
2024-06-11,SKU038,156
2024-06-12,SKU038,134
2024-06-13,SKU038,120
2024-06-14,SKU038,167
2024-06-15,SKU038,130
2024-06-16,SKU038,193
2024-06-17,SKU038,158
2024-06-18,SKU038,136
2024-06-19,SKU038,125
2024-06-20,SKU038,110
2024-06-21,SKU038,129
2024-06-22,SKU038,91
2024-06-23,SKU038,164
2024-06-24,SKU038,154
2024-06-25,SKU038,136
2024-06-26,SKU038,100
2024-06-27,SKU038,104
2024-06-28,SKU038,106
2024-06-29,SKU038,130
2024-06-30,SKU038,127
2024-07-01,SKU038,168
2024-07-02,SKU038,135
2024-07-03,SKU038,93
2024-07-04,SKU038,100
2024-07-05,SKU038,101
2024-07-06,SKU038,140
2024-07-07,SKU038,149
2024-07-08,SKU038,136
2024-07-09,SKU038,133
2024-07-10,SKU038,91
2024-07-11,SKU038,136
2024-07-12,SKU038,144
2024-07-13,SKU038,169
2024-07-14,SKU038,148
2024-07-15,SKU038,193
2024-07-16,SKU038,160
2024-07-17,SKU038,110
2024-07-18,SKU038,99
2024-07-19,SKU038,114
2024-07-20,SKU038,141
2024-07-21,SKU038,168
2024-07-22,SKU038,166
2024-07-23,SKU038,144
2024-07-24,SKU038,155
2024-07-25,SKU038,110
2024-07-26,SKU038,114
2024-07-27,SKU038,134
2024-07-28,SKU038,158
2024-07-29,SKU038,138
2024-07-30,SKU038,130
2024-07-31,SKU038,178
2024-08-01,SKU038,77
2024-08-02,SKU038,123
2024-08-03,SKU038,146
2024-08-04,SKU038,182
2024-08-05,SKU038,174
2024-08-06,SKU038,190
2024-08-07,SKU038,132
2024-08-08,SKU038,140
2024-08-09,SKU038,139
2024-08-10,SKU038,171
2024-08-11,SKU038,161
2024-08-12,SKU038,174
2024-08-13,SKU038,143
2024-08-14,SKU038,130
2024-08-15,SKU038,116
2024-08-16,SKU038,74
2024-08-17,SKU038,136
2024-08-18,SKU038,179
2024-08-19,SKU038,138
2024-08-20,SKU038,130
2024-08-21,SKU038,151
2024-08-22,SKU038,140
2024-08-23,SKU038,104
2024-08-24,SKU038,143
2024-08-25,SKU038,159
2024-08-26,SKU038,191
2024-08-27,SKU038,140
2024-08-28,SKU038,119
2024-08-29,SKU038,140
2024-08-30,SKU038,96
2024-08-31,SKU038,129
2024-09-01,SKU038,164
2024-09-02,SKU038,198
2024-09-03,SKU038,126
2024-09-04,SKU038,112
2024-09-05,SKU038,124
2024-09-06,SKU038,133
2024-09-07,SKU038,143
2024-09-08,SKU038,158
2024-09-09,SKU038,169
2024-09-10,SKU038,120
2024-09-11,SKU038,129
2024-09-12,SKU038,143
2024-09-13,SKU038,90
2024-09-14,SKU038,123
2024-09-15,SKU038,152
2024-09-16,SKU038,159
2024-09-17,SKU038,189
2024-09-18,SKU038,108
2024-09-19,SKU038,88
2024-09-20,SKU038,133
2024-09-21,SKU038,126
2024-09-22,SKU038,177
2024-09-23,SKU038,162
2024-09-24,SKU038,161
2024-09-25,SKU038,94
2024-09-26,SKU038,121
2024-09-27,SKU038,122
2024-09-28,SKU038,134
2024-09-29,SKU038,135
2024-09-30,SKU038,171
2024-10-01,SKU038,166
2024-10-02,SKU038,116
2024-10-03,SKU038,101
2024-10-04,SKU038,134
2024-10-05,SKU038,175
2024-10-06,SKU038,180
2024-10-07,SKU038,171
2024-10-08,SKU038,146
2024-10-09,SKU038,126
2024-10-10,SKU038,84
2024-10-11,SKU038,114
2024-10-12,SKU038,162
2024-10-13,SKU038,162
2024-10-14,SKU038,153
2024-10-15,SKU038,136
2024-10-16,SKU038,126
2024-10-17,SKU038,86
2024-10-18,SKU038,98
2024-10-19,SKU038,171
2024-10-20,SKU038,139
2024-10-21,SKU038,149
2024-10-22,SKU038,157
2024-10-23,SKU038,118
2024-10-24,SKU038,114
2024-10-25,SKU038,135
2024-10-26,SKU038,107
2024-10-27,SKU038,176
2024-10-28,SKU038,154
2024-10-29,SKU038,145
2024-10-30,SKU038,167
2024-10-31,SKU038,83
2024-11-01,SKU038,130
2024-11-02,SKU038,163
2024-11-03,SKU038,146
2024-11-04,SKU038,152
2024-11-05,SKU038,143
2024-11-06,SKU038,113
2024-11-07,SKU038,113
2024-11-08,SKU038,136
2024-11-09,SKU038,131
2024-11-10,SKU038,180
2024-11-11,SKU038,195
2024-11-12,SKU038,160
2024-11-13,SKU038,138
2024-11-14,SKU038,100
2024-11-15,SKU038,63
2024-11-16,SKU038,151
2024-11-17,SKU038,177
2024-11-18,SKU038,171
2024-11-19,SKU038,170
2024-11-20,SKU038,116
2024-11-21,SKU038,123
2024-11-22,SKU038,148
2024-11-23,SKU038,153
2024-11-24,SKU038,189
2024-11-25,SKU038,194
2024-11-26,SKU038,126
2024-11-27,SKU038,142
2024-11-28,SKU038,99
2024-11-29,SKU038,94
2024-11-30,SKU038,133
2024-12-01,SKU038,197
2024-12-02,SKU038,155
2024-12-03,SKU038,114
2024-12-04,SKU038,97
2024-12-05,SKU038,122
2024-12-06,SKU038,101
2024-12-07,SKU038,96
2024-12-08,SKU038,131
2024-12-09,SKU038,170
2024-12-10,SKU038,167
2024-12-11,SKU038,118
2024-12-12,SKU038,125
2024-12-13,SKU038,136
2024-12-14,SKU038,123
2024-12-15,SKU038,158
2024-12-16,SKU038,154
2024-12-17,SKU038,162
2024-12-18,SKU038,114
2024-12-19,SKU038,87
2024-12-20,SKU038,118
2024-12-21,SKU038,162
2024-12-22,SKU038,171
2024-12-23,SKU038,187
2024-12-24,SKU038,170
2024-12-25,SKU038,128
2024-12-26,SKU038,99
2024-12-27,SKU038,99
2024-12-28,SKU038,106
2024-12-29,SKU038,186
2024-12-30,SKU038,159
2024-12-31,SKU038,116
2025-01-01,SKU038,153
2025-01-02,SKU038,114
2025-01-03,SKU038,137
2025-01-04,SKU038,134
2025-01-05,SKU038,144
2025-01-06,SKU038,175
2025-01-07,SKU038,162
2025-01-08,SKU038,121
2025-01-09,SKU038,139
2025-01-10,SKU038,137
2025-01-11,SKU038,151
2025-01-12,SKU038,138
2025-01-13,SKU038,140
2025-01-14,SKU038,176
2025-01-15,SKU038,81
2025-01-16,SKU038,110
2025-01-17,SKU038,120
2025-01-18,SKU038,129
2025-01-19,SKU038,160
2025-01-20,SKU038,175
2025-01-21,SKU038,139
2025-01-22,SKU038,145
2025-01-23,SKU038,124
2025-01-24,SKU038,114
2025-01-25,SKU038,122
2025-01-26,SKU038,159
2025-01-27,SKU038,210
2025-01-28,SKU038,135
2025-01-29,SKU038,159
2025-01-30,SKU038,75
2025-01-31,SKU038,99
2025-02-01,SKU038,128
2025-02-02,SKU038,181
2025-02-03,SKU038,167
2025-02-04,SKU038,178
2025-02-05,SKU038,120
2025-02-06,SKU038,111
2025-02-07,SKU038,110
2025-02-08,SKU038,181
2025-02-09,SKU038,137
2025-02-10,SKU038,156
2025-02-11,SKU038,131
2025-02-12,SKU038,139
2025-02-13,SKU038,88
2025-02-14,SKU038,155
2025-02-15,SKU038,141
2025-02-16,SKU038,169
2025-02-17,SKU038,176
2025-02-18,SKU038,151
2025-02-19,SKU038,129
2025-02-20,SKU038,114
2025-02-21,SKU038,128
2025-02-22,SKU038,122
2025-02-23,SKU038,140
2025-02-24,SKU038,183
2025-02-25,SKU038,151
2025-02-26,SKU038,85
2025-02-27,SKU038,102
2025-02-28,SKU038,149
2025-03-01,SKU038,136
2025-03-02,SKU038,150
2025-03-03,SKU038,135
2025-03-04,SKU038,139
2025-03-05,SKU038,103
2025-03-06,SKU038,121
2025-03-07,SKU038,118
2025-03-08,SKU038,131
2025-03-09,SKU038,145
2025-03-10,SKU038,198
2025-03-11,SKU038,136
2025-03-12,SKU038,112
2025-03-13,SKU038,107
2025-03-14,SKU038,115
2025-03-15,SKU038,149
2025-03-16,SKU038,180
2025-03-17,SKU038,184
2025-03-18,SKU038,202
2025-03-19,SKU038,92
2025-03-20,SKU038,117
2025-03-21,SKU038,106
2025-03-22,SKU038,181
2025-03-23,SKU038,164
2025-03-24,SKU038,124
2025-03-25,SKU038,160
2025-03-26,SKU038,133
2025-03-27,SKU038,128
2025-03-28,SKU038,102
2025-03-29,SKU038,146
2025-03-30,SKU038,155
2025-03-31,SKU038,152
2025-04-01,SKU038,158
2025-04-02,SKU038,130
2025-04-03,SKU038,134
2025-04-04,SKU038,118
2025-04-05,SKU038,152
2025-04-06,SKU038,136
2025-04-07,SKU038,195
2025-04-08,SKU038,135
2025-04-09,SKU038,146
2025-04-10,SKU038,117
2025-04-11,SKU038,120
2025-04-12,SKU038,155
2025-04-13,SKU038,116
2025-04-14,SKU038,154
2025-04-15,SKU038,167
2025-04-16,SKU038,167
2025-04-17,SKU038,111
2025-04-18,SKU038,66
2025-04-19,SKU038,132
2025-04-20,SKU038,159
2025-04-21,SKU038,189
2025-04-22,SKU038,152
2025-04-23,SKU038,100
2025-04-24,SKU038,132
2025-04-25,SKU038,129
2025-04-26,SKU038,124
2025-04-27,SKU038,176
2025-04-28,SKU038,155
2025-04-29,SKU038,145
2025-04-30,SKU038,116
2025-05-01,SKU038,105
2025-05-02,SKU038,136
2025-05-03,SKU038,102
2025-05-04,SKU038,184
2025-05-05,SKU038,170
2025-05-06,SKU038,143
2025-05-07,SKU038,127
2025-05-08,SKU038,93
2025-05-09,SKU038,83
2025-05-10,SKU038,121
2025-05-11,SKU038,121
2025-05-12,SKU038,138
2025-05-13,SKU038,117
2025-05-14,SKU038,152
2025-05-15,SKU038,85
2025-05-16,SKU038,116
2025-05-17,SKU038,162
2025-05-18,SKU038,178
2025-05-19,SKU038,160
2025-05-20,SKU038,145
2025-05-21,SKU038,131
2025-05-22,SKU038,156
2025-05-23,SKU038,126
2025-05-24,SKU038,153
2025-05-25,SKU038,208
2025-05-26,SKU038,172
2025-05-27,SKU038,175
2025-05-28,SKU038,137
2025-05-29,SKU038,122
2025-05-30,SKU038,97
2025-05-31,SKU038,115
2025-06-01,SKU038,150
2025-06-02,SKU038,184
2025-06-03,SKU038,168
2025-06-04,SKU038,155
2025-06-05,SKU038,112
2025-06-06,SKU038,128
2025-06-07,SKU038,150
2025-06-08,SKU038,158
2025-06-09,SKU038,159
2025-06-10,SKU038,120
2025-06-11,SKU038,124
2025-06-12,SKU038,110
2025-06-13,SKU038,141
2025-06-14,SKU038,165
2025-06-15,SKU038,164
2025-06-16,SKU038,209
2025-06-17,SKU038,155
2025-06-18,SKU038,148
2025-06-19,SKU038,110
2025-06-20,SKU038,93
2025-06-21,SKU038,130
2025-06-22,SKU038,191
2025-06-23,SKU038,161
2025-06-24,SKU038,141
2025-06-25,SKU038,127
2025-06-26,SKU038,104
2025-06-27,SKU038,142
2025-06-28,SKU038,178
2025-06-29,SKU038,161
2025-06-30,SKU038,177
2025-07-01,SKU038,171
2025-07-02,SKU038,129
2025-07-03,SKU038,94
2025-07-04,SKU038,109
2025-07-05,SKU038,148
2024-06-01,SKU039,167
2024-06-02,SKU039,140
2024-06-03,SKU039,178
2024-06-04,SKU039,154
2024-06-05,SKU039,165
2024-06-06,SKU039,111
2024-06-07,SKU039,122
2024-06-08,SKU039,146
2024-06-09,SKU039,201
2024-06-10,SKU039,212
2024-06-11,SKU039,183
2024-06-12,SKU039,171
2024-06-13,SKU039,156
2024-06-14,SKU039,90
2024-06-15,SKU039,172
2024-06-16,SKU039,174
2024-06-17,SKU039,159
2024-06-18,SKU039,164
2024-06-19,SKU039,162
2024-06-20,SKU039,162
2024-06-21,SKU039,101
2024-06-22,SKU039,173
2024-06-23,SKU039,229
2024-06-24,SKU039,232
2024-06-25,SKU039,90
2024-06-26,SKU039,196
2024-06-27,SKU039,150
2024-06-28,SKU039,79
2024-06-29,SKU039,140
2024-06-30,SKU039,213
2024-07-01,SKU039,197
2024-07-02,SKU039,158
2024-07-03,SKU039,146
2024-07-04,SKU039,140
2024-07-05,SKU039,120
2024-07-06,SKU039,155
2024-07-07,SKU039,204
2024-07-08,SKU039,172
2024-07-09,SKU039,140
2024-07-10,SKU039,129
2024-07-11,SKU039,106
2024-07-12,SKU039,119
2024-07-13,SKU039,117
2024-07-14,SKU039,188
2024-07-15,SKU039,209
2024-07-16,SKU039,152
2024-07-17,SKU039,129
2024-07-18,SKU039,123
2024-07-19,SKU039,112
2024-07-20,SKU039,181
2024-07-21,SKU039,162
2024-07-22,SKU039,176
2024-07-23,SKU039,154
2024-07-24,SKU039,168
2024-07-25,SKU039,122
2024-07-26,SKU039,181
2024-07-27,SKU039,166
2024-07-28,SKU039,210
2024-07-29,SKU039,181
2024-07-30,SKU039,149
2024-07-31,SKU039,144
2024-08-01,SKU039,111
2024-08-02,SKU039,86
2024-08-03,SKU039,182
2024-08-04,SKU039,183
2024-08-05,SKU039,172
2024-08-06,SKU039,181
2024-08-07,SKU039,145
2024-08-08,SKU039,161
2024-08-09,SKU039,144
2024-08-10,SKU039,154
2024-08-11,SKU039,199
2024-08-12,SKU039,188
2024-08-13,SKU039,176
2024-08-14,SKU039,173
2024-08-15,SKU039,99
2024-08-16,SKU039,113
2024-08-17,SKU039,148
2024-08-18,SKU039,176
2024-08-19,SKU039,216
2024-08-20,SKU039,138
2024-08-21,SKU039,144
2024-08-22,SKU039,114
2024-08-23,SKU039,174
2024-08-24,SKU039,179
2024-08-25,SKU039,188
2024-08-26,SKU039,212
2024-08-27,SKU039,140
2024-08-28,SKU039,192
2024-08-29,SKU039,107
2024-08-30,SKU039,163
2024-08-31,SKU039,171
2024-09-01,SKU039,189
2024-09-02,SKU039,218
2024-09-03,SKU039,195
2024-09-04,SKU039,147
2024-09-05,SKU039,117
2024-09-06,SKU039,136
2024-09-07,SKU039,156
2024-09-08,SKU039,191
2024-09-09,SKU039,213
2024-09-10,SKU039,183
2024-09-11,SKU039,149
2024-09-12,SKU039,112
2024-09-13,SKU039,141
2024-09-14,SKU039,118
2024-09-15,SKU039,164
2024-09-16,SKU039,203
2024-09-17,SKU039,193
2024-09-18,SKU039,144
2024-09-19,SKU039,132
2024-09-20,SKU039,142
2024-09-21,SKU039,174
2024-09-22,SKU039,178
2024-09-23,SKU039,166
2024-09-24,SKU039,181
2024-09-25,SKU039,191
2024-09-26,SKU039,105
2024-09-27,SKU039,130
2024-09-28,SKU039,149
2024-09-29,SKU039,240
2024-09-30,SKU039,166
2024-10-01,SKU039,168
2024-10-02,SKU039,136
2024-10-03,SKU039,97
2024-10-04,SKU039,102
2024-10-05,SKU039,171
2024-10-06,SKU039,200
2024-10-07,SKU039,176
2024-10-08,SKU039,205
2024-10-09,SKU039,91
2024-10-10,SKU039,97
2024-10-11,SKU039,114
2024-10-12,SKU039,158
2024-10-13,SKU039,172
2024-10-14,SKU039,184
2024-10-15,SKU039,183
2024-10-16,SKU039,179
2024-10-17,SKU039,146
2024-10-18,SKU039,135
2024-10-19,SKU039,156
2024-10-20,SKU039,209
2024-10-21,SKU039,233
2024-10-22,SKU039,187
2024-10-23,SKU039,133
2024-10-24,SKU039,133
2024-10-25,SKU039,147
2024-10-26,SKU039,145
2024-10-27,SKU039,203
2024-10-28,SKU039,195
2024-10-29,SKU039,199
2024-10-30,SKU039,121
2024-10-31,SKU039,86
2024-11-01,SKU039,124
2024-11-02,SKU039,159
2024-11-03,SKU039,140
2024-11-04,SKU039,174
2024-11-05,SKU039,202
2024-11-06,SKU039,157
2024-11-07,SKU039,130
2024-11-08,SKU039,108
2024-11-09,SKU039,188
2024-11-10,SKU039,173
2024-11-11,SKU039,191
2024-11-12,SKU039,181
2024-11-13,SKU039,148
2024-11-14,SKU039,163
2024-11-15,SKU039,147
2024-11-16,SKU039,166
2024-11-17,SKU039,181
2024-11-18,SKU039,199
2024-11-19,SKU039,167
2024-11-20,SKU039,149
2024-11-21,SKU039,119
2024-11-22,SKU039,121
2024-11-23,SKU039,136
2024-11-24,SKU039,176
2024-11-25,SKU039,181
2024-11-26,SKU039,215
2024-11-27,SKU039,168
2024-11-28,SKU039,124
2024-11-29,SKU039,123
2024-11-30,SKU039,173
2024-12-01,SKU039,229
2024-12-02,SKU039,208
2024-12-03,SKU039,131
2024-12-04,SKU039,165
2024-12-05,SKU039,152
2024-12-06,SKU039,185
2024-12-07,SKU039,152
2024-12-08,SKU039,186
2024-12-09,SKU039,199
2024-12-10,SKU039,154
2024-12-11,SKU039,124
2024-12-12,SKU039,137
2024-12-13,SKU039,97
2024-12-14,SKU039,127
2024-12-15,SKU039,202
2024-12-16,SKU039,201
2024-12-17,SKU039,201
2024-12-18,SKU039,155
2024-12-19,SKU039,127
2024-12-20,SKU039,164
2024-12-21,SKU039,148
2024-12-22,SKU039,175
2024-12-23,SKU039,187
2024-12-24,SKU039,182
2024-12-25,SKU039,143
2024-12-26,SKU039,92
2024-12-27,SKU039,127
2024-12-28,SKU039,157
2024-12-29,SKU039,185
2024-12-30,SKU039,178
2024-12-31,SKU039,184
2025-01-01,SKU039,106
2025-01-02,SKU039,137
2025-01-03,SKU039,176
2025-01-04,SKU039,144
2025-01-05,SKU039,184
2025-01-06,SKU039,183
2025-01-07,SKU039,166
2025-01-08,SKU039,120
2025-01-09,SKU039,174
2025-01-10,SKU039,142
2025-01-11,SKU039,142
2025-01-12,SKU039,164
2025-01-13,SKU039,190
2025-01-14,SKU039,120
2025-01-15,SKU039,169
2025-01-16,SKU039,115
2025-01-17,SKU039,143
2025-01-18,SKU039,168
2025-01-19,SKU039,206
2025-01-20,SKU039,200
2025-01-21,SKU039,189
2025-01-22,SKU039,168
2025-01-23,SKU039,119
2025-01-24,SKU039,184
2025-01-25,SKU039,166
2025-01-26,SKU039,182
2025-01-27,SKU039,169
2025-01-28,SKU039,167
2025-01-29,SKU039,154
2025-01-30,SKU039,129
2025-01-31,SKU039,177
2025-02-01,SKU039,149
2025-02-02,SKU039,199
2025-02-03,SKU039,162
2025-02-04,SKU039,223
2025-02-05,SKU039,116
2025-02-06,SKU039,176
2025-02-07,SKU039,130
2025-02-08,SKU039,105
2025-02-09,SKU039,215
2025-02-10,SKU039,191
2025-02-11,SKU039,161
2025-02-12,SKU039,159
2025-02-13,SKU039,143
2025-02-14,SKU039,143
2025-02-15,SKU039,185
2025-02-16,SKU039,189
2025-02-17,SKU039,204
2025-02-18,SKU039,159
2025-02-19,SKU039,162
2025-02-20,SKU039,115
2025-02-21,SKU039,107
2025-02-22,SKU039,153
2025-02-23,SKU039,176
2025-02-24,SKU039,211
2025-02-25,SKU039,137
2025-02-26,SKU039,170
2025-02-27,SKU039,112
2025-02-28,SKU039,75
2025-03-01,SKU039,129
2025-03-02,SKU039,175
2025-03-03,SKU039,199
2025-03-04,SKU039,169
2025-03-05,SKU039,116
2025-03-06,SKU039,109
2025-03-07,SKU039,105
2025-03-08,SKU039,164
2025-03-09,SKU039,181
2025-03-10,SKU039,203
2025-03-11,SKU039,130
2025-03-12,SKU039,132
2025-03-13,SKU039,175
2025-03-14,SKU039,148
2025-03-15,SKU039,151
2025-03-16,SKU039,159
2025-03-17,SKU039,215
2025-03-18,SKU039,208
2025-03-19,SKU039,117
2025-03-20,SKU039,102
2025-03-21,SKU039,140
2025-03-22,SKU039,167
2025-03-23,SKU039,194
2025-03-24,SKU039,232
2025-03-25,SKU039,149
2025-03-26,SKU039,145
2025-03-27,SKU039,144
2025-03-28,SKU039,150
2025-03-29,SKU039,143
2025-03-30,SKU039,168
2025-03-31,SKU039,178
2025-04-01,SKU039,212
2025-04-02,SKU039,121
2025-04-03,SKU039,120
2025-04-04,SKU039,152
2025-04-05,SKU039,132
2025-04-06,SKU039,189
2025-04-07,SKU039,144
2025-04-08,SKU039,176
2025-04-09,SKU039,146
2025-04-10,SKU039,131
2025-04-11,SKU039,113
2025-04-12,SKU039,163
2025-04-13,SKU039,182
2025-04-14,SKU039,220
2025-04-15,SKU039,187
2025-04-16,SKU039,110
2025-04-17,SKU039,107
2025-04-18,SKU039,119
2025-04-19,SKU039,162
2025-04-20,SKU039,179
2025-04-21,SKU039,185
2025-04-22,SKU039,238
2025-04-23,SKU039,132
2025-04-24,SKU039,160
2025-04-25,SKU039,130
2025-04-26,SKU039,106
2025-04-27,SKU039,187
2025-04-28,SKU039,215
2025-04-29,SKU039,187
2025-04-30,SKU039,150
2025-05-01,SKU039,128
2025-05-02,SKU039,122
2025-05-03,SKU039,179
2025-05-04,SKU039,172
2025-05-05,SKU039,174
2025-05-06,SKU039,181
2025-05-07,SKU039,137
2025-05-08,SKU039,158
2025-05-09,SKU039,144
2025-05-10,SKU039,140
2025-05-11,SKU039,156
2025-05-12,SKU039,175
2025-05-13,SKU039,227
2025-05-14,SKU039,139
2025-05-15,SKU039,145
2025-05-16,SKU039,102
2025-05-17,SKU039,132
2025-05-18,SKU039,178
2025-05-19,SKU039,229
2025-05-20,SKU039,141
2025-05-21,SKU039,129
2025-05-22,SKU039,149
2025-05-23,SKU039,171
2025-05-24,SKU039,168
2025-05-25,SKU039,199
2025-05-26,SKU039,168
2025-05-27,SKU039,140
2025-05-28,SKU039,117
2025-05-29,SKU039,106
2025-05-30,SKU039,139
2025-05-31,SKU039,129
2025-06-01,SKU039,189
2025-06-02,SKU039,181
2025-06-03,SKU039,158
2025-06-04,SKU039,165
2025-06-05,SKU039,104
2025-06-06,SKU039,167
2025-06-07,SKU039,178
2025-06-08,SKU039,159
2025-06-09,SKU039,217
2025-06-10,SKU039,145
2025-06-11,SKU039,175
2025-06-12,SKU039,135
2025-06-13,SKU039,96
2025-06-14,SKU039,127
2025-06-15,SKU039,173
2025-06-16,SKU039,209
2025-06-17,SKU039,168
2025-06-18,SKU039,140
2025-06-19,SKU039,128
2025-06-20,SKU039,86
2025-06-21,SKU039,178
2025-06-22,SKU039,214
2025-06-23,SKU039,208
2025-06-24,SKU039,162
2025-06-25,SKU039,123
2025-06-26,SKU039,102
2025-06-27,SKU039,106
2025-06-28,SKU039,212
2025-06-29,SKU039,181
2025-06-30,SKU039,210
2025-07-01,SKU039,192
2025-07-02,SKU039,148
2025-07-03,SKU039,105
2025-07-04,SKU039,146
2025-07-05,SKU039,132
2024-06-01,SKU040,50
2024-06-02,SKU040,64
2024-06-03,SKU040,67
2024-06-04,SKU040,77
2024-06-05,SKU040,32
2024-06-06,SKU040,68
2024-06-07,SKU040,43
2024-06-08,SKU040,58
2024-06-09,SKU040,72
2024-06-10,SKU040,73
2024-06-11,SKU040,72
2024-06-12,SKU040,59
2024-06-13,SKU040,66
2024-06-14,SKU040,56
2024-06-15,SKU040,58
2024-06-16,SKU040,63
2024-06-17,SKU040,65
2024-06-18,SKU040,76
2024-06-19,SKU040,69
2024-06-20,SKU040,56
2024-06-21,SKU040,22
2024-06-22,SKU040,39
2024-06-23,SKU040,68
2024-06-24,SKU040,69
2024-06-25,SKU040,64
2024-06-26,SKU040,65
2024-06-27,SKU040,58
2024-06-28,SKU040,51
2024-06-29,SKU040,46
2024-06-30,SKU040,57
2024-07-01,SKU040,71
2024-07-02,SKU040,68
2024-07-03,SKU040,43
2024-07-04,SKU040,53
2024-07-05,SKU040,34
2024-07-06,SKU040,35
2024-07-07,SKU040,60
2024-07-08,SKU040,83
2024-07-09,SKU040,78
2024-07-10,SKU040,40
2024-07-11,SKU040,34
2024-07-12,SKU040,57
2024-07-13,SKU040,55
2024-07-14,SKU040,80
2024-07-15,SKU040,77
2024-07-16,SKU040,72
2024-07-17,SKU040,47
2024-07-18,SKU040,51
2024-07-19,SKU040,68
2024-07-20,SKU040,60
2024-07-21,SKU040,68
2024-07-22,SKU040,67
2024-07-23,SKU040,50
2024-07-24,SKU040,44
2024-07-25,SKU040,40
2024-07-26,SKU040,35
2024-07-27,SKU040,45
2024-07-28,SKU040,47
2024-07-29,SKU040,64
2024-07-30,SKU040,70
2024-07-31,SKU040,51
2024-08-01,SKU040,45
2024-08-02,SKU040,57
2024-08-03,SKU040,74
2024-08-04,SKU040,88
2024-08-05,SKU040,72
2024-08-06,SKU040,62
2024-08-07,SKU040,50
2024-08-08,SKU040,53
2024-08-09,SKU040,48
2024-08-10,SKU040,58
2024-08-11,SKU040,67
2024-08-12,SKU040,62
2024-08-13,SKU040,43
2024-08-14,SKU040,48
2024-08-15,SKU040,60
2024-08-16,SKU040,62
2024-08-17,SKU040,67
2024-08-18,SKU040,64
2024-08-19,SKU040,64
2024-08-20,SKU040,78
2024-08-21,SKU040,44
2024-08-22,SKU040,48
2024-08-23,SKU040,65
2024-08-24,SKU040,60
2024-08-25,SKU040,66
2024-08-26,SKU040,81
2024-08-27,SKU040,65
2024-08-28,SKU040,56
2024-08-29,SKU040,61
2024-08-30,SKU040,27
2024-08-31,SKU040,62
2024-09-01,SKU040,61
2024-09-02,SKU040,69
2024-09-03,SKU040,65
2024-09-04,SKU040,48
2024-09-05,SKU040,50
2024-09-06,SKU040,53
2024-09-07,SKU040,61
2024-09-08,SKU040,69
2024-09-09,SKU040,69
2024-09-10,SKU040,63
2024-09-11,SKU040,55
2024-09-12,SKU040,39
2024-09-13,SKU040,61
2024-09-14,SKU040,58
2024-09-15,SKU040,65
2024-09-16,SKU040,74
2024-09-17,SKU040,63
2024-09-18,SKU040,65
2024-09-19,SKU040,55
2024-09-20,SKU040,51
2024-09-21,SKU040,67
2024-09-22,SKU040,70
2024-09-23,SKU040,60
2024-09-24,SKU040,72
2024-09-25,SKU040,37
2024-09-26,SKU040,16
2024-09-27,SKU040,56
2024-09-28,SKU040,63
2024-09-29,SKU040,72
2024-09-30,SKU040,83
2024-10-01,SKU040,64
2024-10-02,SKU040,51
2024-10-03,SKU040,55
2024-10-04,SKU040,43
2024-10-05,SKU040,57
2024-10-06,SKU040,70
2024-10-07,SKU040,73
2024-10-08,SKU040,61
2024-10-09,SKU040,50
2024-10-10,SKU040,38
2024-10-11,SKU040,43
2024-10-12,SKU040,75
2024-10-13,SKU040,66
2024-10-14,SKU040,72
2024-10-15,SKU040,51
2024-10-16,SKU040,77
2024-10-17,SKU040,40
2024-10-18,SKU040,39
2024-10-19,SKU040,58
2024-10-20,SKU040,60
2024-10-21,SKU040,74
2024-10-22,SKU040,51
2024-10-23,SKU040,64
2024-10-24,SKU040,56
2024-10-25,SKU040,49
2024-10-26,SKU040,44
2024-10-27,SKU040,61
2024-10-28,SKU040,71
2024-10-29,SKU040,53
2024-10-30,SKU040,45
2024-10-31,SKU040,57
2024-11-01,SKU040,51
2024-11-02,SKU040,60
2024-11-03,SKU040,73
2024-11-04,SKU040,69
2024-11-05,SKU040,64
2024-11-06,SKU040,58
2024-11-07,SKU040,55
2024-11-08,SKU040,54
2024-11-09,SKU040,72
2024-11-10,SKU040,68
2024-11-11,SKU040,59
2024-11-12,SKU040,74
2024-11-13,SKU040,52
2024-11-14,SKU040,41
2024-11-15,SKU040,56
2024-11-16,SKU040,62
2024-11-17,SKU040,57
2024-11-18,SKU040,76
2024-11-19,SKU040,81
2024-11-20,SKU040,57
2024-11-21,SKU040,45
2024-11-22,SKU040,35
2024-11-23,SKU040,77
2024-11-24,SKU040,64
2024-11-25,SKU040,58
2024-11-26,SKU040,65
2024-11-27,SKU040,63
2024-11-28,SKU040,58
2024-11-29,SKU040,44
2024-11-30,SKU040,58
2024-12-01,SKU040,68
2024-12-02,SKU040,79
2024-12-03,SKU040,69
2024-12-04,SKU040,56
2024-12-05,SKU040,56
2024-12-06,SKU040,38
2024-12-07,SKU040,63
2024-12-08,SKU040,70
2024-12-09,SKU040,70
2024-12-10,SKU040,62
2024-12-11,SKU040,55
2024-12-12,SKU040,42
2024-12-13,SKU040,74
2024-12-14,SKU040,71
2024-12-15,SKU040,78
2024-12-16,SKU040,66
2024-12-17,SKU040,56
2024-12-18,SKU040,52
2024-12-19,SKU040,49
2024-12-20,SKU040,37
2024-12-21,SKU040,63
2024-12-22,SKU040,78
2024-12-23,SKU040,51
2024-12-24,SKU040,56
2024-12-25,SKU040,65
2024-12-26,SKU040,51
2024-12-27,SKU040,42
2024-12-28,SKU040,66
2024-12-29,SKU040,63
2024-12-30,SKU040,68
2024-12-31,SKU040,54
2025-01-01,SKU040,54
2025-01-02,SKU040,57
2025-01-03,SKU040,46
2025-01-04,SKU040,65
2025-01-05,SKU040,68
2025-01-06,SKU040,80
2025-01-07,SKU040,60
2025-01-08,SKU040,68
2025-01-09,SKU040,54
2025-01-10,SKU040,52
2025-01-11,SKU040,61
2025-01-12,SKU040,64
2025-01-13,SKU040,66
2025-01-14,SKU040,66
2025-01-15,SKU040,43
2025-01-16,SKU040,42
2025-01-17,SKU040,41
2025-01-18,SKU040,64
2025-01-19,SKU040,73
2025-01-20,SKU040,82
2025-01-21,SKU040,61
2025-01-22,SKU040,47
2025-01-23,SKU040,34
2025-01-24,SKU040,52
2025-01-25,SKU040,71
2025-01-26,SKU040,68
2025-01-27,SKU040,71
2025-01-28,SKU040,64
2025-01-29,SKU040,56
2025-01-30,SKU040,56
2025-01-31,SKU040,67
2025-02-01,SKU040,63
2025-02-02,SKU040,73
2025-02-03,SKU040,68
2025-02-04,SKU040,63
2025-02-05,SKU040,53
2025-02-06,SKU040,44
2025-02-07,SKU040,51
2025-02-08,SKU040,65
2025-02-09,SKU040,69
2025-02-10,SKU040,68
2025-02-11,SKU040,65
2025-02-12,SKU040,45
2025-02-13,SKU040,55
2025-02-14,SKU040,46
2025-02-15,SKU040,49
2025-02-16,SKU040,72
2025-02-17,SKU040,75
2025-02-18,SKU040,57
2025-02-19,SKU040,59
2025-02-20,SKU040,53
2025-02-21,SKU040,67
2025-02-22,SKU040,57
2025-02-23,SKU040,68
2025-02-24,SKU040,65
2025-02-25,SKU040,68
2025-02-26,SKU040,54
2025-02-27,SKU040,56
2025-02-28,SKU040,46
2025-03-01,SKU040,63
2025-03-02,SKU040,66
2025-03-03,SKU040,54
2025-03-04,SKU040,70
2025-03-05,SKU040,38
2025-03-06,SKU040,46
2025-03-07,SKU040,49
2025-03-08,SKU040,59
2025-03-09,SKU040,69
2025-03-10,SKU040,71
2025-03-11,SKU040,67
2025-03-12,SKU040,53
2025-03-13,SKU040,71
2025-03-14,SKU040,47
2025-03-15,SKU040,48
2025-03-16,SKU040,56
2025-03-17,SKU040,76
2025-03-18,SKU040,50
2025-03-19,SKU040,43
2025-03-20,SKU040,36
2025-03-21,SKU040,54
2025-03-22,SKU040,71
2025-03-23,SKU040,60
2025-03-24,SKU040,74
2025-03-25,SKU040,41
2025-03-26,SKU040,47
2025-03-27,SKU040,53
2025-03-28,SKU040,47
2025-03-29,SKU040,68
2025-03-30,SKU040,48
2025-03-31,SKU040,64
2025-04-01,SKU040,68
2025-04-02,SKU040,58
2025-04-03,SKU040,52
2025-04-04,SKU040,52
2025-04-05,SKU040,49
2025-04-06,SKU040,61
2025-04-07,SKU040,91
2025-04-08,SKU040,53
2025-04-09,SKU040,41
2025-04-10,SKU040,54
2025-04-11,SKU040,40
2025-04-12,SKU040,75
2025-04-13,SKU040,92
2025-04-14,SKU040,68
2025-04-15,SKU040,67
2025-04-16,SKU040,38
2025-04-17,SKU040,57
2025-04-18,SKU040,30
2025-04-19,SKU040,47
2025-04-20,SKU040,69
2025-04-21,SKU040,75
2025-04-22,SKU040,51
2025-04-23,SKU040,49
2025-04-24,SKU040,33
2025-04-25,SKU040,47
2025-04-26,SKU040,52
2025-04-27,SKU040,63
2025-04-28,SKU040,76
2025-04-29,SKU040,67
2025-04-30,SKU040,59
2025-05-01,SKU040,46
2025-05-02,SKU040,56
2025-05-03,SKU040,59
2025-05-04,SKU040,64
2025-05-05,SKU040,76
2025-05-06,SKU040,60
2025-05-07,SKU040,51
2025-05-08,SKU040,57
2025-05-09,SKU040,58
2025-05-10,SKU040,56
2025-05-11,SKU040,76
2025-05-12,SKU040,59
2025-05-13,SKU040,62
2025-05-14,SKU040,47
2025-05-15,SKU040,47
2025-05-16,SKU040,56
2025-05-17,SKU040,64
2025-05-18,SKU040,72
2025-05-19,SKU040,72
2025-05-20,SKU040,63
2025-05-21,SKU040,65
2025-05-22,SKU040,34
2025-05-23,SKU040,44
2025-05-24,SKU040,63
2025-05-25,SKU040,82
2025-05-26,SKU040,67
2025-05-27,SKU040,62
2025-05-28,SKU040,42
2025-05-29,SKU040,43
2025-05-30,SKU040,56
2025-05-31,SKU040,73
2025-06-01,SKU040,66
2025-06-02,SKU040,63
2025-06-03,SKU040,65
2025-06-04,SKU040,40
2025-06-05,SKU040,58
2025-06-06,SKU040,39
2025-06-07,SKU040,62
2025-06-08,SKU040,71
2025-06-09,SKU040,76
2025-06-10,SKU040,66
2025-06-11,SKU040,54
2025-06-12,SKU040,51
2025-06-13,SKU040,57
2025-06-14,SKU040,75
2025-06-15,SKU040,58
2025-06-16,SKU040,54
2025-06-17,SKU040,50
2025-06-18,SKU040,38
2025-06-19,SKU040,37
2025-06-20,SKU040,38
2025-06-21,SKU040,55
2025-06-22,SKU040,76
2025-06-23,SKU040,76
2025-06-24,SKU040,59
2025-06-25,SKU040,49
2025-06-26,SKU040,65
2025-06-27,SKU040,55
2025-06-28,SKU040,61
2025-06-29,SKU040,69
2025-06-30,SKU040,68
2025-07-01,SKU040,82
2025-07-02,SKU040,52
2025-07-03,SKU040,49
2025-07-04,SKU040,35
2025-07-05,SKU040,53
2024-06-01,SKU041,111
2024-06-02,SKU041,149
2024-06-03,SKU041,131
2024-06-04,SKU041,132
2024-06-05,SKU041,99
2024-06-06,SKU041,77
2024-06-07,SKU041,81
2024-06-08,SKU041,118
2024-06-09,SKU041,142
2024-06-10,SKU041,141
2024-06-11,SKU041,116
2024-06-12,SKU041,108
2024-06-13,SKU041,92
2024-06-14,SKU041,83
2024-06-15,SKU041,123
2024-06-16,SKU041,173
2024-06-17,SKU041,142
2024-06-18,SKU041,105
2024-06-19,SKU041,137
2024-06-20,SKU041,120
2024-06-21,SKU041,128
2024-06-22,SKU041,120
2024-06-23,SKU041,126
2024-06-24,SKU041,128
2024-06-25,SKU041,152
2024-06-26,SKU041,140
2024-06-27,SKU041,81
2024-06-28,SKU041,56
2024-06-29,SKU041,121
2024-06-30,SKU041,124
2024-07-01,SKU041,132
2024-07-02,SKU041,127
2024-07-03,SKU041,118
2024-07-04,SKU041,83
2024-07-05,SKU041,105
2024-07-06,SKU041,119
2024-07-07,SKU041,98
2024-07-08,SKU041,154
2024-07-09,SKU041,123
2024-07-10,SKU041,88
2024-07-11,SKU041,84
2024-07-12,SKU041,106
2024-07-13,SKU041,122
2024-07-14,SKU041,152
2024-07-15,SKU041,153
2024-07-16,SKU041,110
2024-07-17,SKU041,57
2024-07-18,SKU041,100
2024-07-19,SKU041,114
2024-07-20,SKU041,117
2024-07-21,SKU041,152
2024-07-22,SKU041,126
2024-07-23,SKU041,125
2024-07-24,SKU041,94
2024-07-25,SKU041,110
2024-07-26,SKU041,86
2024-07-27,SKU041,158
2024-07-28,SKU041,131
2024-07-29,SKU041,159
2024-07-30,SKU041,123
2024-07-31,SKU041,135
2024-08-01,SKU041,121
2024-08-02,SKU041,96
2024-08-03,SKU041,126
2024-08-04,SKU041,163
2024-08-05,SKU041,150
2024-08-06,SKU041,115
2024-08-07,SKU041,112
2024-08-08,SKU041,84
2024-08-09,SKU041,105
2024-08-10,SKU041,107
2024-08-11,SKU041,147
2024-08-12,SKU041,112
2024-08-13,SKU041,111
2024-08-14,SKU041,96
2024-08-15,SKU041,94
2024-08-16,SKU041,75
2024-08-17,SKU041,105
2024-08-18,SKU041,154
2024-08-19,SKU041,161
2024-08-20,SKU041,86
2024-08-21,SKU041,100
2024-08-22,SKU041,121
2024-08-23,SKU041,109
2024-08-24,SKU041,128
2024-08-25,SKU041,150
2024-08-26,SKU041,127
2024-08-27,SKU041,135
2024-08-28,SKU041,119
2024-08-29,SKU041,99
2024-08-30,SKU041,95
2024-08-31,SKU041,120
2024-09-01,SKU041,119
2024-09-02,SKU041,156
2024-09-03,SKU041,105
2024-09-04,SKU041,96
2024-09-05,SKU041,110
2024-09-06,SKU041,107
2024-09-07,SKU041,112
2024-09-08,SKU041,109
2024-09-09,SKU041,144
2024-09-10,SKU041,120
2024-09-11,SKU041,119
2024-09-12,SKU041,88
2024-09-13,SKU041,70
2024-09-14,SKU041,96
2024-09-15,SKU041,132
2024-09-16,SKU041,147
2024-09-17,SKU041,110
2024-09-18,SKU041,97
2024-09-19,SKU041,112
2024-09-20,SKU041,122
2024-09-21,SKU041,126
2024-09-22,SKU041,135
2024-09-23,SKU041,133
2024-09-24,SKU041,141
2024-09-25,SKU041,105
2024-09-26,SKU041,114
2024-09-27,SKU041,120
2024-09-28,SKU041,128
2024-09-29,SKU041,131
2024-09-30,SKU041,137
2024-10-01,SKU041,102
2024-10-02,SKU041,110
2024-10-03,SKU041,96
2024-10-04,SKU041,77
2024-10-05,SKU041,164
2024-10-06,SKU041,150
2024-10-07,SKU041,129
2024-10-08,SKU041,169
2024-10-09,SKU041,101
2024-10-10,SKU041,112
2024-10-11,SKU041,104
2024-10-12,SKU041,113
2024-10-13,SKU041,134
2024-10-14,SKU041,171
2024-10-15,SKU041,147
2024-10-16,SKU041,108
2024-10-17,SKU041,60
2024-10-18,SKU041,108
2024-10-19,SKU041,98
2024-10-20,SKU041,150
2024-10-21,SKU041,132
2024-10-22,SKU041,120
2024-10-23,SKU041,99
2024-10-24,SKU041,116
2024-10-25,SKU041,70
2024-10-26,SKU041,134
2024-10-27,SKU041,146
2024-10-28,SKU041,143
2024-10-29,SKU041,123
2024-10-30,SKU041,119
2024-10-31,SKU041,89
2024-11-01,SKU041,94
2024-11-02,SKU041,122
2024-11-03,SKU041,171
2024-11-04,SKU041,117
2024-11-05,SKU041,141
2024-11-06,SKU041,108
2024-11-07,SKU041,93
2024-11-08,SKU041,74
2024-11-09,SKU041,89
2024-11-10,SKU041,146
2024-11-11,SKU041,122
2024-11-12,SKU041,150
2024-11-13,SKU041,92
2024-11-14,SKU041,107
2024-11-15,SKU041,92
2024-11-16,SKU041,110
2024-11-17,SKU041,123
2024-11-18,SKU041,153
2024-11-19,SKU041,144
2024-11-20,SKU041,105
2024-11-21,SKU041,108
2024-11-22,SKU041,102
2024-11-23,SKU041,97
2024-11-24,SKU041,147
2024-11-25,SKU041,139
2024-11-26,SKU041,84
2024-11-27,SKU041,103
2024-11-28,SKU041,67
2024-11-29,SKU041,80
2024-11-30,SKU041,116
2024-12-01,SKU041,139
2024-12-02,SKU041,129
2024-12-03,SKU041,141
2024-12-04,SKU041,108
2024-12-05,SKU041,90
2024-12-06,SKU041,103
2024-12-07,SKU041,143
2024-12-08,SKU041,101
2024-12-09,SKU041,168
2024-12-10,SKU041,120
2024-12-11,SKU041,96
2024-12-12,SKU041,90
2024-12-13,SKU041,86
2024-12-14,SKU041,102
2024-12-15,SKU041,155
2024-12-16,SKU041,147
2024-12-17,SKU041,97
2024-12-18,SKU041,123
2024-12-19,SKU041,107
2024-12-20,SKU041,75
2024-12-21,SKU041,124
2024-12-22,SKU041,151
2024-12-23,SKU041,115
2024-12-24,SKU041,137
2024-12-25,SKU041,98
2024-12-26,SKU041,107
2024-12-27,SKU041,85
2024-12-28,SKU041,140
2024-12-29,SKU041,136
2024-12-30,SKU041,133
2024-12-31,SKU041,118
2025-01-01,SKU041,126
2025-01-02,SKU041,84
2025-01-03,SKU041,121
2025-01-04,SKU041,125
2025-01-05,SKU041,115
2025-01-06,SKU041,145
2025-01-07,SKU041,132
2025-01-08,SKU041,85
2025-01-09,SKU041,98
2025-01-10,SKU041,112
2025-01-11,SKU041,141
2025-01-12,SKU041,160
2025-01-13,SKU041,188
2025-01-14,SKU041,132
2025-01-15,SKU041,121
2025-01-16,SKU041,86
2025-01-17,SKU041,136
2025-01-18,SKU041,105
2025-01-19,SKU041,173
2025-01-20,SKU041,176
2025-01-21,SKU041,117
2025-01-22,SKU041,129
2025-01-23,SKU041,106
2025-01-24,SKU041,95
2025-01-25,SKU041,119
2025-01-26,SKU041,145
2025-01-27,SKU041,151
2025-01-28,SKU041,159
2025-01-29,SKU041,121
2025-01-30,SKU041,83
2025-01-31,SKU041,116
2025-02-01,SKU041,89
2025-02-02,SKU041,133
2025-02-03,SKU041,139
2025-02-04,SKU041,143
2025-02-05,SKU041,143
2025-02-06,SKU041,101
2025-02-07,SKU041,96
2025-02-08,SKU041,108
2025-02-09,SKU041,155
2025-02-10,SKU041,141
2025-02-11,SKU041,122
2025-02-12,SKU041,128
2025-02-13,SKU041,119
2025-02-14,SKU041,85
2025-02-15,SKU041,94
2025-02-16,SKU041,138
2025-02-17,SKU041,124
2025-02-18,SKU041,108
2025-02-19,SKU041,92
2025-02-20,SKU041,116
2025-02-21,SKU041,114
2025-02-22,SKU041,166
2025-02-23,SKU041,128
2025-02-24,SKU041,169
2025-02-25,SKU041,140
2025-02-26,SKU041,100
2025-02-27,SKU041,95
2025-02-28,SKU041,92
2025-03-01,SKU041,126
2025-03-02,SKU041,158
2025-03-03,SKU041,138
2025-03-04,SKU041,147
2025-03-05,SKU041,134
2025-03-06,SKU041,125
2025-03-07,SKU041,81
2025-03-08,SKU041,120
2025-03-09,SKU041,153
2025-03-10,SKU041,125
2025-03-11,SKU041,108
2025-03-12,SKU041,110
2025-03-13,SKU041,90
2025-03-14,SKU041,99
2025-03-15,SKU041,112
2025-03-16,SKU041,179
2025-03-17,SKU041,136
2025-03-18,SKU041,142
2025-03-19,SKU041,120
2025-03-20,SKU041,67
2025-03-21,SKU041,129
2025-03-22,SKU041,132
2025-03-23,SKU041,143
2025-03-24,SKU041,164
2025-03-25,SKU041,131
2025-03-26,SKU041,127
2025-03-27,SKU041,63
2025-03-28,SKU041,117
2025-03-29,SKU041,124
2025-03-30,SKU041,144
2025-03-31,SKU041,129
2025-04-01,SKU041,128
2025-04-02,SKU041,106
2025-04-03,SKU041,77
2025-04-04,SKU041,109
2025-04-05,SKU041,150
2025-04-06,SKU041,114
2025-04-07,SKU041,153
2025-04-08,SKU041,124
2025-04-09,SKU041,101
2025-04-10,SKU041,99
2025-04-11,SKU041,104
2025-04-12,SKU041,124
2025-04-13,SKU041,119
2025-04-14,SKU041,164
2025-04-15,SKU041,133
2025-04-16,SKU041,121
2025-04-17,SKU041,119
2025-04-18,SKU041,67
2025-04-19,SKU041,132
2025-04-20,SKU041,137
2025-04-21,SKU041,163
2025-04-22,SKU041,117
2025-04-23,SKU041,127
2025-04-24,SKU041,78
2025-04-25,SKU041,109
2025-04-26,SKU041,126
2025-04-27,SKU041,137
2025-04-28,SKU041,126
2025-04-29,SKU041,125
2025-04-30,SKU041,127
2025-05-01,SKU041,124
2025-05-02,SKU041,138
2025-05-03,SKU041,131
2025-05-04,SKU041,144
2025-05-05,SKU041,153
2025-05-06,SKU041,167
2025-05-07,SKU041,120
2025-05-08,SKU041,99
2025-05-09,SKU041,97
2025-05-10,SKU041,118
2025-05-11,SKU041,147
2025-05-12,SKU041,131
2025-05-13,SKU041,120
2025-05-14,SKU041,109
2025-05-15,SKU041,89
2025-05-16,SKU041,113
2025-05-17,SKU041,133
2025-05-18,SKU041,145
2025-05-19,SKU041,153
2025-05-20,SKU041,134
2025-05-21,SKU041,42
2025-05-22,SKU041,82
2025-05-23,SKU041,115
2025-05-24,SKU041,106
2025-05-25,SKU041,155
2025-05-26,SKU041,161
2025-05-27,SKU041,127
2025-05-28,SKU041,100
2025-05-29,SKU041,98
2025-05-30,SKU041,101
2025-05-31,SKU041,132
2025-06-01,SKU041,97
2025-06-02,SKU041,131
2025-06-03,SKU041,113
2025-06-04,SKU041,65
2025-06-05,SKU041,88
2025-06-06,SKU041,75
2025-06-07,SKU041,114
2025-06-08,SKU041,131
2025-06-09,SKU041,153
2025-06-10,SKU041,127
2025-06-11,SKU041,80
2025-06-12,SKU041,104
2025-06-13,SKU041,146
2025-06-14,SKU041,141
2025-06-15,SKU041,152
2025-06-16,SKU041,141
2025-06-17,SKU041,123
2025-06-18,SKU041,100
2025-06-19,SKU041,102
2025-06-20,SKU041,81
2025-06-21,SKU041,125
2025-06-22,SKU041,128
2025-06-23,SKU041,113
2025-06-24,SKU041,119
2025-06-25,SKU041,133
2025-06-26,SKU041,100
2025-06-27,SKU041,38
2025-06-28,SKU041,109
2025-06-29,SKU041,156
2025-06-30,SKU041,139
2025-07-01,SKU041,141
2025-07-02,SKU041,103
2025-07-03,SKU041,101
2025-07-04,SKU041,103
2025-07-05,SKU041,109
2024-06-01,SKU042,79
2024-06-02,SKU042,78
2024-06-03,SKU042,77
2024-06-04,SKU042,61
2024-06-05,SKU042,67
2024-06-06,SKU042,47
2024-06-07,SKU042,59
2024-06-08,SKU042,71
2024-06-09,SKU042,83
2024-06-10,SKU042,86
2024-06-11,SKU042,79
2024-06-12,SKU042,46
2024-06-13,SKU042,43
2024-06-14,SKU042,41
2024-06-15,SKU042,50
2024-06-16,SKU042,89
2024-06-17,SKU042,67
2024-06-18,SKU042,59
2024-06-19,SKU042,58
2024-06-20,SKU042,44
2024-06-21,SKU042,76
2024-06-22,SKU042,61
2024-06-23,SKU042,78
2024-06-24,SKU042,69
2024-06-25,SKU042,54
2024-06-26,SKU042,51
2024-06-27,SKU042,45
2024-06-28,SKU042,47
2024-06-29,SKU042,49
2024-06-30,SKU042,75
2024-07-01,SKU042,73
2024-07-02,SKU042,55
2024-07-03,SKU042,59
2024-07-04,SKU042,59
2024-07-05,SKU042,65
2024-07-06,SKU042,41
2024-07-07,SKU042,67
2024-07-08,SKU042,63
2024-07-09,SKU042,63
2024-07-10,SKU042,72
2024-07-11,SKU042,45
2024-07-12,SKU042,49
2024-07-13,SKU042,56
2024-07-14,SKU042,90
2024-07-15,SKU042,54
2024-07-16,SKU042,64
2024-07-17,SKU042,50
2024-07-18,SKU042,35
2024-07-19,SKU042,65
2024-07-20,SKU042,47
2024-07-21,SKU042,70
2024-07-22,SKU042,76
2024-07-23,SKU042,62
2024-07-24,SKU042,42
2024-07-25,SKU042,50
2024-07-26,SKU042,47
2024-07-27,SKU042,72
2024-07-28,SKU042,79
2024-07-29,SKU042,95
2024-07-30,SKU042,71
2024-07-31,SKU042,64
2024-08-01,SKU042,48
2024-08-02,SKU042,70
2024-08-03,SKU042,64
2024-08-04,SKU042,73
2024-08-05,SKU042,82
2024-08-06,SKU042,63
2024-08-07,SKU042,54
2024-08-08,SKU042,57
2024-08-09,SKU042,61
2024-08-10,SKU042,70
2024-08-11,SKU042,73
2024-08-12,SKU042,79
2024-08-13,SKU042,79
2024-08-14,SKU042,48
2024-08-15,SKU042,52
2024-08-16,SKU042,26
2024-08-17,SKU042,71
2024-08-18,SKU042,66
2024-08-19,SKU042,69
2024-08-20,SKU042,68
2024-08-21,SKU042,64
2024-08-22,SKU042,74
2024-08-23,SKU042,39
2024-08-24,SKU042,56
2024-08-25,SKU042,76
2024-08-26,SKU042,70
2024-08-27,SKU042,78
2024-08-28,SKU042,57
2024-08-29,SKU042,60
2024-08-30,SKU042,52
2024-08-31,SKU042,69
2024-09-01,SKU042,65
2024-09-02,SKU042,95
2024-09-03,SKU042,53
2024-09-04,SKU042,52
2024-09-05,SKU042,38
2024-09-06,SKU042,62
2024-09-07,SKU042,69
2024-09-08,SKU042,62
2024-09-09,SKU042,86
2024-09-10,SKU042,63
2024-09-11,SKU042,62
2024-09-12,SKU042,57
2024-09-13,SKU042,52
2024-09-14,SKU042,73
2024-09-15,SKU042,73
2024-09-16,SKU042,80
2024-09-17,SKU042,67
2024-09-18,SKU042,41
2024-09-19,SKU042,50
2024-09-20,SKU042,46
2024-09-21,SKU042,77
2024-09-22,SKU042,61
2024-09-23,SKU042,88
2024-09-24,SKU042,68
2024-09-25,SKU042,62
2024-09-26,SKU042,38
2024-09-27,SKU042,51
2024-09-28,SKU042,58
2024-09-29,SKU042,94
2024-09-30,SKU042,70
2024-10-01,SKU042,81
2024-10-02,SKU042,70
2024-10-03,SKU042,62
2024-10-04,SKU042,48
2024-10-05,SKU042,81
2024-10-06,SKU042,93
2024-10-07,SKU042,80
2024-10-08,SKU042,65
2024-10-09,SKU042,50
2024-10-10,SKU042,56
2024-10-11,SKU042,55
2024-10-12,SKU042,66
2024-10-13,SKU042,61
2024-10-14,SKU042,77
2024-10-15,SKU042,81
2024-10-16,SKU042,66
2024-10-17,SKU042,48
2024-10-18,SKU042,53
2024-10-19,SKU042,50
2024-10-20,SKU042,68
2024-10-21,SKU042,73
2024-10-22,SKU042,76
2024-10-23,SKU042,52
2024-10-24,SKU042,42
2024-10-25,SKU042,61
2024-10-26,SKU042,60
2024-10-27,SKU042,66
2024-10-28,SKU042,84
2024-10-29,SKU042,74
2024-10-30,SKU042,56
2024-10-31,SKU042,48
2024-11-01,SKU042,58
2024-11-02,SKU042,69
2024-11-03,SKU042,76
2024-11-04,SKU042,78
2024-11-05,SKU042,64
2024-11-06,SKU042,53
2024-11-07,SKU042,50
2024-11-08,SKU042,45
2024-11-09,SKU042,54
2024-11-10,SKU042,73
2024-11-11,SKU042,86
2024-11-12,SKU042,50
2024-11-13,SKU042,55
2024-11-14,SKU042,54
2024-11-15,SKU042,64
2024-11-16,SKU042,81
2024-11-17,SKU042,72
2024-11-18,SKU042,95
2024-11-19,SKU042,74
2024-11-20,SKU042,66
2024-11-21,SKU042,41
2024-11-22,SKU042,58
2024-11-23,SKU042,73
2024-11-24,SKU042,67
2024-11-25,SKU042,51
2024-11-26,SKU042,71
2024-11-27,SKU042,56
2024-11-28,SKU042,64
2024-11-29,SKU042,49
2024-11-30,SKU042,57
2024-12-01,SKU042,63
2024-12-02,SKU042,70
2024-12-03,SKU042,95
2024-12-04,SKU042,43
2024-12-05,SKU042,39
2024-12-06,SKU042,53
2024-12-07,SKU042,83
2024-12-08,SKU042,81
2024-12-09,SKU042,91
2024-12-10,SKU042,66
2024-12-11,SKU042,45
2024-12-12,SKU042,47
2024-12-13,SKU042,53
2024-12-14,SKU042,64
2024-12-15,SKU042,72
2024-12-16,SKU042,82
2024-12-17,SKU042,63
2024-12-18,SKU042,50
2024-12-19,SKU042,40
2024-12-20,SKU042,56
2024-12-21,SKU042,65
2024-12-22,SKU042,84
2024-12-23,SKU042,91
2024-12-24,SKU042,58
2024-12-25,SKU042,59
2024-12-26,SKU042,50
2024-12-27,SKU042,39
2024-12-28,SKU042,59
2024-12-29,SKU042,89
2024-12-30,SKU042,70
2024-12-31,SKU042,62
2025-01-01,SKU042,58
2025-01-02,SKU042,60
2025-01-03,SKU042,51
2025-01-04,SKU042,65
2025-01-05,SKU042,52
2025-01-06,SKU042,82
2025-01-07,SKU042,72
2025-01-08,SKU042,67
2025-01-09,SKU042,34
2025-01-10,SKU042,51
2025-01-11,SKU042,73
2025-01-12,SKU042,69
2025-01-13,SKU042,77
2025-01-14,SKU042,66
2025-01-15,SKU042,55
2025-01-16,SKU042,63
2025-01-17,SKU042,40
2025-01-18,SKU042,64
2025-01-19,SKU042,76
2025-01-20,SKU042,85
2025-01-21,SKU042,68
2025-01-22,SKU042,68
2025-01-23,SKU042,51
2025-01-24,SKU042,55
2025-01-25,SKU042,65
2025-01-26,SKU042,80
2025-01-27,SKU042,82
2025-01-28,SKU042,59
2025-01-29,SKU042,61
2025-01-30,SKU042,57
2025-01-31,SKU042,68
2025-02-01,SKU042,54
2025-02-02,SKU042,79
2025-02-03,SKU042,73
2025-02-04,SKU042,71
2025-02-05,SKU042,48
2025-02-06,SKU042,51
2025-02-07,SKU042,57
2025-02-08,SKU042,55
2025-02-09,SKU042,88
2025-02-10,SKU042,62
2025-02-11,SKU042,75
2025-02-12,SKU042,35
2025-02-13,SKU042,49
2025-02-14,SKU042,59
2025-02-15,SKU042,71
2025-02-16,SKU042,73
2025-02-17,SKU042,74
2025-02-18,SKU042,75
2025-02-19,SKU042,68
2025-02-20,SKU042,65
2025-02-21,SKU042,42
2025-02-22,SKU042,62
2025-02-23,SKU042,53
2025-02-24,SKU042,63
2025-02-25,SKU042,63
2025-02-26,SKU042,67
2025-02-27,SKU042,47
2025-02-28,SKU042,51
2025-03-01,SKU042,67
2025-03-02,SKU042,68
2025-03-03,SKU042,57
2025-03-04,SKU042,62
2025-03-05,SKU042,57
2025-03-06,SKU042,56
2025-03-07,SKU042,52
2025-03-08,SKU042,68
2025-03-09,SKU042,83
2025-03-10,SKU042,87
2025-03-11,SKU042,71
2025-03-12,SKU042,48
2025-03-13,SKU042,40
2025-03-14,SKU042,43
2025-03-15,SKU042,54
2025-03-16,SKU042,75
2025-03-17,SKU042,95
2025-03-18,SKU042,72
2025-03-19,SKU042,58
2025-03-20,SKU042,61
2025-03-21,SKU042,46
2025-03-22,SKU042,74
2025-03-23,SKU042,83
2025-03-24,SKU042,77
2025-03-25,SKU042,90
2025-03-26,SKU042,69
2025-03-27,SKU042,52
2025-03-28,SKU042,53
2025-03-29,SKU042,60
2025-03-30,SKU042,73
2025-03-31,SKU042,76
2025-04-01,SKU042,66
2025-04-02,SKU042,56
2025-04-03,SKU042,40
2025-04-04,SKU042,49
2025-04-05,SKU042,49
2025-04-06,SKU042,78
2025-04-07,SKU042,77
2025-04-08,SKU042,68
2025-04-09,SKU042,67
2025-04-10,SKU042,43
2025-04-11,SKU042,47
2025-04-12,SKU042,50
2025-04-13,SKU042,84
2025-04-14,SKU042,82
2025-04-15,SKU042,82
2025-04-16,SKU042,74
2025-04-17,SKU042,47
2025-04-18,SKU042,47
2025-04-19,SKU042,47
2025-04-20,SKU042,63
2025-04-21,SKU042,73
2025-04-22,SKU042,50
2025-04-23,SKU042,48
2025-04-24,SKU042,51
2025-04-25,SKU042,63
2025-04-26,SKU042,57
2025-04-27,SKU042,75
2025-04-28,SKU042,94
2025-04-29,SKU042,52
2025-04-30,SKU042,69
2025-05-01,SKU042,55
2025-05-02,SKU042,66
2025-05-03,SKU042,73
2025-05-04,SKU042,68
2025-05-05,SKU042,76
2025-05-06,SKU042,56
2025-05-07,SKU042,53
2025-05-08,SKU042,52
2025-05-09,SKU042,57
2025-05-10,SKU042,72
2025-05-11,SKU042,89
2025-05-12,SKU042,72
2025-05-13,SKU042,81
2025-05-14,SKU042,61
2025-05-15,SKU042,39
2025-05-16,SKU042,53
2025-05-17,SKU042,65
2025-05-18,SKU042,66
2025-05-19,SKU042,66
2025-05-20,SKU042,59
2025-05-21,SKU042,53
2025-05-22,SKU042,43
2025-05-23,SKU042,66
2025-05-24,SKU042,40
2025-05-25,SKU042,75
2025-05-26,SKU042,82
2025-05-27,SKU042,60
2025-05-28,SKU042,56
2025-05-29,SKU042,48
2025-05-30,SKU042,53
2025-05-31,SKU042,70
2025-06-01,SKU042,80
2025-06-02,SKU042,71
2025-06-03,SKU042,55
2025-06-04,SKU042,60
2025-06-05,SKU042,45
2025-06-06,SKU042,49
2025-06-07,SKU042,66
2025-06-08,SKU042,70
2025-06-09,SKU042,79
2025-06-10,SKU042,94
2025-06-11,SKU042,65
2025-06-12,SKU042,64
2025-06-13,SKU042,59
2025-06-14,SKU042,65
2025-06-15,SKU042,79
2025-06-16,SKU042,81
2025-06-17,SKU042,78
2025-06-18,SKU042,59
2025-06-19,SKU042,39
2025-06-20,SKU042,40
2025-06-21,SKU042,68
2025-06-22,SKU042,63
2025-06-23,SKU042,83
2025-06-24,SKU042,82
2025-06-25,SKU042,56
2025-06-26,SKU042,63
2025-06-27,SKU042,56
2025-06-28,SKU042,64
2025-06-29,SKU042,75
2025-06-30,SKU042,69
2025-07-01,SKU042,60
2025-07-02,SKU042,43
2025-07-03,SKU042,44
2025-07-04,SKU042,75
2025-07-05,SKU042,50
2024-06-01,SKU043,43
2024-06-02,SKU043,54
2024-06-03,SKU043,56
2024-06-04,SKU043,59
2024-06-05,SKU043,43
2024-06-06,SKU043,40
2024-06-07,SKU043,37
2024-06-08,SKU043,48
2024-06-09,SKU043,60
2024-06-10,SKU043,61
2024-06-11,SKU043,72
2024-06-12,SKU043,47
2024-06-13,SKU043,40
2024-06-14,SKU043,24
2024-06-15,SKU043,54
2024-06-16,SKU043,45
2024-06-17,SKU043,66
2024-06-18,SKU043,58
2024-06-19,SKU043,54
2024-06-20,SKU043,37
2024-06-21,SKU043,44
2024-06-22,SKU043,57
2024-06-23,SKU043,53
2024-06-24,SKU043,67
2024-06-25,SKU043,61
2024-06-26,SKU043,46
2024-06-27,SKU043,54
2024-06-28,SKU043,48
2024-06-29,SKU043,39
2024-06-30,SKU043,68
2024-07-01,SKU043,57
2024-07-02,SKU043,63
2024-07-03,SKU043,50
2024-07-04,SKU043,21
2024-07-05,SKU043,49
2024-07-06,SKU043,50
2024-07-07,SKU043,57
2024-07-08,SKU043,59
2024-07-09,SKU043,63
2024-07-10,SKU043,40
2024-07-11,SKU043,51
2024-07-12,SKU043,32
2024-07-13,SKU043,54
2024-07-14,SKU043,66
2024-07-15,SKU043,68
2024-07-16,SKU043,58
2024-07-17,SKU043,46
2024-07-18,SKU043,38
2024-07-19,SKU043,34
2024-07-20,SKU043,47
2024-07-21,SKU043,53
2024-07-22,SKU043,53
2024-07-23,SKU043,71
2024-07-24,SKU043,34
2024-07-25,SKU043,51
2024-07-26,SKU043,34
2024-07-27,SKU043,44
2024-07-28,SKU043,52
2024-07-29,SKU043,53
2024-07-30,SKU043,64
2024-07-31,SKU043,52
2024-08-01,SKU043,40
2024-08-02,SKU043,65
2024-08-03,SKU043,52
2024-08-04,SKU043,61
2024-08-05,SKU043,57
2024-08-06,SKU043,50
2024-08-07,SKU043,43
2024-08-08,SKU043,49
2024-08-09,SKU043,48
2024-08-10,SKU043,62
2024-08-11,SKU043,55
2024-08-12,SKU043,67
2024-08-13,SKU043,59
2024-08-14,SKU043,51
2024-08-15,SKU043,35
2024-08-16,SKU043,36
2024-08-17,SKU043,56
2024-08-18,SKU043,67
2024-08-19,SKU043,57
2024-08-20,SKU043,61
2024-08-21,SKU043,57
2024-08-22,SKU043,39
2024-08-23,SKU043,33
2024-08-24,SKU043,42
2024-08-25,SKU043,55
2024-08-26,SKU043,59
2024-08-27,SKU043,56
2024-08-28,SKU043,47
2024-08-29,SKU043,40
2024-08-30,SKU043,49
2024-08-31,SKU043,46
2024-09-01,SKU043,70
2024-09-02,SKU043,69
2024-09-03,SKU043,63
2024-09-04,SKU043,42
2024-09-05,SKU043,41
2024-09-06,SKU043,50
2024-09-07,SKU043,50
2024-09-08,SKU043,55
2024-09-09,SKU043,56
2024-09-10,SKU043,51
2024-09-11,SKU043,38
2024-09-12,SKU043,64
2024-09-13,SKU043,29
2024-09-14,SKU043,44
2024-09-15,SKU043,65
2024-09-16,SKU043,57
2024-09-17,SKU043,54
2024-09-18,SKU043,51
2024-09-19,SKU043,50
2024-09-20,SKU043,42
2024-09-21,SKU043,59
2024-09-22,SKU043,47
2024-09-23,SKU043,57
2024-09-24,SKU043,60
2024-09-25,SKU043,63
2024-09-26,SKU043,34
2024-09-27,SKU043,35
2024-09-28,SKU043,55
2024-09-29,SKU043,61
2024-09-30,SKU043,57
2024-10-01,SKU043,47
2024-10-02,SKU043,43
2024-10-03,SKU043,46
2024-10-04,SKU043,41
2024-10-05,SKU043,61
2024-10-06,SKU043,59
2024-10-07,SKU043,67
2024-10-08,SKU043,59
2024-10-09,SKU043,44
2024-10-10,SKU043,48
2024-10-11,SKU043,34
2024-10-12,SKU043,48
2024-10-13,SKU043,57
2024-10-14,SKU043,65
2024-10-15,SKU043,61
2024-10-16,SKU043,41
2024-10-17,SKU043,34
2024-10-18,SKU043,44
2024-10-19,SKU043,40
2024-10-20,SKU043,68
2024-10-21,SKU043,60
2024-10-22,SKU043,47
2024-10-23,SKU043,38
2024-10-24,SKU043,44
2024-10-25,SKU043,46
2024-10-26,SKU043,46
2024-10-27,SKU043,59
2024-10-28,SKU043,53
2024-10-29,SKU043,54
2024-10-30,SKU043,59
2024-10-31,SKU043,58
2024-11-01,SKU043,42
2024-11-02,SKU043,55
2024-11-03,SKU043,63
2024-11-04,SKU043,49
2024-11-05,SKU043,48
2024-11-06,SKU043,29
2024-11-07,SKU043,45
2024-11-08,SKU043,59
2024-11-09,SKU043,60
2024-11-10,SKU043,60
2024-11-11,SKU043,61
2024-11-12,SKU043,54
2024-11-13,SKU043,56
2024-11-14,SKU043,44
2024-11-15,SKU043,44
2024-11-16,SKU043,43
2024-11-17,SKU043,65
2024-11-18,SKU043,61
2024-11-19,SKU043,60
2024-11-20,SKU043,55
2024-11-21,SKU043,29
2024-11-22,SKU043,42
2024-11-23,SKU043,49
2024-11-24,SKU043,56
2024-11-25,SKU043,53
2024-11-26,SKU043,51
2024-11-27,SKU043,39
2024-11-28,SKU043,48
2024-11-29,SKU043,47
2024-11-30,SKU043,54
2024-12-01,SKU043,45
2024-12-02,SKU043,77
2024-12-03,SKU043,53
2024-12-04,SKU043,61
2024-12-05,SKU043,48
2024-12-06,SKU043,42
2024-12-07,SKU043,68
2024-12-08,SKU043,65
2024-12-09,SKU043,60
2024-12-10,SKU043,53
2024-12-11,SKU043,56
2024-12-12,SKU043,38
2024-12-13,SKU043,41
2024-12-14,SKU043,47
2024-12-15,SKU043,54
2024-12-16,SKU043,57
2024-12-17,SKU043,70
2024-12-18,SKU043,55
2024-12-19,SKU043,44
2024-12-20,SKU043,40
2024-12-21,SKU043,48
2024-12-22,SKU043,57
2024-12-23,SKU043,76
2024-12-24,SKU043,59
2024-12-25,SKU043,53
2024-12-26,SKU043,43
2024-12-27,SKU043,37
2024-12-28,SKU043,53
2024-12-29,SKU043,52
2024-12-30,SKU043,71
2024-12-31,SKU043,51
2025-01-01,SKU043,43
2025-01-02,SKU043,48
2025-01-03,SKU043,38
2025-01-04,SKU043,50
2025-01-05,SKU043,40
2025-01-06,SKU043,60
2025-01-07,SKU043,61
2025-01-08,SKU043,43
2025-01-09,SKU043,46
2025-01-10,SKU043,44
2025-01-11,SKU043,60
2025-01-12,SKU043,54
2025-01-13,SKU043,60
2025-01-14,SKU043,45
2025-01-15,SKU043,47
2025-01-16,SKU043,39
2025-01-17,SKU043,51
2025-01-18,SKU043,47
2025-01-19,SKU043,57
2025-01-20,SKU043,57
2025-01-21,SKU043,57
2025-01-22,SKU043,63
2025-01-23,SKU043,15
2025-01-24,SKU043,43
2025-01-25,SKU043,61
2025-01-26,SKU043,56
2025-01-27,SKU043,66
2025-01-28,SKU043,66
2025-01-29,SKU043,45
2025-01-30,SKU043,37
2025-01-31,SKU043,51
2025-02-01,SKU043,56
2025-02-02,SKU043,60
2025-02-03,SKU043,67
2025-02-04,SKU043,64
2025-02-05,SKU043,47
2025-02-06,SKU043,44
2025-02-07,SKU043,48
2025-02-08,SKU043,48
2025-02-09,SKU043,69
2025-02-10,SKU043,54
2025-02-11,SKU043,55
2025-02-12,SKU043,53
2025-02-13,SKU043,34
2025-02-14,SKU043,51
2025-02-15,SKU043,53
2025-02-16,SKU043,70
2025-02-17,SKU043,67
2025-02-18,SKU043,55
2025-02-19,SKU043,49
2025-02-20,SKU043,44
2025-02-21,SKU043,60
2025-02-22,SKU043,53
2025-02-23,SKU043,59
2025-02-24,SKU043,61
2025-02-25,SKU043,58
2025-02-26,SKU043,39
2025-02-27,SKU043,39
2025-02-28,SKU043,36
2025-03-01,SKU043,45
2025-03-02,SKU043,66
2025-03-03,SKU043,62
2025-03-04,SKU043,51
2025-03-05,SKU043,46
2025-03-06,SKU043,40
2025-03-07,SKU043,44
2025-03-08,SKU043,40
2025-03-09,SKU043,52
2025-03-10,SKU043,51
2025-03-11,SKU043,49
2025-03-12,SKU043,42
2025-03-13,SKU043,34
2025-03-14,SKU043,50
2025-03-15,SKU043,66
2025-03-16,SKU043,67
2025-03-17,SKU043,58
2025-03-18,SKU043,58
2025-03-19,SKU043,47
2025-03-20,SKU043,37
2025-03-21,SKU043,54
2025-03-22,SKU043,68
2025-03-23,SKU043,49
2025-03-24,SKU043,73
2025-03-25,SKU043,52
2025-03-26,SKU043,45
2025-03-27,SKU043,44
2025-03-28,SKU043,56
2025-03-29,SKU043,54
2025-03-30,SKU043,63
2025-03-31,SKU043,69
2025-04-01,SKU043,64
2025-04-02,SKU043,51
2025-04-03,SKU043,50
2025-04-04,SKU043,39
2025-04-05,SKU043,38
2025-04-06,SKU043,74
2025-04-07,SKU043,54
2025-04-08,SKU043,52
2025-04-09,SKU043,45
2025-04-10,SKU043,38
2025-04-11,SKU043,38
2025-04-12,SKU043,56
2025-04-13,SKU043,64
2025-04-14,SKU043,67
2025-04-15,SKU043,61
2025-04-16,SKU043,44
2025-04-17,SKU043,39
2025-04-18,SKU043,53
2025-04-19,SKU043,48
2025-04-20,SKU043,56
2025-04-21,SKU043,69
2025-04-22,SKU043,56
2025-04-23,SKU043,44
2025-04-24,SKU043,38
2025-04-25,SKU043,53
2025-04-26,SKU043,57
2025-04-27,SKU043,62
2025-04-28,SKU043,53
2025-04-29,SKU043,58
2025-04-30,SKU043,46
2025-05-01,SKU043,35
2025-05-02,SKU043,39
2025-05-03,SKU043,57
2025-05-04,SKU043,70
2025-05-05,SKU043,54
2025-05-06,SKU043,49
2025-05-07,SKU043,53
2025-05-08,SKU043,39
2025-05-09,SKU043,48
2025-05-10,SKU043,49
2025-05-11,SKU043,65
2025-05-12,SKU043,51
2025-05-13,SKU043,61
2025-05-14,SKU043,31
2025-05-15,SKU043,49
2025-05-16,SKU043,44
2025-05-17,SKU043,55
2025-05-18,SKU043,62
2025-05-19,SKU043,49
2025-05-20,SKU043,67
2025-05-21,SKU043,50
2025-05-22,SKU043,48
2025-05-23,SKU043,38
2025-05-24,SKU043,54
2025-05-25,SKU043,50
2025-05-26,SKU043,63
2025-05-27,SKU043,49
2025-05-28,SKU043,87
2025-05-29,SKU043,47
2025-05-30,SKU043,54
2025-05-31,SKU043,50
2025-06-01,SKU043,63
2025-06-02,SKU043,69
2025-06-03,SKU043,48
2025-06-04,SKU043,42
2025-06-05,SKU043,49
2025-06-06,SKU043,42
2025-06-07,SKU043,46
2025-06-08,SKU043,55
2025-06-09,SKU043,53
2025-06-10,SKU043,41
2025-06-11,SKU043,34
2025-06-12,SKU043,42
2025-06-13,SKU043,49
2025-06-14,SKU043,72
2025-06-15,SKU043,60
2025-06-16,SKU043,52
2025-06-17,SKU043,56
2025-06-18,SKU043,53
2025-06-19,SKU043,50
2025-06-20,SKU043,51
2025-06-21,SKU043,56
2025-06-22,SKU043,61
2025-06-23,SKU043,68
2025-06-24,SKU043,47
2025-06-25,SKU043,32
2025-06-26,SKU043,58
2025-06-27,SKU043,44
2025-06-28,SKU043,56
2025-06-29,SKU043,38
2025-06-30,SKU043,74
2025-07-01,SKU043,66
2025-07-02,SKU043,35
2025-07-03,SKU043,39
2025-07-04,SKU043,46
2025-07-05,SKU043,42
2024-06-01,SKU044,94
2024-06-02,SKU044,98
2024-06-03,SKU044,78
2024-06-04,SKU044,75
2024-06-05,SKU044,72
2024-06-06,SKU044,62
2024-06-07,SKU044,66
2024-06-08,SKU044,78
2024-06-09,SKU044,72
2024-06-10,SKU044,107
2024-06-11,SKU044,96
2024-06-12,SKU044,80
2024-06-13,SKU044,70
2024-06-14,SKU044,65
2024-06-15,SKU044,74
2024-06-16,SKU044,81
2024-06-17,SKU044,116
2024-06-18,SKU044,88
2024-06-19,SKU044,54
2024-06-20,SKU044,65
2024-06-21,SKU044,43
2024-06-22,SKU044,84
2024-06-23,SKU044,95
2024-06-24,SKU044,90
2024-06-25,SKU044,77
2024-06-26,SKU044,81
2024-06-27,SKU044,64
2024-06-28,SKU044,45
2024-06-29,SKU044,96
2024-06-30,SKU044,82
2024-07-01,SKU044,81
2024-07-02,SKU044,105
2024-07-03,SKU044,87
2024-07-04,SKU044,60
2024-07-05,SKU044,53
2024-07-06,SKU044,70
2024-07-07,SKU044,88
2024-07-08,SKU044,112
2024-07-09,SKU044,104
2024-07-10,SKU044,76
2024-07-11,SKU044,73
2024-07-12,SKU044,66
2024-07-13,SKU044,70
2024-07-14,SKU044,75
2024-07-15,SKU044,101
2024-07-16,SKU044,99
2024-07-17,SKU044,68
2024-07-18,SKU044,80
2024-07-19,SKU044,64
2024-07-20,SKU044,82
2024-07-21,SKU044,91
2024-07-22,SKU044,112
2024-07-23,SKU044,94
2024-07-24,SKU044,73
2024-07-25,SKU044,66
2024-07-26,SKU044,54
2024-07-27,SKU044,54
2024-07-28,SKU044,87
2024-07-29,SKU044,94
2024-07-30,SKU044,94
2024-07-31,SKU044,72
2024-08-01,SKU044,60
2024-08-02,SKU044,33
2024-08-03,SKU044,87
2024-08-04,SKU044,96
2024-08-05,SKU044,107
2024-08-06,SKU044,88
2024-08-07,SKU044,88
2024-08-08,SKU044,59
2024-08-09,SKU044,68
2024-08-10,SKU044,84
2024-08-11,SKU044,102
2024-08-12,SKU044,102
2024-08-13,SKU044,94
2024-08-14,SKU044,77
2024-08-15,SKU044,63
2024-08-16,SKU044,79
2024-08-17,SKU044,61
2024-08-18,SKU044,86
2024-08-19,SKU044,116
2024-08-20,SKU044,80
2024-08-21,SKU044,73
2024-08-22,SKU044,82
2024-08-23,SKU044,67
2024-08-24,SKU044,71
2024-08-25,SKU044,108
2024-08-26,SKU044,93
2024-08-27,SKU044,85
2024-08-28,SKU044,50
2024-08-29,SKU044,64
2024-08-30,SKU044,77
2024-08-31,SKU044,76
2024-09-01,SKU044,78
2024-09-02,SKU044,91
2024-09-03,SKU044,81
2024-09-04,SKU044,71
2024-09-05,SKU044,59
2024-09-06,SKU044,89
2024-09-07,SKU044,85
2024-09-08,SKU044,73
2024-09-09,SKU044,98
2024-09-10,SKU044,88
2024-09-11,SKU044,88
2024-09-12,SKU044,63
2024-09-13,SKU044,66
2024-09-14,SKU044,104
2024-09-15,SKU044,81
2024-09-16,SKU044,106
2024-09-17,SKU044,89
2024-09-18,SKU044,68
2024-09-19,SKU044,57
2024-09-20,SKU044,85
2024-09-21,SKU044,87
2024-09-22,SKU044,101
2024-09-23,SKU044,108
2024-09-24,SKU044,92
2024-09-25,SKU044,61
2024-09-26,SKU044,46
2024-09-27,SKU044,87
2024-09-28,SKU044,84
2024-09-29,SKU044,95
2024-09-30,SKU044,119
2024-10-01,SKU044,75
2024-10-02,SKU044,43
2024-10-03,SKU044,43
2024-10-04,SKU044,62
2024-10-05,SKU044,82
2024-10-06,SKU044,111
2024-10-07,SKU044,107
2024-10-08,SKU044,57
2024-10-09,SKU044,108
2024-10-10,SKU044,60
2024-10-11,SKU044,83
2024-10-12,SKU044,88
2024-10-13,SKU044,94
2024-10-14,SKU044,94
2024-10-15,SKU044,75
2024-10-16,SKU044,58
2024-10-17,SKU044,63
2024-10-18,SKU044,51
2024-10-19,SKU044,101
2024-10-20,SKU044,95
2024-10-21,SKU044,122
2024-10-22,SKU044,83
2024-10-23,SKU044,67
2024-10-24,SKU044,72
2024-10-25,SKU044,65
2024-10-26,SKU044,93
2024-10-27,SKU044,111
2024-10-28,SKU044,110
2024-10-29,SKU044,105
2024-10-30,SKU044,84
2024-10-31,SKU044,59
2024-11-01,SKU044,82
2024-11-02,SKU044,89
2024-11-03,SKU044,86
2024-11-04,SKU044,91
2024-11-05,SKU044,87
2024-11-06,SKU044,87
2024-11-07,SKU044,67
2024-11-08,SKU044,68
2024-11-09,SKU044,79
2024-11-10,SKU044,89
2024-11-11,SKU044,83
2024-11-12,SKU044,98
2024-11-13,SKU044,62
2024-11-14,SKU044,66
2024-11-15,SKU044,63
2024-11-16,SKU044,90
2024-11-17,SKU044,90
2024-11-18,SKU044,85
2024-11-19,SKU044,100
2024-11-20,SKU044,64
2024-11-21,SKU044,67
2024-11-22,SKU044,84
2024-11-23,SKU044,72
2024-11-24,SKU044,92
2024-11-25,SKU044,92
2024-11-26,SKU044,90
2024-11-27,SKU044,73
2024-11-28,SKU044,76
2024-11-29,SKU044,61
2024-11-30,SKU044,96
2024-12-01,SKU044,113
2024-12-02,SKU044,100
2024-12-03,SKU044,78
2024-12-04,SKU044,73
2024-12-05,SKU044,64
2024-12-06,SKU044,90
2024-12-07,SKU044,80
2024-12-08,SKU044,110
2024-12-09,SKU044,98
2024-12-10,SKU044,89
2024-12-11,SKU044,70
2024-12-12,SKU044,62
2024-12-13,SKU044,79
2024-12-14,SKU044,72
2024-12-15,SKU044,105
2024-12-16,SKU044,114
2024-12-17,SKU044,81
2024-12-18,SKU044,89
2024-12-19,SKU044,78
2024-12-20,SKU044,79
2024-12-21,SKU044,73
2024-12-22,SKU044,92
2024-12-23,SKU044,95
2024-12-24,SKU044,113
2024-12-25,SKU044,74
2024-12-26,SKU044,63
2024-12-27,SKU044,54
2024-12-28,SKU044,69
2024-12-29,SKU044,85
2024-12-30,SKU044,101
2024-12-31,SKU044,71
2025-01-01,SKU044,66
2025-01-02,SKU044,43
2025-01-03,SKU044,85
2025-01-04,SKU044,82
2025-01-05,SKU044,97
2025-01-06,SKU044,84
2025-01-07,SKU044,102
2025-01-08,SKU044,92
2025-01-09,SKU044,66
2025-01-10,SKU044,63
2025-01-11,SKU044,88
2025-01-12,SKU044,103
2025-01-13,SKU044,107
2025-01-14,SKU044,96
2025-01-15,SKU044,86
2025-01-16,SKU044,57
2025-01-17,SKU044,79
2025-01-18,SKU044,75
2025-01-19,SKU044,63
2025-01-20,SKU044,91
2025-01-21,SKU044,81
2025-01-22,SKU044,77
2025-01-23,SKU044,75
2025-01-24,SKU044,71
2025-01-25,SKU044,105
2025-01-26,SKU044,87
2025-01-27,SKU044,73
2025-01-28,SKU044,91
2025-01-29,SKU044,67
2025-01-30,SKU044,52
2025-01-31,SKU044,65
2025-02-01,SKU044,71
2025-02-02,SKU044,85
2025-02-03,SKU044,115
2025-02-04,SKU044,90
2025-02-05,SKU044,71
2025-02-06,SKU044,85
2025-02-07,SKU044,65
2025-02-08,SKU044,66
2025-02-09,SKU044,78
2025-02-10,SKU044,96
2025-02-11,SKU044,68
2025-02-12,SKU044,60
2025-02-13,SKU044,61
2025-02-14,SKU044,82
2025-02-15,SKU044,97
2025-02-16,SKU044,102
2025-02-17,SKU044,97
2025-02-18,SKU044,81
2025-02-19,SKU044,79
2025-02-20,SKU044,87
2025-02-21,SKU044,70
2025-02-22,SKU044,75
2025-02-23,SKU044,92
2025-02-24,SKU044,94
2025-02-25,SKU044,95
2025-02-26,SKU044,65
2025-02-27,SKU044,70
2025-02-28,SKU044,75
2025-03-01,SKU044,85
2025-03-02,SKU044,80
2025-03-03,SKU044,95
2025-03-04,SKU044,82
2025-03-05,SKU044,73
2025-03-06,SKU044,57
2025-03-07,SKU044,83
2025-03-08,SKU044,83
2025-03-09,SKU044,74
2025-03-10,SKU044,81
2025-03-11,SKU044,103
2025-03-12,SKU044,72
2025-03-13,SKU044,60
2025-03-14,SKU044,82
2025-03-15,SKU044,79
2025-03-16,SKU044,79
2025-03-17,SKU044,83
2025-03-18,SKU044,96
2025-03-19,SKU044,99
2025-03-20,SKU044,75
2025-03-21,SKU044,64
2025-03-22,SKU044,78
2025-03-23,SKU044,94
2025-03-24,SKU044,72
2025-03-25,SKU044,88
2025-03-26,SKU044,81
2025-03-27,SKU044,87
2025-03-28,SKU044,82
2025-03-29,SKU044,104
2025-03-30,SKU044,114
2025-03-31,SKU044,114
2025-04-01,SKU044,88
2025-04-02,SKU044,78
2025-04-03,SKU044,45
2025-04-04,SKU044,70
2025-04-05,SKU044,88
2025-04-06,SKU044,90
2025-04-07,SKU044,78
2025-04-08,SKU044,107
2025-04-09,SKU044,79
2025-04-10,SKU044,86
2025-04-11,SKU044,77
2025-04-12,SKU044,98
2025-04-13,SKU044,108
2025-04-14,SKU044,89
2025-04-15,SKU044,82
2025-04-16,SKU044,69
2025-04-17,SKU044,53
2025-04-18,SKU044,90
2025-04-19,SKU044,82
2025-04-20,SKU044,99
2025-04-21,SKU044,81
2025-04-22,SKU044,98
2025-04-23,SKU044,69
2025-04-24,SKU044,81
2025-04-25,SKU044,60
2025-04-26,SKU044,97
2025-04-27,SKU044,105
2025-04-28,SKU044,91
2025-04-29,SKU044,105
2025-04-30,SKU044,88
2025-05-01,SKU044,71
2025-05-02,SKU044,56
2025-05-03,SKU044,91
2025-05-04,SKU044,94
2025-05-05,SKU044,97
2025-05-06,SKU044,89
2025-05-07,SKU044,74
2025-05-08,SKU044,55
2025-05-09,SKU044,50
2025-05-10,SKU044,60
2025-05-11,SKU044,97
2025-05-12,SKU044,67
2025-05-13,SKU044,97
2025-05-14,SKU044,80
2025-05-15,SKU044,62
2025-05-16,SKU044,81
2025-05-17,SKU044,78
2025-05-18,SKU044,99
2025-05-19,SKU044,73
2025-05-20,SKU044,61
2025-05-21,SKU044,71
2025-05-22,SKU044,70
2025-05-23,SKU044,80
2025-05-24,SKU044,79
2025-05-25,SKU044,97
2025-05-26,SKU044,106
2025-05-27,SKU044,86
2025-05-28,SKU044,81
2025-05-29,SKU044,51
2025-05-30,SKU044,48
2025-05-31,SKU044,75
2025-06-01,SKU044,103
2025-06-02,SKU044,88
2025-06-03,SKU044,96
2025-06-04,SKU044,61
2025-06-05,SKU044,58
2025-06-06,SKU044,71
2025-06-07,SKU044,73
2025-06-08,SKU044,88
2025-06-09,SKU044,65
2025-06-10,SKU044,98
2025-06-11,SKU044,73
2025-06-12,SKU044,54
2025-06-13,SKU044,91
2025-06-14,SKU044,71
2025-06-15,SKU044,87
2025-06-16,SKU044,85
2025-06-17,SKU044,101
2025-06-18,SKU044,91
2025-06-19,SKU044,81
2025-06-20,SKU044,84
2025-06-21,SKU044,74
2025-06-22,SKU044,114
2025-06-23,SKU044,94
2025-06-24,SKU044,69
2025-06-25,SKU044,69
2025-06-26,SKU044,69
2025-06-27,SKU044,60
2025-06-28,SKU044,83
2025-06-29,SKU044,100
2025-06-30,SKU044,102
2025-07-01,SKU044,96
2025-07-02,SKU044,72
2025-07-03,SKU044,56
2025-07-04,SKU044,50
2025-07-05,SKU044,80
2024-06-01,SKU045,107
2024-06-02,SKU045,132
2024-06-03,SKU045,103
2024-06-04,SKU045,100
2024-06-05,SKU045,115
2024-06-06,SKU045,65
2024-06-07,SKU045,95
2024-06-08,SKU045,102
2024-06-09,SKU045,119
2024-06-10,SKU045,140
2024-06-11,SKU045,127
2024-06-12,SKU045,115
2024-06-13,SKU045,74
2024-06-14,SKU045,82
2024-06-15,SKU045,136
2024-06-16,SKU045,130
2024-06-17,SKU045,145
2024-06-18,SKU045,117
2024-06-19,SKU045,114
2024-06-20,SKU045,50
2024-06-21,SKU045,118
2024-06-22,SKU045,108
2024-06-23,SKU045,112
2024-06-24,SKU045,120
2024-06-25,SKU045,121
2024-06-26,SKU045,104
2024-06-27,SKU045,96
2024-06-28,SKU045,77
2024-06-29,SKU045,131
2024-06-30,SKU045,125
2024-07-01,SKU045,129
2024-07-02,SKU045,122
2024-07-03,SKU045,117
2024-07-04,SKU045,93
2024-07-05,SKU045,88
2024-07-06,SKU045,110
2024-07-07,SKU045,155
2024-07-08,SKU045,157
2024-07-09,SKU045,132
2024-07-10,SKU045,109
2024-07-11,SKU045,134
2024-07-12,SKU045,106
2024-07-13,SKU045,119
2024-07-14,SKU045,131
2024-07-15,SKU045,145
2024-07-16,SKU045,73
2024-07-17,SKU045,124
2024-07-18,SKU045,71
2024-07-19,SKU045,85
2024-07-20,SKU045,92
2024-07-21,SKU045,121
2024-07-22,SKU045,133
2024-07-23,SKU045,142
2024-07-24,SKU045,128
2024-07-25,SKU045,127
2024-07-26,SKU045,100
2024-07-27,SKU045,112
2024-07-28,SKU045,148
2024-07-29,SKU045,124
2024-07-30,SKU045,109
2024-07-31,SKU045,100
2024-08-01,SKU045,93
2024-08-02,SKU045,62
2024-08-03,SKU045,135
2024-08-04,SKU045,138
2024-08-05,SKU045,153
2024-08-06,SKU045,99
2024-08-07,SKU045,94
2024-08-08,SKU045,81
2024-08-09,SKU045,94
2024-08-10,SKU045,115
2024-08-11,SKU045,149
2024-08-12,SKU045,140
2024-08-13,SKU045,113
2024-08-14,SKU045,144
2024-08-15,SKU045,89
2024-08-16,SKU045,82
2024-08-17,SKU045,83
2024-08-18,SKU045,136
2024-08-19,SKU045,151
2024-08-20,SKU045,106
2024-08-21,SKU045,117
2024-08-22,SKU045,95
2024-08-23,SKU045,67
2024-08-24,SKU045,127
2024-08-25,SKU045,130
2024-08-26,SKU045,119
2024-08-27,SKU045,143
2024-08-28,SKU045,122
2024-08-29,SKU045,73
2024-08-30,SKU045,103
2024-08-31,SKU045,120
2024-09-01,SKU045,133
2024-09-02,SKU045,130
2024-09-03,SKU045,123
2024-09-04,SKU045,122
2024-09-05,SKU045,101
2024-09-06,SKU045,64
2024-09-07,SKU045,79
2024-09-08,SKU045,102
2024-09-09,SKU045,115
2024-09-10,SKU045,113
2024-09-11,SKU045,98
2024-09-12,SKU045,92
2024-09-13,SKU045,97
2024-09-14,SKU045,115
2024-09-15,SKU045,154
2024-09-16,SKU045,109
2024-09-17,SKU045,132
2024-09-18,SKU045,112
2024-09-19,SKU045,71
2024-09-20,SKU045,107
2024-09-21,SKU045,122
2024-09-22,SKU045,133
2024-09-23,SKU045,97
2024-09-24,SKU045,143
2024-09-25,SKU045,110
2024-09-26,SKU045,100
2024-09-27,SKU045,39
2024-09-28,SKU045,107
2024-09-29,SKU045,109
2024-09-30,SKU045,161
2024-10-01,SKU045,107
2024-10-02,SKU045,132
2024-10-03,SKU045,110
2024-10-04,SKU045,102
2024-10-05,SKU045,136
2024-10-06,SKU045,118
2024-10-07,SKU045,125
2024-10-08,SKU045,142
2024-10-09,SKU045,90
2024-10-10,SKU045,70
2024-10-11,SKU045,92
2024-10-12,SKU045,101
2024-10-13,SKU045,167
2024-10-14,SKU045,152
2024-10-15,SKU045,116
2024-10-16,SKU045,89
2024-10-17,SKU045,99
2024-10-18,SKU045,119
2024-10-19,SKU045,121
2024-10-20,SKU045,118
2024-10-21,SKU045,114
2024-10-22,SKU045,119
2024-10-23,SKU045,111
2024-10-24,SKU045,85
2024-10-25,SKU045,115
2024-10-26,SKU045,125
2024-10-27,SKU045,138
2024-10-28,SKU045,147
2024-10-29,SKU045,102
2024-10-30,SKU045,97
2024-10-31,SKU045,75
2024-11-01,SKU045,105
2024-11-02,SKU045,98
2024-11-03,SKU045,136
2024-11-04,SKU045,136
2024-11-05,SKU045,137
2024-11-06,SKU045,85
2024-11-07,SKU045,101
2024-11-08,SKU045,79
2024-11-09,SKU045,99
2024-11-10,SKU045,132
2024-11-11,SKU045,159
2024-11-12,SKU045,111
2024-11-13,SKU045,75
2024-11-14,SKU045,77
2024-11-15,SKU045,91
2024-11-16,SKU045,149
2024-11-17,SKU045,141
2024-11-18,SKU045,126
2024-11-19,SKU045,124
2024-11-20,SKU045,133
2024-11-21,SKU045,89
2024-11-22,SKU045,94
2024-11-23,SKU045,109
2024-11-24,SKU045,146
2024-11-25,SKU045,129
2024-11-26,SKU045,141
2024-11-27,SKU045,124
2024-11-28,SKU045,104
2024-11-29,SKU045,94
2024-11-30,SKU045,92
2024-12-01,SKU045,130
2024-12-02,SKU045,127
2024-12-03,SKU045,113
2024-12-04,SKU045,102
2024-12-05,SKU045,102
2024-12-06,SKU045,87
2024-12-07,SKU045,92
2024-12-08,SKU045,117
2024-12-09,SKU045,168
2024-12-10,SKU045,136
2024-12-11,SKU045,89
2024-12-12,SKU045,116
2024-12-13,SKU045,94
2024-12-14,SKU045,156
2024-12-15,SKU045,139
2024-12-16,SKU045,148
2024-12-17,SKU045,141
2024-12-18,SKU045,132
2024-12-19,SKU045,86
2024-12-20,SKU045,122
2024-12-21,SKU045,105
2024-12-22,SKU045,128
2024-12-23,SKU045,139
2024-12-24,SKU045,142
2024-12-25,SKU045,100
2024-12-26,SKU045,122
2024-12-27,SKU045,121
2024-12-28,SKU045,117
2024-12-29,SKU045,117
2024-12-30,SKU045,156
2024-12-31,SKU045,90
2025-01-01,SKU045,119
2025-01-02,SKU045,79
2025-01-03,SKU045,120
2025-01-04,SKU045,92
2025-01-05,SKU045,123
2025-01-06,SKU045,146
2025-01-07,SKU045,137
2025-01-08,SKU045,95
2025-01-09,SKU045,88
2025-01-10,SKU045,114
2025-01-11,SKU045,134
2025-01-12,SKU045,128
2025-01-13,SKU045,128
2025-01-14,SKU045,102
2025-01-15,SKU045,110
2025-01-16,SKU045,108
2025-01-17,SKU045,100
2025-01-18,SKU045,100
2025-01-19,SKU045,165
2025-01-20,SKU045,102
2025-01-21,SKU045,141
2025-01-22,SKU045,110
2025-01-23,SKU045,102
2025-01-24,SKU045,84
2025-01-25,SKU045,113
2025-01-26,SKU045,139
2025-01-27,SKU045,137
2025-01-28,SKU045,95
2025-01-29,SKU045,136
2025-01-30,SKU045,105
2025-01-31,SKU045,98
2025-02-01,SKU045,118
2025-02-02,SKU045,163
2025-02-03,SKU045,126
2025-02-04,SKU045,109
2025-02-05,SKU045,121
2025-02-06,SKU045,101
2025-02-07,SKU045,80
2025-02-08,SKU045,135
2025-02-09,SKU045,139
2025-02-10,SKU045,123
2025-02-11,SKU045,135
2025-02-12,SKU045,112
2025-02-13,SKU045,92
2025-02-14,SKU045,105
2025-02-15,SKU045,127
2025-02-16,SKU045,150
2025-02-17,SKU045,140
2025-02-18,SKU045,121
2025-02-19,SKU045,110
2025-02-20,SKU045,114
2025-02-21,SKU045,109
2025-02-22,SKU045,110
2025-02-23,SKU045,135
2025-02-24,SKU045,168
2025-02-25,SKU045,139
2025-02-26,SKU045,109
2025-02-27,SKU045,113
2025-02-28,SKU045,88
2025-03-01,SKU045,122
2025-03-02,SKU045,167
2025-03-03,SKU045,150
2025-03-04,SKU045,154
2025-03-05,SKU045,104
2025-03-06,SKU045,85
2025-03-07,SKU045,118
2025-03-08,SKU045,84
2025-03-09,SKU045,137
2025-03-10,SKU045,157
2025-03-11,SKU045,136
2025-03-12,SKU045,69
2025-03-13,SKU045,70
2025-03-14,SKU045,96
2025-03-15,SKU045,124
2025-03-16,SKU045,143
2025-03-17,SKU045,139
2025-03-18,SKU045,139
2025-03-19,SKU045,114
2025-03-20,SKU045,91
2025-03-21,SKU045,107
2025-03-22,SKU045,105
2025-03-23,SKU045,145
2025-03-24,SKU045,124
2025-03-25,SKU045,135
2025-03-26,SKU045,114
2025-03-27,SKU045,88
2025-03-28,SKU045,109
2025-03-29,SKU045,143
2025-03-30,SKU045,116
2025-03-31,SKU045,155
2025-04-01,SKU045,145
2025-04-02,SKU045,102
2025-04-03,SKU045,107
2025-04-04,SKU045,93
2025-04-05,SKU045,138
2025-04-06,SKU045,86
2025-04-07,SKU045,164
2025-04-08,SKU045,107
2025-04-09,SKU045,107
2025-04-10,SKU045,79
2025-04-11,SKU045,124
2025-04-12,SKU045,112
2025-04-13,SKU045,125
2025-04-14,SKU045,158
2025-04-15,SKU045,139
2025-04-16,SKU045,100
2025-04-17,SKU045,76
2025-04-18,SKU045,78
2025-04-19,SKU045,138
2025-04-20,SKU045,141
2025-04-21,SKU045,142
2025-04-22,SKU045,135
2025-04-23,SKU045,72
2025-04-24,SKU045,88
2025-04-25,SKU045,93
2025-04-26,SKU045,133
2025-04-27,SKU045,109
2025-04-28,SKU045,157
2025-04-29,SKU045,157
2025-04-30,SKU045,76
2025-05-01,SKU045,94
2025-05-02,SKU045,107
2025-05-03,SKU045,131
2025-05-04,SKU045,96
2025-05-05,SKU045,144
2025-05-06,SKU045,122
2025-05-07,SKU045,101
2025-05-08,SKU045,129
2025-05-09,SKU045,94
2025-05-10,SKU045,124
2025-05-11,SKU045,132
2025-05-12,SKU045,143
2025-05-13,SKU045,136
2025-05-14,SKU045,121
2025-05-15,SKU045,80
2025-05-16,SKU045,101
2025-05-17,SKU045,119
2025-05-18,SKU045,105
2025-05-19,SKU045,122
2025-05-20,SKU045,142
2025-05-21,SKU045,98
2025-05-22,SKU045,139
2025-05-23,SKU045,115
2025-05-24,SKU045,124
2025-05-25,SKU045,160
2025-05-26,SKU045,152
2025-05-27,SKU045,129
2025-05-28,SKU045,81
2025-05-29,SKU045,105
2025-05-30,SKU045,122
2025-05-31,SKU045,106
2025-06-01,SKU045,102
2025-06-02,SKU045,120
2025-06-03,SKU045,157
2025-06-04,SKU045,107
2025-06-05,SKU045,119
2025-06-06,SKU045,98
2025-06-07,SKU045,107
2025-06-08,SKU045,171
2025-06-09,SKU045,132
2025-06-10,SKU045,122
2025-06-11,SKU045,114
2025-06-12,SKU045,88
2025-06-13,SKU045,111
2025-06-14,SKU045,124
2025-06-15,SKU045,143
2025-06-16,SKU045,128
2025-06-17,SKU045,97
2025-06-18,SKU045,91
2025-06-19,SKU045,80
2025-06-20,SKU045,103
2025-06-21,SKU045,102
2025-06-22,SKU045,109
2025-06-23,SKU045,119
2025-06-24,SKU045,133
2025-06-25,SKU045,118
2025-06-26,SKU045,85
2025-06-27,SKU045,91
2025-06-28,SKU045,127
2025-06-29,SKU045,137
2025-06-30,SKU045,159
2025-07-01,SKU045,123
2025-07-02,SKU045,91
2025-07-03,SKU045,112
2025-07-04,SKU045,92
2025-07-05,SKU045,102
2024-06-01,SKU046,66
2024-06-02,SKU046,64
2024-06-03,SKU046,56
2024-06-04,SKU046,71
2024-06-05,SKU046,52
2024-06-06,SKU046,45
2024-06-07,SKU046,42
2024-06-08,SKU046,63
2024-06-09,SKU046,53
2024-06-10,SKU046,55
2024-06-11,SKU046,74
2024-06-12,SKU046,42
2024-06-13,SKU046,51
2024-06-14,SKU046,57
2024-06-15,SKU046,56
2024-06-16,SKU046,55
2024-06-17,SKU046,70
2024-06-18,SKU046,70
2024-06-19,SKU046,52
2024-06-20,SKU046,37
2024-06-21,SKU046,48
2024-06-22,SKU046,43
2024-06-23,SKU046,55
2024-06-24,SKU046,62
2024-06-25,SKU046,59
2024-06-26,SKU046,40
2024-06-27,SKU046,45
2024-06-28,SKU046,50
2024-06-29,SKU046,52
2024-06-30,SKU046,45
2024-07-01,SKU046,65
2024-07-02,SKU046,73
2024-07-03,SKU046,53
2024-07-04,SKU046,44
2024-07-05,SKU046,43
2024-07-06,SKU046,59
2024-07-07,SKU046,64
2024-07-08,SKU046,70
2024-07-09,SKU046,50
2024-07-10,SKU046,50
2024-07-11,SKU046,40
2024-07-12,SKU046,49
2024-07-13,SKU046,38
2024-07-14,SKU046,59
2024-07-15,SKU046,69
2024-07-16,SKU046,64
2024-07-17,SKU046,49
2024-07-18,SKU046,26
2024-07-19,SKU046,51
2024-07-20,SKU046,67
2024-07-21,SKU046,56
2024-07-22,SKU046,61
2024-07-23,SKU046,65
2024-07-24,SKU046,56
2024-07-25,SKU046,52
2024-07-26,SKU046,54
2024-07-27,SKU046,42
2024-07-28,SKU046,59
2024-07-29,SKU046,70
2024-07-30,SKU046,58
2024-07-31,SKU046,52
2024-08-01,SKU046,42
2024-08-02,SKU046,42
2024-08-03,SKU046,52
2024-08-04,SKU046,53
2024-08-05,SKU046,59
2024-08-06,SKU046,58
2024-08-07,SKU046,49
2024-08-08,SKU046,48
2024-08-09,SKU046,43
2024-08-10,SKU046,68
2024-08-11,SKU046,72
2024-08-12,SKU046,60
2024-08-13,SKU046,60
2024-08-14,SKU046,59
2024-08-15,SKU046,38
2024-08-16,SKU046,39
2024-08-17,SKU046,65
2024-08-18,SKU046,68
2024-08-19,SKU046,73
2024-08-20,SKU046,61
2024-08-21,SKU046,47
2024-08-22,SKU046,33
2024-08-23,SKU046,47
2024-08-24,SKU046,64
2024-08-25,SKU046,73
2024-08-26,SKU046,73
2024-08-27,SKU046,65
2024-08-28,SKU046,67
2024-08-29,SKU046,31
2024-08-30,SKU046,47
2024-08-31,SKU046,46
2024-09-01,SKU046,75
2024-09-02,SKU046,60
2024-09-03,SKU046,67
2024-09-04,SKU046,46
2024-09-05,SKU046,47
2024-09-06,SKU046,45
2024-09-07,SKU046,54
2024-09-08,SKU046,65
2024-09-09,SKU046,72
2024-09-10,SKU046,58
2024-09-11,SKU046,57
2024-09-12,SKU046,52
2024-09-13,SKU046,42
2024-09-14,SKU046,69
2024-09-15,SKU046,68
2024-09-16,SKU046,61
2024-09-17,SKU046,64
2024-09-18,SKU046,58
2024-09-19,SKU046,48
2024-09-20,SKU046,47
2024-09-21,SKU046,26
2024-09-22,SKU046,55
2024-09-23,SKU046,70
2024-09-24,SKU046,51
2024-09-25,SKU046,53
2024-09-26,SKU046,51
2024-09-27,SKU046,45
2024-09-28,SKU046,40
2024-09-29,SKU046,56
2024-09-30,SKU046,70
2024-10-01,SKU046,69
2024-10-02,SKU046,32
2024-10-03,SKU046,44
2024-10-04,SKU046,34
2024-10-05,SKU046,55
2024-10-06,SKU046,61
2024-10-07,SKU046,84
2024-10-08,SKU046,54
2024-10-09,SKU046,58
2024-10-10,SKU046,52
2024-10-11,SKU046,44
2024-10-12,SKU046,55
2024-10-13,SKU046,62
2024-10-14,SKU046,59
2024-10-15,SKU046,52
2024-10-16,SKU046,46
2024-10-17,SKU046,34
2024-10-18,SKU046,42
2024-10-19,SKU046,52
2024-10-20,SKU046,64
2024-10-21,SKU046,68
2024-10-22,SKU046,57
2024-10-23,SKU046,43
2024-10-24,SKU046,47
2024-10-25,SKU046,52
2024-10-26,SKU046,50
2024-10-27,SKU046,54
2024-10-28,SKU046,61
2024-10-29,SKU046,57
2024-10-30,SKU046,59
2024-10-31,SKU046,49
2024-11-01,SKU046,46
2024-11-02,SKU046,69
2024-11-03,SKU046,62
2024-11-04,SKU046,76
2024-11-05,SKU046,69
2024-11-06,SKU046,59
2024-11-07,SKU046,46
2024-11-08,SKU046,47
2024-11-09,SKU046,54
2024-11-10,SKU046,69
2024-11-11,SKU046,58
2024-11-12,SKU046,57
2024-11-13,SKU046,63
2024-11-14,SKU046,49
2024-11-15,SKU046,53
2024-11-16,SKU046,44
2024-11-17,SKU046,59
2024-11-18,SKU046,67
2024-11-19,SKU046,58
2024-11-20,SKU046,39
2024-11-21,SKU046,50
2024-11-22,SKU046,54
2024-11-23,SKU046,52
2024-11-24,SKU046,69
2024-11-25,SKU046,81
2024-11-26,SKU046,71
2024-11-27,SKU046,47
2024-11-28,SKU046,35
2024-11-29,SKU046,47
2024-11-30,SKU046,73
2024-12-01,SKU046,73
2024-12-02,SKU046,64
2024-12-03,SKU046,71
2024-12-04,SKU046,59
2024-12-05,SKU046,28
2024-12-06,SKU046,54
2024-12-07,SKU046,55
2024-12-08,SKU046,55
2024-12-09,SKU046,65
2024-12-10,SKU046,62
2024-12-11,SKU046,43
2024-12-12,SKU046,42
2024-12-13,SKU046,43
2024-12-14,SKU046,60
2024-12-15,SKU046,60
2024-12-16,SKU046,51
2024-12-17,SKU046,55
2024-12-18,SKU046,42
2024-12-19,SKU046,33
2024-12-20,SKU046,55
2024-12-21,SKU046,61
2024-12-22,SKU046,55
2024-12-23,SKU046,54
2024-12-24,SKU046,58
2024-12-25,SKU046,39
2024-12-26,SKU046,42
2024-12-27,SKU046,46
2024-12-28,SKU046,56
2024-12-29,SKU046,65
2024-12-30,SKU046,58
2024-12-31,SKU046,59
2025-01-01,SKU046,60
2025-01-02,SKU046,26
2025-01-03,SKU046,48
2025-01-04,SKU046,44
2025-01-05,SKU046,74
2025-01-06,SKU046,71
2025-01-07,SKU046,65
2025-01-08,SKU046,42
2025-01-09,SKU046,46
2025-01-10,SKU046,49
2025-01-11,SKU046,35
2025-01-12,SKU046,64
2025-01-13,SKU046,69
2025-01-14,SKU046,47
2025-01-15,SKU046,54
2025-01-16,SKU046,44
2025-01-17,SKU046,57
2025-01-18,SKU046,51
2025-01-19,SKU046,64
2025-01-20,SKU046,67
2025-01-21,SKU046,36
2025-01-22,SKU046,46
2025-01-23,SKU046,44
2025-01-24,SKU046,26
2025-01-25,SKU046,59
2025-01-26,SKU046,63
2025-01-27,SKU046,65
2025-01-28,SKU046,65
2025-01-29,SKU046,46
2025-01-30,SKU046,44
2025-01-31,SKU046,53
2025-02-01,SKU046,54
2025-02-02,SKU046,48
2025-02-03,SKU046,65
2025-02-04,SKU046,59
2025-02-05,SKU046,57
2025-02-06,SKU046,41
2025-02-07,SKU046,38
2025-02-08,SKU046,46
2025-02-09,SKU046,74
2025-02-10,SKU046,67
2025-02-11,SKU046,70
2025-02-12,SKU046,62
2025-02-13,SKU046,37
2025-02-14,SKU046,39
2025-02-15,SKU046,53
2025-02-16,SKU046,67
2025-02-17,SKU046,53
2025-02-18,SKU046,62
2025-02-19,SKU046,53
2025-02-20,SKU046,34
2025-02-21,SKU046,37
2025-02-22,SKU046,58
2025-02-23,SKU046,79
2025-02-24,SKU046,62
2025-02-25,SKU046,61
2025-02-26,SKU046,44
2025-02-27,SKU046,45
2025-02-28,SKU046,40
2025-03-01,SKU046,52
2025-03-02,SKU046,82
2025-03-03,SKU046,65
2025-03-04,SKU046,46
2025-03-05,SKU046,55
2025-03-06,SKU046,53
2025-03-07,SKU046,51
2025-03-08,SKU046,53
2025-03-09,SKU046,55
2025-03-10,SKU046,57
2025-03-11,SKU046,57
2025-03-12,SKU046,46
2025-03-13,SKU046,39
2025-03-14,SKU046,55
2025-03-15,SKU046,61
2025-03-16,SKU046,73
2025-03-17,SKU046,58
2025-03-18,SKU046,51
2025-03-19,SKU046,50
2025-03-20,SKU046,47
2025-03-21,SKU046,46
2025-03-22,SKU046,57
2025-03-23,SKU046,75
2025-03-24,SKU046,63
2025-03-25,SKU046,65
2025-03-26,SKU046,54
2025-03-27,SKU046,44
2025-03-28,SKU046,52
2025-03-29,SKU046,48
2025-03-30,SKU046,55
2025-03-31,SKU046,68
2025-04-01,SKU046,45
2025-04-02,SKU046,53
2025-04-03,SKU046,34
2025-04-04,SKU046,58
2025-04-05,SKU046,51
2025-04-06,SKU046,74
2025-04-07,SKU046,63
2025-04-08,SKU046,57
2025-04-09,SKU046,56
2025-04-10,SKU046,46
2025-04-11,SKU046,45
2025-04-12,SKU046,51
2025-04-13,SKU046,59
2025-04-14,SKU046,84
2025-04-15,SKU046,45
2025-04-16,SKU046,40
2025-04-17,SKU046,53
2025-04-18,SKU046,54
2025-04-19,SKU046,47
2025-04-20,SKU046,48
2025-04-21,SKU046,75
2025-04-22,SKU046,50
2025-04-23,SKU046,45
2025-04-24,SKU046,44
2025-04-25,SKU046,37
2025-04-26,SKU046,61
2025-04-27,SKU046,63
2025-04-28,SKU046,57
2025-04-29,SKU046,52
2025-04-30,SKU046,60
2025-05-01,SKU046,41
2025-05-02,SKU046,51
2025-05-03,SKU046,54
2025-05-04,SKU046,48
2025-05-05,SKU046,71
2025-05-06,SKU046,67
2025-05-07,SKU046,64
2025-05-08,SKU046,28
2025-05-09,SKU046,20
2025-05-10,SKU046,59
2025-05-11,SKU046,58
2025-05-12,SKU046,53
2025-05-13,SKU046,60
2025-05-14,SKU046,46
2025-05-15,SKU046,33
2025-05-16,SKU046,45
2025-05-17,SKU046,59
2025-05-18,SKU046,64
2025-05-19,SKU046,66
2025-05-20,SKU046,62
2025-05-21,SKU046,36
2025-05-22,SKU046,43
2025-05-23,SKU046,47
2025-05-24,SKU046,51
2025-05-25,SKU046,56
2025-05-26,SKU046,58
2025-05-27,SKU046,56
2025-05-28,SKU046,57
2025-05-29,SKU046,56
2025-05-30,SKU046,56
2025-05-31,SKU046,41
2025-06-01,SKU046,55
2025-06-02,SKU046,70
2025-06-03,SKU046,69
2025-06-04,SKU046,41
2025-06-05,SKU046,45
2025-06-06,SKU046,36
2025-06-07,SKU046,56
2025-06-08,SKU046,57
2025-06-09,SKU046,66
2025-06-10,SKU046,49
2025-06-11,SKU046,36
2025-06-12,SKU046,69
2025-06-13,SKU046,46
2025-06-14,SKU046,71
2025-06-15,SKU046,75
2025-06-16,SKU046,51
2025-06-17,SKU046,62
2025-06-18,SKU046,39
2025-06-19,SKU046,41
2025-06-20,SKU046,30
2025-06-21,SKU046,41
2025-06-22,SKU046,56
2025-06-23,SKU046,60
2025-06-24,SKU046,59
2025-06-25,SKU046,41
2025-06-26,SKU046,45
2025-06-27,SKU046,55
2025-06-28,SKU046,56
2025-06-29,SKU046,62
2025-06-30,SKU046,67
2025-07-01,SKU046,47
2025-07-02,SKU046,57
2025-07-03,SKU046,34
2025-07-04,SKU046,58
2025-07-05,SKU046,60
2024-06-01,SKU047,167
2024-06-02,SKU047,192
2024-06-03,SKU047,184
2024-06-04,SKU047,149
2024-06-05,SKU047,119
2024-06-06,SKU047,164
2024-06-07,SKU047,132
2024-06-08,SKU047,128
2024-06-09,SKU047,190
2024-06-10,SKU047,192
2024-06-11,SKU047,160
2024-06-12,SKU047,120
2024-06-13,SKU047,141
2024-06-14,SKU047,152
2024-06-15,SKU047,161
2024-06-16,SKU047,180
2024-06-17,SKU047,166
2024-06-18,SKU047,178
2024-06-19,SKU047,126
2024-06-20,SKU047,95
2024-06-21,SKU047,156
2024-06-22,SKU047,130
2024-06-23,SKU047,134
2024-06-24,SKU047,214
2024-06-25,SKU047,127
2024-06-26,SKU047,132
2024-06-27,SKU047,99
2024-06-28,SKU047,113
2024-06-29,SKU047,205
2024-06-30,SKU047,176
2024-07-01,SKU047,192
2024-07-02,SKU047,186
2024-07-03,SKU047,126
2024-07-04,SKU047,149
2024-07-05,SKU047,139
2024-07-06,SKU047,171
2024-07-07,SKU047,161
2024-07-08,SKU047,194
2024-07-09,SKU047,167
2024-07-10,SKU047,167
2024-07-11,SKU047,111
2024-07-12,SKU047,177
2024-07-13,SKU047,162
2024-07-14,SKU047,175
2024-07-15,SKU047,178
2024-07-16,SKU047,167
2024-07-17,SKU047,126
2024-07-18,SKU047,139
2024-07-19,SKU047,130
2024-07-20,SKU047,199
2024-07-21,SKU047,168
2024-07-22,SKU047,181
2024-07-23,SKU047,157
2024-07-24,SKU047,184
2024-07-25,SKU047,91
2024-07-26,SKU047,132
2024-07-27,SKU047,161
2024-07-28,SKU047,152
2024-07-29,SKU047,245
2024-07-30,SKU047,146
2024-07-31,SKU047,141
2024-08-01,SKU047,163
2024-08-02,SKU047,121
2024-08-03,SKU047,157
2024-08-04,SKU047,170
2024-08-05,SKU047,183
2024-08-06,SKU047,192
2024-08-07,SKU047,131
2024-08-08,SKU047,63
2024-08-09,SKU047,129
2024-08-10,SKU047,155
2024-08-11,SKU047,183
2024-08-12,SKU047,180
2024-08-13,SKU047,147
2024-08-14,SKU047,135
2024-08-15,SKU047,165
2024-08-16,SKU047,129
2024-08-17,SKU047,169
2024-08-18,SKU047,154
2024-08-19,SKU047,177
2024-08-20,SKU047,144
2024-08-21,SKU047,171
2024-08-22,SKU047,88
2024-08-23,SKU047,139
2024-08-24,SKU047,162
2024-08-25,SKU047,184
2024-08-26,SKU047,130
2024-08-27,SKU047,121
2024-08-28,SKU047,143
2024-08-29,SKU047,103
2024-08-30,SKU047,115
2024-08-31,SKU047,144
2024-09-01,SKU047,154
2024-09-02,SKU047,156
2024-09-03,SKU047,167
2024-09-04,SKU047,97
2024-09-05,SKU047,112
2024-09-06,SKU047,115
2024-09-07,SKU047,153
2024-09-08,SKU047,233
2024-09-09,SKU047,161
2024-09-10,SKU047,177
2024-09-11,SKU047,146
2024-09-12,SKU047,137
2024-09-13,SKU047,125
2024-09-14,SKU047,187
2024-09-15,SKU047,194
2024-09-16,SKU047,200
2024-09-17,SKU047,135
2024-09-18,SKU047,143
2024-09-19,SKU047,112
2024-09-20,SKU047,110
2024-09-21,SKU047,140
2024-09-22,SKU047,177
2024-09-23,SKU047,195
2024-09-24,SKU047,190
2024-09-25,SKU047,162
2024-09-26,SKU047,131
2024-09-27,SKU047,131
2024-09-28,SKU047,147
2024-09-29,SKU047,172
2024-09-30,SKU047,166
2024-10-01,SKU047,157
2024-10-02,SKU047,149
2024-10-03,SKU047,160
2024-10-04,SKU047,126
2024-10-05,SKU047,135
2024-10-06,SKU047,200
2024-10-07,SKU047,138
2024-10-08,SKU047,191
2024-10-09,SKU047,108
2024-10-10,SKU047,139
2024-10-11,SKU047,119
2024-10-12,SKU047,161
2024-10-13,SKU047,226
2024-10-14,SKU047,165
2024-10-15,SKU047,144
2024-10-16,SKU047,142
2024-10-17,SKU047,159
2024-10-18,SKU047,134
2024-10-19,SKU047,155
2024-10-20,SKU047,182
2024-10-21,SKU047,161
2024-10-22,SKU047,172
2024-10-23,SKU047,132
2024-10-24,SKU047,155
2024-10-25,SKU047,148
2024-10-26,SKU047,123
2024-10-27,SKU047,172
2024-10-28,SKU047,196
2024-10-29,SKU047,145
2024-10-30,SKU047,116
2024-10-31,SKU047,113
2024-11-01,SKU047,138
2024-11-02,SKU047,178
2024-11-03,SKU047,183
2024-11-04,SKU047,241
2024-11-05,SKU047,152
2024-11-06,SKU047,158
2024-11-07,SKU047,98
2024-11-08,SKU047,167
2024-11-09,SKU047,185
2024-11-10,SKU047,195
2024-11-11,SKU047,144
2024-11-12,SKU047,184
2024-11-13,SKU047,122
2024-11-14,SKU047,134
2024-11-15,SKU047,96
2024-11-16,SKU047,160
2024-11-17,SKU047,170
2024-11-18,SKU047,166
2024-11-19,SKU047,181
2024-11-20,SKU047,139
2024-11-21,SKU047,119
2024-11-22,SKU047,147
2024-11-23,SKU047,198
2024-11-24,SKU047,184
2024-11-25,SKU047,142
2024-11-26,SKU047,131
2024-11-27,SKU047,142
2024-11-28,SKU047,148
2024-11-29,SKU047,133
2024-11-30,SKU047,166
2024-12-01,SKU047,177
2024-12-02,SKU047,206
2024-12-03,SKU047,182
2024-12-04,SKU047,117
2024-12-05,SKU047,134
2024-12-06,SKU047,94
2024-12-07,SKU047,164
2024-12-08,SKU047,172
2024-12-09,SKU047,188
2024-12-10,SKU047,175
2024-12-11,SKU047,147
2024-12-12,SKU047,157
2024-12-13,SKU047,131
2024-12-14,SKU047,158
2024-12-15,SKU047,209
2024-12-16,SKU047,228
2024-12-17,SKU047,167
2024-12-18,SKU047,129
2024-12-19,SKU047,113
2024-12-20,SKU047,140
2024-12-21,SKU047,149
2024-12-22,SKU047,138
2024-12-23,SKU047,210
2024-12-24,SKU047,186
2024-12-25,SKU047,167
2024-12-26,SKU047,155
2024-12-27,SKU047,134
2024-12-28,SKU047,160
2024-12-29,SKU047,201
2024-12-30,SKU047,156
2024-12-31,SKU047,159
2025-01-01,SKU047,139
2025-01-02,SKU047,145
2025-01-03,SKU047,117
2025-01-04,SKU047,138
2025-01-05,SKU047,168
2025-01-06,SKU047,195
2025-01-07,SKU047,166
2025-01-08,SKU047,107
2025-01-09,SKU047,95
2025-01-10,SKU047,133
2025-01-11,SKU047,158
2025-01-12,SKU047,179
2025-01-13,SKU047,173
2025-01-14,SKU047,186
2025-01-15,SKU047,149
2025-01-16,SKU047,132
2025-01-17,SKU047,138
2025-01-18,SKU047,191
2025-01-19,SKU047,154
2025-01-20,SKU047,174
2025-01-21,SKU047,160
2025-01-22,SKU047,170
2025-01-23,SKU047,115
2025-01-24,SKU047,112
2025-01-25,SKU047,152
2025-01-26,SKU047,180
2025-01-27,SKU047,212
2025-01-28,SKU047,159
2025-01-29,SKU047,125
2025-01-30,SKU047,103
2025-01-31,SKU047,122
2025-02-01,SKU047,213
2025-02-02,SKU047,187
2025-02-03,SKU047,198
2025-02-04,SKU047,167
2025-02-05,SKU047,144
2025-02-06,SKU047,142
2025-02-07,SKU047,143
2025-02-08,SKU047,162
2025-02-09,SKU047,178
2025-02-10,SKU047,176
2025-02-11,SKU047,177
2025-02-12,SKU047,143
2025-02-13,SKU047,173
2025-02-14,SKU047,154
2025-02-15,SKU047,138
2025-02-16,SKU047,151
2025-02-17,SKU047,175
2025-02-18,SKU047,142
2025-02-19,SKU047,130
2025-02-20,SKU047,102
2025-02-21,SKU047,122
2025-02-22,SKU047,147
2025-02-23,SKU047,181
2025-02-24,SKU047,179
2025-02-25,SKU047,147
2025-02-26,SKU047,169
2025-02-27,SKU047,133
2025-02-28,SKU047,117
2025-03-01,SKU047,134
2025-03-02,SKU047,144
2025-03-03,SKU047,148
2025-03-04,SKU047,192
2025-03-05,SKU047,162
2025-03-06,SKU047,110
2025-03-07,SKU047,161
2025-03-08,SKU047,168
2025-03-09,SKU047,183
2025-03-10,SKU047,204
2025-03-11,SKU047,182
2025-03-12,SKU047,144
2025-03-13,SKU047,118
2025-03-14,SKU047,127
2025-03-15,SKU047,117
2025-03-16,SKU047,160
2025-03-17,SKU047,226
2025-03-18,SKU047,148
2025-03-19,SKU047,98
2025-03-20,SKU047,145
2025-03-21,SKU047,136
2025-03-22,SKU047,161
2025-03-23,SKU047,174
2025-03-24,SKU047,205
2025-03-25,SKU047,203
2025-03-26,SKU047,129
2025-03-27,SKU047,139
2025-03-28,SKU047,156
2025-03-29,SKU047,141
2025-03-30,SKU047,213
2025-03-31,SKU047,210
2025-04-01,SKU047,139
2025-04-02,SKU047,177
2025-04-03,SKU047,96
2025-04-04,SKU047,114
2025-04-05,SKU047,170
2025-04-06,SKU047,202
2025-04-07,SKU047,186
2025-04-08,SKU047,153
2025-04-09,SKU047,135
2025-04-10,SKU047,115
2025-04-11,SKU047,149
2025-04-12,SKU047,145
2025-04-13,SKU047,163
2025-04-14,SKU047,150
2025-04-15,SKU047,154
2025-04-16,SKU047,138
2025-04-17,SKU047,98
2025-04-18,SKU047,90
2025-04-19,SKU047,177
2025-04-20,SKU047,155
2025-04-21,SKU047,154
2025-04-22,SKU047,204
2025-04-23,SKU047,160
2025-04-24,SKU047,148
2025-04-25,SKU047,142
2025-04-26,SKU047,184
2025-04-27,SKU047,198
2025-04-28,SKU047,176
2025-04-29,SKU047,143
2025-04-30,SKU047,111
2025-05-01,SKU047,121
2025-05-02,SKU047,105
2025-05-03,SKU047,136
2025-05-04,SKU047,175
2025-05-05,SKU047,216
2025-05-06,SKU047,132
2025-05-07,SKU047,141
2025-05-08,SKU047,95
2025-05-09,SKU047,117
2025-05-10,SKU047,175
2025-05-11,SKU047,158
2025-05-12,SKU047,178
2025-05-13,SKU047,171
2025-05-14,SKU047,157
2025-05-15,SKU047,111
2025-05-16,SKU047,159
2025-05-17,SKU047,144
2025-05-18,SKU047,189
2025-05-19,SKU047,180
2025-05-20,SKU047,184
2025-05-21,SKU047,187
2025-05-22,SKU047,118
2025-05-23,SKU047,130
2025-05-24,SKU047,144
2025-05-25,SKU047,165
2025-05-26,SKU047,168
2025-05-27,SKU047,167
2025-05-28,SKU047,123
2025-05-29,SKU047,107
2025-05-30,SKU047,57
2025-05-31,SKU047,186
2025-06-01,SKU047,216
2025-06-02,SKU047,199
2025-06-03,SKU047,147
2025-06-04,SKU047,111
2025-06-05,SKU047,88
2025-06-06,SKU047,145
2025-06-07,SKU047,183
2025-06-08,SKU047,182
2025-06-09,SKU047,204
2025-06-10,SKU047,178
2025-06-11,SKU047,123
2025-06-12,SKU047,147
2025-06-13,SKU047,152
2025-06-14,SKU047,131
2025-06-15,SKU047,197
2025-06-16,SKU047,181
2025-06-17,SKU047,161
2025-06-18,SKU047,150
2025-06-19,SKU047,132
2025-06-20,SKU047,150
2025-06-21,SKU047,134
2025-06-22,SKU047,191
2025-06-23,SKU047,157
2025-06-24,SKU047,163
2025-06-25,SKU047,138
2025-06-26,SKU047,146
2025-06-27,SKU047,130
2025-06-28,SKU047,148
2025-06-29,SKU047,211
2025-06-30,SKU047,174
2025-07-01,SKU047,156
2025-07-02,SKU047,97
2025-07-03,SKU047,119
2025-07-04,SKU047,108
2025-07-05,SKU047,148
2024-06-01,SKU048,39
2024-06-02,SKU048,48
2024-06-03,SKU048,44
2024-06-04,SKU048,46
2024-06-05,SKU048,35
2024-06-06,SKU048,52
2024-06-07,SKU048,49
2024-06-08,SKU048,55
2024-06-09,SKU048,44
2024-06-10,SKU048,54
2024-06-11,SKU048,42
2024-06-12,SKU048,55
2024-06-13,SKU048,43
2024-06-14,SKU048,32
2024-06-15,SKU048,49
2024-06-16,SKU048,43
2024-06-17,SKU048,54
2024-06-18,SKU048,49
2024-06-19,SKU048,47
2024-06-20,SKU048,44
2024-06-21,SKU048,39
2024-06-22,SKU048,44
2024-06-23,SKU048,31
2024-06-24,SKU048,66
2024-06-25,SKU048,45
2024-06-26,SKU048,43
2024-06-27,SKU048,53
2024-06-28,SKU048,31
2024-06-29,SKU048,46
2024-06-30,SKU048,57
2024-07-01,SKU048,63
2024-07-02,SKU048,50
2024-07-03,SKU048,50
2024-07-04,SKU048,34
2024-07-05,SKU048,43
2024-07-06,SKU048,49
2024-07-07,SKU048,53
2024-07-08,SKU048,57
2024-07-09,SKU048,44
2024-07-10,SKU048,40
2024-07-11,SKU048,28
2024-07-12,SKU048,36
2024-07-13,SKU048,54
2024-07-14,SKU048,56
2024-07-15,SKU048,57
2024-07-16,SKU048,39
2024-07-17,SKU048,44
2024-07-18,SKU048,37
2024-07-19,SKU048,43
2024-07-20,SKU048,56
2024-07-21,SKU048,50
2024-07-22,SKU048,53
2024-07-23,SKU048,56
2024-07-24,SKU048,38
2024-07-25,SKU048,38
2024-07-26,SKU048,25
2024-07-27,SKU048,44
2024-07-28,SKU048,62
2024-07-29,SKU048,57
2024-07-30,SKU048,56
2024-07-31,SKU048,49
2024-08-01,SKU048,46
2024-08-02,SKU048,36
2024-08-03,SKU048,53
2024-08-04,SKU048,69
2024-08-05,SKU048,55
2024-08-06,SKU048,41
2024-08-07,SKU048,38
2024-08-08,SKU048,40
2024-08-09,SKU048,27
2024-08-10,SKU048,41
2024-08-11,SKU048,51
2024-08-12,SKU048,56
2024-08-13,SKU048,62
2024-08-14,SKU048,47
2024-08-15,SKU048,29
2024-08-16,SKU048,65
2024-08-17,SKU048,46
2024-08-18,SKU048,42
2024-08-19,SKU048,48
2024-08-20,SKU048,43
2024-08-21,SKU048,33
2024-08-22,SKU048,41
2024-08-23,SKU048,20
2024-08-24,SKU048,53
2024-08-25,SKU048,59
2024-08-26,SKU048,52
2024-08-27,SKU048,56
2024-08-28,SKU048,34
2024-08-29,SKU048,31
2024-08-30,SKU048,43
2024-08-31,SKU048,45
2024-09-01,SKU048,49
2024-09-02,SKU048,54
2024-09-03,SKU048,59
2024-09-04,SKU048,51
2024-09-05,SKU048,40
2024-09-06,SKU048,36
2024-09-07,SKU048,50
2024-09-08,SKU048,47
2024-09-09,SKU048,63
2024-09-10,SKU048,57
2024-09-11,SKU048,55
2024-09-12,SKU048,31
2024-09-13,SKU048,32
2024-09-14,SKU048,50
2024-09-15,SKU048,51
2024-09-16,SKU048,62
2024-09-17,SKU048,59
2024-09-18,SKU048,54
2024-09-19,SKU048,37
2024-09-20,SKU048,45
2024-09-21,SKU048,42
2024-09-22,SKU048,55
2024-09-23,SKU048,55
2024-09-24,SKU048,49
2024-09-25,SKU048,55
2024-09-26,SKU048,28
2024-09-27,SKU048,39
2024-09-28,SKU048,46
2024-09-29,SKU048,58
2024-09-30,SKU048,47
2024-10-01,SKU048,48
2024-10-02,SKU048,38
2024-10-03,SKU048,21
2024-10-04,SKU048,47
2024-10-05,SKU048,36
2024-10-06,SKU048,42
2024-10-07,SKU048,62
2024-10-08,SKU048,48
2024-10-09,SKU048,40
2024-10-10,SKU048,35
2024-10-11,SKU048,46
2024-10-12,SKU048,42
2024-10-13,SKU048,57
2024-10-14,SKU048,47
2024-10-15,SKU048,52
2024-10-16,SKU048,48
2024-10-17,SKU048,47
2024-10-18,SKU048,28
2024-10-19,SKU048,44
2024-10-20,SKU048,64
2024-10-21,SKU048,61
2024-10-22,SKU048,49
2024-10-23,SKU048,42
2024-10-24,SKU048,39
2024-10-25,SKU048,36
2024-10-26,SKU048,50
2024-10-27,SKU048,57
2024-10-28,SKU048,47
2024-10-29,SKU048,47
2024-10-30,SKU048,39
2024-10-31,SKU048,35
2024-11-01,SKU048,41
2024-11-02,SKU048,47
2024-11-03,SKU048,48
2024-11-04,SKU048,64
2024-11-05,SKU048,50
2024-11-06,SKU048,52
2024-11-07,SKU048,47
2024-11-08,SKU048,31
2024-11-09,SKU048,43
2024-11-10,SKU048,50
2024-11-11,SKU048,57
2024-11-12,SKU048,55
2024-11-13,SKU048,43
2024-11-14,SKU048,33
2024-11-15,SKU048,50
2024-11-16,SKU048,43
2024-11-17,SKU048,58
2024-11-18,SKU048,55
2024-11-19,SKU048,50
2024-11-20,SKU048,47
2024-11-21,SKU048,48
2024-11-22,SKU048,41
2024-11-23,SKU048,43
2024-11-24,SKU048,63
2024-11-25,SKU048,58
2024-11-26,SKU048,51
2024-11-27,SKU048,49
2024-11-28,SKU048,39
2024-11-29,SKU048,56
2024-11-30,SKU048,46
2024-12-01,SKU048,61
2024-12-02,SKU048,58
2024-12-03,SKU048,53
2024-12-04,SKU048,40
2024-12-05,SKU048,35
2024-12-06,SKU048,42
2024-12-07,SKU048,40
2024-12-08,SKU048,49
2024-12-09,SKU048,55
2024-12-10,SKU048,59
2024-12-11,SKU048,43
2024-12-12,SKU048,37
2024-12-13,SKU048,32
2024-12-14,SKU048,58
2024-12-15,SKU048,61
2024-12-16,SKU048,63
2024-12-17,SKU048,40
2024-12-18,SKU048,44
2024-12-19,SKU048,31
2024-12-20,SKU048,44
2024-12-21,SKU048,48
2024-12-22,SKU048,57
2024-12-23,SKU048,50
2024-12-24,SKU048,43
2024-12-25,SKU048,38
2024-12-26,SKU048,39
2024-12-27,SKU048,37
2024-12-28,SKU048,48
2024-12-29,SKU048,46
2024-12-30,SKU048,55
2024-12-31,SKU048,60
2025-01-01,SKU048,44
2025-01-02,SKU048,40
2025-01-03,SKU048,42
2025-01-04,SKU048,42
2025-01-05,SKU048,64
2025-01-06,SKU048,57
2025-01-07,SKU048,51
2025-01-08,SKU048,47
2025-01-09,SKU048,44
2025-01-10,SKU048,30
2025-01-11,SKU048,46
2025-01-12,SKU048,69
2025-01-13,SKU048,66
2025-01-14,SKU048,49
2025-01-15,SKU048,47
2025-01-16,SKU048,35
2025-01-17,SKU048,41
2025-01-18,SKU048,43
2025-01-19,SKU048,50
2025-01-20,SKU048,51
2025-01-21,SKU048,62
2025-01-22,SKU048,39
2025-01-23,SKU048,45
2025-01-24,SKU048,36
2025-01-25,SKU048,42
2025-01-26,SKU048,56
2025-01-27,SKU048,46
2025-01-28,SKU048,55
2025-01-29,SKU048,41
2025-01-30,SKU048,33
2025-01-31,SKU048,34
2025-02-01,SKU048,60
2025-02-02,SKU048,53
2025-02-03,SKU048,54
2025-02-04,SKU048,56
2025-02-05,SKU048,36
2025-02-06,SKU048,45
2025-02-07,SKU048,39
2025-02-08,SKU048,36
2025-02-09,SKU048,50
2025-02-10,SKU048,47
2025-02-11,SKU048,51
2025-02-12,SKU048,37
2025-02-13,SKU048,31
2025-02-14,SKU048,41
2025-02-15,SKU048,46
2025-02-16,SKU048,62
2025-02-17,SKU048,63
2025-02-18,SKU048,50
2025-02-19,SKU048,45
2025-02-20,SKU048,27
2025-02-21,SKU048,44
2025-02-22,SKU048,49
2025-02-23,SKU048,60
2025-02-24,SKU048,53
2025-02-25,SKU048,48
2025-02-26,SKU048,40
2025-02-27,SKU048,47
2025-02-28,SKU048,41
2025-03-01,SKU048,36
2025-03-02,SKU048,58
2025-03-03,SKU048,52
2025-03-04,SKU048,57
2025-03-05,SKU048,46
2025-03-06,SKU048,46
2025-03-07,SKU048,46
2025-03-08,SKU048,52
2025-03-09,SKU048,61
2025-03-10,SKU048,61
2025-03-11,SKU048,45
2025-03-12,SKU048,34
2025-03-13,SKU048,31
2025-03-14,SKU048,44
2025-03-15,SKU048,31
2025-03-16,SKU048,53
2025-03-17,SKU048,53
2025-03-18,SKU048,58
2025-03-19,SKU048,41
2025-03-20,SKU048,34
2025-03-21,SKU048,48
2025-03-22,SKU048,45
2025-03-23,SKU048,51
2025-03-24,SKU048,52
2025-03-25,SKU048,52
2025-03-26,SKU048,40
2025-03-27,SKU048,35
2025-03-28,SKU048,49
2025-03-29,SKU048,46
2025-03-30,SKU048,50
2025-03-31,SKU048,48
2025-04-01,SKU048,51
2025-04-02,SKU048,38
2025-04-03,SKU048,34
2025-04-04,SKU048,33
2025-04-05,SKU048,47
2025-04-06,SKU048,44
2025-04-07,SKU048,58
2025-04-08,SKU048,46
2025-04-09,SKU048,47
2025-04-10,SKU048,40
2025-04-11,SKU048,40
2025-04-12,SKU048,52
2025-04-13,SKU048,64
2025-04-14,SKU048,64
2025-04-15,SKU048,41
2025-04-16,SKU048,38
2025-04-17,SKU048,34
2025-04-18,SKU048,43
2025-04-19,SKU048,42
2025-04-20,SKU048,49
2025-04-21,SKU048,50
2025-04-22,SKU048,52
2025-04-23,SKU048,46
2025-04-24,SKU048,29
2025-04-25,SKU048,35
2025-04-26,SKU048,33
2025-04-27,SKU048,37
2025-04-28,SKU048,58
2025-04-29,SKU048,52
2025-04-30,SKU048,43
2025-05-01,SKU048,48
2025-05-02,SKU048,27
2025-05-03,SKU048,32
2025-05-04,SKU048,45
2025-05-05,SKU048,40
2025-05-06,SKU048,46
2025-05-07,SKU048,46
2025-05-08,SKU048,39
2025-05-09,SKU048,46
2025-05-10,SKU048,49
2025-05-11,SKU048,50
2025-05-12,SKU048,51
2025-05-13,SKU048,53
2025-05-14,SKU048,31
2025-05-15,SKU048,15
2025-05-16,SKU048,41
2025-05-17,SKU048,48
2025-05-18,SKU048,64
2025-05-19,SKU048,60
2025-05-20,SKU048,52
2025-05-21,SKU048,40
2025-05-22,SKU048,31
2025-05-23,SKU048,37
2025-05-24,SKU048,53
2025-05-25,SKU048,56
2025-05-26,SKU048,61
2025-05-27,SKU048,51
2025-05-28,SKU048,36
2025-05-29,SKU048,45
2025-05-30,SKU048,46
2025-05-31,SKU048,47
2025-06-01,SKU048,57
2025-06-02,SKU048,58
2025-06-03,SKU048,47
2025-06-04,SKU048,40
2025-06-05,SKU048,31
2025-06-06,SKU048,37
2025-06-07,SKU048,53
2025-06-08,SKU048,59
2025-06-09,SKU048,59
2025-06-10,SKU048,57
2025-06-11,SKU048,39
2025-06-12,SKU048,29
2025-06-13,SKU048,38
2025-06-14,SKU048,45
2025-06-15,SKU048,58
2025-06-16,SKU048,58
2025-06-17,SKU048,57
2025-06-18,SKU048,28
2025-06-19,SKU048,32
2025-06-20,SKU048,38
2025-06-21,SKU048,49
2025-06-22,SKU048,68
2025-06-23,SKU048,48
2025-06-24,SKU048,45
2025-06-25,SKU048,39
2025-06-26,SKU048,32
2025-06-27,SKU048,33
2025-06-28,SKU048,46
2025-06-29,SKU048,60
2025-06-30,SKU048,56
2025-07-01,SKU048,44
2025-07-02,SKU048,41
2025-07-03,SKU048,30
2025-07-04,SKU048,46
2025-07-05,SKU048,56
2024-06-01,SKU049,51
2024-06-02,SKU049,80
2024-06-03,SKU049,72
2024-06-04,SKU049,73
2024-06-05,SKU049,60
2024-06-06,SKU049,40
2024-06-07,SKU049,69
2024-06-08,SKU049,65
2024-06-09,SKU049,73
2024-06-10,SKU049,81
2024-06-11,SKU049,64
2024-06-12,SKU049,59
2024-06-13,SKU049,35
2024-06-14,SKU049,33
2024-06-15,SKU049,57
2024-06-16,SKU049,72
2024-06-17,SKU049,62
2024-06-18,SKU049,68
2024-06-19,SKU049,56
2024-06-20,SKU049,53
2024-06-21,SKU049,63
2024-06-22,SKU049,84
2024-06-23,SKU049,82
2024-06-24,SKU049,70
2024-06-25,SKU049,80
2024-06-26,SKU049,75
2024-06-27,SKU049,43
2024-06-28,SKU049,46
2024-06-29,SKU049,53
2024-06-30,SKU049,72
2024-07-01,SKU049,84
2024-07-02,SKU049,88
2024-07-03,SKU049,70
2024-07-04,SKU049,58
2024-07-05,SKU049,57
2024-07-06,SKU049,71
2024-07-07,SKU049,82
2024-07-08,SKU049,93
2024-07-09,SKU049,73
2024-07-10,SKU049,64
2024-07-11,SKU049,50
2024-07-12,SKU049,58
2024-07-13,SKU049,64
2024-07-14,SKU049,66
2024-07-15,SKU049,89
2024-07-16,SKU049,88
2024-07-17,SKU049,61
2024-07-18,SKU049,57
2024-07-19,SKU049,65
2024-07-20,SKU049,66
2024-07-21,SKU049,79
2024-07-22,SKU049,78
2024-07-23,SKU049,67
2024-07-24,SKU049,66
2024-07-25,SKU049,59
2024-07-26,SKU049,66
2024-07-27,SKU049,67
2024-07-28,SKU049,65
2024-07-29,SKU049,91
2024-07-30,SKU049,65
2024-07-31,SKU049,54
2024-08-01,SKU049,49
2024-08-02,SKU049,39
2024-08-03,SKU049,65
2024-08-04,SKU049,84
2024-08-05,SKU049,76
2024-08-06,SKU049,86
2024-08-07,SKU049,74
2024-08-08,SKU049,63
2024-08-09,SKU049,37
2024-08-10,SKU049,81
2024-08-11,SKU049,75
2024-08-12,SKU049,97
2024-08-13,SKU049,67
2024-08-14,SKU049,60
2024-08-15,SKU049,55
2024-08-16,SKU049,47
2024-08-17,SKU049,51
2024-08-18,SKU049,53
2024-08-19,SKU049,110
2024-08-20,SKU049,56
2024-08-21,SKU049,45
2024-08-22,SKU049,60
2024-08-23,SKU049,42
2024-08-24,SKU049,51
2024-08-25,SKU049,49
2024-08-26,SKU049,83
2024-08-27,SKU049,62
2024-08-28,SKU049,68
2024-08-29,SKU049,53
2024-08-30,SKU049,57
2024-08-31,SKU049,62
2024-09-01,SKU049,75
2024-09-02,SKU049,71
2024-09-03,SKU049,65
2024-09-04,SKU049,50
2024-09-05,SKU049,69
2024-09-06,SKU049,53
2024-09-07,SKU049,44
2024-09-08,SKU049,80
2024-09-09,SKU049,72
2024-09-10,SKU049,72
2024-09-11,SKU049,58
2024-09-12,SKU049,69
2024-09-13,SKU049,53
2024-09-14,SKU049,75
2024-09-15,SKU049,85
2024-09-16,SKU049,66
2024-09-17,SKU049,75
2024-09-18,SKU049,54
2024-09-19,SKU049,42
2024-09-20,SKU049,44
2024-09-21,SKU049,75
2024-09-22,SKU049,104
2024-09-23,SKU049,72
2024-09-24,SKU049,75
2024-09-25,SKU049,64
2024-09-26,SKU049,49
2024-09-27,SKU049,71
2024-09-28,SKU049,89
2024-09-29,SKU049,71
2024-09-30,SKU049,97
2024-10-01,SKU049,67
2024-10-02,SKU049,51
2024-10-03,SKU049,53
2024-10-04,SKU049,65
2024-10-05,SKU049,66
2024-10-06,SKU049,85
2024-10-07,SKU049,82
2024-10-08,SKU049,86
2024-10-09,SKU049,67
2024-10-10,SKU049,69
2024-10-11,SKU049,48
2024-10-12,SKU049,65
2024-10-13,SKU049,77
2024-10-14,SKU049,71
2024-10-15,SKU049,63
2024-10-16,SKU049,65
2024-10-17,SKU049,61
2024-10-18,SKU049,58
2024-10-19,SKU049,78
2024-10-20,SKU049,66
2024-10-21,SKU049,76
2024-10-22,SKU049,61
2024-10-23,SKU049,63
2024-10-24,SKU049,59
2024-10-25,SKU049,70
2024-10-26,SKU049,55
2024-10-27,SKU049,81
2024-10-28,SKU049,94
2024-10-29,SKU049,63
2024-10-30,SKU049,49
2024-10-31,SKU049,39
2024-11-01,SKU049,63
2024-11-02,SKU049,60
2024-11-03,SKU049,82
2024-11-04,SKU049,78
2024-11-05,SKU049,91
2024-11-06,SKU049,69
2024-11-07,SKU049,46
2024-11-08,SKU049,53
2024-11-09,SKU049,75
2024-11-10,SKU049,67
2024-11-11,SKU049,92
2024-11-12,SKU049,70
2024-11-13,SKU049,69
2024-11-14,SKU049,52
2024-11-15,SKU049,51
2024-11-16,SKU049,60
2024-11-17,SKU049,95
2024-11-18,SKU049,77
2024-11-19,SKU049,104
2024-11-20,SKU049,63
2024-11-21,SKU049,45
2024-11-22,SKU049,41
2024-11-23,SKU049,79
2024-11-24,SKU049,76
2024-11-25,SKU049,88
2024-11-26,SKU049,96
2024-11-27,SKU049,68
2024-11-28,SKU049,57
2024-11-29,SKU049,69
2024-11-30,SKU049,75
2024-12-01,SKU049,65
2024-12-02,SKU049,93
2024-12-03,SKU049,72
2024-12-04,SKU049,77
2024-12-05,SKU049,59
2024-12-06,SKU049,68
2024-12-07,SKU049,65
2024-12-08,SKU049,62
2024-12-09,SKU049,86
2024-12-10,SKU049,83
2024-12-11,SKU049,56
2024-12-12,SKU049,52
2024-12-13,SKU049,34
2024-12-14,SKU049,65
2024-12-15,SKU049,65
2024-12-16,SKU049,85
2024-12-17,SKU049,76
2024-12-18,SKU049,61
2024-12-19,SKU049,67
2024-12-20,SKU049,59
2024-12-21,SKU049,69
2024-12-22,SKU049,81
2024-12-23,SKU049,74
2024-12-24,SKU049,83
2024-12-25,SKU049,52
2024-12-26,SKU049,58
2024-12-27,SKU049,69
2024-12-28,SKU049,57
2024-12-29,SKU049,64
2024-12-30,SKU049,70
2024-12-31,SKU049,91
2025-01-01,SKU049,55
2025-01-02,SKU049,42
2025-01-03,SKU049,60
2025-01-04,SKU049,40
2025-01-05,SKU049,68
2025-01-06,SKU049,94
2025-01-07,SKU049,63
2025-01-08,SKU049,59
2025-01-09,SKU049,57
2025-01-10,SKU049,59
2025-01-11,SKU049,62
2025-01-12,SKU049,83
2025-01-13,SKU049,95
2025-01-14,SKU049,62
2025-01-15,SKU049,56
2025-01-16,SKU049,53
2025-01-17,SKU049,64
2025-01-18,SKU049,67
2025-01-19,SKU049,76
2025-01-20,SKU049,64
2025-01-21,SKU049,61
2025-01-22,SKU049,63
2025-01-23,SKU049,49
2025-01-24,SKU049,53
2025-01-25,SKU049,66
2025-01-26,SKU049,101
2025-01-27,SKU049,75
2025-01-28,SKU049,87
2025-01-29,SKU049,74
2025-01-30,SKU049,62
2025-01-31,SKU049,48
2025-02-01,SKU049,68
2025-02-02,SKU049,74
2025-02-03,SKU049,100
2025-02-04,SKU049,77
2025-02-05,SKU049,59
2025-02-06,SKU049,72
2025-02-07,SKU049,53
2025-02-08,SKU049,73
2025-02-09,SKU049,85
2025-02-10,SKU049,84
2025-02-11,SKU049,72
2025-02-12,SKU049,70
2025-02-13,SKU049,48
2025-02-14,SKU049,68
2025-02-15,SKU049,64
2025-02-16,SKU049,91
2025-02-17,SKU049,91
2025-02-18,SKU049,78
2025-02-19,SKU049,60
2025-02-20,SKU049,65
2025-02-21,SKU049,62
2025-02-22,SKU049,35
2025-02-23,SKU049,69
2025-02-24,SKU049,82
2025-02-25,SKU049,76
2025-02-26,SKU049,68
2025-02-27,SKU049,70
2025-02-28,SKU049,62
2025-03-01,SKU049,46
2025-03-02,SKU049,79
2025-03-03,SKU049,92
2025-03-04,SKU049,74
2025-03-05,SKU049,63
2025-03-06,SKU049,49
2025-03-07,SKU049,66
2025-03-08,SKU049,63
2025-03-09,SKU049,83
2025-03-10,SKU049,84
2025-03-11,SKU049,73
2025-03-12,SKU049,66
2025-03-13,SKU049,56
2025-03-14,SKU049,69
2025-03-15,SKU049,74
2025-03-16,SKU049,88
2025-03-17,SKU049,72
2025-03-18,SKU049,65
2025-03-19,SKU049,62
2025-03-20,SKU049,61
2025-03-21,SKU049,62
2025-03-22,SKU049,59
2025-03-23,SKU049,85
2025-03-24,SKU049,74
2025-03-25,SKU049,80
2025-03-26,SKU049,64
2025-03-27,SKU049,52
2025-03-28,SKU049,51
2025-03-29,SKU049,68
2025-03-30,SKU049,78
2025-03-31,SKU049,70
2025-04-01,SKU049,79
2025-04-02,SKU049,73
2025-04-03,SKU049,63
2025-04-04,SKU049,60
2025-04-05,SKU049,62
2025-04-06,SKU049,79
2025-04-07,SKU049,79
2025-04-08,SKU049,74
2025-04-09,SKU049,71
2025-04-10,SKU049,53
2025-04-11,SKU049,38
2025-04-12,SKU049,75
2025-04-13,SKU049,81
2025-04-14,SKU049,82
2025-04-15,SKU049,61
2025-04-16,SKU049,53
2025-04-17,SKU049,47
2025-04-18,SKU049,51
2025-04-19,SKU049,62
2025-04-20,SKU049,66
2025-04-21,SKU049,102
2025-04-22,SKU049,88
2025-04-23,SKU049,64
2025-04-24,SKU049,54
2025-04-25,SKU049,75
2025-04-26,SKU049,83
2025-04-27,SKU049,70
2025-04-28,SKU049,83
2025-04-29,SKU049,71
2025-04-30,SKU049,58
2025-05-01,SKU049,52
2025-05-02,SKU049,56
2025-05-03,SKU049,69
2025-05-04,SKU049,80
2025-05-05,SKU049,95
2025-05-06,SKU049,65
2025-05-07,SKU049,71
2025-05-08,SKU049,43
2025-05-09,SKU049,59
2025-05-10,SKU049,77
2025-05-11,SKU049,83
2025-05-12,SKU049,77
2025-05-13,SKU049,76
2025-05-14,SKU049,78
2025-05-15,SKU049,48
2025-05-16,SKU049,62
2025-05-17,SKU049,77
2025-05-18,SKU049,74
2025-05-19,SKU049,98
2025-05-20,SKU049,94
2025-05-21,SKU049,72
2025-05-22,SKU049,65
2025-05-23,SKU049,39
2025-05-24,SKU049,54
2025-05-25,SKU049,77
2025-05-26,SKU049,73
2025-05-27,SKU049,79
2025-05-28,SKU049,33
2025-05-29,SKU049,60
2025-05-30,SKU049,55
2025-05-31,SKU049,62
2025-06-01,SKU049,97
2025-06-02,SKU049,77
2025-06-03,SKU049,57
2025-06-04,SKU049,66
2025-06-05,SKU049,58
2025-06-06,SKU049,55
2025-06-07,SKU049,91
2025-06-08,SKU049,80
2025-06-09,SKU049,90
2025-06-10,SKU049,76
2025-06-11,SKU049,74
2025-06-12,SKU049,51
2025-06-13,SKU049,46
2025-06-14,SKU049,75
2025-06-15,SKU049,80
2025-06-16,SKU049,88
2025-06-17,SKU049,67
2025-06-18,SKU049,66
2025-06-19,SKU049,38
2025-06-20,SKU049,52
2025-06-21,SKU049,60
2025-06-22,SKU049,82
2025-06-23,SKU049,75
2025-06-24,SKU049,59
2025-06-25,SKU049,55
2025-06-26,SKU049,60
2025-06-27,SKU049,58
2025-06-28,SKU049,60
2025-06-29,SKU049,86
2025-06-30,SKU049,96
2025-07-01,SKU049,82
2025-07-02,SKU049,38
2025-07-03,SKU049,56
2025-07-04,SKU049,55
2025-07-05,SKU049,47
2024-06-01,SKU050,90
2024-06-02,SKU050,95
2024-06-03,SKU050,97
2024-06-04,SKU050,79
2024-06-05,SKU050,86
2024-06-06,SKU050,50
2024-06-07,SKU050,57
2024-06-08,SKU050,76
2024-06-09,SKU050,74
2024-06-10,SKU050,85
2024-06-11,SKU050,100
2024-06-12,SKU050,63
2024-06-13,SKU050,74
2024-06-14,SKU050,75
2024-06-15,SKU050,78
2024-06-16,SKU050,75
2024-06-17,SKU050,96
2024-06-18,SKU050,62
2024-06-19,SKU050,67
2024-06-20,SKU050,67
2024-06-21,SKU050,78
2024-06-22,SKU050,78
2024-06-23,SKU050,85
2024-06-24,SKU050,87
2024-06-25,SKU050,81
2024-06-26,SKU050,81
2024-06-27,SKU050,69
2024-06-28,SKU050,67
2024-06-29,SKU050,88
2024-06-30,SKU050,93
2024-07-01,SKU050,80
2024-07-02,SKU050,74
2024-07-03,SKU050,80
2024-07-04,SKU050,48
2024-07-05,SKU050,63
2024-07-06,SKU050,79
2024-07-07,SKU050,80
2024-07-08,SKU050,76
2024-07-09,SKU050,73
2024-07-10,SKU050,51
2024-07-11,SKU050,72
2024-07-12,SKU050,72
2024-07-13,SKU050,71
2024-07-14,SKU050,76
2024-07-15,SKU050,110
2024-07-16,SKU050,92
2024-07-17,SKU050,66
2024-07-18,SKU050,79
2024-07-19,SKU050,69
2024-07-20,SKU050,84
2024-07-21,SKU050,80
2024-07-22,SKU050,77
2024-07-23,SKU050,68
2024-07-24,SKU050,98
2024-07-25,SKU050,54
2024-07-26,SKU050,68
2024-07-27,SKU050,86
2024-07-28,SKU050,92
2024-07-29,SKU050,94
2024-07-30,SKU050,85
2024-07-31,SKU050,79
2024-08-01,SKU050,52
2024-08-02,SKU050,62
2024-08-03,SKU050,52
2024-08-04,SKU050,70
2024-08-05,SKU050,80
2024-08-06,SKU050,97
2024-08-07,SKU050,70
2024-08-08,SKU050,73
2024-08-09,SKU050,72
2024-08-10,SKU050,83
2024-08-11,SKU050,81
2024-08-12,SKU050,96
2024-08-13,SKU050,90
2024-08-14,SKU050,99
2024-08-15,SKU050,60
2024-08-16,SKU050,76
2024-08-17,SKU050,79
2024-08-18,SKU050,84
2024-08-19,SKU050,106
2024-08-20,SKU050,110
2024-08-21,SKU050,76
2024-08-22,SKU050,56
2024-08-23,SKU050,73
2024-08-24,SKU050,83
2024-08-25,SKU050,119
2024-08-26,SKU050,105
2024-08-27,SKU050,76
2024-08-28,SKU050,88
2024-08-29,SKU050,74
2024-08-30,SKU050,79
2024-08-31,SKU050,85
2024-09-01,SKU050,105
2024-09-02,SKU050,101
2024-09-03,SKU050,84
2024-09-04,SKU050,75
2024-09-05,SKU050,63
2024-09-06,SKU050,72
2024-09-07,SKU050,81
2024-09-08,SKU050,89
2024-09-09,SKU050,93
2024-09-10,SKU050,87
2024-09-11,SKU050,52
2024-09-12,SKU050,77
2024-09-13,SKU050,72
2024-09-14,SKU050,73
2024-09-15,SKU050,100
2024-09-16,SKU050,90
2024-09-17,SKU050,81
2024-09-18,SKU050,78
2024-09-19,SKU050,82
2024-09-20,SKU050,71
2024-09-21,SKU050,71
2024-09-22,SKU050,88
2024-09-23,SKU050,106
2024-09-24,SKU050,92
2024-09-25,SKU050,85
2024-09-26,SKU050,69
2024-09-27,SKU050,77
2024-09-28,SKU050,104
2024-09-29,SKU050,76
2024-09-30,SKU050,124
2024-10-01,SKU050,98
2024-10-02,SKU050,105
2024-10-03,SKU050,53
2024-10-04,SKU050,72
2024-10-05,SKU050,82
2024-10-06,SKU050,103
2024-10-07,SKU050,101
2024-10-08,SKU050,91
2024-10-09,SKU050,82
2024-10-10,SKU050,63
2024-10-11,SKU050,61
2024-10-12,SKU050,85
2024-10-13,SKU050,86
2024-10-14,SKU050,94
2024-10-15,SKU050,70
2024-10-16,SKU050,74
2024-10-17,SKU050,53
2024-10-18,SKU050,67
2024-10-19,SKU050,67
2024-10-20,SKU050,92
2024-10-21,SKU050,106
2024-10-22,SKU050,80
2024-10-23,SKU050,62
2024-10-24,SKU050,74
2024-10-25,SKU050,78
2024-10-26,SKU050,85
2024-10-27,SKU050,87
2024-10-28,SKU050,88
2024-10-29,SKU050,83
2024-10-30,SKU050,72
2024-10-31,SKU050,44
2024-11-01,SKU050,56
2024-11-02,SKU050,95
2024-11-03,SKU050,95
2024-11-04,SKU050,110
2024-11-05,SKU050,99
2024-11-06,SKU050,69
2024-11-07,SKU050,61
2024-11-08,SKU050,79
2024-11-09,SKU050,89
2024-11-10,SKU050,104
2024-11-11,SKU050,95
2024-11-12,SKU050,89
2024-11-13,SKU050,70
2024-11-14,SKU050,64
2024-11-15,SKU050,59
2024-11-16,SKU050,79
2024-11-17,SKU050,91
2024-11-18,SKU050,90
2024-11-19,SKU050,96
2024-11-20,SKU050,56
2024-11-21,SKU050,68
2024-11-22,SKU050,56
2024-11-23,SKU050,70
2024-11-24,SKU050,83
2024-11-25,SKU050,101
2024-11-26,SKU050,60
2024-11-27,SKU050,75
2024-11-28,SKU050,65
2024-11-29,SKU050,56
2024-11-30,SKU050,82
2024-12-01,SKU050,78
2024-12-02,SKU050,95
2024-12-03,SKU050,72
2024-12-04,SKU050,98
2024-12-05,SKU050,75
2024-12-06,SKU050,70
2024-12-07,SKU050,69
2024-12-08,SKU050,89
2024-12-09,SKU050,93
2024-12-10,SKU050,90
2024-12-11,SKU050,78
2024-12-12,SKU050,67
2024-12-13,SKU050,72
2024-12-14,SKU050,78
2024-12-15,SKU050,97
2024-12-16,SKU050,88
2024-12-17,SKU050,74
2024-12-18,SKU050,95
2024-12-19,SKU050,69
2024-12-20,SKU050,89
2024-12-21,SKU050,77
2024-12-22,SKU050,121
2024-12-23,SKU050,97
2024-12-24,SKU050,101
2024-12-25,SKU050,73
2024-12-26,SKU050,66
2024-12-27,SKU050,66
2024-12-28,SKU050,74
2024-12-29,SKU050,104
2024-12-30,SKU050,95
2024-12-31,SKU050,97
2025-01-01,SKU050,84
2025-01-02,SKU050,81
2025-01-03,SKU050,73
2025-01-04,SKU050,62
2025-01-05,SKU050,89
2025-01-06,SKU050,95
2025-01-07,SKU050,87
2025-01-08,SKU050,89
2025-01-09,SKU050,78
2025-01-10,SKU050,66
2025-01-11,SKU050,109
2025-01-12,SKU050,88
2025-01-13,SKU050,92
2025-01-14,SKU050,74
2025-01-15,SKU050,54
2025-01-16,SKU050,50
2025-01-17,SKU050,80
2025-01-18,SKU050,89
2025-01-19,SKU050,82
2025-01-20,SKU050,97
2025-01-21,SKU050,97
2025-01-22,SKU050,49
2025-01-23,SKU050,86
2025-01-24,SKU050,80
2025-01-25,SKU050,90
2025-01-26,SKU050,107
2025-01-27,SKU050,71
2025-01-28,SKU050,84
2025-01-29,SKU050,88
2025-01-30,SKU050,64
2025-01-31,SKU050,76
2025-02-01,SKU050,97
2025-02-02,SKU050,101
2025-02-03,SKU050,93
2025-02-04,SKU050,94
2025-02-05,SKU050,53
2025-02-06,SKU050,70
2025-02-07,SKU050,76
2025-02-08,SKU050,82
2025-02-09,SKU050,106
2025-02-10,SKU050,99
2025-02-11,SKU050,89
2025-02-12,SKU050,95
2025-02-13,SKU050,53
2025-02-14,SKU050,84
2025-02-15,SKU050,96
2025-02-16,SKU050,103
2025-02-17,SKU050,91
2025-02-18,SKU050,91
2025-02-19,SKU050,63
2025-02-20,SKU050,58
2025-02-21,SKU050,69
2025-02-22,SKU050,69
2025-02-23,SKU050,90
2025-02-24,SKU050,82
2025-02-25,SKU050,95
2025-02-26,SKU050,93
2025-02-27,SKU050,91
2025-02-28,SKU050,55
2025-03-01,SKU050,70
2025-03-02,SKU050,92
2025-03-03,SKU050,105
2025-03-04,SKU050,86
2025-03-05,SKU050,86
2025-03-06,SKU050,72
2025-03-07,SKU050,48
2025-03-08,SKU050,82
2025-03-09,SKU050,79
2025-03-10,SKU050,90
2025-03-11,SKU050,83
2025-03-12,SKU050,83
2025-03-13,SKU050,65
2025-03-14,SKU050,63
2025-03-15,SKU050,107
2025-03-16,SKU050,83
2025-03-17,SKU050,100
2025-03-18,SKU050,96
2025-03-19,SKU050,76
2025-03-20,SKU050,55
2025-03-21,SKU050,57
2025-03-22,SKU050,89
2025-03-23,SKU050,106
2025-03-24,SKU050,96
2025-03-25,SKU050,72
2025-03-26,SKU050,75
2025-03-27,SKU050,84
2025-03-28,SKU050,57
2025-03-29,SKU050,78
2025-03-30,SKU050,95
2025-03-31,SKU050,110
2025-04-01,SKU050,82
2025-04-02,SKU050,80
2025-04-03,SKU050,82
2025-04-04,SKU050,51
2025-04-05,SKU050,66
2025-04-06,SKU050,93
2025-04-07,SKU050,109
2025-04-08,SKU050,92
2025-04-09,SKU050,87
2025-04-10,SKU050,45
2025-04-11,SKU050,73
2025-04-12,SKU050,47
2025-04-13,SKU050,110
2025-04-14,SKU050,111
2025-04-15,SKU050,84
2025-04-16,SKU050,47
2025-04-17,SKU050,63
2025-04-18,SKU050,82
2025-04-19,SKU050,86
2025-04-20,SKU050,116
2025-04-21,SKU050,93
2025-04-22,SKU050,113
2025-04-23,SKU050,50
2025-04-24,SKU050,57
2025-04-25,SKU050,53
2025-04-26,SKU050,90
2025-04-27,SKU050,79
2025-04-28,SKU050,109
2025-04-29,SKU050,96
2025-04-30,SKU050,77
2025-05-01,SKU050,64
2025-05-02,SKU050,56
2025-05-03,SKU050,89
2025-05-04,SKU050,88
2025-05-05,SKU050,106
2025-05-06,SKU050,106
2025-05-07,SKU050,71
2025-05-08,SKU050,81
2025-05-09,SKU050,71
2025-05-10,SKU050,88
2025-05-11,SKU050,78
2025-05-12,SKU050,89
2025-05-13,SKU050,80
2025-05-14,SKU050,90
2025-05-15,SKU050,61
2025-05-16,SKU050,76
2025-05-17,SKU050,80
2025-05-18,SKU050,89
2025-05-19,SKU050,79
2025-05-20,SKU050,65
2025-05-21,SKU050,70
2025-05-22,SKU050,62
2025-05-23,SKU050,58
2025-05-24,SKU050,83
2025-05-25,SKU050,117
2025-05-26,SKU050,115
2025-05-27,SKU050,88
2025-05-28,SKU050,74
2025-05-29,SKU050,73
2025-05-30,SKU050,71
2025-05-31,SKU050,88
2025-06-01,SKU050,97
2025-06-02,SKU050,97
2025-06-03,SKU050,80
2025-06-04,SKU050,78
2025-06-05,SKU050,38
2025-06-06,SKU050,71
2025-06-07,SKU050,56
2025-06-08,SKU050,96
2025-06-09,SKU050,84
2025-06-10,SKU050,103
2025-06-11,SKU050,75
2025-06-12,SKU050,65
2025-06-13,SKU050,73
2025-06-14,SKU050,70
2025-06-15,SKU050,107
2025-06-16,SKU050,104
2025-06-17,SKU050,81
2025-06-18,SKU050,61
2025-06-19,SKU050,60
2025-06-20,SKU050,66
2025-06-21,SKU050,67
2025-06-22,SKU050,87
2025-06-23,SKU050,89
2025-06-24,SKU050,85
2025-06-25,SKU050,71
2025-06-26,SKU050,70
2025-06-27,SKU050,68
2025-06-28,SKU050,85
2025-06-29,SKU050,95
2025-06-30,SKU050,93
2025-07-01,SKU050,95
2025-07-02,SKU050,40
2025-07-03,SKU050,60
2025-07-04,SKU050,61
2025-07-05,SKU050,81
2024-06-01,SKU051,179
2024-06-02,SKU051,245
2024-06-03,SKU051,258
2024-06-04,SKU051,174
2024-06-05,SKU051,187
2024-06-06,SKU051,121
2024-06-07,SKU051,181
2024-06-08,SKU051,184
2024-06-09,SKU051,205
2024-06-10,SKU051,186
2024-06-11,SKU051,212
2024-06-12,SKU051,146
2024-06-13,SKU051,115
2024-06-14,SKU051,173
2024-06-15,SKU051,227
2024-06-16,SKU051,241
2024-06-17,SKU051,194
2024-06-18,SKU051,211
2024-06-19,SKU051,201
2024-06-20,SKU051,155
2024-06-21,SKU051,177
2024-06-22,SKU051,185
2024-06-23,SKU051,218
2024-06-24,SKU051,217
2024-06-25,SKU051,233
2024-06-26,SKU051,201
2024-06-27,SKU051,143
2024-06-28,SKU051,189
2024-06-29,SKU051,156
2024-06-30,SKU051,224
2024-07-01,SKU051,196
2024-07-02,SKU051,182
2024-07-03,SKU051,140
2024-07-04,SKU051,140
2024-07-05,SKU051,185
2024-07-06,SKU051,196
2024-07-07,SKU051,212
2024-07-08,SKU051,231
2024-07-09,SKU051,154
2024-07-10,SKU051,198
2024-07-11,SKU051,93
2024-07-12,SKU051,146
2024-07-13,SKU051,196
2024-07-14,SKU051,242
2024-07-15,SKU051,244
2024-07-16,SKU051,214
2024-07-17,SKU051,224
2024-07-18,SKU051,219
2024-07-19,SKU051,167
2024-07-20,SKU051,195
2024-07-21,SKU051,224
2024-07-22,SKU051,218
2024-07-23,SKU051,226
2024-07-24,SKU051,219
2024-07-25,SKU051,85
2024-07-26,SKU051,162
2024-07-27,SKU051,242
2024-07-28,SKU051,241
2024-07-29,SKU051,249
2024-07-30,SKU051,168
2024-07-31,SKU051,202
2024-08-01,SKU051,189
2024-08-02,SKU051,173
2024-08-03,SKU051,179
2024-08-04,SKU051,242
2024-08-05,SKU051,206
2024-08-06,SKU051,180
2024-08-07,SKU051,205
2024-08-08,SKU051,192
2024-08-09,SKU051,145
2024-08-10,SKU051,163
2024-08-11,SKU051,203
2024-08-12,SKU051,242
2024-08-13,SKU051,181
2024-08-14,SKU051,219
2024-08-15,SKU051,146
2024-08-16,SKU051,178
2024-08-17,SKU051,176
2024-08-18,SKU051,246
2024-08-19,SKU051,256
2024-08-20,SKU051,165
2024-08-21,SKU051,161
2024-08-22,SKU051,155
2024-08-23,SKU051,151
2024-08-24,SKU051,224
2024-08-25,SKU051,211
2024-08-26,SKU051,258
2024-08-27,SKU051,230
2024-08-28,SKU051,178
2024-08-29,SKU051,182
2024-08-30,SKU051,121
2024-08-31,SKU051,196
2024-09-01,SKU051,206
2024-09-02,SKU051,233
2024-09-03,SKU051,201
2024-09-04,SKU051,183
2024-09-05,SKU051,160
2024-09-06,SKU051,171
2024-09-07,SKU051,203
2024-09-08,SKU051,246
2024-09-09,SKU051,199
2024-09-10,SKU051,230
2024-09-11,SKU051,136
2024-09-12,SKU051,76
2024-09-13,SKU051,226
2024-09-14,SKU051,170
2024-09-15,SKU051,216
2024-09-16,SKU051,181
2024-09-17,SKU051,202
2024-09-18,SKU051,187
2024-09-19,SKU051,167
2024-09-20,SKU051,131
2024-09-21,SKU051,185
2024-09-22,SKU051,240
2024-09-23,SKU051,244
2024-09-24,SKU051,219
2024-09-25,SKU051,203
2024-09-26,SKU051,156
2024-09-27,SKU051,208
2024-09-28,SKU051,189
2024-09-29,SKU051,250
2024-09-30,SKU051,258
2024-10-01,SKU051,166
2024-10-02,SKU051,194
2024-10-03,SKU051,140
2024-10-04,SKU051,137
2024-10-05,SKU051,185
2024-10-06,SKU051,234
2024-10-07,SKU051,190
2024-10-08,SKU051,216
2024-10-09,SKU051,174
2024-10-10,SKU051,190
2024-10-11,SKU051,148
2024-10-12,SKU051,233
2024-10-13,SKU051,240
2024-10-14,SKU051,236
2024-10-15,SKU051,253
2024-10-16,SKU051,238
2024-10-17,SKU051,153
2024-10-18,SKU051,145
2024-10-19,SKU051,211
2024-10-20,SKU051,187
2024-10-21,SKU051,198
2024-10-22,SKU051,254
2024-10-23,SKU051,198
2024-10-24,SKU051,134
2024-10-25,SKU051,260
2024-10-26,SKU051,157
2024-10-27,SKU051,247
2024-10-28,SKU051,213
2024-10-29,SKU051,268
2024-10-30,SKU051,165
2024-10-31,SKU051,151
2024-11-01,SKU051,113
2024-11-02,SKU051,260
2024-11-03,SKU051,211
2024-11-04,SKU051,251
2024-11-05,SKU051,215
2024-11-06,SKU051,164
2024-11-07,SKU051,93
2024-11-08,SKU051,160
2024-11-09,SKU051,190
2024-11-10,SKU051,238
2024-11-11,SKU051,300
2024-11-12,SKU051,234
2024-11-13,SKU051,206
2024-11-14,SKU051,150
2024-11-15,SKU051,128
2024-11-16,SKU051,190
2024-11-17,SKU051,207
2024-11-18,SKU051,235
2024-11-19,SKU051,201
2024-11-20,SKU051,131
2024-11-21,SKU051,197
2024-11-22,SKU051,163
2024-11-23,SKU051,188
2024-11-24,SKU051,196
2024-11-25,SKU051,222
2024-11-26,SKU051,190
2024-11-27,SKU051,145
2024-11-28,SKU051,164
2024-11-29,SKU051,153
2024-11-30,SKU051,220
2024-12-01,SKU051,218
2024-12-02,SKU051,240
2024-12-03,SKU051,218
2024-12-04,SKU051,192
2024-12-05,SKU051,134
2024-12-06,SKU051,194
2024-12-07,SKU051,163
2024-12-08,SKU051,230
2024-12-09,SKU051,201
2024-12-10,SKU051,212
2024-12-11,SKU051,207
2024-12-12,SKU051,176
2024-12-13,SKU051,198
2024-12-14,SKU051,189
2024-12-15,SKU051,256
2024-12-16,SKU051,216
2024-12-17,SKU051,202
2024-12-18,SKU051,185
2024-12-19,SKU051,185
2024-12-20,SKU051,151
2024-12-21,SKU051,219
2024-12-22,SKU051,236
2024-12-23,SKU051,247
2024-12-24,SKU051,190
2024-12-25,SKU051,169
2024-12-26,SKU051,157
2024-12-27,SKU051,177
2024-12-28,SKU051,174
2024-12-29,SKU051,191
2024-12-30,SKU051,173
2024-12-31,SKU051,237
2025-01-01,SKU051,209
2025-01-02,SKU051,100
2025-01-03,SKU051,169
2025-01-04,SKU051,187
2025-01-05,SKU051,265
2025-01-06,SKU051,230
2025-01-07,SKU051,231
2025-01-08,SKU051,168
2025-01-09,SKU051,139
2025-01-10,SKU051,190
2025-01-11,SKU051,230
2025-01-12,SKU051,191
2025-01-13,SKU051,271
2025-01-14,SKU051,186
2025-01-15,SKU051,112
2025-01-16,SKU051,160
2025-01-17,SKU051,182
2025-01-18,SKU051,153
2025-01-19,SKU051,170
2025-01-20,SKU051,222
2025-01-21,SKU051,197
2025-01-22,SKU051,221
2025-01-23,SKU051,160
2025-01-24,SKU051,189
2025-01-25,SKU051,204
2025-01-26,SKU051,276
2025-01-27,SKU051,210
2025-01-28,SKU051,213
2025-01-29,SKU051,134
2025-01-30,SKU051,183
2025-01-31,SKU051,200
2025-02-01,SKU051,224
2025-02-02,SKU051,225
2025-02-03,SKU051,192
2025-02-04,SKU051,213
2025-02-05,SKU051,161
2025-02-06,SKU051,187
2025-02-07,SKU051,154
2025-02-08,SKU051,185
2025-02-09,SKU051,294
2025-02-10,SKU051,260
2025-02-11,SKU051,247
2025-02-12,SKU051,166
2025-02-13,SKU051,127
2025-02-14,SKU051,199
2025-02-15,SKU051,242
2025-02-16,SKU051,191
2025-02-17,SKU051,221
2025-02-18,SKU051,188
2025-02-19,SKU051,195
2025-02-20,SKU051,192
2025-02-21,SKU051,156
2025-02-22,SKU051,187
2025-02-23,SKU051,171
2025-02-24,SKU051,208
2025-02-25,SKU051,260
2025-02-26,SKU051,195
2025-02-27,SKU051,187
2025-02-28,SKU051,156
2025-03-01,SKU051,190
2025-03-02,SKU051,230
2025-03-03,SKU051,246
2025-03-04,SKU051,256
2025-03-05,SKU051,161
2025-03-06,SKU051,155
2025-03-07,SKU051,143
2025-03-08,SKU051,140
2025-03-09,SKU051,256
2025-03-10,SKU051,289
2025-03-11,SKU051,238
2025-03-12,SKU051,188
2025-03-13,SKU051,214
2025-03-14,SKU051,181
2025-03-15,SKU051,222
2025-03-16,SKU051,233
2025-03-17,SKU051,245
2025-03-18,SKU051,211
2025-03-19,SKU051,206
2025-03-20,SKU051,127
2025-03-21,SKU051,179
2025-03-22,SKU051,173
2025-03-23,SKU051,244
2025-03-24,SKU051,308
2025-03-25,SKU051,236
2025-03-26,SKU051,216
2025-03-27,SKU051,186
2025-03-28,SKU051,98
2025-03-29,SKU051,194
2025-03-30,SKU051,242
2025-03-31,SKU051,175
2025-04-01,SKU051,207
2025-04-02,SKU051,178
2025-04-03,SKU051,123
2025-04-04,SKU051,138
2025-04-05,SKU051,238
2025-04-06,SKU051,123
2025-04-07,SKU051,245
2025-04-08,SKU051,250
2025-04-09,SKU051,180
2025-04-10,SKU051,201
2025-04-11,SKU051,154
2025-04-12,SKU051,171
2025-04-13,SKU051,229
2025-04-14,SKU051,225
2025-04-15,SKU051,198
2025-04-16,SKU051,175
2025-04-17,SKU051,136
2025-04-18,SKU051,142
2025-04-19,SKU051,165
2025-04-20,SKU051,241
2025-04-21,SKU051,207
2025-04-22,SKU051,178
2025-04-23,SKU051,149
2025-04-24,SKU051,166
2025-04-25,SKU051,187
2025-04-26,SKU051,220
2025-04-27,SKU051,235
2025-04-28,SKU051,253
2025-04-29,SKU051,214
2025-04-30,SKU051,194
2025-05-01,SKU051,172
2025-05-02,SKU051,145
2025-05-03,SKU051,166
2025-05-04,SKU051,269
2025-05-05,SKU051,240
2025-05-06,SKU051,246
2025-05-07,SKU051,148
2025-05-08,SKU051,147
2025-05-09,SKU051,126
2025-05-10,SKU051,217
2025-05-11,SKU051,211
2025-05-12,SKU051,220
2025-05-13,SKU051,273
2025-05-14,SKU051,201
2025-05-15,SKU051,179
2025-05-16,SKU051,131
2025-05-17,SKU051,143
2025-05-18,SKU051,258
2025-05-19,SKU051,170
2025-05-20,SKU051,200
2025-05-21,SKU051,157
2025-05-22,SKU051,132
2025-05-23,SKU051,154
2025-05-24,SKU051,167
2025-05-25,SKU051,193
2025-05-26,SKU051,244
2025-05-27,SKU051,247
2025-05-28,SKU051,129
2025-05-29,SKU051,165
2025-05-30,SKU051,183
2025-05-31,SKU051,211
2025-06-01,SKU051,222
2025-06-02,SKU051,219
2025-06-03,SKU051,238
2025-06-04,SKU051,191
2025-06-05,SKU051,103
2025-06-06,SKU051,160
2025-06-07,SKU051,200
2025-06-08,SKU051,196
2025-06-09,SKU051,229
2025-06-10,SKU051,230
2025-06-11,SKU051,156
2025-06-12,SKU051,166
2025-06-13,SKU051,138
2025-06-14,SKU051,161
2025-06-15,SKU051,247
2025-06-16,SKU051,271
2025-06-17,SKU051,180
2025-06-18,SKU051,209
2025-06-19,SKU051,159
2025-06-20,SKU051,101
2025-06-21,SKU051,155
2025-06-22,SKU051,247
2025-06-23,SKU051,188
2025-06-24,SKU051,197
2025-06-25,SKU051,178
2025-06-26,SKU051,173
2025-06-27,SKU051,173
2025-06-28,SKU051,245
2025-06-29,SKU051,205
2025-06-30,SKU051,240
2025-07-01,SKU051,229
2025-07-02,SKU051,202
2025-07-03,SKU051,191
2025-07-04,SKU051,154
2025-07-05,SKU051,217
2024-06-01,SKU052,175
2024-06-02,SKU052,218
2024-06-03,SKU052,237
2024-06-04,SKU052,207
2024-06-05,SKU052,164
2024-06-06,SKU052,140
2024-06-07,SKU052,164
2024-06-08,SKU052,235
2024-06-09,SKU052,227
2024-06-10,SKU052,222
2024-06-11,SKU052,156
2024-06-12,SKU052,139
2024-06-13,SKU052,134
2024-06-14,SKU052,173
2024-06-15,SKU052,152
2024-06-16,SKU052,222
2024-06-17,SKU052,215
2024-06-18,SKU052,202
2024-06-19,SKU052,156
2024-06-20,SKU052,127
2024-06-21,SKU052,123
2024-06-22,SKU052,193
2024-06-23,SKU052,203
2024-06-24,SKU052,183
2024-06-25,SKU052,198
2024-06-26,SKU052,253
2024-06-27,SKU052,137
2024-06-28,SKU052,193
2024-06-29,SKU052,108
2024-06-30,SKU052,197
2024-07-01,SKU052,237
2024-07-02,SKU052,193
2024-07-03,SKU052,145
2024-07-04,SKU052,142
2024-07-05,SKU052,175
2024-07-06,SKU052,234
2024-07-07,SKU052,233
2024-07-08,SKU052,198
2024-07-09,SKU052,186
2024-07-10,SKU052,156
2024-07-11,SKU052,119
2024-07-12,SKU052,145
2024-07-13,SKU052,170
2024-07-14,SKU052,173
2024-07-15,SKU052,234
2024-07-16,SKU052,204
2024-07-17,SKU052,145
2024-07-18,SKU052,146
2024-07-19,SKU052,124
2024-07-20,SKU052,162
2024-07-21,SKU052,223
2024-07-22,SKU052,224
2024-07-23,SKU052,179
2024-07-24,SKU052,170
2024-07-25,SKU052,141
2024-07-26,SKU052,123
2024-07-27,SKU052,173
2024-07-28,SKU052,216
2024-07-29,SKU052,220
2024-07-30,SKU052,147
2024-07-31,SKU052,166
2024-08-01,SKU052,143
2024-08-02,SKU052,99
2024-08-03,SKU052,156
2024-08-04,SKU052,218
2024-08-05,SKU052,248
2024-08-06,SKU052,149
2024-08-07,SKU052,188
2024-08-08,SKU052,93
2024-08-09,SKU052,186
2024-08-10,SKU052,171
2024-08-11,SKU052,186
2024-08-12,SKU052,221
2024-08-13,SKU052,167
2024-08-14,SKU052,175
2024-08-15,SKU052,139
2024-08-16,SKU052,48
2024-08-17,SKU052,155
2024-08-18,SKU052,210
2024-08-19,SKU052,240
2024-08-20,SKU052,201
2024-08-21,SKU052,190
2024-08-22,SKU052,119
2024-08-23,SKU052,169
2024-08-24,SKU052,197
2024-08-25,SKU052,161
2024-08-26,SKU052,241
2024-08-27,SKU052,201
2024-08-28,SKU052,154
2024-08-29,SKU052,135
2024-08-30,SKU052,122
2024-08-31,SKU052,194
2024-09-01,SKU052,213
2024-09-02,SKU052,227
2024-09-03,SKU052,194
2024-09-04,SKU052,167
2024-09-05,SKU052,135
2024-09-06,SKU052,178
2024-09-07,SKU052,193
2024-09-08,SKU052,209
2024-09-09,SKU052,208
2024-09-10,SKU052,145
2024-09-11,SKU052,109
2024-09-12,SKU052,133
2024-09-13,SKU052,183
2024-09-14,SKU052,158
2024-09-15,SKU052,187
2024-09-16,SKU052,186
2024-09-17,SKU052,158
2024-09-18,SKU052,137
2024-09-19,SKU052,150
2024-09-20,SKU052,136
2024-09-21,SKU052,163
2024-09-22,SKU052,188
2024-09-23,SKU052,218
2024-09-24,SKU052,203
2024-09-25,SKU052,112
2024-09-26,SKU052,122
2024-09-27,SKU052,147
2024-09-28,SKU052,189
2024-09-29,SKU052,208
2024-09-30,SKU052,233
2024-10-01,SKU052,155
2024-10-02,SKU052,173
2024-10-03,SKU052,197
2024-10-04,SKU052,151
2024-10-05,SKU052,179
2024-10-06,SKU052,218
2024-10-07,SKU052,197
2024-10-08,SKU052,167
2024-10-09,SKU052,163
2024-10-10,SKU052,99
2024-10-11,SKU052,160
2024-10-12,SKU052,192
2024-10-13,SKU052,162
2024-10-14,SKU052,216
2024-10-15,SKU052,187
2024-10-16,SKU052,201
2024-10-17,SKU052,177
2024-10-18,SKU052,172
2024-10-19,SKU052,209
2024-10-20,SKU052,195
2024-10-21,SKU052,218
2024-10-22,SKU052,186
2024-10-23,SKU052,135
2024-10-24,SKU052,145
2024-10-25,SKU052,147
2024-10-26,SKU052,172
2024-10-27,SKU052,203
2024-10-28,SKU052,213
2024-10-29,SKU052,216
2024-10-30,SKU052,146
2024-10-31,SKU052,109
2024-11-01,SKU052,167
2024-11-02,SKU052,200
2024-11-03,SKU052,214
2024-11-04,SKU052,181
2024-11-05,SKU052,189
2024-11-06,SKU052,169
2024-11-07,SKU052,114
2024-11-08,SKU052,129
2024-11-09,SKU052,173
2024-11-10,SKU052,236
2024-11-11,SKU052,217
2024-11-12,SKU052,177
2024-11-13,SKU052,156
2024-11-14,SKU052,125
2024-11-15,SKU052,138
2024-11-16,SKU052,196
2024-11-17,SKU052,154
2024-11-18,SKU052,246
2024-11-19,SKU052,250
2024-11-20,SKU052,166
2024-11-21,SKU052,120
2024-11-22,SKU052,180
2024-11-23,SKU052,184
2024-11-24,SKU052,191
2024-11-25,SKU052,186
2024-11-26,SKU052,182
2024-11-27,SKU052,167
2024-11-28,SKU052,166
2024-11-29,SKU052,157
2024-11-30,SKU052,189
2024-12-01,SKU052,196
2024-12-02,SKU052,234
2024-12-03,SKU052,187
2024-12-04,SKU052,210
2024-12-05,SKU052,125
2024-12-06,SKU052,160
2024-12-07,SKU052,235
2024-12-08,SKU052,232
2024-12-09,SKU052,231
2024-12-10,SKU052,200
2024-12-11,SKU052,163
2024-12-12,SKU052,138
2024-12-13,SKU052,134
2024-12-14,SKU052,136
2024-12-15,SKU052,222
2024-12-16,SKU052,171
2024-12-17,SKU052,210
2024-12-18,SKU052,153
2024-12-19,SKU052,117
2024-12-20,SKU052,187
2024-12-21,SKU052,139
2024-12-22,SKU052,187
2024-12-23,SKU052,196
2024-12-24,SKU052,196
2024-12-25,SKU052,145
2024-12-26,SKU052,181
2024-12-27,SKU052,113
2024-12-28,SKU052,285
2024-12-29,SKU052,177
2024-12-30,SKU052,290
2024-12-31,SKU052,221
2025-01-01,SKU052,159
2025-01-02,SKU052,149
2025-01-03,SKU052,139
2025-01-04,SKU052,186
2025-01-05,SKU052,185
2025-01-06,SKU052,230
2025-01-07,SKU052,197
2025-01-08,SKU052,135
2025-01-09,SKU052,154
2025-01-10,SKU052,159
2025-01-11,SKU052,158
2025-01-12,SKU052,193
2025-01-13,SKU052,225
2025-01-14,SKU052,221
2025-01-15,SKU052,158
2025-01-16,SKU052,167
2025-01-17,SKU052,180
2025-01-18,SKU052,212
2025-01-19,SKU052,216
2025-01-20,SKU052,188
2025-01-21,SKU052,216
2025-01-22,SKU052,157
2025-01-23,SKU052,156
2025-01-24,SKU052,133
2025-01-25,SKU052,161
2025-01-26,SKU052,186
2025-01-27,SKU052,176
2025-01-28,SKU052,177
2025-01-29,SKU052,134
2025-01-30,SKU052,158
2025-01-31,SKU052,121
2025-02-01,SKU052,159
2025-02-02,SKU052,205
2025-02-03,SKU052,260
2025-02-04,SKU052,174
2025-02-05,SKU052,125
2025-02-06,SKU052,108
2025-02-07,SKU052,126
2025-02-08,SKU052,160
2025-02-09,SKU052,266
2025-02-10,SKU052,237
2025-02-11,SKU052,184
2025-02-12,SKU052,211
2025-02-13,SKU052,126
2025-02-14,SKU052,138
2025-02-15,SKU052,164
2025-02-16,SKU052,232
2025-02-17,SKU052,210
2025-02-18,SKU052,232
2025-02-19,SKU052,173
2025-02-20,SKU052,167
2025-02-21,SKU052,101
2025-02-22,SKU052,132
2025-02-23,SKU052,160
2025-02-24,SKU052,200
2025-02-25,SKU052,152
2025-02-26,SKU052,195
2025-02-27,SKU052,137
2025-02-28,SKU052,166
2025-03-01,SKU052,164
2025-03-02,SKU052,227
2025-03-03,SKU052,159
2025-03-04,SKU052,191
2025-03-05,SKU052,175
2025-03-06,SKU052,158
2025-03-07,SKU052,141
2025-03-08,SKU052,132
2025-03-09,SKU052,232
2025-03-10,SKU052,201
2025-03-11,SKU052,184
2025-03-12,SKU052,221
2025-03-13,SKU052,145
2025-03-14,SKU052,136
2025-03-15,SKU052,162
2025-03-16,SKU052,222
2025-03-17,SKU052,190
2025-03-18,SKU052,206
2025-03-19,SKU052,191
2025-03-20,SKU052,140
2025-03-21,SKU052,176
2025-03-22,SKU052,175
2025-03-23,SKU052,186
2025-03-24,SKU052,167
2025-03-25,SKU052,200
2025-03-26,SKU052,170
2025-03-27,SKU052,169
2025-03-28,SKU052,173
2025-03-29,SKU052,232
2025-03-30,SKU052,189
2025-03-31,SKU052,221
2025-04-01,SKU052,174
2025-04-02,SKU052,186
2025-04-03,SKU052,118
2025-04-04,SKU052,174
2025-04-05,SKU052,157
2025-04-06,SKU052,225
2025-04-07,SKU052,244
2025-04-08,SKU052,151
2025-04-09,SKU052,126
2025-04-10,SKU052,149
2025-04-11,SKU052,153
2025-04-12,SKU052,169
2025-04-13,SKU052,192
2025-04-14,SKU052,189
2025-04-15,SKU052,201
2025-04-16,SKU052,136
2025-04-17,SKU052,152
2025-04-18,SKU052,134
2025-04-19,SKU052,166
2025-04-20,SKU052,237
2025-04-21,SKU052,237
2025-04-22,SKU052,166
2025-04-23,SKU052,138
2025-04-24,SKU052,163
2025-04-25,SKU052,111
2025-04-26,SKU052,216
2025-04-27,SKU052,208
2025-04-28,SKU052,196
2025-04-29,SKU052,193
2025-04-30,SKU052,198
2025-05-01,SKU052,86
2025-05-02,SKU052,177
2025-05-03,SKU052,209
2025-05-04,SKU052,196
2025-05-05,SKU052,210
2025-05-06,SKU052,196
2025-05-07,SKU052,181
2025-05-08,SKU052,123
2025-05-09,SKU052,149
2025-05-10,SKU052,174
2025-05-11,SKU052,223
2025-05-12,SKU052,283
2025-05-13,SKU052,173
2025-05-14,SKU052,164
2025-05-15,SKU052,122
2025-05-16,SKU052,136
2025-05-17,SKU052,148
2025-05-18,SKU052,164
2025-05-19,SKU052,243
2025-05-20,SKU052,202
2025-05-21,SKU052,164
2025-05-22,SKU052,119
2025-05-23,SKU052,147
2025-05-24,SKU052,146
2025-05-25,SKU052,204
2025-05-26,SKU052,220
2025-05-27,SKU052,178
2025-05-28,SKU052,142
2025-05-29,SKU052,129
2025-05-30,SKU052,171
2025-05-31,SKU052,182
2025-06-01,SKU052,162
2025-06-02,SKU052,231
2025-06-03,SKU052,207
2025-06-04,SKU052,167
2025-06-05,SKU052,186
2025-06-06,SKU052,150
2025-06-07,SKU052,188
2025-06-08,SKU052,217
2025-06-09,SKU052,235
2025-06-10,SKU052,186
2025-06-11,SKU052,145
2025-06-12,SKU052,168
2025-06-13,SKU052,174
2025-06-14,SKU052,211
2025-06-15,SKU052,216
2025-06-16,SKU052,168
2025-06-17,SKU052,197
2025-06-18,SKU052,163
2025-06-19,SKU052,175
2025-06-20,SKU052,177
2025-06-21,SKU052,193
2025-06-22,SKU052,150
2025-06-23,SKU052,190
2025-06-24,SKU052,183
2025-06-25,SKU052,153
2025-06-26,SKU052,147
2025-06-27,SKU052,189
2025-06-28,SKU052,198
2025-06-29,SKU052,180
2025-06-30,SKU052,190
2025-07-01,SKU052,168
2025-07-02,SKU052,159
2025-07-03,SKU052,164
2025-07-04,SKU052,175
2025-07-05,SKU052,167
2024-06-01,SKU053,145
2024-06-02,SKU053,205
2024-06-03,SKU053,142
2024-06-04,SKU053,173
2024-06-05,SKU053,145
2024-06-06,SKU053,111
2024-06-07,SKU053,123
2024-06-08,SKU053,155
2024-06-09,SKU053,162
2024-06-10,SKU053,161
2024-06-11,SKU053,143
2024-06-12,SKU053,174
2024-06-13,SKU053,108
2024-06-14,SKU053,128
2024-06-15,SKU053,163
2024-06-16,SKU053,164
2024-06-17,SKU053,175
2024-06-18,SKU053,170
2024-06-19,SKU053,115
2024-06-20,SKU053,84
2024-06-21,SKU053,107
2024-06-22,SKU053,184
2024-06-23,SKU053,156
2024-06-24,SKU053,177
2024-06-25,SKU053,130
2024-06-26,SKU053,163
2024-06-27,SKU053,111
2024-06-28,SKU053,113
2024-06-29,SKU053,143
2024-06-30,SKU053,224
2024-07-01,SKU053,184
2024-07-02,SKU053,155
2024-07-03,SKU053,70
2024-07-04,SKU053,147
2024-07-05,SKU053,108
2024-07-06,SKU053,127
2024-07-07,SKU053,152
2024-07-08,SKU053,207
2024-07-09,SKU053,158
2024-07-10,SKU053,100
2024-07-11,SKU053,113
2024-07-12,SKU053,105
2024-07-13,SKU053,154
2024-07-14,SKU053,160
2024-07-15,SKU053,140
2024-07-16,SKU053,157
2024-07-17,SKU053,132
2024-07-18,SKU053,90
2024-07-19,SKU053,80
2024-07-20,SKU053,152
2024-07-21,SKU053,163
2024-07-22,SKU053,170
2024-07-23,SKU053,175
2024-07-24,SKU053,91
2024-07-25,SKU053,119
2024-07-26,SKU053,138
2024-07-27,SKU053,142
2024-07-28,SKU053,138
2024-07-29,SKU053,160
2024-07-30,SKU053,149
2024-07-31,SKU053,99
2024-08-01,SKU053,126
2024-08-02,SKU053,123
2024-08-03,SKU053,132
2024-08-04,SKU053,190
2024-08-05,SKU053,163
2024-08-06,SKU053,191
2024-08-07,SKU053,127
2024-08-08,SKU053,97
2024-08-09,SKU053,103
2024-08-10,SKU053,148
2024-08-11,SKU053,145
2024-08-12,SKU053,178
2024-08-13,SKU053,150
2024-08-14,SKU053,124
2024-08-15,SKU053,117
2024-08-16,SKU053,145
2024-08-17,SKU053,134
2024-08-18,SKU053,173
2024-08-19,SKU053,184
2024-08-20,SKU053,132
2024-08-21,SKU053,145
2024-08-22,SKU053,135
2024-08-23,SKU053,144
2024-08-24,SKU053,122
2024-08-25,SKU053,146
2024-08-26,SKU053,173
2024-08-27,SKU053,156
2024-08-28,SKU053,134
2024-08-29,SKU053,110
2024-08-30,SKU053,127
2024-08-31,SKU053,90
2024-09-01,SKU053,183
2024-09-02,SKU053,207
2024-09-03,SKU053,147
2024-09-04,SKU053,138
2024-09-05,SKU053,154
2024-09-06,SKU053,124
2024-09-07,SKU053,153
2024-09-08,SKU053,209
2024-09-09,SKU053,219
2024-09-10,SKU053,135
2024-09-11,SKU053,124
2024-09-12,SKU053,137
2024-09-13,SKU053,134
2024-09-14,SKU053,161
2024-09-15,SKU053,111
2024-09-16,SKU053,132
2024-09-17,SKU053,198
2024-09-18,SKU053,150
2024-09-19,SKU053,125
2024-09-20,SKU053,96
2024-09-21,SKU053,137
2024-09-22,SKU053,181
2024-09-23,SKU053,144
2024-09-24,SKU053,143
2024-09-25,SKU053,142
2024-09-26,SKU053,130
2024-09-27,SKU053,112
2024-09-28,SKU053,168
2024-09-29,SKU053,190
2024-09-30,SKU053,135
2024-10-01,SKU053,195
2024-10-02,SKU053,159
2024-10-03,SKU053,122
2024-10-04,SKU053,120
2024-10-05,SKU053,163
2024-10-06,SKU053,181
2024-10-07,SKU053,169
2024-10-08,SKU053,194
2024-10-09,SKU053,87
2024-10-10,SKU053,103
2024-10-11,SKU053,133
2024-10-12,SKU053,145
2024-10-13,SKU053,184
2024-10-14,SKU053,144
2024-10-15,SKU053,153
2024-10-16,SKU053,159
2024-10-17,SKU053,85
2024-10-18,SKU053,118
2024-10-19,SKU053,134
2024-10-20,SKU053,177
2024-10-21,SKU053,183
2024-10-22,SKU053,161
2024-10-23,SKU053,127
2024-10-24,SKU053,119
2024-10-25,SKU053,120
2024-10-26,SKU053,145
2024-10-27,SKU053,201
2024-10-28,SKU053,148
2024-10-29,SKU053,166
2024-10-30,SKU053,113
2024-10-31,SKU053,160
2024-11-01,SKU053,125
2024-11-02,SKU053,118
2024-11-03,SKU053,164
2024-11-04,SKU053,143
2024-11-05,SKU053,145
2024-11-06,SKU053,147
2024-11-07,SKU053,147
2024-11-08,SKU053,147
2024-11-09,SKU053,144
2024-11-10,SKU053,181
2024-11-11,SKU053,192
2024-11-12,SKU053,208
2024-11-13,SKU053,120
2024-11-14,SKU053,151
2024-11-15,SKU053,99
2024-11-16,SKU053,172
2024-11-17,SKU053,155
2024-11-18,SKU053,159
2024-11-19,SKU053,152
2024-11-20,SKU053,116
2024-11-21,SKU053,127
2024-11-22,SKU053,150
2024-11-23,SKU053,100
2024-11-24,SKU053,165
2024-11-25,SKU053,151
2024-11-26,SKU053,178
2024-11-27,SKU053,164
2024-11-28,SKU053,114
2024-11-29,SKU053,108
2024-11-30,SKU053,111
2024-12-01,SKU053,212
2024-12-02,SKU053,203
2024-12-03,SKU053,115
2024-12-04,SKU053,148
2024-12-05,SKU053,93
2024-12-06,SKU053,112
2024-12-07,SKU053,119
2024-12-08,SKU053,125
2024-12-09,SKU053,173
2024-12-10,SKU053,200
2024-12-11,SKU053,113
2024-12-12,SKU053,137
2024-12-13,SKU053,146
2024-12-14,SKU053,162
2024-12-15,SKU053,213
2024-12-16,SKU053,195
2024-12-17,SKU053,198
2024-12-18,SKU053,108
2024-12-19,SKU053,134
2024-12-20,SKU053,156
2024-12-21,SKU053,129
2024-12-22,SKU053,92
2024-12-23,SKU053,147
2024-12-24,SKU053,143
2024-12-25,SKU053,146
2024-12-26,SKU053,105
2024-12-27,SKU053,123
2024-12-28,SKU053,133
2024-12-29,SKU053,166
2024-12-30,SKU053,173
2024-12-31,SKU053,145
2025-01-01,SKU053,151
2025-01-02,SKU053,148
2025-01-03,SKU053,98
2025-01-04,SKU053,151
2025-01-05,SKU053,138
2025-01-06,SKU053,136
2025-01-07,SKU053,181
2025-01-08,SKU053,177
2025-01-09,SKU053,110
2025-01-10,SKU053,163
2025-01-11,SKU053,132
2025-01-12,SKU053,164
2025-01-13,SKU053,211
2025-01-14,SKU053,139
2025-01-15,SKU053,153
2025-01-16,SKU053,110
2025-01-17,SKU053,107
2025-01-18,SKU053,135
2025-01-19,SKU053,121
2025-01-20,SKU053,202
2025-01-21,SKU053,164
2025-01-22,SKU053,130
2025-01-23,SKU053,102
2025-01-24,SKU053,130
2025-01-25,SKU053,165
2025-01-26,SKU053,163
2025-01-27,SKU053,196
2025-01-28,SKU053,165
2025-01-29,SKU053,131
2025-01-30,SKU053,138
2025-01-31,SKU053,112
2025-02-01,SKU053,119
2025-02-02,SKU053,168
2025-02-03,SKU053,175
2025-02-04,SKU053,154
2025-02-05,SKU053,159
2025-02-06,SKU053,128
2025-02-07,SKU053,121
2025-02-08,SKU053,146
2025-02-09,SKU053,171
2025-02-10,SKU053,186
2025-02-11,SKU053,160
2025-02-12,SKU053,130
2025-02-13,SKU053,88
2025-02-14,SKU053,108
2025-02-15,SKU053,152
2025-02-16,SKU053,173
2025-02-17,SKU053,142
2025-02-18,SKU053,146
2025-02-19,SKU053,113
2025-02-20,SKU053,147
2025-02-21,SKU053,129
2025-02-22,SKU053,155
2025-02-23,SKU053,167
2025-02-24,SKU053,161
2025-02-25,SKU053,149
2025-02-26,SKU053,144
2025-02-27,SKU053,112
2025-02-28,SKU053,134
2025-03-01,SKU053,149
2025-03-02,SKU053,175
2025-03-03,SKU053,182
2025-03-04,SKU053,147
2025-03-05,SKU053,127
2025-03-06,SKU053,137
2025-03-07,SKU053,163
2025-03-08,SKU053,166
2025-03-09,SKU053,108
2025-03-10,SKU053,158
2025-03-11,SKU053,161
2025-03-12,SKU053,109
2025-03-13,SKU053,92
2025-03-14,SKU053,114
2025-03-15,SKU053,154
2025-03-16,SKU053,182
2025-03-17,SKU053,166
2025-03-18,SKU053,149
2025-03-19,SKU053,115
2025-03-20,SKU053,129
2025-03-21,SKU053,133
2025-03-22,SKU053,166
2025-03-23,SKU053,172
2025-03-24,SKU053,146
2025-03-25,SKU053,151
2025-03-26,SKU053,152
2025-03-27,SKU053,80
2025-03-28,SKU053,121
2025-03-29,SKU053,152
2025-03-30,SKU053,213
2025-03-31,SKU053,161
2025-04-01,SKU053,156
2025-04-02,SKU053,170
2025-04-03,SKU053,105
2025-04-04,SKU053,147
2025-04-05,SKU053,155
2025-04-06,SKU053,164
2025-04-07,SKU053,184
2025-04-08,SKU053,155
2025-04-09,SKU053,183
2025-04-10,SKU053,72
2025-04-11,SKU053,117
2025-04-12,SKU053,140
2025-04-13,SKU053,166
2025-04-14,SKU053,198
2025-04-15,SKU053,149
2025-04-16,SKU053,144
2025-04-17,SKU053,123
2025-04-18,SKU053,142
2025-04-19,SKU053,143
2025-04-20,SKU053,176
2025-04-21,SKU053,172
2025-04-22,SKU053,137
2025-04-23,SKU053,168
2025-04-24,SKU053,101
2025-04-25,SKU053,113
2025-04-26,SKU053,127
2025-04-27,SKU053,178
2025-04-28,SKU053,164
2025-04-29,SKU053,192
2025-04-30,SKU053,145
2025-05-01,SKU053,111
2025-05-02,SKU053,103
2025-05-03,SKU053,144
2025-05-04,SKU053,180
2025-05-05,SKU053,173
2025-05-06,SKU053,156
2025-05-07,SKU053,111
2025-05-08,SKU053,167
2025-05-09,SKU053,119
2025-05-10,SKU053,116
2025-05-11,SKU053,145
2025-05-12,SKU053,167
2025-05-13,SKU053,201
2025-05-14,SKU053,130
2025-05-15,SKU053,109
2025-05-16,SKU053,142
2025-05-17,SKU053,166
2025-05-18,SKU053,183
2025-05-19,SKU053,179
2025-05-20,SKU053,134
2025-05-21,SKU053,117
2025-05-22,SKU053,83
2025-05-23,SKU053,118
2025-05-24,SKU053,137
2025-05-25,SKU053,157
2025-05-26,SKU053,181
2025-05-27,SKU053,144
2025-05-28,SKU053,126
2025-05-29,SKU053,107
2025-05-30,SKU053,122
2025-05-31,SKU053,154
2025-06-01,SKU053,139
2025-06-02,SKU053,184
2025-06-03,SKU053,164
2025-06-04,SKU053,142
2025-06-05,SKU053,120
2025-06-06,SKU053,131
2025-06-07,SKU053,137
2025-06-08,SKU053,179
2025-06-09,SKU053,200
2025-06-10,SKU053,148
2025-06-11,SKU053,123
2025-06-12,SKU053,131
2025-06-13,SKU053,111
2025-06-14,SKU053,130
2025-06-15,SKU053,178
2025-06-16,SKU053,165
2025-06-17,SKU053,185
2025-06-18,SKU053,123
2025-06-19,SKU053,100
2025-06-20,SKU053,123
2025-06-21,SKU053,156
2025-06-22,SKU053,176
2025-06-23,SKU053,186
2025-06-24,SKU053,147
2025-06-25,SKU053,158
2025-06-26,SKU053,81
2025-06-27,SKU053,106
2025-06-28,SKU053,147
2025-06-29,SKU053,154
2025-06-30,SKU053,168
2025-07-01,SKU053,137
2025-07-02,SKU053,129
2025-07-03,SKU053,128
2025-07-04,SKU053,111
2025-07-05,SKU053,127
2024-06-01,SKU054,193
2024-06-02,SKU054,219
2024-06-03,SKU054,186
2024-06-04,SKU054,193
2024-06-05,SKU054,151
2024-06-06,SKU054,166
2024-06-07,SKU054,145
2024-06-08,SKU054,161
2024-06-09,SKU054,232
2024-06-10,SKU054,175
2024-06-11,SKU054,188
2024-06-12,SKU054,186
2024-06-13,SKU054,150
2024-06-14,SKU054,121
2024-06-15,SKU054,146
2024-06-16,SKU054,157
2024-06-17,SKU054,235
2024-06-18,SKU054,152
2024-06-19,SKU054,169
2024-06-20,SKU054,98
2024-06-21,SKU054,204
2024-06-22,SKU054,132
2024-06-23,SKU054,193
2024-06-24,SKU054,229
2024-06-25,SKU054,163
2024-06-26,SKU054,166
2024-06-27,SKU054,127
2024-06-28,SKU054,150
2024-06-29,SKU054,193
2024-06-30,SKU054,181
2024-07-01,SKU054,236
2024-07-02,SKU054,189
2024-07-03,SKU054,200
2024-07-04,SKU054,113
2024-07-05,SKU054,124
2024-07-06,SKU054,160
2024-07-07,SKU054,162
2024-07-08,SKU054,221
2024-07-09,SKU054,179
2024-07-10,SKU054,123
2024-07-11,SKU054,113
2024-07-12,SKU054,118
2024-07-13,SKU054,189
2024-07-14,SKU054,203
2024-07-15,SKU054,195
2024-07-16,SKU054,171
2024-07-17,SKU054,146
2024-07-18,SKU054,178
2024-07-19,SKU054,134
2024-07-20,SKU054,187
2024-07-21,SKU054,184
2024-07-22,SKU054,240
2024-07-23,SKU054,150
2024-07-24,SKU054,172
2024-07-25,SKU054,115
2024-07-26,SKU054,195
2024-07-27,SKU054,183
2024-07-28,SKU054,150
2024-07-29,SKU054,175
2024-07-30,SKU054,197
2024-07-31,SKU054,168
2024-08-01,SKU054,148
2024-08-02,SKU054,144
2024-08-03,SKU054,158
2024-08-04,SKU054,219
2024-08-05,SKU054,177
2024-08-06,SKU054,182
2024-08-07,SKU054,136
2024-08-08,SKU054,116
2024-08-09,SKU054,129
2024-08-10,SKU054,148
2024-08-11,SKU054,206
2024-08-12,SKU054,162
2024-08-13,SKU054,191
2024-08-14,SKU054,136
2024-08-15,SKU054,134
2024-08-16,SKU054,136
2024-08-17,SKU054,154
2024-08-18,SKU054,222
2024-08-19,SKU054,189
2024-08-20,SKU054,198
2024-08-21,SKU054,169
2024-08-22,SKU054,127
2024-08-23,SKU054,109
2024-08-24,SKU054,144
2024-08-25,SKU054,224
2024-08-26,SKU054,211
2024-08-27,SKU054,184
2024-08-28,SKU054,137
2024-08-29,SKU054,177
2024-08-30,SKU054,118
2024-08-31,SKU054,169
2024-09-01,SKU054,204
2024-09-02,SKU054,166
2024-09-03,SKU054,162
2024-09-04,SKU054,140
2024-09-05,SKU054,155
2024-09-06,SKU054,129
2024-09-07,SKU054,130
2024-09-08,SKU054,154
2024-09-09,SKU054,179
2024-09-10,SKU054,143
2024-09-11,SKU054,171
2024-09-12,SKU054,154
2024-09-13,SKU054,140
2024-09-14,SKU054,159
2024-09-15,SKU054,210
2024-09-16,SKU054,216
2024-09-17,SKU054,156
2024-09-18,SKU054,130
2024-09-19,SKU054,151
2024-09-20,SKU054,147
2024-09-21,SKU054,181
2024-09-22,SKU054,170
2024-09-23,SKU054,180
2024-09-24,SKU054,192
2024-09-25,SKU054,135
2024-09-26,SKU054,96
2024-09-27,SKU054,123
2024-09-28,SKU054,161
2024-09-29,SKU054,234
2024-09-30,SKU054,177
2024-10-01,SKU054,179
2024-10-02,SKU054,202
2024-10-03,SKU054,106
2024-10-04,SKU054,156
2024-10-05,SKU054,148
2024-10-06,SKU054,202
2024-10-07,SKU054,257
2024-10-08,SKU054,200
2024-10-09,SKU054,155
2024-10-10,SKU054,110
2024-10-11,SKU054,136
2024-10-12,SKU054,152
2024-10-13,SKU054,156
2024-10-14,SKU054,145
2024-10-15,SKU054,160
2024-10-16,SKU054,151
2024-10-17,SKU054,162
2024-10-18,SKU054,122
2024-10-19,SKU054,171
2024-10-20,SKU054,150
2024-10-21,SKU054,178
2024-10-22,SKU054,119
2024-10-23,SKU054,207
2024-10-24,SKU054,139
2024-10-25,SKU054,144
2024-10-26,SKU054,179
2024-10-27,SKU054,255
2024-10-28,SKU054,188
2024-10-29,SKU054,156
2024-10-30,SKU054,201
2024-10-31,SKU054,103
2024-11-01,SKU054,172
2024-11-02,SKU054,164
2024-11-03,SKU054,203
2024-11-04,SKU054,163
2024-11-05,SKU054,245
2024-11-06,SKU054,142
2024-11-07,SKU054,116
2024-11-08,SKU054,154
2024-11-09,SKU054,150
2024-11-10,SKU054,203
2024-11-11,SKU054,167
2024-11-12,SKU054,184
2024-11-13,SKU054,137
2024-11-14,SKU054,114
2024-11-15,SKU054,117
2024-11-16,SKU054,188
2024-11-17,SKU054,183
2024-11-18,SKU054,194
2024-11-19,SKU054,191
2024-11-20,SKU054,180
2024-11-21,SKU054,111
2024-11-22,SKU054,146
2024-11-23,SKU054,143
2024-11-24,SKU054,187
2024-11-25,SKU054,225
2024-11-26,SKU054,122
2024-11-27,SKU054,129
2024-11-28,SKU054,128
2024-11-29,SKU054,150
2024-11-30,SKU054,196
2024-12-01,SKU054,150
2024-12-02,SKU054,234
2024-12-03,SKU054,193
2024-12-04,SKU054,146
2024-12-05,SKU054,97
2024-12-06,SKU054,126
2024-12-07,SKU054,192
2024-12-08,SKU054,193
2024-12-09,SKU054,194
2024-12-10,SKU054,156
2024-12-11,SKU054,170
2024-12-12,SKU054,130
2024-12-13,SKU054,134
2024-12-14,SKU054,164
2024-12-15,SKU054,176
2024-12-16,SKU054,178
2024-12-17,SKU054,143
2024-12-18,SKU054,136
2024-12-19,SKU054,89
2024-12-20,SKU054,152
2024-12-21,SKU054,149
2024-12-22,SKU054,182
2024-12-23,SKU054,197
2024-12-24,SKU054,160
2024-12-25,SKU054,122
2024-12-26,SKU054,139
2024-12-27,SKU054,187
2024-12-28,SKU054,189
2024-12-29,SKU054,224
2024-12-30,SKU054,166
2024-12-31,SKU054,176
2025-01-01,SKU054,147
2025-01-02,SKU054,169
2025-01-03,SKU054,163
2025-01-04,SKU054,162
2025-01-05,SKU054,135
2025-01-06,SKU054,170
2025-01-07,SKU054,196
2025-01-08,SKU054,144
2025-01-09,SKU054,131
2025-01-10,SKU054,155
2025-01-11,SKU054,194
2025-01-12,SKU054,173
2025-01-13,SKU054,213
2025-01-14,SKU054,221
2025-01-15,SKU054,187
2025-01-16,SKU054,120
2025-01-17,SKU054,147
2025-01-18,SKU054,185
2025-01-19,SKU054,192
2025-01-20,SKU054,192
2025-01-21,SKU054,137
2025-01-22,SKU054,130
2025-01-23,SKU054,116
2025-01-24,SKU054,109
2025-01-25,SKU054,169
2025-01-26,SKU054,214
2025-01-27,SKU054,188
2025-01-28,SKU054,126
2025-01-29,SKU054,149
2025-01-30,SKU054,140
2025-01-31,SKU054,145
2025-02-01,SKU054,148
2025-02-02,SKU054,162
2025-02-03,SKU054,220
2025-02-04,SKU054,189
2025-02-05,SKU054,135
2025-02-06,SKU054,96
2025-02-07,SKU054,146
2025-02-08,SKU054,144
2025-02-09,SKU054,201
2025-02-10,SKU054,202
2025-02-11,SKU054,232
2025-02-12,SKU054,150
2025-02-13,SKU054,183
2025-02-14,SKU054,142
2025-02-15,SKU054,149
2025-02-16,SKU054,166
2025-02-17,SKU054,177
2025-02-18,SKU054,191
2025-02-19,SKU054,155
2025-02-20,SKU054,88
2025-02-21,SKU054,165
2025-02-22,SKU054,203
2025-02-23,SKU054,146
2025-02-24,SKU054,224
2025-02-25,SKU054,222
2025-02-26,SKU054,107
2025-02-27,SKU054,122
2025-02-28,SKU054,119
2025-03-01,SKU054,190
2025-03-02,SKU054,182
2025-03-03,SKU054,187
2025-03-04,SKU054,191
2025-03-05,SKU054,190
2025-03-06,SKU054,132
2025-03-07,SKU054,128
2025-03-08,SKU054,159
2025-03-09,SKU054,208
2025-03-10,SKU054,165
2025-03-11,SKU054,180
2025-03-12,SKU054,128
2025-03-13,SKU054,104
2025-03-14,SKU054,92
2025-03-15,SKU054,153
2025-03-16,SKU054,219
2025-03-17,SKU054,149
2025-03-18,SKU054,194
2025-03-19,SKU054,135
2025-03-20,SKU054,107
2025-03-21,SKU054,149
2025-03-22,SKU054,199
2025-03-23,SKU054,229
2025-03-24,SKU054,205
2025-03-25,SKU054,179
2025-03-26,SKU054,161
2025-03-27,SKU054,195
2025-03-28,SKU054,133
2025-03-29,SKU054,194
2025-03-30,SKU054,177
2025-03-31,SKU054,178
2025-04-01,SKU054,224
2025-04-02,SKU054,152
2025-04-03,SKU054,139
2025-04-04,SKU054,154
2025-04-05,SKU054,144
2025-04-06,SKU054,181
2025-04-07,SKU054,182
2025-04-08,SKU054,189
2025-04-09,SKU054,161
2025-04-10,SKU054,119
2025-04-11,SKU054,191
2025-04-12,SKU054,165
2025-04-13,SKU054,195
2025-04-14,SKU054,232
2025-04-15,SKU054,159
2025-04-16,SKU054,139
2025-04-17,SKU054,141
2025-04-18,SKU054,103
2025-04-19,SKU054,160
2025-04-20,SKU054,243
2025-04-21,SKU054,244
2025-04-22,SKU054,203
2025-04-23,SKU054,181
2025-04-24,SKU054,146
2025-04-25,SKU054,129
2025-04-26,SKU054,207
2025-04-27,SKU054,168
2025-04-28,SKU054,222
2025-04-29,SKU054,168
2025-04-30,SKU054,140
2025-05-01,SKU054,147
2025-05-02,SKU054,191
2025-05-03,SKU054,202
2025-05-04,SKU054,200
2025-05-05,SKU054,200
2025-05-06,SKU054,200
2025-05-07,SKU054,186
2025-05-08,SKU054,90
2025-05-09,SKU054,137
2025-05-10,SKU054,140
2025-05-11,SKU054,187
2025-05-12,SKU054,167
2025-05-13,SKU054,135
2025-05-14,SKU054,119
2025-05-15,SKU054,120
2025-05-16,SKU054,155
2025-05-17,SKU054,146
2025-05-18,SKU054,170
2025-05-19,SKU054,208
2025-05-20,SKU054,188
2025-05-21,SKU054,194
2025-05-22,SKU054,157
2025-05-23,SKU054,114
2025-05-24,SKU054,149
2025-05-25,SKU054,211
2025-05-26,SKU054,176
2025-05-27,SKU054,172
2025-05-28,SKU054,109
2025-05-29,SKU054,101
2025-05-30,SKU054,171
2025-05-31,SKU054,170
2025-06-01,SKU054,176
2025-06-02,SKU054,186
2025-06-03,SKU054,223
2025-06-04,SKU054,135
2025-06-05,SKU054,145
2025-06-06,SKU054,162
2025-06-07,SKU054,202
2025-06-08,SKU054,171
2025-06-09,SKU054,164
2025-06-10,SKU054,153
2025-06-11,SKU054,170
2025-06-12,SKU054,183
2025-06-13,SKU054,159
2025-06-14,SKU054,150
2025-06-15,SKU054,222
2025-06-16,SKU054,187
2025-06-17,SKU054,160
2025-06-18,SKU054,143
2025-06-19,SKU054,119
2025-06-20,SKU054,123
2025-06-21,SKU054,196
2025-06-22,SKU054,179
2025-06-23,SKU054,159
2025-06-24,SKU054,195
2025-06-25,SKU054,128
2025-06-26,SKU054,111
2025-06-27,SKU054,158
2025-06-28,SKU054,148
2025-06-29,SKU054,181
2025-06-30,SKU054,199
2025-07-01,SKU054,173
2025-07-02,SKU054,141
2025-07-03,SKU054,75
2025-07-04,SKU054,136
2025-07-05,SKU054,206
2024-06-01,SKU055,153
2024-06-02,SKU055,154
2024-06-03,SKU055,177
2024-06-04,SKU055,165
2024-06-05,SKU055,110
2024-06-06,SKU055,139
2024-06-07,SKU055,122
2024-06-08,SKU055,133
2024-06-09,SKU055,195
2024-06-10,SKU055,124
2024-06-11,SKU055,127
2024-06-12,SKU055,141
2024-06-13,SKU055,127
2024-06-14,SKU055,153
2024-06-15,SKU055,93
2024-06-16,SKU055,180
2024-06-17,SKU055,141
2024-06-18,SKU055,161
2024-06-19,SKU055,126
2024-06-20,SKU055,131
2024-06-21,SKU055,113
2024-06-22,SKU055,161
2024-06-23,SKU055,145
2024-06-24,SKU055,166
2024-06-25,SKU055,156
2024-06-26,SKU055,163
2024-06-27,SKU055,130
2024-06-28,SKU055,122
2024-06-29,SKU055,153
2024-06-30,SKU055,185
2024-07-01,SKU055,175
2024-07-02,SKU055,131
2024-07-03,SKU055,141
2024-07-04,SKU055,112
2024-07-05,SKU055,111
2024-07-06,SKU055,124
2024-07-07,SKU055,174
2024-07-08,SKU055,178
2024-07-09,SKU055,132
2024-07-10,SKU055,105
2024-07-11,SKU055,152
2024-07-12,SKU055,136
2024-07-13,SKU055,142
2024-07-14,SKU055,175
2024-07-15,SKU055,157
2024-07-16,SKU055,149
2024-07-17,SKU055,128
2024-07-18,SKU055,133
2024-07-19,SKU055,88
2024-07-20,SKU055,119
2024-07-21,SKU055,136
2024-07-22,SKU055,185
2024-07-23,SKU055,150
2024-07-24,SKU055,109
2024-07-25,SKU055,108
2024-07-26,SKU055,105
2024-07-27,SKU055,110
2024-07-28,SKU055,188
2024-07-29,SKU055,164
2024-07-30,SKU055,179
2024-07-31,SKU055,97
2024-08-01,SKU055,123
2024-08-02,SKU055,88
2024-08-03,SKU055,191
2024-08-04,SKU055,126
2024-08-05,SKU055,205
2024-08-06,SKU055,152
2024-08-07,SKU055,124
2024-08-08,SKU055,125
2024-08-09,SKU055,98
2024-08-10,SKU055,156
2024-08-11,SKU055,180
2024-08-12,SKU055,168
2024-08-13,SKU055,157
2024-08-14,SKU055,168
2024-08-15,SKU055,126
2024-08-16,SKU055,102
2024-08-17,SKU055,156
2024-08-18,SKU055,151
2024-08-19,SKU055,152
2024-08-20,SKU055,163
2024-08-21,SKU055,107
2024-08-22,SKU055,114
2024-08-23,SKU055,132
2024-08-24,SKU055,180
2024-08-25,SKU055,175
2024-08-26,SKU055,136
2024-08-27,SKU055,125
2024-08-28,SKU055,164
2024-08-29,SKU055,99
2024-08-30,SKU055,86
2024-08-31,SKU055,119
2024-09-01,SKU055,179
2024-09-02,SKU055,170
2024-09-03,SKU055,166
2024-09-04,SKU055,127
2024-09-05,SKU055,90
2024-09-06,SKU055,81
2024-09-07,SKU055,122
2024-09-08,SKU055,164
2024-09-09,SKU055,142
2024-09-10,SKU055,173
2024-09-11,SKU055,107
2024-09-12,SKU055,78
2024-09-13,SKU055,118
2024-09-14,SKU055,156
2024-09-15,SKU055,193
2024-09-16,SKU055,133
2024-09-17,SKU055,182
2024-09-18,SKU055,132
2024-09-19,SKU055,100
2024-09-20,SKU055,132
2024-09-21,SKU055,168
2024-09-22,SKU055,127
2024-09-23,SKU055,158
2024-09-24,SKU055,141
2024-09-25,SKU055,141
2024-09-26,SKU055,143
2024-09-27,SKU055,120
2024-09-28,SKU055,134
2024-09-29,SKU055,171
2024-09-30,SKU055,162
2024-10-01,SKU055,107
2024-10-02,SKU055,139
2024-10-03,SKU055,133
2024-10-04,SKU055,141
2024-10-05,SKU055,116
2024-10-06,SKU055,175
2024-10-07,SKU055,199
2024-10-08,SKU055,205
2024-10-09,SKU055,138
2024-10-10,SKU055,133
2024-10-11,SKU055,97
2024-10-12,SKU055,116
2024-10-13,SKU055,183
2024-10-14,SKU055,125
2024-10-15,SKU055,155
2024-10-16,SKU055,158
2024-10-17,SKU055,128
2024-10-18,SKU055,133
2024-10-19,SKU055,139
2024-10-20,SKU055,153
2024-10-21,SKU055,213
2024-10-22,SKU055,178
2024-10-23,SKU055,146
2024-10-24,SKU055,113
2024-10-25,SKU055,106
2024-10-26,SKU055,163
2024-10-27,SKU055,155
2024-10-28,SKU055,169
2024-10-29,SKU055,165
2024-10-30,SKU055,132
2024-10-31,SKU055,145
2024-11-01,SKU055,90
2024-11-02,SKU055,141
2024-11-03,SKU055,207
2024-11-04,SKU055,186
2024-11-05,SKU055,148
2024-11-06,SKU055,145
2024-11-07,SKU055,112
2024-11-08,SKU055,149
2024-11-09,SKU055,157
2024-11-10,SKU055,144
2024-11-11,SKU055,172
2024-11-12,SKU055,161
2024-11-13,SKU055,138
2024-11-14,SKU055,119
2024-11-15,SKU055,130
2024-11-16,SKU055,149
2024-11-17,SKU055,147
2024-11-18,SKU055,158
2024-11-19,SKU055,147
2024-11-20,SKU055,130
2024-11-21,SKU055,107
2024-11-22,SKU055,141
2024-11-23,SKU055,120
2024-11-24,SKU055,125
2024-11-25,SKU055,209
2024-11-26,SKU055,135
2024-11-27,SKU055,151
2024-11-28,SKU055,125
2024-11-29,SKU055,102
2024-11-30,SKU055,137
2024-12-01,SKU055,156
2024-12-02,SKU055,175
2024-12-03,SKU055,136
2024-12-04,SKU055,124
2024-12-05,SKU055,112
2024-12-06,SKU055,141
2024-12-07,SKU055,131
2024-12-08,SKU055,141
2024-12-09,SKU055,156
2024-12-10,SKU055,160
2024-12-11,SKU055,91
2024-12-12,SKU055,138
2024-12-13,SKU055,119
2024-12-14,SKU055,149
2024-12-15,SKU055,166
2024-12-16,SKU055,153
2024-12-17,SKU055,129
2024-12-18,SKU055,113
2024-12-19,SKU055,81
2024-12-20,SKU055,125
2024-12-21,SKU055,137
2024-12-22,SKU055,130
2024-12-23,SKU055,154
2024-12-24,SKU055,166
2024-12-25,SKU055,155
2024-12-26,SKU055,86
2024-12-27,SKU055,163
2024-12-28,SKU055,120
2024-12-29,SKU055,126
2024-12-30,SKU055,204
2024-12-31,SKU055,130
2025-01-01,SKU055,160
2025-01-02,SKU055,99
2025-01-03,SKU055,112
2025-01-04,SKU055,113
2025-01-05,SKU055,189
2025-01-06,SKU055,191
2025-01-07,SKU055,138
2025-01-08,SKU055,126
2025-01-09,SKU055,127
2025-01-10,SKU055,108
2025-01-11,SKU055,169
2025-01-12,SKU055,160
2025-01-13,SKU055,156
2025-01-14,SKU055,119
2025-01-15,SKU055,101
2025-01-16,SKU055,125
2025-01-17,SKU055,123
2025-01-18,SKU055,157
2025-01-19,SKU055,150
2025-01-20,SKU055,133
2025-01-21,SKU055,142
2025-01-22,SKU055,171
2025-01-23,SKU055,92
2025-01-24,SKU055,117
2025-01-25,SKU055,89
2025-01-26,SKU055,151
2025-01-27,SKU055,159
2025-01-28,SKU055,159
2025-01-29,SKU055,121
2025-01-30,SKU055,81
2025-01-31,SKU055,104
2025-02-01,SKU055,136
2025-02-02,SKU055,141
2025-02-03,SKU055,149
2025-02-04,SKU055,173
2025-02-05,SKU055,115
2025-02-06,SKU055,122
2025-02-07,SKU055,114
2025-02-08,SKU055,114
2025-02-09,SKU055,155
2025-02-10,SKU055,173
2025-02-11,SKU055,189
2025-02-12,SKU055,112
2025-02-13,SKU055,111
2025-02-14,SKU055,137
2025-02-15,SKU055,166
2025-02-16,SKU055,148
2025-02-17,SKU055,164
2025-02-18,SKU055,176
2025-02-19,SKU055,139
2025-02-20,SKU055,134
2025-02-21,SKU055,143
2025-02-22,SKU055,152
2025-02-23,SKU055,165
2025-02-24,SKU055,153
2025-02-25,SKU055,147
2025-02-26,SKU055,124
2025-02-27,SKU055,138
2025-02-28,SKU055,122
2025-03-01,SKU055,144
2025-03-02,SKU055,141
2025-03-03,SKU055,193
2025-03-04,SKU055,136
2025-03-05,SKU055,122
2025-03-06,SKU055,140
2025-03-07,SKU055,137
2025-03-08,SKU055,122
2025-03-09,SKU055,139
2025-03-10,SKU055,163
2025-03-11,SKU055,140
2025-03-12,SKU055,97
2025-03-13,SKU055,97
2025-03-14,SKU055,60
2025-03-15,SKU055,159
2025-03-16,SKU055,180
2025-03-17,SKU055,197
2025-03-18,SKU055,160
2025-03-19,SKU055,118
2025-03-20,SKU055,134
2025-03-21,SKU055,103
2025-03-22,SKU055,112
2025-03-23,SKU055,159
2025-03-24,SKU055,176
2025-03-25,SKU055,135
2025-03-26,SKU055,106
2025-03-27,SKU055,104
2025-03-28,SKU055,127
2025-03-29,SKU055,137
2025-03-30,SKU055,217
2025-03-31,SKU055,164
2025-04-01,SKU055,168
2025-04-02,SKU055,97
2025-04-03,SKU055,125
2025-04-04,SKU055,108
2025-04-05,SKU055,140
2025-04-06,SKU055,197
2025-04-07,SKU055,159
2025-04-08,SKU055,125
2025-04-09,SKU055,104
2025-04-10,SKU055,116
2025-04-11,SKU055,121
2025-04-12,SKU055,142
2025-04-13,SKU055,135
2025-04-14,SKU055,210
2025-04-15,SKU055,183
2025-04-16,SKU055,131
2025-04-17,SKU055,81
2025-04-18,SKU055,151
2025-04-19,SKU055,164
2025-04-20,SKU055,164
2025-04-21,SKU055,192
2025-04-22,SKU055,142
2025-04-23,SKU055,108
2025-04-24,SKU055,116
2025-04-25,SKU055,86
2025-04-26,SKU055,117
2025-04-27,SKU055,173
2025-04-28,SKU055,172
2025-04-29,SKU055,123
2025-04-30,SKU055,119
2025-05-01,SKU055,85
2025-05-02,SKU055,108
2025-05-03,SKU055,127
2025-05-04,SKU055,183
2025-05-05,SKU055,164
2025-05-06,SKU055,147
2025-05-07,SKU055,120
2025-05-08,SKU055,77
2025-05-09,SKU055,116
2025-05-10,SKU055,150
2025-05-11,SKU055,167
2025-05-12,SKU055,182
2025-05-13,SKU055,168
2025-05-14,SKU055,174
2025-05-15,SKU055,89
2025-05-16,SKU055,123
2025-05-17,SKU055,147
2025-05-18,SKU055,155
2025-05-19,SKU055,154
2025-05-20,SKU055,163
2025-05-21,SKU055,136
2025-05-22,SKU055,91
2025-05-23,SKU055,80
2025-05-24,SKU055,130
2025-05-25,SKU055,148
2025-05-26,SKU055,180
2025-05-27,SKU055,133
2025-05-28,SKU055,124
2025-05-29,SKU055,77
2025-05-30,SKU055,86
2025-05-31,SKU055,124
2025-06-01,SKU055,157
2025-06-02,SKU055,150
2025-06-03,SKU055,155
2025-06-04,SKU055,92
2025-06-05,SKU055,108
2025-06-06,SKU055,114
2025-06-07,SKU055,110
2025-06-08,SKU055,167
2025-06-09,SKU055,122
2025-06-10,SKU055,138
2025-06-11,SKU055,144
2025-06-12,SKU055,66
2025-06-13,SKU055,132
2025-06-14,SKU055,116
2025-06-15,SKU055,149
2025-06-16,SKU055,197
2025-06-17,SKU055,139
2025-06-18,SKU055,162
2025-06-19,SKU055,106
2025-06-20,SKU055,116
2025-06-21,SKU055,158
2025-06-22,SKU055,173
2025-06-23,SKU055,171
2025-06-24,SKU055,142
2025-06-25,SKU055,95
2025-06-26,SKU055,81
2025-06-27,SKU055,146
2025-06-28,SKU055,176
2025-06-29,SKU055,165
2025-06-30,SKU055,130
2025-07-01,SKU055,136
2025-07-02,SKU055,111
2025-07-03,SKU055,101
2025-07-04,SKU055,100
2025-07-05,SKU055,151
2024-06-01,SKU056,188
2024-06-02,SKU056,167
2024-06-03,SKU056,186
2024-06-04,SKU056,182
2024-06-05,SKU056,162
2024-06-06,SKU056,94
2024-06-07,SKU056,137
2024-06-08,SKU056,155
2024-06-09,SKU056,183
2024-06-10,SKU056,183
2024-06-11,SKU056,204
2024-06-12,SKU056,118
2024-06-13,SKU056,101
2024-06-14,SKU056,110
2024-06-15,SKU056,145
2024-06-16,SKU056,182
2024-06-17,SKU056,171
2024-06-18,SKU056,188
2024-06-19,SKU056,139
2024-06-20,SKU056,120
2024-06-21,SKU056,98
2024-06-22,SKU056,194
2024-06-23,SKU056,175
2024-06-24,SKU056,219
2024-06-25,SKU056,151
2024-06-26,SKU056,158
2024-06-27,SKU056,110
2024-06-28,SKU056,170
2024-06-29,SKU056,178
2024-06-30,SKU056,195
2024-07-01,SKU056,165
2024-07-02,SKU056,209
2024-07-03,SKU056,185
2024-07-04,SKU056,114
2024-07-05,SKU056,132
2024-07-06,SKU056,173
2024-07-07,SKU056,131
2024-07-08,SKU056,208
2024-07-09,SKU056,189
2024-07-10,SKU056,126
2024-07-11,SKU056,72
2024-07-12,SKU056,136
2024-07-13,SKU056,126
2024-07-14,SKU056,140
2024-07-15,SKU056,190
2024-07-16,SKU056,195
2024-07-17,SKU056,134
2024-07-18,SKU056,149
2024-07-19,SKU056,143
2024-07-20,SKU056,121
2024-07-21,SKU056,163
2024-07-22,SKU056,206
2024-07-23,SKU056,152
2024-07-24,SKU056,157
2024-07-25,SKU056,113
2024-07-26,SKU056,145
2024-07-27,SKU056,162
2024-07-28,SKU056,170
2024-07-29,SKU056,197
2024-07-30,SKU056,116
2024-07-31,SKU056,114
2024-08-01,SKU056,112
2024-08-02,SKU056,155
2024-08-03,SKU056,119
2024-08-04,SKU056,175
2024-08-05,SKU056,189
2024-08-06,SKU056,171
2024-08-07,SKU056,137
2024-08-08,SKU056,108
2024-08-09,SKU056,123
2024-08-10,SKU056,174
2024-08-11,SKU056,160
2024-08-12,SKU056,132
2024-08-13,SKU056,176
2024-08-14,SKU056,173
2024-08-15,SKU056,98
2024-08-16,SKU056,159
2024-08-17,SKU056,164
2024-08-18,SKU056,149
2024-08-19,SKU056,166
2024-08-20,SKU056,148
2024-08-21,SKU056,143
2024-08-22,SKU056,118
2024-08-23,SKU056,153
2024-08-24,SKU056,171
2024-08-25,SKU056,141
2024-08-26,SKU056,149
2024-08-27,SKU056,179
2024-08-28,SKU056,127
2024-08-29,SKU056,118
2024-08-30,SKU056,141
2024-08-31,SKU056,172
2024-09-01,SKU056,148
2024-09-02,SKU056,131
2024-09-03,SKU056,163
2024-09-04,SKU056,119
2024-09-05,SKU056,124
2024-09-06,SKU056,126
2024-09-07,SKU056,130
2024-09-08,SKU056,223
2024-09-09,SKU056,182
2024-09-10,SKU056,152
2024-09-11,SKU056,141
2024-09-12,SKU056,134
2024-09-13,SKU056,114
2024-09-14,SKU056,205
2024-09-15,SKU056,141
2024-09-16,SKU056,149
2024-09-17,SKU056,129
2024-09-18,SKU056,139
2024-09-19,SKU056,133
2024-09-20,SKU056,121
2024-09-21,SKU056,163
2024-09-22,SKU056,186
2024-09-23,SKU056,173
2024-09-24,SKU056,175
2024-09-25,SKU056,134
2024-09-26,SKU056,113
2024-09-27,SKU056,117
2024-09-28,SKU056,157
2024-09-29,SKU056,204
2024-09-30,SKU056,154
2024-10-01,SKU056,154
2024-10-02,SKU056,143
2024-10-03,SKU056,162
2024-10-04,SKU056,138
2024-10-05,SKU056,133
2024-10-06,SKU056,155
2024-10-07,SKU056,204
2024-10-08,SKU056,158
2024-10-09,SKU056,111
2024-10-10,SKU056,145
2024-10-11,SKU056,135
2024-10-12,SKU056,125
2024-10-13,SKU056,145
2024-10-14,SKU056,132
2024-10-15,SKU056,151
2024-10-16,SKU056,146
2024-10-17,SKU056,144
2024-10-18,SKU056,138
2024-10-19,SKU056,122
2024-10-20,SKU056,169
2024-10-21,SKU056,214
2024-10-22,SKU056,154
2024-10-23,SKU056,156
2024-10-24,SKU056,137
2024-10-25,SKU056,146
2024-10-26,SKU056,162
2024-10-27,SKU056,193
2024-10-28,SKU056,148
2024-10-29,SKU056,200
2024-10-30,SKU056,98
2024-10-31,SKU056,129
2024-11-01,SKU056,127
2024-11-02,SKU056,138
2024-11-03,SKU056,154
2024-11-04,SKU056,194
2024-11-05,SKU056,183
2024-11-06,SKU056,136
2024-11-07,SKU056,116
2024-11-08,SKU056,157
2024-11-09,SKU056,142
2024-11-10,SKU056,175
2024-11-11,SKU056,177
2024-11-12,SKU056,222
2024-11-13,SKU056,120
2024-11-14,SKU056,141
2024-11-15,SKU056,89
2024-11-16,SKU056,130
2024-11-17,SKU056,169
2024-11-18,SKU056,179
2024-11-19,SKU056,159
2024-11-20,SKU056,137
2024-11-21,SKU056,107
2024-11-22,SKU056,158
2024-11-23,SKU056,129
2024-11-24,SKU056,193
2024-11-25,SKU056,197
2024-11-26,SKU056,144
2024-11-27,SKU056,130
2024-11-28,SKU056,122
2024-11-29,SKU056,166
2024-11-30,SKU056,144
2024-12-01,SKU056,258
2024-12-02,SKU056,199
2024-12-03,SKU056,173
2024-12-04,SKU056,159
2024-12-05,SKU056,83
2024-12-06,SKU056,155
2024-12-07,SKU056,122
2024-12-08,SKU056,196
2024-12-09,SKU056,168
2024-12-10,SKU056,147
2024-12-11,SKU056,179
2024-12-12,SKU056,120
2024-12-13,SKU056,93
2024-12-14,SKU056,174
2024-12-15,SKU056,148
2024-12-16,SKU056,213
2024-12-17,SKU056,165
2024-12-18,SKU056,110
2024-12-19,SKU056,141
2024-12-20,SKU056,140
2024-12-21,SKU056,104
2024-12-22,SKU056,174
2024-12-23,SKU056,188
2024-12-24,SKU056,171
2024-12-25,SKU056,135
2024-12-26,SKU056,139
2024-12-27,SKU056,141
2024-12-28,SKU056,153
2024-12-29,SKU056,170
2024-12-30,SKU056,185
2024-12-31,SKU056,151
2025-01-01,SKU056,115
2025-01-02,SKU056,97
2025-01-03,SKU056,126
2025-01-04,SKU056,132
2025-01-05,SKU056,172
2025-01-06,SKU056,212
2025-01-07,SKU056,160
2025-01-08,SKU056,142
2025-01-09,SKU056,117
2025-01-10,SKU056,158
2025-01-11,SKU056,190
2025-01-12,SKU056,165
2025-01-13,SKU056,198
2025-01-14,SKU056,213
2025-01-15,SKU056,112
2025-01-16,SKU056,145
2025-01-17,SKU056,89
2025-01-18,SKU056,153
2025-01-19,SKU056,173
2025-01-20,SKU056,143
2025-01-21,SKU056,190
2025-01-22,SKU056,142
2025-01-23,SKU056,101
2025-01-24,SKU056,136
2025-01-25,SKU056,173
2025-01-26,SKU056,135
2025-01-27,SKU056,110
2025-01-28,SKU056,164
2025-01-29,SKU056,121
2025-01-30,SKU056,153
2025-01-31,SKU056,120
2025-02-01,SKU056,159
2025-02-02,SKU056,172
2025-02-03,SKU056,146
2025-02-04,SKU056,166
2025-02-05,SKU056,109
2025-02-06,SKU056,91
2025-02-07,SKU056,103
2025-02-08,SKU056,125
2025-02-09,SKU056,171
2025-02-10,SKU056,173
2025-02-11,SKU056,172
2025-02-12,SKU056,103
2025-02-13,SKU056,117
2025-02-14,SKU056,117
2025-02-15,SKU056,157
2025-02-16,SKU056,181
2025-02-17,SKU056,185
2025-02-18,SKU056,143
2025-02-19,SKU056,139
2025-02-20,SKU056,111
2025-02-21,SKU056,158
2025-02-22,SKU056,155
2025-02-23,SKU056,178
2025-02-24,SKU056,152
2025-02-25,SKU056,152
2025-02-26,SKU056,145
2025-02-27,SKU056,121
2025-02-28,SKU056,126
2025-03-01,SKU056,112
2025-03-02,SKU056,157
2025-03-03,SKU056,175
2025-03-04,SKU056,193
2025-03-05,SKU056,96
2025-03-06,SKU056,99
2025-03-07,SKU056,85
2025-03-08,SKU056,159
2025-03-09,SKU056,203
2025-03-10,SKU056,190
2025-03-11,SKU056,178
2025-03-12,SKU056,115
2025-03-13,SKU056,131
2025-03-14,SKU056,111
2025-03-15,SKU056,153
2025-03-16,SKU056,187
2025-03-17,SKU056,175
2025-03-18,SKU056,184
2025-03-19,SKU056,135
2025-03-20,SKU056,129
2025-03-21,SKU056,171
2025-03-22,SKU056,163
2025-03-23,SKU056,159
2025-03-24,SKU056,171
2025-03-25,SKU056,185
2025-03-26,SKU056,163
2025-03-27,SKU056,122
2025-03-28,SKU056,93
2025-03-29,SKU056,130
2025-03-30,SKU056,180
2025-03-31,SKU056,195
2025-04-01,SKU056,188
2025-04-02,SKU056,92
2025-04-03,SKU056,142
2025-04-04,SKU056,161
2025-04-05,SKU056,97
2025-04-06,SKU056,176
2025-04-07,SKU056,199
2025-04-08,SKU056,133
2025-04-09,SKU056,127
2025-04-10,SKU056,135
2025-04-11,SKU056,116
2025-04-12,SKU056,144
2025-04-13,SKU056,181
2025-04-14,SKU056,155
2025-04-15,SKU056,141
2025-04-16,SKU056,149
2025-04-17,SKU056,144
2025-04-18,SKU056,137
2025-04-19,SKU056,183
2025-04-20,SKU056,185
2025-04-21,SKU056,224
2025-04-22,SKU056,167
2025-04-23,SKU056,145
2025-04-24,SKU056,132
2025-04-25,SKU056,114
2025-04-26,SKU056,134
2025-04-27,SKU056,155
2025-04-28,SKU056,169
2025-04-29,SKU056,212
2025-04-30,SKU056,180
2025-05-01,SKU056,115
2025-05-02,SKU056,119
2025-05-03,SKU056,103
2025-05-04,SKU056,153
2025-05-05,SKU056,163
2025-05-06,SKU056,155
2025-05-07,SKU056,126
2025-05-08,SKU056,127
2025-05-09,SKU056,146
2025-05-10,SKU056,135
2025-05-11,SKU056,209
2025-05-12,SKU056,190
2025-05-13,SKU056,185
2025-05-14,SKU056,129
2025-05-15,SKU056,135
2025-05-16,SKU056,139
2025-05-17,SKU056,185
2025-05-18,SKU056,191
2025-05-19,SKU056,201
2025-05-20,SKU056,153
2025-05-21,SKU056,166
2025-05-22,SKU056,93
2025-05-23,SKU056,115
2025-05-24,SKU056,158
2025-05-25,SKU056,149
2025-05-26,SKU056,161
2025-05-27,SKU056,144
2025-05-28,SKU056,147
2025-05-29,SKU056,119
2025-05-30,SKU056,150
2025-05-31,SKU056,195
2025-06-01,SKU056,182
2025-06-02,SKU056,170
2025-06-03,SKU056,174
2025-06-04,SKU056,118
2025-06-05,SKU056,121
2025-06-06,SKU056,184
2025-06-07,SKU056,147
2025-06-08,SKU056,183
2025-06-09,SKU056,178
2025-06-10,SKU056,156
2025-06-11,SKU056,150
2025-06-12,SKU056,93
2025-06-13,SKU056,124
2025-06-14,SKU056,121
2025-06-15,SKU056,211
2025-06-16,SKU056,204
2025-06-17,SKU056,148
2025-06-18,SKU056,96
2025-06-19,SKU056,134
2025-06-20,SKU056,127
2025-06-21,SKU056,203
2025-06-22,SKU056,208
2025-06-23,SKU056,196
2025-06-24,SKU056,153
2025-06-25,SKU056,133
2025-06-26,SKU056,129
2025-06-27,SKU056,136
2025-06-28,SKU056,136
2025-06-29,SKU056,145
2025-06-30,SKU056,226
2025-07-01,SKU056,166
2025-07-02,SKU056,148
2025-07-03,SKU056,103
2025-07-04,SKU056,159
2025-07-05,SKU056,176
2024-06-01,SKU057,31
2024-06-02,SKU057,37
2024-06-03,SKU057,38
2024-06-04,SKU057,34
2024-06-05,SKU057,31
2024-06-06,SKU057,27
2024-06-07,SKU057,25
2024-06-08,SKU057,26
2024-06-09,SKU057,36
2024-06-10,SKU057,41
2024-06-11,SKU057,37
2024-06-12,SKU057,34
2024-06-13,SKU057,32
2024-06-14,SKU057,29
2024-06-15,SKU057,32
2024-06-16,SKU057,37
2024-06-17,SKU057,34
2024-06-18,SKU057,37
2024-06-19,SKU057,34
2024-06-20,SKU057,30
2024-06-21,SKU057,29
2024-06-22,SKU057,30
2024-06-23,SKU057,34
2024-06-24,SKU057,36
2024-06-25,SKU057,30
2024-06-26,SKU057,30
2024-06-27,SKU057,12
2024-06-28,SKU057,24
2024-06-29,SKU057,31
2024-06-30,SKU057,47
2024-07-01,SKU057,37
2024-07-02,SKU057,34
2024-07-03,SKU057,24
2024-07-04,SKU057,33
2024-07-05,SKU057,22
2024-07-06,SKU057,40
2024-07-07,SKU057,32
2024-07-08,SKU057,41
2024-07-09,SKU057,33
2024-07-10,SKU057,26
2024-07-11,SKU057,30
2024-07-12,SKU057,32
2024-07-13,SKU057,30
2024-07-14,SKU057,36
2024-07-15,SKU057,35
2024-07-16,SKU057,35
2024-07-17,SKU057,23
2024-07-18,SKU057,12
2024-07-19,SKU057,17
2024-07-20,SKU057,30
2024-07-21,SKU057,31
2024-07-22,SKU057,36
2024-07-23,SKU057,31
2024-07-24,SKU057,25
2024-07-25,SKU057,22
2024-07-26,SKU057,31
2024-07-27,SKU057,32
2024-07-28,SKU057,43
2024-07-29,SKU057,38
2024-07-30,SKU057,25
2024-07-31,SKU057,23
2024-08-01,SKU057,25
2024-08-02,SKU057,27
2024-08-03,SKU057,28
2024-08-04,SKU057,32
2024-08-05,SKU057,34
2024-08-06,SKU057,33
2024-08-07,SKU057,28
2024-08-08,SKU057,20
2024-08-09,SKU057,27
2024-08-10,SKU057,32
2024-08-11,SKU057,35
2024-08-12,SKU057,34
2024-08-13,SKU057,37
2024-08-14,SKU057,34
2024-08-15,SKU057,23
2024-08-16,SKU057,23
2024-08-17,SKU057,33
2024-08-18,SKU057,30
2024-08-19,SKU057,31
2024-08-20,SKU057,31
2024-08-21,SKU057,30
2024-08-22,SKU057,21
2024-08-23,SKU057,26
2024-08-24,SKU057,22
2024-08-25,SKU057,39
2024-08-26,SKU057,44
2024-08-27,SKU057,29
2024-08-28,SKU057,30
2024-08-29,SKU057,24
2024-08-30,SKU057,27
2024-08-31,SKU057,30
2024-09-01,SKU057,34
2024-09-02,SKU057,33
2024-09-03,SKU057,29
2024-09-04,SKU057,33
2024-09-05,SKU057,17
2024-09-06,SKU057,26
2024-09-07,SKU057,31
2024-09-08,SKU057,36
2024-09-09,SKU057,40
2024-09-10,SKU057,32
2024-09-11,SKU057,31
2024-09-12,SKU057,34
2024-09-13,SKU057,25
2024-09-14,SKU057,22
2024-09-15,SKU057,35
2024-09-16,SKU057,36
2024-09-17,SKU057,36
2024-09-18,SKU057,19
2024-09-19,SKU057,26
2024-09-20,SKU057,24
2024-09-21,SKU057,35
2024-09-22,SKU057,33
2024-09-23,SKU057,41
2024-09-24,SKU057,27
2024-09-25,SKU057,28
2024-09-26,SKU057,20
2024-09-27,SKU057,24
2024-09-28,SKU057,44
2024-09-29,SKU057,31
2024-09-30,SKU057,35
2024-10-01,SKU057,28
2024-10-02,SKU057,27
2024-10-03,SKU057,24
2024-10-04,SKU057,23
2024-10-05,SKU057,38
2024-10-06,SKU057,41
2024-10-07,SKU057,33
2024-10-08,SKU057,37
2024-10-09,SKU057,26
2024-10-10,SKU057,19
2024-10-11,SKU057,23
2024-10-12,SKU057,25
2024-10-13,SKU057,40
2024-10-14,SKU057,33
2024-10-15,SKU057,40
2024-10-16,SKU057,29
2024-10-17,SKU057,23
2024-10-18,SKU057,24
2024-10-19,SKU057,39
2024-10-20,SKU057,36
2024-10-21,SKU057,35
2024-10-22,SKU057,38
2024-10-23,SKU057,31
2024-10-24,SKU057,20
2024-10-25,SKU057,26
2024-10-26,SKU057,23
2024-10-27,SKU057,36
2024-10-28,SKU057,39
2024-10-29,SKU057,36
2024-10-30,SKU057,24
2024-10-31,SKU057,22
2024-11-01,SKU057,27
2024-11-02,SKU057,37
2024-11-03,SKU057,36
2024-11-04,SKU057,34
2024-11-05,SKU057,38
2024-11-06,SKU057,29
2024-11-07,SKU057,26
2024-11-08,SKU057,30
2024-11-09,SKU057,31
2024-11-10,SKU057,32
2024-11-11,SKU057,36
2024-11-12,SKU057,39
2024-11-13,SKU057,37
2024-11-14,SKU057,19
2024-11-15,SKU057,34
2024-11-16,SKU057,29
2024-11-17,SKU057,36
2024-11-18,SKU057,45
2024-11-19,SKU057,32
2024-11-20,SKU057,27
2024-11-21,SKU057,22
2024-11-22,SKU057,26
2024-11-23,SKU057,32
2024-11-24,SKU057,33
2024-11-25,SKU057,44
2024-11-26,SKU057,30
2024-11-27,SKU057,31
2024-11-28,SKU057,25
2024-11-29,SKU057,32
2024-11-30,SKU057,27
2024-12-01,SKU057,39
2024-12-02,SKU057,48
2024-12-03,SKU057,27
2024-12-04,SKU057,24
2024-12-05,SKU057,35
2024-12-06,SKU057,26
2024-12-07,SKU057,32
2024-12-08,SKU057,34
2024-12-09,SKU057,45
2024-12-10,SKU057,26
2024-12-11,SKU057,34
2024-12-12,SKU057,18
2024-12-13,SKU057,19
2024-12-14,SKU057,26
2024-12-15,SKU057,35
2024-12-16,SKU057,34
2024-12-17,SKU057,30
2024-12-18,SKU057,24
2024-12-19,SKU057,21
2024-12-20,SKU057,22
2024-12-21,SKU057,32
2024-12-22,SKU057,33
2024-12-23,SKU057,25
2024-12-24,SKU057,34
2024-12-25,SKU057,32
2024-12-26,SKU057,24
2024-12-27,SKU057,20
2024-12-28,SKU057,34
2024-12-29,SKU057,29
2024-12-30,SKU057,36
2024-12-31,SKU057,34
2025-01-01,SKU057,33
2025-01-02,SKU057,28
2025-01-03,SKU057,27
2025-01-04,SKU057,35
2025-01-05,SKU057,30
2025-01-06,SKU057,44
2025-01-07,SKU057,19
2025-01-08,SKU057,35
2025-01-09,SKU057,21
2025-01-10,SKU057,28
2025-01-11,SKU057,38
2025-01-12,SKU057,38
2025-01-13,SKU057,39
2025-01-14,SKU057,38
2025-01-15,SKU057,21
2025-01-16,SKU057,19
2025-01-17,SKU057,27
2025-01-18,SKU057,30
2025-01-19,SKU057,34
2025-01-20,SKU057,43
2025-01-21,SKU057,39
2025-01-22,SKU057,24
2025-01-23,SKU057,27
2025-01-24,SKU057,19
2025-01-25,SKU057,24
2025-01-26,SKU057,32
2025-01-27,SKU057,37
2025-01-28,SKU057,31
2025-01-29,SKU057,30
2025-01-30,SKU057,25
2025-01-31,SKU057,31
2025-02-01,SKU057,34
2025-02-02,SKU057,31
2025-02-03,SKU057,41
2025-02-04,SKU057,30
2025-02-05,SKU057,30
2025-02-06,SKU057,23
2025-02-07,SKU057,32
2025-02-08,SKU057,34
2025-02-09,SKU057,33
2025-02-10,SKU057,35
2025-02-11,SKU057,49
2025-02-12,SKU057,22
2025-02-13,SKU057,22
2025-02-14,SKU057,23
2025-02-15,SKU057,26
2025-02-16,SKU057,31
2025-02-17,SKU057,37
2025-02-18,SKU057,36
2025-02-19,SKU057,21
2025-02-20,SKU057,23
2025-02-21,SKU057,22
2025-02-22,SKU057,26
2025-02-23,SKU057,40
2025-02-24,SKU057,33
2025-02-25,SKU057,27
2025-02-26,SKU057,32
2025-02-27,SKU057,31
2025-02-28,SKU057,27
2025-03-01,SKU057,27
2025-03-02,SKU057,35
2025-03-03,SKU057,34
2025-03-04,SKU057,33
2025-03-05,SKU057,32
2025-03-06,SKU057,25
2025-03-07,SKU057,26
2025-03-08,SKU057,29
2025-03-09,SKU057,39
2025-03-10,SKU057,39
2025-03-11,SKU057,25
2025-03-12,SKU057,20
2025-03-13,SKU057,23
2025-03-14,SKU057,31
2025-03-15,SKU057,36
2025-03-16,SKU057,39
2025-03-17,SKU057,36
2025-03-18,SKU057,41
2025-03-19,SKU057,25
2025-03-20,SKU057,23
2025-03-21,SKU057,20
2025-03-22,SKU057,29
2025-03-23,SKU057,32
2025-03-24,SKU057,44
2025-03-25,SKU057,40
2025-03-26,SKU057,29
2025-03-27,SKU057,27
2025-03-28,SKU057,23
2025-03-29,SKU057,19
2025-03-30,SKU057,32
2025-03-31,SKU057,41
2025-04-01,SKU057,36
2025-04-02,SKU057,26
2025-04-03,SKU057,28
2025-04-04,SKU057,24
2025-04-05,SKU057,26
2025-04-06,SKU057,39
2025-04-07,SKU057,34
2025-04-08,SKU057,38
2025-04-09,SKU057,19
2025-04-10,SKU057,22
2025-04-11,SKU057,29
2025-04-12,SKU057,33
2025-04-13,SKU057,35
2025-04-14,SKU057,38
2025-04-15,SKU057,34
2025-04-16,SKU057,21
2025-04-17,SKU057,23
2025-04-18,SKU057,27
2025-04-19,SKU057,33
2025-04-20,SKU057,36
2025-04-21,SKU057,34
2025-04-22,SKU057,27
2025-04-23,SKU057,32
2025-04-24,SKU057,28
2025-04-25,SKU057,31
2025-04-26,SKU057,26
2025-04-27,SKU057,36
2025-04-28,SKU057,34
2025-04-29,SKU057,34
2025-04-30,SKU057,42
2025-05-01,SKU057,29
2025-05-02,SKU057,23
2025-05-03,SKU057,30
2025-05-04,SKU057,34
2025-05-05,SKU057,38
2025-05-06,SKU057,27
2025-05-07,SKU057,30
2025-05-08,SKU057,15
2025-05-09,SKU057,18
2025-05-10,SKU057,40
2025-05-11,SKU057,34
2025-05-12,SKU057,44
2025-05-13,SKU057,30
2025-05-14,SKU057,19
2025-05-15,SKU057,20
2025-05-16,SKU057,39
2025-05-17,SKU057,24
2025-05-18,SKU057,44
2025-05-19,SKU057,39
2025-05-20,SKU057,34
2025-05-21,SKU057,25
2025-05-22,SKU057,21
2025-05-23,SKU057,29
2025-05-24,SKU057,37
2025-05-25,SKU057,37
2025-05-26,SKU057,40
2025-05-27,SKU057,32
2025-05-28,SKU057,38
2025-05-29,SKU057,26
2025-05-30,SKU057,36
2025-05-31,SKU057,27
2025-06-01,SKU057,36
2025-06-02,SKU057,42
2025-06-03,SKU057,34
2025-06-04,SKU057,31
2025-06-05,SKU057,20
2025-06-06,SKU057,24
2025-06-07,SKU057,27
2025-06-08,SKU057,35
2025-06-09,SKU057,36
2025-06-10,SKU057,31
2025-06-11,SKU057,31
2025-06-12,SKU057,20
2025-06-13,SKU057,16
2025-06-14,SKU057,28
2025-06-15,SKU057,46
2025-06-16,SKU057,39
2025-06-17,SKU057,30
2025-06-18,SKU057,30
2025-06-19,SKU057,24
2025-06-20,SKU057,28
2025-06-21,SKU057,35
2025-06-22,SKU057,37
2025-06-23,SKU057,38
2025-06-24,SKU057,41
2025-06-25,SKU057,31
2025-06-26,SKU057,26
2025-06-27,SKU057,26
2025-06-28,SKU057,28
2025-06-29,SKU057,30
2025-06-30,SKU057,40
2025-07-01,SKU057,40
2025-07-02,SKU057,30
2025-07-03,SKU057,28
2025-07-04,SKU057,22
2025-07-05,SKU057,28
2024-06-01,SKU058,28
2024-06-02,SKU058,38
2024-06-03,SKU058,32
2024-06-04,SKU058,31
2024-06-05,SKU058,30
2024-06-06,SKU058,29
2024-06-07,SKU058,17
2024-06-08,SKU058,27
2024-06-09,SKU058,30
2024-06-10,SKU058,31
2024-06-11,SKU058,30
2024-06-12,SKU058,18
2024-06-13,SKU058,22
2024-06-14,SKU058,25
2024-06-15,SKU058,24
2024-06-16,SKU058,31
2024-06-17,SKU058,35
2024-06-18,SKU058,32
2024-06-19,SKU058,19
2024-06-20,SKU058,26
2024-06-21,SKU058,28
2024-06-22,SKU058,26
2024-06-23,SKU058,41
2024-06-24,SKU058,37
2024-06-25,SKU058,33
2024-06-26,SKU058,29
2024-06-27,SKU058,19
2024-06-28,SKU058,23
2024-06-29,SKU058,32
2024-06-30,SKU058,30
2024-07-01,SKU058,33
2024-07-02,SKU058,34
2024-07-03,SKU058,28
2024-07-04,SKU058,23
2024-07-05,SKU058,25
2024-07-06,SKU058,28
2024-07-07,SKU058,37
2024-07-08,SKU058,44
2024-07-09,SKU058,33
2024-07-10,SKU058,32
2024-07-11,SKU058,21
2024-07-12,SKU058,22
2024-07-13,SKU058,26
2024-07-14,SKU058,30
2024-07-15,SKU058,33
2024-07-16,SKU058,35
2024-07-17,SKU058,31
2024-07-18,SKU058,21
2024-07-19,SKU058,23
2024-07-20,SKU058,29
2024-07-21,SKU058,35
2024-07-22,SKU058,37
2024-07-23,SKU058,30
2024-07-24,SKU058,26
2024-07-25,SKU058,29
2024-07-26,SKU058,23
2024-07-27,SKU058,27
2024-07-28,SKU058,33
2024-07-29,SKU058,35
2024-07-30,SKU058,25
2024-07-31,SKU058,25
2024-08-01,SKU058,25
2024-08-02,SKU058,33
2024-08-03,SKU058,27
2024-08-04,SKU058,37
2024-08-05,SKU058,35
2024-08-06,SKU058,37
2024-08-07,SKU058,24
2024-08-08,SKU058,28
2024-08-09,SKU058,31
2024-08-10,SKU058,35
2024-08-11,SKU058,40
2024-08-12,SKU058,35
2024-08-13,SKU058,34
2024-08-14,SKU058,25
2024-08-15,SKU058,14
2024-08-16,SKU058,26
2024-08-17,SKU058,28
2024-08-18,SKU058,38
2024-08-19,SKU058,38
2024-08-20,SKU058,27
2024-08-21,SKU058,37
2024-08-22,SKU058,25
2024-08-23,SKU058,19
2024-08-24,SKU058,24
2024-08-25,SKU058,24
2024-08-26,SKU058,38
2024-08-27,SKU058,29
2024-08-28,SKU058,23
2024-08-29,SKU058,21
2024-08-30,SKU058,23
2024-08-31,SKU058,32
2024-09-01,SKU058,26
2024-09-02,SKU058,30
2024-09-03,SKU058,34
2024-09-04,SKU058,24
2024-09-05,SKU058,26
2024-09-06,SKU058,22
2024-09-07,SKU058,36
2024-09-08,SKU058,34
2024-09-09,SKU058,40
2024-09-10,SKU058,34
2024-09-11,SKU058,29
2024-09-12,SKU058,20
2024-09-13,SKU058,30
2024-09-14,SKU058,30
2024-09-15,SKU058,29
2024-09-16,SKU058,25
2024-09-17,SKU058,32
2024-09-18,SKU058,33
2024-09-19,SKU058,19
2024-09-20,SKU058,20
2024-09-21,SKU058,28
2024-09-22,SKU058,38
2024-09-23,SKU058,27
2024-09-24,SKU058,29
2024-09-25,SKU058,22
2024-09-26,SKU058,26
2024-09-27,SKU058,24
2024-09-28,SKU058,27
2024-09-29,SKU058,33
2024-09-30,SKU058,38
2024-10-01,SKU058,36
2024-10-02,SKU058,31
2024-10-03,SKU058,26
2024-10-04,SKU058,30
2024-10-05,SKU058,25
2024-10-06,SKU058,35
2024-10-07,SKU058,45
2024-10-08,SKU058,24
2024-10-09,SKU058,24
2024-10-10,SKU058,19
2024-10-11,SKU058,26
2024-10-12,SKU058,35
2024-10-13,SKU058,36
2024-10-14,SKU058,34
2024-10-15,SKU058,34
2024-10-16,SKU058,25
2024-10-17,SKU058,24
2024-10-18,SKU058,27
2024-10-19,SKU058,37
2024-10-20,SKU058,35
2024-10-21,SKU058,36
2024-10-22,SKU058,40
2024-10-23,SKU058,18
2024-10-24,SKU058,23
2024-10-25,SKU058,21
2024-10-26,SKU058,28
2024-10-27,SKU058,36
2024-10-28,SKU058,39
2024-10-29,SKU058,29
2024-10-30,SKU058,29
2024-10-31,SKU058,19
2024-11-01,SKU058,19
2024-11-02,SKU058,29
2024-11-03,SKU058,33
2024-11-04,SKU058,41
2024-11-05,SKU058,41
2024-11-06,SKU058,24
2024-11-07,SKU058,15
2024-11-08,SKU058,19
2024-11-09,SKU058,25
2024-11-10,SKU058,34
2024-11-11,SKU058,34
2024-11-12,SKU058,26
2024-11-13,SKU058,34
2024-11-14,SKU058,26
2024-11-15,SKU058,32
2024-11-16,SKU058,21
2024-11-17,SKU058,39
2024-11-18,SKU058,34
2024-11-19,SKU058,30
2024-11-20,SKU058,27
2024-11-21,SKU058,20
2024-11-22,SKU058,24
2024-11-23,SKU058,33
2024-11-24,SKU058,25
2024-11-25,SKU058,41
2024-11-26,SKU058,33
2024-11-27,SKU058,26
2024-11-28,SKU058,27
2024-11-29,SKU058,26
2024-11-30,SKU058,27
2024-12-01,SKU058,30
2024-12-02,SKU058,41
2024-12-03,SKU058,25
2024-12-04,SKU058,26
2024-12-05,SKU058,17
2024-12-06,SKU058,27
2024-12-07,SKU058,29
2024-12-08,SKU058,28
2024-12-09,SKU058,31
2024-12-10,SKU058,32
2024-12-11,SKU058,28
2024-12-12,SKU058,15
2024-12-13,SKU058,21
2024-12-14,SKU058,30
2024-12-15,SKU058,39
2024-12-16,SKU058,38
2024-12-17,SKU058,30
2024-12-18,SKU058,31
2024-12-19,SKU058,22
2024-12-20,SKU058,11
2024-12-21,SKU058,35
2024-12-22,SKU058,36
2024-12-23,SKU058,35
2024-12-24,SKU058,32
2024-12-25,SKU058,28
2024-12-26,SKU058,23
2024-12-27,SKU058,23
2024-12-28,SKU058,26
2024-12-29,SKU058,34
2024-12-30,SKU058,31
2024-12-31,SKU058,27
2025-01-01,SKU058,28
2025-01-02,SKU058,28
2025-01-03,SKU058,21
2025-01-04,SKU058,26
2025-01-05,SKU058,26
2025-01-06,SKU058,29
2025-01-07,SKU058,26
2025-01-08,SKU058,31
2025-01-09,SKU058,16
2025-01-10,SKU058,26
2025-01-11,SKU058,28
2025-01-12,SKU058,36
2025-01-13,SKU058,40
2025-01-14,SKU058,31
2025-01-15,SKU058,31
2025-01-16,SKU058,30
2025-01-17,SKU058,30
2025-01-18,SKU058,26
2025-01-19,SKU058,25
2025-01-20,SKU058,34
2025-01-21,SKU058,32
2025-01-22,SKU058,18
2025-01-23,SKU058,24
2025-01-24,SKU058,13
2025-01-25,SKU058,36
2025-01-26,SKU058,36
2025-01-27,SKU058,31
2025-01-28,SKU058,32
2025-01-29,SKU058,28
2025-01-30,SKU058,25
2025-01-31,SKU058,25
2025-02-01,SKU058,33
2025-02-02,SKU058,28
2025-02-03,SKU058,34
2025-02-04,SKU058,39
2025-02-05,SKU058,25
2025-02-06,SKU058,24
2025-02-07,SKU058,20
2025-02-08,SKU058,38
2025-02-09,SKU058,35
2025-02-10,SKU058,29
2025-02-11,SKU058,36
2025-02-12,SKU058,22
2025-02-13,SKU058,26
2025-02-14,SKU058,29
2025-02-15,SKU058,38
2025-02-16,SKU058,35
2025-02-17,SKU058,35
2025-02-18,SKU058,23
2025-02-19,SKU058,24
2025-02-20,SKU058,20
2025-02-21,SKU058,24
2025-02-22,SKU058,27
2025-02-23,SKU058,37
2025-02-24,SKU058,32
2025-02-25,SKU058,34
2025-02-26,SKU058,26
2025-02-27,SKU058,21
2025-02-28,SKU058,21
2025-03-01,SKU058,30
2025-03-02,SKU058,39
2025-03-03,SKU058,31
2025-03-04,SKU058,32
2025-03-05,SKU058,29
2025-03-06,SKU058,23
2025-03-07,SKU058,17
2025-03-08,SKU058,31
2025-03-09,SKU058,27
2025-03-10,SKU058,28
2025-03-11,SKU058,26
2025-03-12,SKU058,26
2025-03-13,SKU058,19
2025-03-14,SKU058,18
2025-03-15,SKU058,31
2025-03-16,SKU058,33
2025-03-17,SKU058,38
2025-03-18,SKU058,28
2025-03-19,SKU058,26
2025-03-20,SKU058,27
2025-03-21,SKU058,19
2025-03-22,SKU058,26
2025-03-23,SKU058,38
2025-03-24,SKU058,35
2025-03-25,SKU058,31
2025-03-26,SKU058,26
2025-03-27,SKU058,29
2025-03-28,SKU058,24
2025-03-29,SKU058,29
2025-03-30,SKU058,33
2025-03-31,SKU058,28
2025-04-01,SKU058,34
2025-04-02,SKU058,23
2025-04-03,SKU058,18
2025-04-04,SKU058,17
2025-04-05,SKU058,22
2025-04-06,SKU058,24
2025-04-07,SKU058,30
2025-04-08,SKU058,30
2025-04-09,SKU058,31
2025-04-10,SKU058,24
2025-04-11,SKU058,26
2025-04-12,SKU058,35
2025-04-13,SKU058,21
2025-04-14,SKU058,36
2025-04-15,SKU058,33
2025-04-16,SKU058,30
2025-04-17,SKU058,16
2025-04-18,SKU058,22
2025-04-19,SKU058,25
2025-04-20,SKU058,28
2025-04-21,SKU058,45
2025-04-22,SKU058,29
2025-04-23,SKU058,31
2025-04-24,SKU058,26
2025-04-25,SKU058,18
2025-04-26,SKU058,27
2025-04-27,SKU058,34
2025-04-28,SKU058,36
2025-04-29,SKU058,33
2025-04-30,SKU058,34
2025-05-01,SKU058,27
2025-05-02,SKU058,27
2025-05-03,SKU058,33
2025-05-04,SKU058,39
2025-05-05,SKU058,32
2025-05-06,SKU058,25
2025-05-07,SKU058,24
2025-05-08,SKU058,17
2025-05-09,SKU058,20
2025-05-10,SKU058,29
2025-05-11,SKU058,31
2025-05-12,SKU058,37
2025-05-13,SKU058,33
2025-05-14,SKU058,28
2025-05-15,SKU058,18
2025-05-16,SKU058,21
2025-05-17,SKU058,21
2025-05-18,SKU058,36
2025-05-19,SKU058,43
2025-05-20,SKU058,32
2025-05-21,SKU058,28
2025-05-22,SKU058,21
2025-05-23,SKU058,24
2025-05-24,SKU058,35
2025-05-25,SKU058,34
2025-05-26,SKU058,37
2025-05-27,SKU058,37
2025-05-28,SKU058,31
2025-05-29,SKU058,23
2025-05-30,SKU058,25
2025-05-31,SKU058,27
2025-06-01,SKU058,36
2025-06-02,SKU058,33
2025-06-03,SKU058,33
2025-06-04,SKU058,31
2025-06-05,SKU058,16
2025-06-06,SKU058,16
2025-06-07,SKU058,29
2025-06-08,SKU058,36
2025-06-09,SKU058,36
2025-06-10,SKU058,26
2025-06-11,SKU058,30
2025-06-12,SKU058,32
2025-06-13,SKU058,21
2025-06-14,SKU058,26
2025-06-15,SKU058,34
2025-06-16,SKU058,34
2025-06-17,SKU058,37
2025-06-18,SKU058,28
2025-06-19,SKU058,22
2025-06-20,SKU058,22
2025-06-21,SKU058,22
2025-06-22,SKU058,39
2025-06-23,SKU058,37
2025-06-24,SKU058,31
2025-06-25,SKU058,27
2025-06-26,SKU058,23
2025-06-27,SKU058,17
2025-06-28,SKU058,23
2025-06-29,SKU058,33
2025-06-30,SKU058,34
2025-07-01,SKU058,31
2025-07-02,SKU058,34
2025-07-03,SKU058,22
2025-07-04,SKU058,21
2025-07-05,SKU058,29
2024-06-01,SKU059,151
2024-06-02,SKU059,225
2024-06-03,SKU059,207
2024-06-04,SKU059,214
2024-06-05,SKU059,169
2024-06-06,SKU059,150
2024-06-07,SKU059,179
2024-06-08,SKU059,212
2024-06-09,SKU059,279
2024-06-10,SKU059,248
2024-06-11,SKU059,201
2024-06-12,SKU059,156
2024-06-13,SKU059,164
2024-06-14,SKU059,203
2024-06-15,SKU059,216
2024-06-16,SKU059,200
2024-06-17,SKU059,241
2024-06-18,SKU059,214
2024-06-19,SKU059,204
2024-06-20,SKU059,162
2024-06-21,SKU059,169
2024-06-22,SKU059,157
2024-06-23,SKU059,244
2024-06-24,SKU059,188
2024-06-25,SKU059,210
2024-06-26,SKU059,159
2024-06-27,SKU059,136
2024-06-28,SKU059,178
2024-06-29,SKU059,191
2024-06-30,SKU059,152
2024-07-01,SKU059,223
2024-07-02,SKU059,196
2024-07-03,SKU059,210
2024-07-04,SKU059,118
2024-07-05,SKU059,216
2024-07-06,SKU059,216
2024-07-07,SKU059,213
2024-07-08,SKU059,216
2024-07-09,SKU059,189
2024-07-10,SKU059,184
2024-07-11,SKU059,131
2024-07-12,SKU059,158
2024-07-13,SKU059,160
2024-07-14,SKU059,241
2024-07-15,SKU059,233
2024-07-16,SKU059,194
2024-07-17,SKU059,167
2024-07-18,SKU059,134
2024-07-19,SKU059,170
2024-07-20,SKU059,155
2024-07-21,SKU059,247
2024-07-22,SKU059,233
2024-07-23,SKU059,195
2024-07-24,SKU059,191
2024-07-25,SKU059,165
2024-07-26,SKU059,131
2024-07-27,SKU059,228
2024-07-28,SKU059,149
2024-07-29,SKU059,259
2024-07-30,SKU059,203
2024-07-31,SKU059,203
2024-08-01,SKU059,195
2024-08-02,SKU059,149
2024-08-03,SKU059,180
2024-08-04,SKU059,230
2024-08-05,SKU059,196
2024-08-06,SKU059,198
2024-08-07,SKU059,162
2024-08-08,SKU059,120
2024-08-09,SKU059,148
2024-08-10,SKU059,213
2024-08-11,SKU059,240
2024-08-12,SKU059,223
2024-08-13,SKU059,209
2024-08-14,SKU059,166
2024-08-15,SKU059,103
2024-08-16,SKU059,132
2024-08-17,SKU059,218
2024-08-18,SKU059,255
2024-08-19,SKU059,204
2024-08-20,SKU059,240
2024-08-21,SKU059,140
2024-08-22,SKU059,139
2024-08-23,SKU059,158
2024-08-24,SKU059,183
2024-08-25,SKU059,201
2024-08-26,SKU059,232
2024-08-27,SKU059,230
2024-08-28,SKU059,133
2024-08-29,SKU059,157
2024-08-30,SKU059,189
2024-08-31,SKU059,179
2024-09-01,SKU059,205
2024-09-02,SKU059,204
2024-09-03,SKU059,265
2024-09-04,SKU059,217
2024-09-05,SKU059,145
2024-09-06,SKU059,195
2024-09-07,SKU059,176
2024-09-08,SKU059,216
2024-09-09,SKU059,198
2024-09-10,SKU059,155
2024-09-11,SKU059,158
2024-09-12,SKU059,142
2024-09-13,SKU059,173
2024-09-14,SKU059,210
2024-09-15,SKU059,217
2024-09-16,SKU059,200
2024-09-17,SKU059,189
2024-09-18,SKU059,220
2024-09-19,SKU059,172
2024-09-20,SKU059,202
2024-09-21,SKU059,242
2024-09-22,SKU059,202
2024-09-23,SKU059,252
2024-09-24,SKU059,182
2024-09-25,SKU059,204
2024-09-26,SKU059,177
2024-09-27,SKU059,101
2024-09-28,SKU059,203
2024-09-29,SKU059,196
2024-09-30,SKU059,218
2024-10-01,SKU059,189
2024-10-02,SKU059,200
2024-10-03,SKU059,134
2024-10-04,SKU059,124
2024-10-05,SKU059,168
2024-10-06,SKU059,215
2024-10-07,SKU059,240
2024-10-08,SKU059,242
2024-10-09,SKU059,189
2024-10-10,SKU059,170
2024-10-11,SKU059,182
2024-10-12,SKU059,214
2024-10-13,SKU059,250
2024-10-14,SKU059,300
2024-10-15,SKU059,231
2024-10-16,SKU059,183
2024-10-17,SKU059,140
2024-10-18,SKU059,170
2024-10-19,SKU059,224
2024-10-20,SKU059,186
2024-10-21,SKU059,264
2024-10-22,SKU059,195
2024-10-23,SKU059,168
2024-10-24,SKU059,169
2024-10-25,SKU059,146
2024-10-26,SKU059,204
2024-10-27,SKU059,188
2024-10-28,SKU059,253
2024-10-29,SKU059,213
2024-10-30,SKU059,174
2024-10-31,SKU059,162
2024-11-01,SKU059,161
2024-11-02,SKU059,204
2024-11-03,SKU059,215
2024-11-04,SKU059,220
2024-11-05,SKU059,157
2024-11-06,SKU059,214
2024-11-07,SKU059,120
2024-11-08,SKU059,207
2024-11-09,SKU059,184
2024-11-10,SKU059,256
2024-11-11,SKU059,258
2024-11-12,SKU059,235
2024-11-13,SKU059,176
2024-11-14,SKU059,120
2024-11-15,SKU059,156
2024-11-16,SKU059,182
2024-11-17,SKU059,218
2024-11-18,SKU059,193
2024-11-19,SKU059,199
2024-11-20,SKU059,91
2024-11-21,SKU059,145
2024-11-22,SKU059,165
2024-11-23,SKU059,169
2024-11-24,SKU059,213
2024-11-25,SKU059,233
2024-11-26,SKU059,237
2024-11-27,SKU059,205
2024-11-28,SKU059,163
2024-11-29,SKU059,160
2024-11-30,SKU059,201
2024-12-01,SKU059,272
2024-12-02,SKU059,243
2024-12-03,SKU059,215
2024-12-04,SKU059,205
2024-12-05,SKU059,155
2024-12-06,SKU059,137
2024-12-07,SKU059,204
2024-12-08,SKU059,226
2024-12-09,SKU059,222
2024-12-10,SKU059,223
2024-12-11,SKU059,122
2024-12-12,SKU059,138
2024-12-13,SKU059,136
2024-12-14,SKU059,169
2024-12-15,SKU059,216
2024-12-16,SKU059,202
2024-12-17,SKU059,256
2024-12-18,SKU059,187
2024-12-19,SKU059,131
2024-12-20,SKU059,111
2024-12-21,SKU059,174
2024-12-22,SKU059,211
2024-12-23,SKU059,210
2024-12-24,SKU059,280
2024-12-25,SKU059,127
2024-12-26,SKU059,155
2024-12-27,SKU059,157
2024-12-28,SKU059,184
2024-12-29,SKU059,165
2024-12-30,SKU059,227
2024-12-31,SKU059,213
2025-01-01,SKU059,195
2025-01-02,SKU059,168
2025-01-03,SKU059,196
2025-01-04,SKU059,132
2025-01-05,SKU059,214
2025-01-06,SKU059,300
2025-01-07,SKU059,238
2025-01-08,SKU059,133
2025-01-09,SKU059,156
2025-01-10,SKU059,131
2025-01-11,SKU059,179
2025-01-12,SKU059,278
2025-01-13,SKU059,256
2025-01-14,SKU059,164
2025-01-15,SKU059,153
2025-01-16,SKU059,154
2025-01-17,SKU059,154
2025-01-18,SKU059,200
2025-01-19,SKU059,199
2025-01-20,SKU059,218
2025-01-21,SKU059,185
2025-01-22,SKU059,164
2025-01-23,SKU059,174
2025-01-24,SKU059,170
2025-01-25,SKU059,171
2025-01-26,SKU059,253
2025-01-27,SKU059,259
2025-01-28,SKU059,208
2025-01-29,SKU059,167
2025-01-30,SKU059,204
2025-01-31,SKU059,207
2025-02-01,SKU059,148
2025-02-02,SKU059,255
2025-02-03,SKU059,278
2025-02-04,SKU059,226
2025-02-05,SKU059,161
2025-02-06,SKU059,144
2025-02-07,SKU059,210
2025-02-08,SKU059,215
2025-02-09,SKU059,237
2025-02-10,SKU059,295
2025-02-11,SKU059,179
2025-02-12,SKU059,172
2025-02-13,SKU059,159
2025-02-14,SKU059,155
2025-02-15,SKU059,138
2025-02-16,SKU059,250
2025-02-17,SKU059,207
2025-02-18,SKU059,186
2025-02-19,SKU059,164
2025-02-20,SKU059,147
2025-02-21,SKU059,158
2025-02-22,SKU059,219
2025-02-23,SKU059,254
2025-02-24,SKU059,221
2025-02-25,SKU059,190
2025-02-26,SKU059,171
2025-02-27,SKU059,128
2025-02-28,SKU059,160
2025-03-01,SKU059,164
2025-03-02,SKU059,282
2025-03-03,SKU059,232
2025-03-04,SKU059,192
2025-03-05,SKU059,195
2025-03-06,SKU059,118
2025-03-07,SKU059,141
2025-03-08,SKU059,203
2025-03-09,SKU059,225
2025-03-10,SKU059,258
2025-03-11,SKU059,129
2025-03-12,SKU059,198
2025-03-13,SKU059,138
2025-03-14,SKU059,128
2025-03-15,SKU059,142
2025-03-16,SKU059,205
2025-03-17,SKU059,274
2025-03-18,SKU059,235
2025-03-19,SKU059,221
2025-03-20,SKU059,150
2025-03-21,SKU059,164
2025-03-22,SKU059,146
2025-03-23,SKU059,176
2025-03-24,SKU059,224
2025-03-25,SKU059,168
2025-03-26,SKU059,150
2025-03-27,SKU059,155
2025-03-28,SKU059,198
2025-03-29,SKU059,191
2025-03-30,SKU059,182
2025-03-31,SKU059,176
2025-04-01,SKU059,211
2025-04-02,SKU059,156
2025-04-03,SKU059,157
2025-04-04,SKU059,155
2025-04-05,SKU059,189
2025-04-06,SKU059,255
2025-04-07,SKU059,258
2025-04-08,SKU059,218
2025-04-09,SKU059,149
2025-04-10,SKU059,138
2025-04-11,SKU059,183
2025-04-12,SKU059,228
2025-04-13,SKU059,184
2025-04-14,SKU059,272
2025-04-15,SKU059,185
2025-04-16,SKU059,194
2025-04-17,SKU059,234
2025-04-18,SKU059,116
2025-04-19,SKU059,205
2025-04-20,SKU059,212
2025-04-21,SKU059,241
2025-04-22,SKU059,190
2025-04-23,SKU059,103
2025-04-24,SKU059,132
2025-04-25,SKU059,171
2025-04-26,SKU059,230
2025-04-27,SKU059,232
2025-04-28,SKU059,270
2025-04-29,SKU059,193
2025-04-30,SKU059,158
2025-05-01,SKU059,164
2025-05-02,SKU059,150
2025-05-03,SKU059,223
2025-05-04,SKU059,181
2025-05-05,SKU059,253
2025-05-06,SKU059,242
2025-05-07,SKU059,185
2025-05-08,SKU059,180
2025-05-09,SKU059,143
2025-05-10,SKU059,167
2025-05-11,SKU059,231
2025-05-12,SKU059,208
2025-05-13,SKU059,216
2025-05-14,SKU059,183
2025-05-15,SKU059,152
2025-05-16,SKU059,169
2025-05-17,SKU059,209
2025-05-18,SKU059,218
2025-05-19,SKU059,215
2025-05-20,SKU059,231
2025-05-21,SKU059,182
2025-05-22,SKU059,167
2025-05-23,SKU059,178
2025-05-24,SKU059,195
2025-05-25,SKU059,211
2025-05-26,SKU059,211
2025-05-27,SKU059,205
2025-05-28,SKU059,188
2025-05-29,SKU059,169
2025-05-30,SKU059,165
2025-05-31,SKU059,201
2025-06-01,SKU059,189
2025-06-02,SKU059,215
2025-06-03,SKU059,227
2025-06-04,SKU059,151
2025-06-05,SKU059,158
2025-06-06,SKU059,163
2025-06-07,SKU059,188
2025-06-08,SKU059,240
2025-06-09,SKU059,235
2025-06-10,SKU059,173
2025-06-11,SKU059,189
2025-06-12,SKU059,139
2025-06-13,SKU059,122
2025-06-14,SKU059,212
2025-06-15,SKU059,187
2025-06-16,SKU059,218
2025-06-17,SKU059,216
2025-06-18,SKU059,172
2025-06-19,SKU059,136
2025-06-20,SKU059,133
2025-06-21,SKU059,169
2025-06-22,SKU059,190
2025-06-23,SKU059,225
2025-06-24,SKU059,192
2025-06-25,SKU059,135
2025-06-26,SKU059,145
2025-06-27,SKU059,143
2025-06-28,SKU059,199
2025-06-29,SKU059,231
2025-06-30,SKU059,267
2025-07-01,SKU059,226
2025-07-02,SKU059,143
2025-07-03,SKU059,91
2025-07-04,SKU059,118
2025-07-05,SKU059,177
2024-06-01,SKU060,53
2024-06-02,SKU060,67
2024-06-03,SKU060,64
2024-06-04,SKU060,65
2024-06-05,SKU060,48
2024-06-06,SKU060,40
2024-06-07,SKU060,64
2024-06-08,SKU060,58
2024-06-09,SKU060,68
2024-06-10,SKU060,77
2024-06-11,SKU060,71
2024-06-12,SKU060,50
2024-06-13,SKU060,56
2024-06-14,SKU060,45
2024-06-15,SKU060,67
2024-06-16,SKU060,56
2024-06-17,SKU060,67
2024-06-18,SKU060,65
2024-06-19,SKU060,56
2024-06-20,SKU060,39
2024-06-21,SKU060,35
2024-06-22,SKU060,62
2024-06-23,SKU060,65
2024-06-24,SKU060,66
2024-06-25,SKU060,77
2024-06-26,SKU060,50
2024-06-27,SKU060,42
2024-06-28,SKU060,33
2024-06-29,SKU060,49
2024-06-30,SKU060,75
2024-07-01,SKU060,63
2024-07-02,SKU060,69
2024-07-03,SKU060,42
2024-07-04,SKU060,39
2024-07-05,SKU060,41
2024-07-06,SKU060,62
2024-07-07,SKU060,65
2024-07-08,SKU060,60
2024-07-09,SKU060,69
2024-07-10,SKU060,57
2024-07-11,SKU060,50
2024-07-12,SKU060,51
2024-07-13,SKU060,51
2024-07-14,SKU060,78
2024-07-15,SKU060,68
2024-07-16,SKU060,65
2024-07-17,SKU060,56
2024-07-18,SKU060,38
2024-07-19,SKU060,65
2024-07-20,SKU060,58
2024-07-21,SKU060,67
2024-07-22,SKU060,66
2024-07-23,SKU060,73
2024-07-24,SKU060,63
2024-07-25,SKU060,48
2024-07-26,SKU060,36
2024-07-27,SKU060,57
2024-07-28,SKU060,67
2024-07-29,SKU060,65
2024-07-30,SKU060,54
2024-07-31,SKU060,39
2024-08-01,SKU060,59
2024-08-02,SKU060,55
2024-08-03,SKU060,58
2024-08-04,SKU060,61
2024-08-05,SKU060,72
2024-08-06,SKU060,65
2024-08-07,SKU060,49
2024-08-08,SKU060,50
2024-08-09,SKU060,53
2024-08-10,SKU060,64
2024-08-11,SKU060,59
2024-08-12,SKU060,73
2024-08-13,SKU060,73
2024-08-14,SKU060,56
2024-08-15,SKU060,66
2024-08-16,SKU060,47
2024-08-17,SKU060,43
2024-08-18,SKU060,60
2024-08-19,SKU060,63
2024-08-20,SKU060,68
2024-08-21,SKU060,60
2024-08-22,SKU060,48
2024-08-23,SKU060,51
2024-08-24,SKU060,75
2024-08-25,SKU060,60
2024-08-26,SKU060,69
2024-08-27,SKU060,59
2024-08-28,SKU060,43
2024-08-29,SKU060,29
2024-08-30,SKU060,60
2024-08-31,SKU060,51
2024-09-01,SKU060,65
2024-09-02,SKU060,73
2024-09-03,SKU060,53
2024-09-04,SKU060,46
2024-09-05,SKU060,47
2024-09-06,SKU060,45
2024-09-07,SKU060,47
2024-09-08,SKU060,72
2024-09-09,SKU060,65
2024-09-10,SKU060,64
2024-09-11,SKU060,53
2024-09-12,SKU060,55
2024-09-13,SKU060,52
2024-09-14,SKU060,50
2024-09-15,SKU060,77
2024-09-16,SKU060,65
2024-09-17,SKU060,56
2024-09-18,SKU060,45
2024-09-19,SKU060,26
2024-09-20,SKU060,44
2024-09-21,SKU060,61
2024-09-22,SKU060,55
2024-09-23,SKU060,84
2024-09-24,SKU060,44
2024-09-25,SKU060,46
2024-09-26,SKU060,34
2024-09-27,SKU060,57
2024-09-28,SKU060,64
2024-09-29,SKU060,65
2024-09-30,SKU060,57
2024-10-01,SKU060,53
2024-10-02,SKU060,55
2024-10-03,SKU060,41
2024-10-04,SKU060,44
2024-10-05,SKU060,57
2024-10-06,SKU060,63
2024-10-07,SKU060,54
2024-10-08,SKU060,51
2024-10-09,SKU060,42
2024-10-10,SKU060,40
2024-10-11,SKU060,50
2024-10-12,SKU060,58
2024-10-13,SKU060,77
2024-10-14,SKU060,57
2024-10-15,SKU060,66
2024-10-16,SKU060,46
2024-10-17,SKU060,64
2024-10-18,SKU060,48
2024-10-19,SKU060,53
2024-10-20,SKU060,69
2024-10-21,SKU060,71
2024-10-22,SKU060,60
2024-10-23,SKU060,58
2024-10-24,SKU060,60
2024-10-25,SKU060,57
2024-10-26,SKU060,57
2024-10-27,SKU060,83
2024-10-28,SKU060,74
2024-10-29,SKU060,53
2024-10-30,SKU060,53
2024-10-31,SKU060,45
2024-11-01,SKU060,44
2024-11-02,SKU060,61
2024-11-03,SKU060,51
2024-11-04,SKU060,83
2024-11-05,SKU060,68
2024-11-06,SKU060,37
2024-11-07,SKU060,52
2024-11-08,SKU060,53
2024-11-09,SKU060,71
2024-11-10,SKU060,82
2024-11-11,SKU060,86
2024-11-12,SKU060,61
2024-11-13,SKU060,58
2024-11-14,SKU060,43
2024-11-15,SKU060,57
2024-11-16,SKU060,39
2024-11-17,SKU060,56
2024-11-18,SKU060,66
2024-11-19,SKU060,63
2024-11-20,SKU060,54
2024-11-21,SKU060,58
2024-11-22,SKU060,43
2024-11-23,SKU060,47
2024-11-24,SKU060,64
2024-11-25,SKU060,64
2024-11-26,SKU060,68
2024-11-27,SKU060,66
2024-11-28,SKU060,59
2024-11-29,SKU060,58
2024-11-30,SKU060,53
2024-12-01,SKU060,66
2024-12-02,SKU060,73
2024-12-03,SKU060,56
2024-12-04,SKU060,47
2024-12-05,SKU060,50
2024-12-06,SKU060,37
2024-12-07,SKU060,68
2024-12-08,SKU060,64
2024-12-09,SKU060,74
2024-12-10,SKU060,65
2024-12-11,SKU060,64
2024-12-12,SKU060,28
2024-12-13,SKU060,60
2024-12-14,SKU060,69
2024-12-15,SKU060,70
2024-12-16,SKU060,74
2024-12-17,SKU060,68
2024-12-18,SKU060,45
2024-12-19,SKU060,47
2024-12-20,SKU060,57
2024-12-21,SKU060,42
2024-12-22,SKU060,71
2024-12-23,SKU060,70
2024-12-24,SKU060,68
2024-12-25,SKU060,42
2024-12-26,SKU060,40
2024-12-27,SKU060,37
2024-12-28,SKU060,46
2024-12-29,SKU060,74
2024-12-30,SKU060,64
2024-12-31,SKU060,57
2025-01-01,SKU060,62
2025-01-02,SKU060,44
2025-01-03,SKU060,57
2025-01-04,SKU060,49
2025-01-05,SKU060,64
2025-01-06,SKU060,61
2025-01-07,SKU060,68
2025-01-08,SKU060,51
2025-01-09,SKU060,53
2025-01-10,SKU060,50
2025-01-11,SKU060,41
2025-01-12,SKU060,65
2025-01-13,SKU060,56
2025-01-14,SKU060,66
2025-01-15,SKU060,58
2025-01-16,SKU060,52
2025-01-17,SKU060,48
2025-01-18,SKU060,44
2025-01-19,SKU060,69
2025-01-20,SKU060,73
2025-01-21,SKU060,61
2025-01-22,SKU060,54
2025-01-23,SKU060,30
2025-01-24,SKU060,50
2025-01-25,SKU060,57
2025-01-26,SKU060,57
2025-01-27,SKU060,74
2025-01-28,SKU060,59
2025-01-29,SKU060,55
2025-01-30,SKU060,51
2025-01-31,SKU060,52
2025-02-01,SKU060,46
2025-02-02,SKU060,64
2025-02-03,SKU060,88
2025-02-04,SKU060,75
2025-02-05,SKU060,60
2025-02-06,SKU060,49
2025-02-07,SKU060,40
2025-02-08,SKU060,57
2025-02-09,SKU060,63
2025-02-10,SKU060,69
2025-02-11,SKU060,50
2025-02-12,SKU060,61
2025-02-13,SKU060,23
2025-02-14,SKU060,56
2025-02-15,SKU060,66
2025-02-16,SKU060,87
2025-02-17,SKU060,67
2025-02-18,SKU060,59
2025-02-19,SKU060,54
2025-02-20,SKU060,52
2025-02-21,SKU060,48
2025-02-22,SKU060,48
2025-02-23,SKU060,72
2025-02-24,SKU060,69
2025-02-25,SKU060,54
2025-02-26,SKU060,39
2025-02-27,SKU060,68
2025-02-28,SKU060,56
2025-03-01,SKU060,63
2025-03-02,SKU060,66
2025-03-03,SKU060,75
2025-03-04,SKU060,54
2025-03-05,SKU060,55
2025-03-06,SKU060,49
2025-03-07,SKU060,40
2025-03-08,SKU060,57
2025-03-09,SKU060,63
2025-03-10,SKU060,63
2025-03-11,SKU060,58
2025-03-12,SKU060,38
2025-03-13,SKU060,56
2025-03-14,SKU060,63
2025-03-15,SKU060,50
2025-03-16,SKU060,77
2025-03-17,SKU060,69
2025-03-18,SKU060,63
2025-03-19,SKU060,42
2025-03-20,SKU060,42
2025-03-21,SKU060,54
2025-03-22,SKU060,50
2025-03-23,SKU060,61
2025-03-24,SKU060,65
2025-03-25,SKU060,33
2025-03-26,SKU060,56
2025-03-27,SKU060,52
2025-03-28,SKU060,52
2025-03-29,SKU060,66
2025-03-30,SKU060,63
2025-03-31,SKU060,85
2025-04-01,SKU060,56
2025-04-02,SKU060,51
2025-04-03,SKU060,44
2025-04-04,SKU060,51
2025-04-05,SKU060,56
2025-04-06,SKU060,66
2025-04-07,SKU060,63
2025-04-08,SKU060,59
2025-04-09,SKU060,34
2025-04-10,SKU060,54
2025-04-11,SKU060,40
2025-04-12,SKU060,54
2025-04-13,SKU060,58
2025-04-14,SKU060,74
2025-04-15,SKU060,58
2025-04-16,SKU060,32
2025-04-17,SKU060,49
2025-04-18,SKU060,42
2025-04-19,SKU060,58
2025-04-20,SKU060,74
2025-04-21,SKU060,61
2025-04-22,SKU060,63
2025-04-23,SKU060,46
2025-04-24,SKU060,55
2025-04-25,SKU060,50
2025-04-26,SKU060,58
2025-04-27,SKU060,56
2025-04-28,SKU060,76
2025-04-29,SKU060,71
2025-04-30,SKU060,46
2025-05-01,SKU060,48
2025-05-02,SKU060,54
2025-05-03,SKU060,77
2025-05-04,SKU060,70
2025-05-05,SKU060,69
2025-05-06,SKU060,62
2025-05-07,SKU060,52
2025-05-08,SKU060,53
2025-05-09,SKU060,41
2025-05-10,SKU060,66
2025-05-11,SKU060,54
2025-05-12,SKU060,75
2025-05-13,SKU060,71
2025-05-14,SKU060,60
2025-05-15,SKU060,49
2025-05-16,SKU060,52
2025-05-17,SKU060,55
2025-05-18,SKU060,57
2025-05-19,SKU060,71
2025-05-20,SKU060,64
2025-05-21,SKU060,61
2025-05-22,SKU060,45
2025-05-23,SKU060,50
2025-05-24,SKU060,61
2025-05-25,SKU060,72
2025-05-26,SKU060,78
2025-05-27,SKU060,55
2025-05-28,SKU060,59
2025-05-29,SKU060,45
2025-05-30,SKU060,55
2025-05-31,SKU060,71
2025-06-01,SKU060,49
2025-06-02,SKU060,80
2025-06-03,SKU060,62
2025-06-04,SKU060,46
2025-06-05,SKU060,43
2025-06-06,SKU060,40
2025-06-07,SKU060,62
2025-06-08,SKU060,58
2025-06-09,SKU060,80
2025-06-10,SKU060,69
2025-06-11,SKU060,55
2025-06-12,SKU060,29
2025-06-13,SKU060,37
2025-06-14,SKU060,57
2025-06-15,SKU060,67
2025-06-16,SKU060,77
2025-06-17,SKU060,38
2025-06-18,SKU060,46
2025-06-19,SKU060,54
2025-06-20,SKU060,46
2025-06-21,SKU060,54
2025-06-22,SKU060,53
2025-06-23,SKU060,79
2025-06-24,SKU060,59
2025-06-25,SKU060,62
2025-06-26,SKU060,59
2025-06-27,SKU060,60
2025-06-28,SKU060,58
2025-06-29,SKU060,63
2025-06-30,SKU060,65
2025-07-01,SKU060,80
2025-07-02,SKU060,51
2025-07-03,SKU060,56
2025-07-04,SKU060,53
2025-07-05,SKU060,54
2024-06-01,SKU061,121
2024-06-02,SKU061,168
2024-06-03,SKU061,151
2024-06-04,SKU061,128
2024-06-05,SKU061,100
2024-06-06,SKU061,107
2024-06-07,SKU061,97
2024-06-08,SKU061,137
2024-06-09,SKU061,194
2024-06-10,SKU061,160
2024-06-11,SKU061,171
2024-06-12,SKU061,102
2024-06-13,SKU061,114
2024-06-14,SKU061,130
2024-06-15,SKU061,152
2024-06-16,SKU061,170
2024-06-17,SKU061,151
2024-06-18,SKU061,154
2024-06-19,SKU061,96
2024-06-20,SKU061,132
2024-06-21,SKU061,88
2024-06-22,SKU061,150
2024-06-23,SKU061,165
2024-06-24,SKU061,170
2024-06-25,SKU061,176
2024-06-26,SKU061,135
2024-06-27,SKU061,76
2024-06-28,SKU061,117
2024-06-29,SKU061,90
2024-06-30,SKU061,144
2024-07-01,SKU061,143
2024-07-02,SKU061,149
2024-07-03,SKU061,100
2024-07-04,SKU061,86
2024-07-05,SKU061,116
2024-07-06,SKU061,148
2024-07-07,SKU061,146
2024-07-08,SKU061,194
2024-07-09,SKU061,130
2024-07-10,SKU061,128
2024-07-11,SKU061,108
2024-07-12,SKU061,100
2024-07-13,SKU061,151
2024-07-14,SKU061,129
2024-07-15,SKU061,111
2024-07-16,SKU061,135
2024-07-17,SKU061,110
2024-07-18,SKU061,122
2024-07-19,SKU061,83
2024-07-20,SKU061,136
2024-07-21,SKU061,153
2024-07-22,SKU061,157
2024-07-23,SKU061,157
2024-07-24,SKU061,115
2024-07-25,SKU061,102
2024-07-26,SKU061,115
2024-07-27,SKU061,124
2024-07-28,SKU061,120
2024-07-29,SKU061,143
2024-07-30,SKU061,132
2024-07-31,SKU061,104
2024-08-01,SKU061,95
2024-08-02,SKU061,110
2024-08-03,SKU061,121
2024-08-04,SKU061,162
2024-08-05,SKU061,167
2024-08-06,SKU061,92
2024-08-07,SKU061,88
2024-08-08,SKU061,56
2024-08-09,SKU061,101
2024-08-10,SKU061,120
2024-08-11,SKU061,149
2024-08-12,SKU061,166
2024-08-13,SKU061,136
2024-08-14,SKU061,104
2024-08-15,SKU061,101
2024-08-16,SKU061,97
2024-08-17,SKU061,98
2024-08-18,SKU061,164
2024-08-19,SKU061,159
2024-08-20,SKU061,164
2024-08-21,SKU061,92
2024-08-22,SKU061,71
2024-08-23,SKU061,89
2024-08-24,SKU061,134
2024-08-25,SKU061,162
2024-08-26,SKU061,156
2024-08-27,SKU061,140
2024-08-28,SKU061,131
2024-08-29,SKU061,93
2024-08-30,SKU061,126
2024-08-31,SKU061,164
2024-09-01,SKU061,126
2024-09-02,SKU061,146
2024-09-03,SKU061,111
2024-09-04,SKU061,97
2024-09-05,SKU061,109
2024-09-06,SKU061,74
2024-09-07,SKU061,111
2024-09-08,SKU061,166
2024-09-09,SKU061,155
2024-09-10,SKU061,151
2024-09-11,SKU061,91
2024-09-12,SKU061,103
2024-09-13,SKU061,142
2024-09-14,SKU061,113
2024-09-15,SKU061,136
2024-09-16,SKU061,162
2024-09-17,SKU061,120
2024-09-18,SKU061,129
2024-09-19,SKU061,67
2024-09-20,SKU061,60
2024-09-21,SKU061,132
2024-09-22,SKU061,127
2024-09-23,SKU061,140
2024-09-24,SKU061,154
2024-09-25,SKU061,127
2024-09-26,SKU061,78
2024-09-27,SKU061,116
2024-09-28,SKU061,120
2024-09-29,SKU061,154
2024-09-30,SKU061,150
2024-10-01,SKU061,109
2024-10-02,SKU061,102
2024-10-03,SKU061,56
2024-10-04,SKU061,110
2024-10-05,SKU061,134
2024-10-06,SKU061,132
2024-10-07,SKU061,148
2024-10-08,SKU061,119
2024-10-09,SKU061,139
2024-10-10,SKU061,77
2024-10-11,SKU061,100
2024-10-12,SKU061,101
2024-10-13,SKU061,150
2024-10-14,SKU061,170
2024-10-15,SKU061,98
2024-10-16,SKU061,127
2024-10-17,SKU061,132
2024-10-18,SKU061,109
2024-10-19,SKU061,113
2024-10-20,SKU061,145
2024-10-21,SKU061,140
2024-10-22,SKU061,174
2024-10-23,SKU061,131
2024-10-24,SKU061,118
2024-10-25,SKU061,147
2024-10-26,SKU061,151
2024-10-27,SKU061,143
2024-10-28,SKU061,151
2024-10-29,SKU061,182
2024-10-30,SKU061,101
2024-10-31,SKU061,98
2024-11-01,SKU061,87
2024-11-02,SKU061,92
2024-11-03,SKU061,129
2024-11-04,SKU061,134
2024-11-05,SKU061,125
2024-11-06,SKU061,127
2024-11-07,SKU061,101
2024-11-08,SKU061,125
2024-11-09,SKU061,129
2024-11-10,SKU061,149
2024-11-11,SKU061,145
2024-11-12,SKU061,174
2024-11-13,SKU061,107
2024-11-14,SKU061,119
2024-11-15,SKU061,84
2024-11-16,SKU061,121
2024-11-17,SKU061,184
2024-11-18,SKU061,164
2024-11-19,SKU061,110
2024-11-20,SKU061,96
2024-11-21,SKU061,132
2024-11-22,SKU061,108
2024-11-23,SKU061,121
2024-11-24,SKU061,131
2024-11-25,SKU061,145
2024-11-26,SKU061,164
2024-11-27,SKU061,102
2024-11-28,SKU061,90
2024-11-29,SKU061,118
2024-11-30,SKU061,106
2024-12-01,SKU061,128
2024-12-02,SKU061,151
2024-12-03,SKU061,138
2024-12-04,SKU061,100
2024-12-05,SKU061,110
2024-12-06,SKU061,110
2024-12-07,SKU061,89
2024-12-08,SKU061,160
2024-12-09,SKU061,140
2024-12-10,SKU061,152
2024-12-11,SKU061,154
2024-12-12,SKU061,100
2024-12-13,SKU061,94
2024-12-14,SKU061,152
2024-12-15,SKU061,130
2024-12-16,SKU061,186
2024-12-17,SKU061,128
2024-12-18,SKU061,103
2024-12-19,SKU061,146
2024-12-20,SKU061,113
2024-12-21,SKU061,157
2024-12-22,SKU061,145
2024-12-23,SKU061,149
2024-12-24,SKU061,82
2024-12-25,SKU061,134
2024-12-26,SKU061,109
2024-12-27,SKU061,104
2024-12-28,SKU061,137
2024-12-29,SKU061,146
2024-12-30,SKU061,133
2024-12-31,SKU061,144
2025-01-01,SKU061,111
2025-01-02,SKU061,115
2025-01-03,SKU061,101
2025-01-04,SKU061,117
2025-01-05,SKU061,135
2025-01-06,SKU061,134
2025-01-07,SKU061,127
2025-01-08,SKU061,123
2025-01-09,SKU061,87
2025-01-10,SKU061,84
2025-01-11,SKU061,141
2025-01-12,SKU061,143
2025-01-13,SKU061,165
2025-01-14,SKU061,133
2025-01-15,SKU061,104
2025-01-16,SKU061,68
2025-01-17,SKU061,85
2025-01-18,SKU061,110
2025-01-19,SKU061,151
2025-01-20,SKU061,149
2025-01-21,SKU061,118
2025-01-22,SKU061,63
2025-01-23,SKU061,110
2025-01-24,SKU061,123
2025-01-25,SKU061,144
2025-01-26,SKU061,127
2025-01-27,SKU061,170
2025-01-28,SKU061,148
2025-01-29,SKU061,126
2025-01-30,SKU061,90
2025-01-31,SKU061,104
2025-02-01,SKU061,161
2025-02-02,SKU061,177
2025-02-03,SKU061,150
2025-02-04,SKU061,141
2025-02-05,SKU061,74
2025-02-06,SKU061,124
2025-02-07,SKU061,120
2025-02-08,SKU061,133
2025-02-09,SKU061,134
2025-02-10,SKU061,152
2025-02-11,SKU061,165
2025-02-12,SKU061,122
2025-02-13,SKU061,151
2025-02-14,SKU061,122
2025-02-15,SKU061,109
2025-02-16,SKU061,138
2025-02-17,SKU061,137
2025-02-18,SKU061,153
2025-02-19,SKU061,137
2025-02-20,SKU061,134
2025-02-21,SKU061,100
2025-02-22,SKU061,135
2025-02-23,SKU061,170
2025-02-24,SKU061,180
2025-02-25,SKU061,114
2025-02-26,SKU061,127
2025-02-27,SKU061,79
2025-02-28,SKU061,95
2025-03-01,SKU061,101
2025-03-02,SKU061,134
2025-03-03,SKU061,123
2025-03-04,SKU061,115
2025-03-05,SKU061,98
2025-03-06,SKU061,107
2025-03-07,SKU061,107
2025-03-08,SKU061,95
2025-03-09,SKU061,198
2025-03-10,SKU061,141
2025-03-11,SKU061,112
2025-03-12,SKU061,126
2025-03-13,SKU061,101
2025-03-14,SKU061,91
2025-03-15,SKU061,133
2025-03-16,SKU061,133
2025-03-17,SKU061,145
2025-03-18,SKU061,165
2025-03-19,SKU061,117
2025-03-20,SKU061,113
2025-03-21,SKU061,96
2025-03-22,SKU061,129
2025-03-23,SKU061,131
2025-03-24,SKU061,135
2025-03-25,SKU061,129
2025-03-26,SKU061,102
2025-03-27,SKU061,121
2025-03-28,SKU061,117
2025-03-29,SKU061,83
2025-03-30,SKU061,178
2025-03-31,SKU061,163
2025-04-01,SKU061,159
2025-04-02,SKU061,112
2025-04-03,SKU061,73
2025-04-04,SKU061,81
2025-04-05,SKU061,158
2025-04-06,SKU061,115
2025-04-07,SKU061,123
2025-04-08,SKU061,129
2025-04-09,SKU061,89
2025-04-10,SKU061,112
2025-04-11,SKU061,118
2025-04-12,SKU061,134
2025-04-13,SKU061,134
2025-04-14,SKU061,156
2025-04-15,SKU061,171
2025-04-16,SKU061,88
2025-04-17,SKU061,123
2025-04-18,SKU061,122
2025-04-19,SKU061,124
2025-04-20,SKU061,149
2025-04-21,SKU061,157
2025-04-22,SKU061,118
2025-04-23,SKU061,84
2025-04-24,SKU061,119
2025-04-25,SKU061,83
2025-04-26,SKU061,105
2025-04-27,SKU061,136
2025-04-28,SKU061,156
2025-04-29,SKU061,127
2025-04-30,SKU061,101
2025-05-01,SKU061,119
2025-05-02,SKU061,100
2025-05-03,SKU061,111
2025-05-04,SKU061,153
2025-05-05,SKU061,152
2025-05-06,SKU061,137
2025-05-07,SKU061,123
2025-05-08,SKU061,99
2025-05-09,SKU061,122
2025-05-10,SKU061,99
2025-05-11,SKU061,169
2025-05-12,SKU061,133
2025-05-13,SKU061,106
2025-05-14,SKU061,100
2025-05-15,SKU061,95
2025-05-16,SKU061,92
2025-05-17,SKU061,108
2025-05-18,SKU061,165
2025-05-19,SKU061,134
2025-05-20,SKU061,94
2025-05-21,SKU061,108
2025-05-22,SKU061,140
2025-05-23,SKU061,86
2025-05-24,SKU061,109
2025-05-25,SKU061,138
2025-05-26,SKU061,180
2025-05-27,SKU061,130
2025-05-28,SKU061,96
2025-05-29,SKU061,108
2025-05-30,SKU061,112
2025-05-31,SKU061,135
2025-06-01,SKU061,126
2025-06-02,SKU061,140
2025-06-03,SKU061,158
2025-06-04,SKU061,123
2025-06-05,SKU061,117
2025-06-06,SKU061,105
2025-06-07,SKU061,146
2025-06-08,SKU061,151
2025-06-09,SKU061,141
2025-06-10,SKU061,151
2025-06-11,SKU061,99
2025-06-12,SKU061,131
2025-06-13,SKU061,125
2025-06-14,SKU061,120
2025-06-15,SKU061,142
2025-06-16,SKU061,153
2025-06-17,SKU061,134
2025-06-18,SKU061,140
2025-06-19,SKU061,91
2025-06-20,SKU061,78
2025-06-21,SKU061,121
2025-06-22,SKU061,160
2025-06-23,SKU061,170
2025-06-24,SKU061,139
2025-06-25,SKU061,103
2025-06-26,SKU061,101
2025-06-27,SKU061,94
2025-06-28,SKU061,82
2025-06-29,SKU061,130
2025-06-30,SKU061,160
2025-07-01,SKU061,132
2025-07-02,SKU061,109
2025-07-03,SKU061,122
2025-07-04,SKU061,88
2025-07-05,SKU061,110
2024-06-01,SKU062,68
2024-06-02,SKU062,80
2024-06-03,SKU062,108
2024-06-04,SKU062,70
2024-06-05,SKU062,61
2024-06-06,SKU062,66
2024-06-07,SKU062,64
2024-06-08,SKU062,60
2024-06-09,SKU062,108
2024-06-10,SKU062,82
2024-06-11,SKU062,80
2024-06-12,SKU062,74
2024-06-13,SKU062,86
2024-06-14,SKU062,59
2024-06-15,SKU062,66
2024-06-16,SKU062,94
2024-06-17,SKU062,115
2024-06-18,SKU062,84
2024-06-19,SKU062,66
2024-06-20,SKU062,66
2024-06-21,SKU062,40
2024-06-22,SKU062,69
2024-06-23,SKU062,67
2024-06-24,SKU062,87
2024-06-25,SKU062,77
2024-06-26,SKU062,39
2024-06-27,SKU062,63
2024-06-28,SKU062,71
2024-06-29,SKU062,74
2024-06-30,SKU062,70
2024-07-01,SKU062,105
2024-07-02,SKU062,104
2024-07-03,SKU062,74
2024-07-04,SKU062,57
2024-07-05,SKU062,60
2024-07-06,SKU062,81
2024-07-07,SKU062,89
2024-07-08,SKU062,96
2024-07-09,SKU062,88
2024-07-10,SKU062,61
2024-07-11,SKU062,52
2024-07-12,SKU062,61
2024-07-13,SKU062,81
2024-07-14,SKU062,70
2024-07-15,SKU062,88
2024-07-16,SKU062,82
2024-07-17,SKU062,64
2024-07-18,SKU062,77
2024-07-19,SKU062,78
2024-07-20,SKU062,81
2024-07-21,SKU062,108
2024-07-22,SKU062,101
2024-07-23,SKU062,84
2024-07-24,SKU062,64
2024-07-25,SKU062,57
2024-07-26,SKU062,68
2024-07-27,SKU062,72
2024-07-28,SKU062,71
2024-07-29,SKU062,86
2024-07-30,SKU062,94
2024-07-31,SKU062,40
2024-08-01,SKU062,77
2024-08-02,SKU062,71
2024-08-03,SKU062,73
2024-08-04,SKU062,91
2024-08-05,SKU062,102
2024-08-06,SKU062,83
2024-08-07,SKU062,80
2024-08-08,SKU062,71
2024-08-09,SKU062,66
2024-08-10,SKU062,63
2024-08-11,SKU062,87
2024-08-12,SKU062,68
2024-08-13,SKU062,88
2024-08-14,SKU062,65
2024-08-15,SKU062,54
2024-08-16,SKU062,72
2024-08-17,SKU062,62
2024-08-18,SKU062,89
2024-08-19,SKU062,87
2024-08-20,SKU062,81
2024-08-21,SKU062,73
2024-08-22,SKU062,82
2024-08-23,SKU062,69
2024-08-24,SKU062,91
2024-08-25,SKU062,104
2024-08-26,SKU062,100
2024-08-27,SKU062,62
2024-08-28,SKU062,67
2024-08-29,SKU062,49
2024-08-30,SKU062,97
2024-08-31,SKU062,65
2024-09-01,SKU062,71
2024-09-02,SKU062,59
2024-09-03,SKU062,71
2024-09-04,SKU062,71
2024-09-05,SKU062,74
2024-09-06,SKU062,52
2024-09-07,SKU062,89
2024-09-08,SKU062,87
2024-09-09,SKU062,85
2024-09-10,SKU062,85
2024-09-11,SKU062,86
2024-09-12,SKU062,62
2024-09-13,SKU062,51
2024-09-14,SKU062,81
2024-09-15,SKU062,93
2024-09-16,SKU062,89
2024-09-17,SKU062,94
2024-09-18,SKU062,43
2024-09-19,SKU062,65
2024-09-20,SKU062,73
2024-09-21,SKU062,59
2024-09-22,SKU062,71
2024-09-23,SKU062,102
2024-09-24,SKU062,96
2024-09-25,SKU062,85
2024-09-26,SKU062,53
2024-09-27,SKU062,66
2024-09-28,SKU062,80
2024-09-29,SKU062,68
2024-09-30,SKU062,93
2024-10-01,SKU062,84
2024-10-02,SKU062,78
2024-10-03,SKU062,55
2024-10-04,SKU062,78
2024-10-05,SKU062,77
2024-10-06,SKU062,107
2024-10-07,SKU062,99
2024-10-08,SKU062,86
2024-10-09,SKU062,56
2024-10-10,SKU062,46
2024-10-11,SKU062,82
2024-10-12,SKU062,86
2024-10-13,SKU062,85
2024-10-14,SKU062,86
2024-10-15,SKU062,85
2024-10-16,SKU062,54
2024-10-17,SKU062,56
2024-10-18,SKU062,71
2024-10-19,SKU062,85
2024-10-20,SKU062,84
2024-10-21,SKU062,109
2024-10-22,SKU062,95
2024-10-23,SKU062,61
2024-10-24,SKU062,47
2024-10-25,SKU062,71
2024-10-26,SKU062,71
2024-10-27,SKU062,81
2024-10-28,SKU062,93
2024-10-29,SKU062,91
2024-10-30,SKU062,78
2024-10-31,SKU062,62
2024-11-01,SKU062,38
2024-11-02,SKU062,87
2024-11-03,SKU062,79
2024-11-04,SKU062,94
2024-11-05,SKU062,81
2024-11-06,SKU062,95
2024-11-07,SKU062,85
2024-11-08,SKU062,59
2024-11-09,SKU062,61
2024-11-10,SKU062,73
2024-11-11,SKU062,94
2024-11-12,SKU062,76
2024-11-13,SKU062,57
2024-11-14,SKU062,55
2024-11-15,SKU062,69
2024-11-16,SKU062,75
2024-11-17,SKU062,82
2024-11-18,SKU062,87
2024-11-19,SKU062,81
2024-11-20,SKU062,72
2024-11-21,SKU062,64
2024-11-22,SKU062,45
2024-11-23,SKU062,78
2024-11-24,SKU062,84
2024-11-25,SKU062,79
2024-11-26,SKU062,78
2024-11-27,SKU062,83
2024-11-28,SKU062,70
2024-11-29,SKU062,65
2024-11-30,SKU062,66
2024-12-01,SKU062,72
2024-12-02,SKU062,80
2024-12-03,SKU062,83
2024-12-04,SKU062,70
2024-12-05,SKU062,54
2024-12-06,SKU062,74
2024-12-07,SKU062,80
2024-12-08,SKU062,58
2024-12-09,SKU062,92
2024-12-10,SKU062,91
2024-12-11,SKU062,72
2024-12-12,SKU062,68
2024-12-13,SKU062,61
2024-12-14,SKU062,75
2024-12-15,SKU062,87
2024-12-16,SKU062,93
2024-12-17,SKU062,76
2024-12-18,SKU062,82
2024-12-19,SKU062,77
2024-12-20,SKU062,58
2024-12-21,SKU062,63
2024-12-22,SKU062,73
2024-12-23,SKU062,95
2024-12-24,SKU062,89
2024-12-25,SKU062,74
2024-12-26,SKU062,67
2024-12-27,SKU062,58
2024-12-28,SKU062,53
2024-12-29,SKU062,82
2024-12-30,SKU062,110
2024-12-31,SKU062,86
2025-01-01,SKU062,74
2025-01-02,SKU062,71
2025-01-03,SKU062,55
2025-01-04,SKU062,79
2025-01-05,SKU062,94
2025-01-06,SKU062,80
2025-01-07,SKU062,87
2025-01-08,SKU062,84
2025-01-09,SKU062,57
2025-01-10,SKU062,44
2025-01-11,SKU062,78
2025-01-12,SKU062,80
2025-01-13,SKU062,93
2025-01-14,SKU062,73
2025-01-15,SKU062,70
2025-01-16,SKU062,75
2025-01-17,SKU062,64
2025-01-18,SKU062,57
2025-01-19,SKU062,92
2025-01-20,SKU062,91
2025-01-21,SKU062,85
2025-01-22,SKU062,80
2025-01-23,SKU062,55
2025-01-24,SKU062,61
2025-01-25,SKU062,64
2025-01-26,SKU062,90
2025-01-27,SKU062,93
2025-01-28,SKU062,80
2025-01-29,SKU062,78
2025-01-30,SKU062,49
2025-01-31,SKU062,66
2025-02-01,SKU062,83
2025-02-02,SKU062,82
2025-02-03,SKU062,75
2025-02-04,SKU062,63
2025-02-05,SKU062,71
2025-02-06,SKU062,80
2025-02-07,SKU062,57
2025-02-08,SKU062,81
2025-02-09,SKU062,60
2025-02-10,SKU062,95
2025-02-11,SKU062,70
2025-02-12,SKU062,65
2025-02-13,SKU062,62
2025-02-14,SKU062,45
2025-02-15,SKU062,112
2025-02-16,SKU062,81
2025-02-17,SKU062,98
2025-02-18,SKU062,100
2025-02-19,SKU062,73
2025-02-20,SKU062,47
2025-02-21,SKU062,65
2025-02-22,SKU062,55
2025-02-23,SKU062,84
2025-02-24,SKU062,110
2025-02-25,SKU062,67
2025-02-26,SKU062,60
2025-02-27,SKU062,82
2025-02-28,SKU062,62
2025-03-01,SKU062,66
2025-03-02,SKU062,92
2025-03-03,SKU062,85
2025-03-04,SKU062,52
2025-03-05,SKU062,54
2025-03-06,SKU062,85
2025-03-07,SKU062,68
2025-03-08,SKU062,93
2025-03-09,SKU062,76
2025-03-10,SKU062,90
2025-03-11,SKU062,81
2025-03-12,SKU062,63
2025-03-13,SKU062,64
2025-03-14,SKU062,51
2025-03-15,SKU062,90
2025-03-16,SKU062,93
2025-03-17,SKU062,89
2025-03-18,SKU062,84
2025-03-19,SKU062,66
2025-03-20,SKU062,42
2025-03-21,SKU062,53
2025-03-22,SKU062,74
2025-03-23,SKU062,84
2025-03-24,SKU062,98
2025-03-25,SKU062,89
2025-03-26,SKU062,63
2025-03-27,SKU062,50
2025-03-28,SKU062,73
2025-03-29,SKU062,78
2025-03-30,SKU062,81
2025-03-31,SKU062,78
2025-04-01,SKU062,75
2025-04-02,SKU062,74
2025-04-03,SKU062,80
2025-04-04,SKU062,62
2025-04-05,SKU062,67
2025-04-06,SKU062,112
2025-04-07,SKU062,87
2025-04-08,SKU062,74
2025-04-09,SKU062,65
2025-04-10,SKU062,56
2025-04-11,SKU062,79
2025-04-12,SKU062,57
2025-04-13,SKU062,95
2025-04-14,SKU062,91
2025-04-15,SKU062,76
2025-04-16,SKU062,66
2025-04-17,SKU062,58
2025-04-18,SKU062,65
2025-04-19,SKU062,71
2025-04-20,SKU062,87
2025-04-21,SKU062,82
2025-04-22,SKU062,107
2025-04-23,SKU062,81
2025-04-24,SKU062,67
2025-04-25,SKU062,59
2025-04-26,SKU062,85
2025-04-27,SKU062,91
2025-04-28,SKU062,92
2025-04-29,SKU062,77
2025-04-30,SKU062,73
2025-05-01,SKU062,80
2025-05-02,SKU062,65
2025-05-03,SKU062,73
2025-05-04,SKU062,89
2025-05-05,SKU062,91
2025-05-06,SKU062,76
2025-05-07,SKU062,61
2025-05-08,SKU062,70
2025-05-09,SKU062,78
2025-05-10,SKU062,102
2025-05-11,SKU062,93
2025-05-12,SKU062,92
2025-05-13,SKU062,93
2025-05-14,SKU062,59
2025-05-15,SKU062,69
2025-05-16,SKU062,76
2025-05-17,SKU062,88
2025-05-18,SKU062,107
2025-05-19,SKU062,84
2025-05-20,SKU062,77
2025-05-21,SKU062,67
2025-05-22,SKU062,48
2025-05-23,SKU062,70
2025-05-24,SKU062,84
2025-05-25,SKU062,94
2025-05-26,SKU062,93
2025-05-27,SKU062,94
2025-05-28,SKU062,76
2025-05-29,SKU062,54
2025-05-30,SKU062,30
2025-05-31,SKU062,72
2025-06-01,SKU062,88
2025-06-02,SKU062,91
2025-06-03,SKU062,81
2025-06-04,SKU062,63
2025-06-05,SKU062,52
2025-06-06,SKU062,52
2025-06-07,SKU062,81
2025-06-08,SKU062,100
2025-06-09,SKU062,77
2025-06-10,SKU062,82
2025-06-11,SKU062,78
2025-06-12,SKU062,59
2025-06-13,SKU062,72
2025-06-14,SKU062,88
2025-06-15,SKU062,92
2025-06-16,SKU062,85
2025-06-17,SKU062,98
2025-06-18,SKU062,66
2025-06-19,SKU062,58
2025-06-20,SKU062,70
2025-06-21,SKU062,73
2025-06-22,SKU062,85
2025-06-23,SKU062,87
2025-06-24,SKU062,81
2025-06-25,SKU062,72
2025-06-26,SKU062,39
2025-06-27,SKU062,63
2025-06-28,SKU062,56
2025-06-29,SKU062,83
2025-06-30,SKU062,95
2025-07-01,SKU062,79
2025-07-02,SKU062,77
2025-07-03,SKU062,65
2025-07-04,SKU062,40
2025-07-05,SKU062,90
2024-06-01,SKU063,165
2024-06-02,SKU063,170
2024-06-03,SKU063,179
2024-06-04,SKU063,123
2024-06-05,SKU063,150
2024-06-06,SKU063,144
2024-06-07,SKU063,118
2024-06-08,SKU063,137
2024-06-09,SKU063,187
2024-06-10,SKU063,218
2024-06-11,SKU063,199
2024-06-12,SKU063,165
2024-06-13,SKU063,176
2024-06-14,SKU063,156
2024-06-15,SKU063,187
2024-06-16,SKU063,186
2024-06-17,SKU063,182
2024-06-18,SKU063,200
2024-06-19,SKU063,122
2024-06-20,SKU063,138
2024-06-21,SKU063,120
2024-06-22,SKU063,167
2024-06-23,SKU063,190
2024-06-24,SKU063,194
2024-06-25,SKU063,172
2024-06-26,SKU063,158
2024-06-27,SKU063,145
2024-06-28,SKU063,101
2024-06-29,SKU063,158
2024-06-30,SKU063,174
2024-07-01,SKU063,195
2024-07-02,SKU063,163
2024-07-03,SKU063,176
2024-07-04,SKU063,126
2024-07-05,SKU063,158
2024-07-06,SKU063,136
2024-07-07,SKU063,177
2024-07-08,SKU063,175
2024-07-09,SKU063,182
2024-07-10,SKU063,117
2024-07-11,SKU063,87
2024-07-12,SKU063,119
2024-07-13,SKU063,172
2024-07-14,SKU063,165
2024-07-15,SKU063,196
2024-07-16,SKU063,157
2024-07-17,SKU063,103
2024-07-18,SKU063,148
2024-07-19,SKU063,150
2024-07-20,SKU063,158
2024-07-21,SKU063,185
2024-07-22,SKU063,185
2024-07-23,SKU063,148
2024-07-24,SKU063,176
2024-07-25,SKU063,126
2024-07-26,SKU063,143
2024-07-27,SKU063,147
2024-07-28,SKU063,194
2024-07-29,SKU063,217
2024-07-30,SKU063,177
2024-07-31,SKU063,154
2024-08-01,SKU063,149
2024-08-02,SKU063,151
2024-08-03,SKU063,184
2024-08-04,SKU063,192
2024-08-05,SKU063,198
2024-08-06,SKU063,179
2024-08-07,SKU063,166
2024-08-08,SKU063,118
2024-08-09,SKU063,147
2024-08-10,SKU063,214
2024-08-11,SKU063,192
2024-08-12,SKU063,161
2024-08-13,SKU063,166
2024-08-14,SKU063,160
2024-08-15,SKU063,112
2024-08-16,SKU063,111
2024-08-17,SKU063,126
2024-08-18,SKU063,179
2024-08-19,SKU063,228
2024-08-20,SKU063,160
2024-08-21,SKU063,166
2024-08-22,SKU063,121
2024-08-23,SKU063,125
2024-08-24,SKU063,171
2024-08-25,SKU063,147
2024-08-26,SKU063,230
2024-08-27,SKU063,186
2024-08-28,SKU063,170
2024-08-29,SKU063,122
2024-08-30,SKU063,146
2024-08-31,SKU063,181
2024-09-01,SKU063,182
2024-09-02,SKU063,169
2024-09-03,SKU063,150
2024-09-04,SKU063,135
2024-09-05,SKU063,133
2024-09-06,SKU063,130
2024-09-07,SKU063,147
2024-09-08,SKU063,200
2024-09-09,SKU063,179
2024-09-10,SKU063,159
2024-09-11,SKU063,168
2024-09-12,SKU063,141
2024-09-13,SKU063,105
2024-09-14,SKU063,127
2024-09-15,SKU063,157
2024-09-16,SKU063,189
2024-09-17,SKU063,201
2024-09-18,SKU063,180
2024-09-19,SKU063,146
2024-09-20,SKU063,180
2024-09-21,SKU063,164
2024-09-22,SKU063,210
2024-09-23,SKU063,176
2024-09-24,SKU063,136
2024-09-25,SKU063,138
2024-09-26,SKU063,125
2024-09-27,SKU063,196
2024-09-28,SKU063,159
2024-09-29,SKU063,160
2024-09-30,SKU063,213
2024-10-01,SKU063,155
2024-10-02,SKU063,149
2024-10-03,SKU063,149
2024-10-04,SKU063,112
2024-10-05,SKU063,195
2024-10-06,SKU063,211
2024-10-07,SKU063,198
2024-10-08,SKU063,215
2024-10-09,SKU063,136
2024-10-10,SKU063,147
2024-10-11,SKU063,141
2024-10-12,SKU063,144
2024-10-13,SKU063,169
2024-10-14,SKU063,238
2024-10-15,SKU063,198
2024-10-16,SKU063,166
2024-10-17,SKU063,113
2024-10-18,SKU063,151
2024-10-19,SKU063,150
2024-10-20,SKU063,224
2024-10-21,SKU063,219
2024-10-22,SKU063,195
2024-10-23,SKU063,165
2024-10-24,SKU063,126
2024-10-25,SKU063,146
2024-10-26,SKU063,196
2024-10-27,SKU063,195
2024-10-28,SKU063,170
2024-10-29,SKU063,203
2024-10-30,SKU063,129
2024-10-31,SKU063,127
2024-11-01,SKU063,123
2024-11-02,SKU063,97
2024-11-03,SKU063,188
2024-11-04,SKU063,242
2024-11-05,SKU063,180
2024-11-06,SKU063,216
2024-11-07,SKU063,124
2024-11-08,SKU063,139
2024-11-09,SKU063,157
2024-11-10,SKU063,185
2024-11-11,SKU063,199
2024-11-12,SKU063,209
2024-11-13,SKU063,125
2024-11-14,SKU063,128
2024-11-15,SKU063,149
2024-11-16,SKU063,190
2024-11-17,SKU063,132
2024-11-18,SKU063,157
2024-11-19,SKU063,174
2024-11-20,SKU063,172
2024-11-21,SKU063,117
2024-11-22,SKU063,150
2024-11-23,SKU063,206
2024-11-24,SKU063,184
2024-11-25,SKU063,185
2024-11-26,SKU063,184
2024-11-27,SKU063,149
2024-11-28,SKU063,134
2024-11-29,SKU063,130
2024-11-30,SKU063,153
2024-12-01,SKU063,160
2024-12-02,SKU063,205
2024-12-03,SKU063,148
2024-12-04,SKU063,126
2024-12-05,SKU063,99
2024-12-06,SKU063,126
2024-12-07,SKU063,160
2024-12-08,SKU063,158
2024-12-09,SKU063,184
2024-12-10,SKU063,177
2024-12-11,SKU063,108
2024-12-12,SKU063,110
2024-12-13,SKU063,177
2024-12-14,SKU063,142
2024-12-15,SKU063,201
2024-12-16,SKU063,178
2024-12-17,SKU063,178
2024-12-18,SKU063,126
2024-12-19,SKU063,83
2024-12-20,SKU063,124
2024-12-21,SKU063,170
2024-12-22,SKU063,200
2024-12-23,SKU063,193
2024-12-24,SKU063,154
2024-12-25,SKU063,167
2024-12-26,SKU063,111
2024-12-27,SKU063,118
2024-12-28,SKU063,136
2024-12-29,SKU063,174
2024-12-30,SKU063,183
2024-12-31,SKU063,180
2025-01-01,SKU063,113
2025-01-02,SKU063,117
2025-01-03,SKU063,115
2025-01-04,SKU063,169
2025-01-05,SKU063,191
2025-01-06,SKU063,165
2025-01-07,SKU063,185
2025-01-08,SKU063,144
2025-01-09,SKU063,147
2025-01-10,SKU063,119
2025-01-11,SKU063,173
2025-01-12,SKU063,204
2025-01-13,SKU063,192
2025-01-14,SKU063,223
2025-01-15,SKU063,157
2025-01-16,SKU063,170
2025-01-17,SKU063,194
2025-01-18,SKU063,119
2025-01-19,SKU063,211
2025-01-20,SKU063,202
2025-01-21,SKU063,179
2025-01-22,SKU063,129
2025-01-23,SKU063,107
2025-01-24,SKU063,109
2025-01-25,SKU063,212
2025-01-26,SKU063,195
2025-01-27,SKU063,158
2025-01-28,SKU063,148
2025-01-29,SKU063,97
2025-01-30,SKU063,156
2025-01-31,SKU063,135
2025-02-01,SKU063,171
2025-02-02,SKU063,184
2025-02-03,SKU063,213
2025-02-04,SKU063,163
2025-02-05,SKU063,152
2025-02-06,SKU063,135
2025-02-07,SKU063,106
2025-02-08,SKU063,142
2025-02-09,SKU063,177
2025-02-10,SKU063,198
2025-02-11,SKU063,206
2025-02-12,SKU063,148
2025-02-13,SKU063,126
2025-02-14,SKU063,142
2025-02-15,SKU063,155
2025-02-16,SKU063,183
2025-02-17,SKU063,226
2025-02-18,SKU063,167
2025-02-19,SKU063,151
2025-02-20,SKU063,113
2025-02-21,SKU063,164
2025-02-22,SKU063,137
2025-02-23,SKU063,182
2025-02-24,SKU063,213
2025-02-25,SKU063,152
2025-02-26,SKU063,166
2025-02-27,SKU063,79
2025-02-28,SKU063,108
2025-03-01,SKU063,157
2025-03-02,SKU063,241
2025-03-03,SKU063,193
2025-03-04,SKU063,177
2025-03-05,SKU063,173
2025-03-06,SKU063,102
2025-03-07,SKU063,62
2025-03-08,SKU063,200
2025-03-09,SKU063,198
2025-03-10,SKU063,179
2025-03-11,SKU063,174
2025-03-12,SKU063,170
2025-03-13,SKU063,125
2025-03-14,SKU063,138
2025-03-15,SKU063,208
2025-03-16,SKU063,154
2025-03-17,SKU063,202
2025-03-18,SKU063,144
2025-03-19,SKU063,182
2025-03-20,SKU063,135
2025-03-21,SKU063,118
2025-03-22,SKU063,123
2025-03-23,SKU063,176
2025-03-24,SKU063,194
2025-03-25,SKU063,200
2025-03-26,SKU063,119
2025-03-27,SKU063,108
2025-03-28,SKU063,122
2025-03-29,SKU063,141
2025-03-30,SKU063,172
2025-03-31,SKU063,167
2025-04-01,SKU063,183
2025-04-02,SKU063,134
2025-04-03,SKU063,128
2025-04-04,SKU063,141
2025-04-05,SKU063,126
2025-04-06,SKU063,198
2025-04-07,SKU063,195
2025-04-08,SKU063,178
2025-04-09,SKU063,142
2025-04-10,SKU063,122
2025-04-11,SKU063,135
2025-04-12,SKU063,161
2025-04-13,SKU063,156
2025-04-14,SKU063,228
2025-04-15,SKU063,156
2025-04-16,SKU063,147
2025-04-17,SKU063,156
2025-04-18,SKU063,126
2025-04-19,SKU063,165
2025-04-20,SKU063,132
2025-04-21,SKU063,143
2025-04-22,SKU063,172
2025-04-23,SKU063,150
2025-04-24,SKU063,154
2025-04-25,SKU063,153
2025-04-26,SKU063,121
2025-04-27,SKU063,214
2025-04-28,SKU063,162
2025-04-29,SKU063,193
2025-04-30,SKU063,134
2025-05-01,SKU063,193
2025-05-02,SKU063,120
2025-05-03,SKU063,157
2025-05-04,SKU063,188
2025-05-05,SKU063,184
2025-05-06,SKU063,149
2025-05-07,SKU063,198
2025-05-08,SKU063,113
2025-05-09,SKU063,119
2025-05-10,SKU063,156
2025-05-11,SKU063,188
2025-05-12,SKU063,174
2025-05-13,SKU063,196
2025-05-14,SKU063,149
2025-05-15,SKU063,128
2025-05-16,SKU063,147
2025-05-17,SKU063,139
2025-05-18,SKU063,170
2025-05-19,SKU063,189
2025-05-20,SKU063,195
2025-05-21,SKU063,139
2025-05-22,SKU063,120
2025-05-23,SKU063,84
2025-05-24,SKU063,142
2025-05-25,SKU063,144
2025-05-26,SKU063,157
2025-05-27,SKU063,182
2025-05-28,SKU063,224
2025-05-29,SKU063,133
2025-05-30,SKU063,142
2025-05-31,SKU063,141
2025-06-01,SKU063,159
2025-06-02,SKU063,239
2025-06-03,SKU063,154
2025-06-04,SKU063,98
2025-06-05,SKU063,134
2025-06-06,SKU063,124
2025-06-07,SKU063,173
2025-06-08,SKU063,221
2025-06-09,SKU063,199
2025-06-10,SKU063,178
2025-06-11,SKU063,161
2025-06-12,SKU063,193
2025-06-13,SKU063,188
2025-06-14,SKU063,151
2025-06-15,SKU063,207
2025-06-16,SKU063,233
2025-06-17,SKU063,189
2025-06-18,SKU063,144
2025-06-19,SKU063,116
2025-06-20,SKU063,136
2025-06-21,SKU063,132
2025-06-22,SKU063,205
2025-06-23,SKU063,223
2025-06-24,SKU063,163
2025-06-25,SKU063,134
2025-06-26,SKU063,103
2025-06-27,SKU063,145
2025-06-28,SKU063,159
2025-06-29,SKU063,149
2025-06-30,SKU063,260
2025-07-01,SKU063,130
2025-07-02,SKU063,111
2025-07-03,SKU063,150
2025-07-04,SKU063,150
2025-07-05,SKU063,142
2024-06-01,SKU064,78
2024-06-02,SKU064,89
2024-06-03,SKU064,80
2024-06-04,SKU064,90
2024-06-05,SKU064,73
2024-06-06,SKU064,73
2024-06-07,SKU064,61
2024-06-08,SKU064,82
2024-06-09,SKU064,82
2024-06-10,SKU064,93
2024-06-11,SKU064,83
2024-06-12,SKU064,76
2024-06-13,SKU064,64
2024-06-14,SKU064,41
2024-06-15,SKU064,66
2024-06-16,SKU064,85
2024-06-17,SKU064,92
2024-06-18,SKU064,88
2024-06-19,SKU064,73
2024-06-20,SKU064,51
2024-06-21,SKU064,72
2024-06-22,SKU064,64
2024-06-23,SKU064,98
2024-06-24,SKU064,102
2024-06-25,SKU064,79
2024-06-26,SKU064,60
2024-06-27,SKU064,51
2024-06-28,SKU064,50
2024-06-29,SKU064,63
2024-06-30,SKU064,82
2024-07-01,SKU064,81
2024-07-02,SKU064,62
2024-07-03,SKU064,61
2024-07-04,SKU064,60
2024-07-05,SKU064,58
2024-07-06,SKU064,63
2024-07-07,SKU064,58
2024-07-08,SKU064,100
2024-07-09,SKU064,79
2024-07-10,SKU064,70
2024-07-11,SKU064,61
2024-07-12,SKU064,67
2024-07-13,SKU064,76
2024-07-14,SKU064,85
2024-07-15,SKU064,96
2024-07-16,SKU064,90
2024-07-17,SKU064,82
2024-07-18,SKU064,50
2024-07-19,SKU064,64
2024-07-20,SKU064,55
2024-07-21,SKU064,79
2024-07-22,SKU064,85
2024-07-23,SKU064,87
2024-07-24,SKU064,65
2024-07-25,SKU064,66
2024-07-26,SKU064,58
2024-07-27,SKU064,67
2024-07-28,SKU064,76
2024-07-29,SKU064,95
2024-07-30,SKU064,75
2024-07-31,SKU064,40
2024-08-01,SKU064,66
2024-08-02,SKU064,51
2024-08-03,SKU064,75
2024-08-04,SKU064,72
2024-08-05,SKU064,87
2024-08-06,SKU064,48
2024-08-07,SKU064,66
2024-08-08,SKU064,49
2024-08-09,SKU064,48
2024-08-10,SKU064,81
2024-08-11,SKU064,83
2024-08-12,SKU064,85
2024-08-13,SKU064,71
2024-08-14,SKU064,76
2024-08-15,SKU064,54
2024-08-16,SKU064,78
2024-08-17,SKU064,86
2024-08-18,SKU064,100
2024-08-19,SKU064,98
2024-08-20,SKU064,73
2024-08-21,SKU064,67
2024-08-22,SKU064,57
2024-08-23,SKU064,71
2024-08-24,SKU064,73
2024-08-25,SKU064,82
2024-08-26,SKU064,105
2024-08-27,SKU064,76
2024-08-28,SKU064,60
2024-08-29,SKU064,54
2024-08-30,SKU064,73
2024-08-31,SKU064,75
2024-09-01,SKU064,89
2024-09-02,SKU064,90
2024-09-03,SKU064,55
2024-09-04,SKU064,55
2024-09-05,SKU064,56
2024-09-06,SKU064,65
2024-09-07,SKU064,62
2024-09-08,SKU064,73
2024-09-09,SKU064,84
2024-09-10,SKU064,94
2024-09-11,SKU064,43
2024-09-12,SKU064,30
2024-09-13,SKU064,81
2024-09-14,SKU064,56
2024-09-15,SKU064,80
2024-09-16,SKU064,71
2024-09-17,SKU064,76
2024-09-18,SKU064,65
2024-09-19,SKU064,76
2024-09-20,SKU064,69
2024-09-21,SKU064,59
2024-09-22,SKU064,64
2024-09-23,SKU064,93
2024-09-24,SKU064,74
2024-09-25,SKU064,59
2024-09-26,SKU064,72
2024-09-27,SKU064,42
2024-09-28,SKU064,69
2024-09-29,SKU064,91
2024-09-30,SKU064,74
2024-10-01,SKU064,94
2024-10-02,SKU064,56
2024-10-03,SKU064,58
2024-10-04,SKU064,54
2024-10-05,SKU064,43
2024-10-06,SKU064,80
2024-10-07,SKU064,96
2024-10-08,SKU064,68
2024-10-09,SKU064,60
2024-10-10,SKU064,53
2024-10-11,SKU064,67
2024-10-12,SKU064,69
2024-10-13,SKU064,85
2024-10-14,SKU064,88
2024-10-15,SKU064,74
2024-10-16,SKU064,85
2024-10-17,SKU064,48
2024-10-18,SKU064,69
2024-10-19,SKU064,87
2024-10-20,SKU064,83
2024-10-21,SKU064,88
2024-10-22,SKU064,85
2024-10-23,SKU064,63
2024-10-24,SKU064,38
2024-10-25,SKU064,59
2024-10-26,SKU064,91
2024-10-27,SKU064,91
2024-10-28,SKU064,88
2024-10-29,SKU064,88
2024-10-30,SKU064,65
2024-10-31,SKU064,59
2024-11-01,SKU064,57
2024-11-02,SKU064,78
2024-11-03,SKU064,79
2024-11-04,SKU064,84
2024-11-05,SKU064,89
2024-11-06,SKU064,65
2024-11-07,SKU064,65
2024-11-08,SKU064,69
2024-11-09,SKU064,72
2024-11-10,SKU064,81
2024-11-11,SKU064,73
2024-11-12,SKU064,67
2024-11-13,SKU064,73
2024-11-14,SKU064,65
2024-11-15,SKU064,51
2024-11-16,SKU064,77
2024-11-17,SKU064,87
2024-11-18,SKU064,97
2024-11-19,SKU064,103
2024-11-20,SKU064,73
2024-11-21,SKU064,51
2024-11-22,SKU064,70
2024-11-23,SKU064,62
2024-11-24,SKU064,109
2024-11-25,SKU064,74
2024-11-26,SKU064,84
2024-11-27,SKU064,67
2024-11-28,SKU064,54
2024-11-29,SKU064,56
2024-11-30,SKU064,88
2024-12-01,SKU064,91
2024-12-02,SKU064,86
2024-12-03,SKU064,98
2024-12-04,SKU064,65
2024-12-05,SKU064,67
2024-12-06,SKU064,47
2024-12-07,SKU064,59
2024-12-08,SKU064,92
2024-12-09,SKU064,91
2024-12-10,SKU064,103
2024-12-11,SKU064,59
2024-12-12,SKU064,66
2024-12-13,SKU064,59
2024-12-14,SKU064,82
2024-12-15,SKU064,93
2024-12-16,SKU064,87
2024-12-17,SKU064,71
2024-12-18,SKU064,63
2024-12-19,SKU064,47
2024-12-20,SKU064,66
2024-12-21,SKU064,42
2024-12-22,SKU064,78
2024-12-23,SKU064,97
2024-12-24,SKU064,89
2024-12-25,SKU064,49
2024-12-26,SKU064,65
2024-12-27,SKU064,49
2024-12-28,SKU064,69
2024-12-29,SKU064,93
2024-12-30,SKU064,77
2024-12-31,SKU064,95
2025-01-01,SKU064,69
2025-01-02,SKU064,64
2025-01-03,SKU064,73
2025-01-04,SKU064,83
2025-01-05,SKU064,93
2025-01-06,SKU064,80
2025-01-07,SKU064,67
2025-01-08,SKU064,64
2025-01-09,SKU064,64
2025-01-10,SKU064,48
2025-01-11,SKU064,79
2025-01-12,SKU064,89
2025-01-13,SKU064,85
2025-01-14,SKU064,80
2025-01-15,SKU064,67
2025-01-16,SKU064,64
2025-01-17,SKU064,70
2025-01-18,SKU064,104
2025-01-19,SKU064,86
2025-01-20,SKU064,80
2025-01-21,SKU064,58
2025-01-22,SKU064,51
2025-01-23,SKU064,50
2025-01-24,SKU064,69
2025-01-25,SKU064,69
2025-01-26,SKU064,89
2025-01-27,SKU064,79
2025-01-28,SKU064,84
2025-01-29,SKU064,76
2025-01-30,SKU064,54
2025-01-31,SKU064,66
2025-02-01,SKU064,68
2025-02-02,SKU064,71
2025-02-03,SKU064,93
2025-02-04,SKU064,84
2025-02-05,SKU064,73
2025-02-06,SKU064,69
2025-02-07,SKU064,59
2025-02-08,SKU064,71
2025-02-09,SKU064,81
2025-02-10,SKU064,91
2025-02-11,SKU064,78
2025-02-12,SKU064,68
2025-02-13,SKU064,51
2025-02-14,SKU064,50
2025-02-15,SKU064,63
2025-02-16,SKU064,89
2025-02-17,SKU064,87
2025-02-18,SKU064,74
2025-02-19,SKU064,74
2025-02-20,SKU064,75
2025-02-21,SKU064,56
2025-02-22,SKU064,61
2025-02-23,SKU064,95
2025-02-24,SKU064,87
2025-02-25,SKU064,77
2025-02-26,SKU064,78
2025-02-27,SKU064,56
2025-02-28,SKU064,66
2025-03-01,SKU064,75
2025-03-02,SKU064,120
2025-03-03,SKU064,86
2025-03-04,SKU064,90
2025-03-05,SKU064,64
2025-03-06,SKU064,64
2025-03-07,SKU064,59
2025-03-08,SKU064,82
2025-03-09,SKU064,83
2025-03-10,SKU064,93
2025-03-11,SKU064,71
2025-03-12,SKU064,58
2025-03-13,SKU064,38
2025-03-14,SKU064,66
2025-03-15,SKU064,66
2025-03-16,SKU064,108
2025-03-17,SKU064,82
2025-03-18,SKU064,93
2025-03-19,SKU064,79
2025-03-20,SKU064,56
2025-03-21,SKU064,54
2025-03-22,SKU064,72
2025-03-23,SKU064,97
2025-03-24,SKU064,112
2025-03-25,SKU064,66
2025-03-26,SKU064,67
2025-03-27,SKU064,52
2025-03-28,SKU064,58
2025-03-29,SKU064,92
2025-03-30,SKU064,76
2025-03-31,SKU064,70
2025-04-01,SKU064,82
2025-04-02,SKU064,71
2025-04-03,SKU064,54
2025-04-04,SKU064,54
2025-04-05,SKU064,75
2025-04-06,SKU064,70
2025-04-07,SKU064,92
2025-04-08,SKU064,76
2025-04-09,SKU064,82
2025-04-10,SKU064,62
2025-04-11,SKU064,60
2025-04-12,SKU064,70
2025-04-13,SKU064,63
2025-04-14,SKU064,86
2025-04-15,SKU064,77
2025-04-16,SKU064,67
2025-04-17,SKU064,57
2025-04-18,SKU064,77
2025-04-19,SKU064,70
2025-04-20,SKU064,75
2025-04-21,SKU064,69
2025-04-22,SKU064,74
2025-04-23,SKU064,55
2025-04-24,SKU064,45
2025-04-25,SKU064,58
2025-04-26,SKU064,85
2025-04-27,SKU064,95
2025-04-28,SKU064,73
2025-04-29,SKU064,80
2025-04-30,SKU064,71
2025-05-01,SKU064,65
2025-05-02,SKU064,79
2025-05-03,SKU064,60
2025-05-04,SKU064,75
2025-05-05,SKU064,80
2025-05-06,SKU064,83
2025-05-07,SKU064,37
2025-05-08,SKU064,56
2025-05-09,SKU064,42
2025-05-10,SKU064,73
2025-05-11,SKU064,107
2025-05-12,SKU064,97
2025-05-13,SKU064,66
2025-05-14,SKU064,62
2025-05-15,SKU064,49
2025-05-16,SKU064,76
2025-05-17,SKU064,49
2025-05-18,SKU064,80
2025-05-19,SKU064,80
2025-05-20,SKU064,66
2025-05-21,SKU064,85
2025-05-22,SKU064,42
2025-05-23,SKU064,49
2025-05-24,SKU064,90
2025-05-25,SKU064,83
2025-05-26,SKU064,85
2025-05-27,SKU064,72
2025-05-28,SKU064,67
2025-05-29,SKU064,54
2025-05-30,SKU064,54
2025-05-31,SKU064,58
2025-06-01,SKU064,85
2025-06-02,SKU064,81
2025-06-03,SKU064,74
2025-06-04,SKU064,74
2025-06-05,SKU064,53
2025-06-06,SKU064,60
2025-06-07,SKU064,91
2025-06-08,SKU064,89
2025-06-09,SKU064,81
2025-06-10,SKU064,67
2025-06-11,SKU064,65
2025-06-12,SKU064,67
2025-06-13,SKU064,55
2025-06-14,SKU064,73
2025-06-15,SKU064,78
2025-06-16,SKU064,83
2025-06-17,SKU064,65
2025-06-18,SKU064,69
2025-06-19,SKU064,60
2025-06-20,SKU064,77
2025-06-21,SKU064,73
2025-06-22,SKU064,76
2025-06-23,SKU064,102
2025-06-24,SKU064,83
2025-06-25,SKU064,68
2025-06-26,SKU064,58
2025-06-27,SKU064,63
2025-06-28,SKU064,63
2025-06-29,SKU064,83
2025-06-30,SKU064,84
2025-07-01,SKU064,82
2025-07-02,SKU064,78
2025-07-03,SKU064,69
2025-07-04,SKU064,66
2025-07-05,SKU064,53
2024-06-01,SKU065,171
2024-06-02,SKU065,161
2024-06-03,SKU065,249
2024-06-04,SKU065,196
2024-06-05,SKU065,163
2024-06-06,SKU065,128
2024-06-07,SKU065,189
2024-06-08,SKU065,186
2024-06-09,SKU065,209
2024-06-10,SKU065,223
2024-06-11,SKU065,205
2024-06-12,SKU065,163
2024-06-13,SKU065,182
2024-06-14,SKU065,189
2024-06-15,SKU065,186
2024-06-16,SKU065,190
2024-06-17,SKU065,228
2024-06-18,SKU065,183
2024-06-19,SKU065,207
2024-06-20,SKU065,191
2024-06-21,SKU065,174
2024-06-22,SKU065,151
2024-06-23,SKU065,199
2024-06-24,SKU065,214
2024-06-25,SKU065,176
2024-06-26,SKU065,159
2024-06-27,SKU065,153
2024-06-28,SKU065,169
2024-06-29,SKU065,219
2024-06-30,SKU065,211
2024-07-01,SKU065,211
2024-07-02,SKU065,163
2024-07-03,SKU065,177
2024-07-04,SKU065,134
2024-07-05,SKU065,148
2024-07-06,SKU065,167
2024-07-07,SKU065,197
2024-07-08,SKU065,239
2024-07-09,SKU065,198
2024-07-10,SKU065,210
2024-07-11,SKU065,116
2024-07-12,SKU065,189
2024-07-13,SKU065,169
2024-07-14,SKU065,211
2024-07-15,SKU065,233
2024-07-16,SKU065,228
2024-07-17,SKU065,197
2024-07-18,SKU065,176
2024-07-19,SKU065,148
2024-07-20,SKU065,233
2024-07-21,SKU065,229
2024-07-22,SKU065,138
2024-07-23,SKU065,201
2024-07-24,SKU065,157
2024-07-25,SKU065,139
2024-07-26,SKU065,173
2024-07-27,SKU065,192
2024-07-28,SKU065,194
2024-07-29,SKU065,262
2024-07-30,SKU065,164
2024-07-31,SKU065,130
2024-08-01,SKU065,118
2024-08-02,SKU065,167
2024-08-03,SKU065,194
2024-08-04,SKU065,190
2024-08-05,SKU065,203
2024-08-06,SKU065,200
2024-08-07,SKU065,138
2024-08-08,SKU065,170
2024-08-09,SKU065,198
2024-08-10,SKU065,179
2024-08-11,SKU065,222
2024-08-12,SKU065,223
2024-08-13,SKU065,238
2024-08-14,SKU065,222
2024-08-15,SKU065,138
2024-08-16,SKU065,156
2024-08-17,SKU065,208
2024-08-18,SKU065,222
2024-08-19,SKU065,195
2024-08-20,SKU065,150
2024-08-21,SKU065,151
2024-08-22,SKU065,157
2024-08-23,SKU065,144
2024-08-24,SKU065,155
2024-08-25,SKU065,197
2024-08-26,SKU065,271
2024-08-27,SKU065,169
2024-08-28,SKU065,159
2024-08-29,SKU065,134
2024-08-30,SKU065,209
2024-08-31,SKU065,143
2024-09-01,SKU065,191
2024-09-02,SKU065,222
2024-09-03,SKU065,205
2024-09-04,SKU065,199
2024-09-05,SKU065,176
2024-09-06,SKU065,135
2024-09-07,SKU065,193
2024-09-08,SKU065,208
2024-09-09,SKU065,207
2024-09-10,SKU065,228
2024-09-11,SKU065,175
2024-09-12,SKU065,192
2024-09-13,SKU065,168
2024-09-14,SKU065,210
2024-09-15,SKU065,138
2024-09-16,SKU065,223
2024-09-17,SKU065,212
2024-09-18,SKU065,182
2024-09-19,SKU065,191
2024-09-20,SKU065,172
2024-09-21,SKU065,150
2024-09-22,SKU065,228
2024-09-23,SKU065,243
2024-09-24,SKU065,183
2024-09-25,SKU065,157
2024-09-26,SKU065,170
2024-09-27,SKU065,155
2024-09-28,SKU065,215
2024-09-29,SKU065,218
2024-09-30,SKU065,160
2024-10-01,SKU065,202
2024-10-02,SKU065,157
2024-10-03,SKU065,165
2024-10-04,SKU065,167
2024-10-05,SKU065,158
2024-10-06,SKU065,219
2024-10-07,SKU065,235
2024-10-08,SKU065,213
2024-10-09,SKU065,195
2024-10-10,SKU065,120
2024-10-11,SKU065,151
2024-10-12,SKU065,122
2024-10-13,SKU065,246
2024-10-14,SKU065,224
2024-10-15,SKU065,198
2024-10-16,SKU065,165
2024-10-17,SKU065,162
2024-10-18,SKU065,185
2024-10-19,SKU065,177
2024-10-20,SKU065,225
2024-10-21,SKU065,232
2024-10-22,SKU065,140
2024-10-23,SKU065,149
2024-10-24,SKU065,161
2024-10-25,SKU065,190
2024-10-26,SKU065,223
2024-10-27,SKU065,180
2024-10-28,SKU065,249
2024-10-29,SKU065,230
2024-10-30,SKU065,180
2024-10-31,SKU065,93
2024-11-01,SKU065,141
2024-11-02,SKU065,188
2024-11-03,SKU065,207
2024-11-04,SKU065,161
2024-11-05,SKU065,194
2024-11-06,SKU065,143
2024-11-07,SKU065,165
2024-11-08,SKU065,169
2024-11-09,SKU065,200
2024-11-10,SKU065,204
2024-11-11,SKU065,222
2024-11-12,SKU065,199
2024-11-13,SKU065,194
2024-11-14,SKU065,134
2024-11-15,SKU065,135
2024-11-16,SKU065,212
2024-11-17,SKU065,237
2024-11-18,SKU065,234
2024-11-19,SKU065,245
2024-11-20,SKU065,227
2024-11-21,SKU065,183
2024-11-22,SKU065,135
2024-11-23,SKU065,208
2024-11-24,SKU065,217
2024-11-25,SKU065,205
2024-11-26,SKU065,180
2024-11-27,SKU065,176
2024-11-28,SKU065,172
2024-11-29,SKU065,194
2024-11-30,SKU065,204
2024-12-01,SKU065,230
2024-12-02,SKU065,215
2024-12-03,SKU065,207
2024-12-04,SKU065,127
2024-12-05,SKU065,165
2024-12-06,SKU065,168
2024-12-07,SKU065,238
2024-12-08,SKU065,213
2024-12-09,SKU065,254
2024-12-10,SKU065,188
2024-12-11,SKU065,216
2024-12-12,SKU065,189
2024-12-13,SKU065,187
2024-12-14,SKU065,187
2024-12-15,SKU065,208
2024-12-16,SKU065,211
2024-12-17,SKU065,174
2024-12-18,SKU065,182
2024-12-19,SKU065,142
2024-12-20,SKU065,167
2024-12-21,SKU065,190
2024-12-22,SKU065,184
2024-12-23,SKU065,251
2024-12-24,SKU065,204
2024-12-25,SKU065,193
2024-12-26,SKU065,117
2024-12-27,SKU065,135
2024-12-28,SKU065,174
2024-12-29,SKU065,221
2024-12-30,SKU065,218
2024-12-31,SKU065,239
2025-01-01,SKU065,198
2025-01-02,SKU065,129
2025-01-03,SKU065,238
2025-01-04,SKU065,183
2025-01-05,SKU065,250
2025-01-06,SKU065,213
2025-01-07,SKU065,218
2025-01-08,SKU065,195
2025-01-09,SKU065,107
2025-01-10,SKU065,205
2025-01-11,SKU065,163
2025-01-12,SKU065,204
2025-01-13,SKU065,204
2025-01-14,SKU065,185
2025-01-15,SKU065,155
2025-01-16,SKU065,116
2025-01-17,SKU065,177
2025-01-18,SKU065,188
2025-01-19,SKU065,210
2025-01-20,SKU065,249
2025-01-21,SKU065,250
2025-01-22,SKU065,126
2025-01-23,SKU065,194
2025-01-24,SKU065,155
2025-01-25,SKU065,148
2025-01-26,SKU065,225
2025-01-27,SKU065,218
2025-01-28,SKU065,225
2025-01-29,SKU065,173
2025-01-30,SKU065,159
2025-01-31,SKU065,144
2025-02-01,SKU065,156
2025-02-02,SKU065,235
2025-02-03,SKU065,207
2025-02-04,SKU065,212
2025-02-05,SKU065,210
2025-02-06,SKU065,144
2025-02-07,SKU065,175
2025-02-08,SKU065,184
2025-02-09,SKU065,204
2025-02-10,SKU065,178
2025-02-11,SKU065,200
2025-02-12,SKU065,164
2025-02-13,SKU065,125
2025-02-14,SKU065,100
2025-02-15,SKU065,139
2025-02-16,SKU065,263
2025-02-17,SKU065,222
2025-02-18,SKU065,161
2025-02-19,SKU065,152
2025-02-20,SKU065,149
2025-02-21,SKU065,169
2025-02-22,SKU065,179
2025-02-23,SKU065,270
2025-02-24,SKU065,278
2025-02-25,SKU065,212
2025-02-26,SKU065,159
2025-02-27,SKU065,160
2025-02-28,SKU065,119
2025-03-01,SKU065,213
2025-03-02,SKU065,219
2025-03-03,SKU065,188
2025-03-04,SKU065,185
2025-03-05,SKU065,185
2025-03-06,SKU065,103
2025-03-07,SKU065,131
2025-03-08,SKU065,172
2025-03-09,SKU065,241
2025-03-10,SKU065,269
2025-03-11,SKU065,212
2025-03-12,SKU065,81
2025-03-13,SKU065,118
2025-03-14,SKU065,253
2025-03-15,SKU065,189
2025-03-16,SKU065,142
2025-03-17,SKU065,287
2025-03-18,SKU065,164
2025-03-19,SKU065,185
2025-03-20,SKU065,117
2025-03-21,SKU065,217
2025-03-22,SKU065,146
2025-03-23,SKU065,198
2025-03-24,SKU065,250
2025-03-25,SKU065,186
2025-03-26,SKU065,182
2025-03-27,SKU065,172
2025-03-28,SKU065,161
2025-03-29,SKU065,154
2025-03-30,SKU065,192
2025-03-31,SKU065,210
2025-04-01,SKU065,217
2025-04-02,SKU065,191
2025-04-03,SKU065,155
2025-04-04,SKU065,176
2025-04-05,SKU065,141
2025-04-06,SKU065,222
2025-04-07,SKU065,219
2025-04-08,SKU065,215
2025-04-09,SKU065,190
2025-04-10,SKU065,120
2025-04-11,SKU065,153
2025-04-12,SKU065,222
2025-04-13,SKU065,222
2025-04-14,SKU065,218
2025-04-15,SKU065,167
2025-04-16,SKU065,184
2025-04-17,SKU065,110
2025-04-18,SKU065,151
2025-04-19,SKU065,171
2025-04-20,SKU065,225
2025-04-21,SKU065,204
2025-04-22,SKU065,192
2025-04-23,SKU065,144
2025-04-24,SKU065,142
2025-04-25,SKU065,162
2025-04-26,SKU065,175
2025-04-27,SKU065,205
2025-04-28,SKU065,226
2025-04-29,SKU065,229
2025-04-30,SKU065,190
2025-05-01,SKU065,113
2025-05-02,SKU065,177
2025-05-03,SKU065,223
2025-05-04,SKU065,234
2025-05-05,SKU065,154
2025-05-06,SKU065,208
2025-05-07,SKU065,207
2025-05-08,SKU065,136
2025-05-09,SKU065,237
2025-05-10,SKU065,124
2025-05-11,SKU065,218
2025-05-12,SKU065,241
2025-05-13,SKU065,206
2025-05-14,SKU065,173
2025-05-15,SKU065,120
2025-05-16,SKU065,140
2025-05-17,SKU065,201
2025-05-18,SKU065,155
2025-05-19,SKU065,246
2025-05-20,SKU065,198
2025-05-21,SKU065,184
2025-05-22,SKU065,172
2025-05-23,SKU065,260
2025-05-24,SKU065,224
2025-05-25,SKU065,181
2025-05-26,SKU065,281
2025-05-27,SKU065,126
2025-05-28,SKU065,157
2025-05-29,SKU065,154
2025-05-30,SKU065,147
2025-05-31,SKU065,193
2025-06-01,SKU065,209
2025-06-02,SKU065,257
2025-06-03,SKU065,188
2025-06-04,SKU065,166
2025-06-05,SKU065,198
2025-06-06,SKU065,183
2025-06-07,SKU065,180
2025-06-08,SKU065,227
2025-06-09,SKU065,273
2025-06-10,SKU065,163
2025-06-11,SKU065,139
2025-06-12,SKU065,133
2025-06-13,SKU065,162
2025-06-14,SKU065,212
2025-06-15,SKU065,193
2025-06-16,SKU065,195
2025-06-17,SKU065,165
2025-06-18,SKU065,143
2025-06-19,SKU065,131
2025-06-20,SKU065,96
2025-06-21,SKU065,169
2025-06-22,SKU065,185
2025-06-23,SKU065,217
2025-06-24,SKU065,248
2025-06-25,SKU065,125
2025-06-26,SKU065,177
2025-06-27,SKU065,202
2025-06-28,SKU065,212
2025-06-29,SKU065,223
2025-06-30,SKU065,258
2025-07-01,SKU065,219
2025-07-02,SKU065,200
2025-07-03,SKU065,152
2025-07-04,SKU065,127
2025-07-05,SKU065,217
2024-06-01,SKU066,170
2024-06-02,SKU066,208
2024-06-03,SKU066,217
2024-06-04,SKU066,155
2024-06-05,SKU066,141
2024-06-06,SKU066,152
2024-06-07,SKU066,148
2024-06-08,SKU066,179
2024-06-09,SKU066,208
2024-06-10,SKU066,211
2024-06-11,SKU066,174
2024-06-12,SKU066,175
2024-06-13,SKU066,153
2024-06-14,SKU066,127
2024-06-15,SKU066,190
2024-06-16,SKU066,190
2024-06-17,SKU066,231
2024-06-18,SKU066,193
2024-06-19,SKU066,174
2024-06-20,SKU066,149
2024-06-21,SKU066,149
2024-06-22,SKU066,188
2024-06-23,SKU066,230
2024-06-24,SKU066,217
2024-06-25,SKU066,197
2024-06-26,SKU066,154
2024-06-27,SKU066,95
2024-06-28,SKU066,152
2024-06-29,SKU066,145
2024-06-30,SKU066,192
2024-07-01,SKU066,191
2024-07-02,SKU066,175
2024-07-03,SKU066,146
2024-07-04,SKU066,157
2024-07-05,SKU066,160
2024-07-06,SKU066,182
2024-07-07,SKU066,239
2024-07-08,SKU066,296
2024-07-09,SKU066,208
2024-07-10,SKU066,188
2024-07-11,SKU066,152
2024-07-12,SKU066,168
2024-07-13,SKU066,135
2024-07-14,SKU066,134
2024-07-15,SKU066,157
2024-07-16,SKU066,178
2024-07-17,SKU066,200
2024-07-18,SKU066,151
2024-07-19,SKU066,141
2024-07-20,SKU066,194
2024-07-21,SKU066,216
2024-07-22,SKU066,178
2024-07-23,SKU066,207
2024-07-24,SKU066,186
2024-07-25,SKU066,201
2024-07-26,SKU066,149
2024-07-27,SKU066,224
2024-07-28,SKU066,196
2024-07-29,SKU066,276
2024-07-30,SKU066,179
2024-07-31,SKU066,181
2024-08-01,SKU066,152
2024-08-02,SKU066,191
2024-08-03,SKU066,215
2024-08-04,SKU066,179
2024-08-05,SKU066,205
2024-08-06,SKU066,252
2024-08-07,SKU066,166
2024-08-08,SKU066,166
2024-08-09,SKU066,122
2024-08-10,SKU066,172
2024-08-11,SKU066,188
2024-08-12,SKU066,239
2024-08-13,SKU066,214
2024-08-14,SKU066,196
2024-08-15,SKU066,115
2024-08-16,SKU066,166
2024-08-17,SKU066,180
2024-08-18,SKU066,141
2024-08-19,SKU066,226
2024-08-20,SKU066,229
2024-08-21,SKU066,206
2024-08-22,SKU066,143
2024-08-23,SKU066,173
2024-08-24,SKU066,194
2024-08-25,SKU066,187
2024-08-26,SKU066,190
2024-08-27,SKU066,193
2024-08-28,SKU066,157
2024-08-29,SKU066,146
2024-08-30,SKU066,140
2024-08-31,SKU066,185
2024-09-01,SKU066,178
2024-09-02,SKU066,255
2024-09-03,SKU066,146
2024-09-04,SKU066,161
2024-09-05,SKU066,139
2024-09-06,SKU066,147
2024-09-07,SKU066,156
2024-09-08,SKU066,166
2024-09-09,SKU066,220
2024-09-10,SKU066,189
2024-09-11,SKU066,174
2024-09-12,SKU066,100
2024-09-13,SKU066,197
2024-09-14,SKU066,177
2024-09-15,SKU066,125
2024-09-16,SKU066,219
2024-09-17,SKU066,182
2024-09-18,SKU066,133
2024-09-19,SKU066,177
2024-09-20,SKU066,176
2024-09-21,SKU066,188
2024-09-22,SKU066,209
2024-09-23,SKU066,227
2024-09-24,SKU066,152
2024-09-25,SKU066,169
2024-09-26,SKU066,177
2024-09-27,SKU066,179
2024-09-28,SKU066,151
2024-09-29,SKU066,212
2024-09-30,SKU066,184
2024-10-01,SKU066,199
2024-10-02,SKU066,143
2024-10-03,SKU066,121
2024-10-04,SKU066,161
2024-10-05,SKU066,160
2024-10-06,SKU066,186
2024-10-07,SKU066,223
2024-10-08,SKU066,155
2024-10-09,SKU066,155
2024-10-10,SKU066,103
2024-10-11,SKU066,115
2024-10-12,SKU066,210
2024-10-13,SKU066,196
2024-10-14,SKU066,195
2024-10-15,SKU066,217
2024-10-16,SKU066,207
2024-10-17,SKU066,151
2024-10-18,SKU066,178
2024-10-19,SKU066,164
2024-10-20,SKU066,208
2024-10-21,SKU066,214
2024-10-22,SKU066,203
2024-10-23,SKU066,189
2024-10-24,SKU066,105
2024-10-25,SKU066,127
2024-10-26,SKU066,166
2024-10-27,SKU066,181
2024-10-28,SKU066,220
2024-10-29,SKU066,200
2024-10-30,SKU066,165
2024-10-31,SKU066,133
2024-11-01,SKU066,187
2024-11-02,SKU066,185
2024-11-03,SKU066,203
2024-11-04,SKU066,216
2024-11-05,SKU066,215
2024-11-06,SKU066,169
2024-11-07,SKU066,121
2024-11-08,SKU066,198
2024-11-09,SKU066,191
2024-11-10,SKU066,176
2024-11-11,SKU066,165
2024-11-12,SKU066,213
2024-11-13,SKU066,198
2024-11-14,SKU066,156
2024-11-15,SKU066,167
2024-11-16,SKU066,196
2024-11-17,SKU066,207
2024-11-18,SKU066,169
2024-11-19,SKU066,176
2024-11-20,SKU066,185
2024-11-21,SKU066,160
2024-11-22,SKU066,146
2024-11-23,SKU066,164
2024-11-24,SKU066,212
2024-11-25,SKU066,205
2024-11-26,SKU066,192
2024-11-27,SKU066,167
2024-11-28,SKU066,123
2024-11-29,SKU066,172
2024-11-30,SKU066,175
2024-12-01,SKU066,220
2024-12-02,SKU066,216
2024-12-03,SKU066,236
2024-12-04,SKU066,178
2024-12-05,SKU066,155
2024-12-06,SKU066,161
2024-12-07,SKU066,235
2024-12-08,SKU066,206
2024-12-09,SKU066,218
2024-12-10,SKU066,197
2024-12-11,SKU066,111
2024-12-12,SKU066,147
2024-12-13,SKU066,178
2024-12-14,SKU066,193
2024-12-15,SKU066,248
2024-12-16,SKU066,235
2024-12-17,SKU066,208
2024-12-18,SKU066,187
2024-12-19,SKU066,154
2024-12-20,SKU066,143
2024-12-21,SKU066,176
2024-12-22,SKU066,143
2024-12-23,SKU066,257
2024-12-24,SKU066,189
2024-12-25,SKU066,135
2024-12-26,SKU066,134
2024-12-27,SKU066,198
2024-12-28,SKU066,181
2024-12-29,SKU066,214
2024-12-30,SKU066,270
2024-12-31,SKU066,217
2025-01-01,SKU066,156
2025-01-02,SKU066,98
2025-01-03,SKU066,168
2025-01-04,SKU066,161
2025-01-05,SKU066,225
2025-01-06,SKU066,213
2025-01-07,SKU066,206
2025-01-08,SKU066,188
2025-01-09,SKU066,98
2025-01-10,SKU066,154
2025-01-11,SKU066,179
2025-01-12,SKU066,215
2025-01-13,SKU066,227
2025-01-14,SKU066,199
2025-01-15,SKU066,146
2025-01-16,SKU066,114
2025-01-17,SKU066,108
2025-01-18,SKU066,182
2025-01-19,SKU066,221
2025-01-20,SKU066,205
2025-01-21,SKU066,217
2025-01-22,SKU066,160
2025-01-23,SKU066,142
2025-01-24,SKU066,112
2025-01-25,SKU066,167
2025-01-26,SKU066,232
2025-01-27,SKU066,251
2025-01-28,SKU066,189
2025-01-29,SKU066,187
2025-01-30,SKU066,182
2025-01-31,SKU066,126
2025-02-01,SKU066,188
2025-02-02,SKU066,212
2025-02-03,SKU066,243
2025-02-04,SKU066,172
2025-02-05,SKU066,172
2025-02-06,SKU066,137
2025-02-07,SKU066,162
2025-02-08,SKU066,212
2025-02-09,SKU066,247
2025-02-10,SKU066,247
2025-02-11,SKU066,168
2025-02-12,SKU066,151
2025-02-13,SKU066,171
2025-02-14,SKU066,167
2025-02-15,SKU066,172
2025-02-16,SKU066,182
2025-02-17,SKU066,109
2025-02-18,SKU066,152
2025-02-19,SKU066,155
2025-02-20,SKU066,136
2025-02-21,SKU066,162
2025-02-22,SKU066,195
2025-02-23,SKU066,268
2025-02-24,SKU066,193
2025-02-25,SKU066,142
2025-02-26,SKU066,139
2025-02-27,SKU066,189
2025-02-28,SKU066,151
2025-03-01,SKU066,206
2025-03-02,SKU066,192
2025-03-03,SKU066,200
2025-03-04,SKU066,149
2025-03-05,SKU066,155
2025-03-06,SKU066,144
2025-03-07,SKU066,174
2025-03-08,SKU066,194
2025-03-09,SKU066,260
2025-03-10,SKU066,210
2025-03-11,SKU066,201
2025-03-12,SKU066,163
2025-03-13,SKU066,125
2025-03-14,SKU066,162
2025-03-15,SKU066,172
2025-03-16,SKU066,252
2025-03-17,SKU066,193
2025-03-18,SKU066,185
2025-03-19,SKU066,130
2025-03-20,SKU066,153
2025-03-21,SKU066,115
2025-03-22,SKU066,179
2025-03-23,SKU066,176
2025-03-24,SKU066,187
2025-03-25,SKU066,174
2025-03-26,SKU066,183
2025-03-27,SKU066,142
2025-03-28,SKU066,148
2025-03-29,SKU066,194
2025-03-30,SKU066,189
2025-03-31,SKU066,161
2025-04-01,SKU066,165
2025-04-02,SKU066,156
2025-04-03,SKU066,143
2025-04-04,SKU066,166
2025-04-05,SKU066,175
2025-04-06,SKU066,234
2025-04-07,SKU066,224
2025-04-08,SKU066,157
2025-04-09,SKU066,95
2025-04-10,SKU066,117
2025-04-11,SKU066,155
2025-04-12,SKU066,189
2025-04-13,SKU066,204
2025-04-14,SKU066,217
2025-04-15,SKU066,230
2025-04-16,SKU066,164
2025-04-17,SKU066,153
2025-04-18,SKU066,194
2025-04-19,SKU066,130
2025-04-20,SKU066,253
2025-04-21,SKU066,145
2025-04-22,SKU066,172
2025-04-23,SKU066,148
2025-04-24,SKU066,100
2025-04-25,SKU066,147
2025-04-26,SKU066,178
2025-04-27,SKU066,227
2025-04-28,SKU066,233
2025-04-29,SKU066,199
2025-04-30,SKU066,193
2025-05-01,SKU066,161
2025-05-02,SKU066,142
2025-05-03,SKU066,182
2025-05-04,SKU066,190
2025-05-05,SKU066,181
2025-05-06,SKU066,206
2025-05-07,SKU066,123
2025-05-08,SKU066,139
2025-05-09,SKU066,89
2025-05-10,SKU066,181
2025-05-11,SKU066,187
2025-05-12,SKU066,229
2025-05-13,SKU066,189
2025-05-14,SKU066,160
2025-05-15,SKU066,145
2025-05-16,SKU066,135
2025-05-17,SKU066,164
2025-05-18,SKU066,192
2025-05-19,SKU066,211
2025-05-20,SKU066,180
2025-05-21,SKU066,176
2025-05-22,SKU066,97
2025-05-23,SKU066,111
2025-05-24,SKU066,230
2025-05-25,SKU066,195
2025-05-26,SKU066,187
2025-05-27,SKU066,194
2025-05-28,SKU066,184
2025-05-29,SKU066,161
2025-05-30,SKU066,131
2025-05-31,SKU066,165
2025-06-01,SKU066,198
2025-06-02,SKU066,222
2025-06-03,SKU066,196
2025-06-04,SKU066,139
2025-06-05,SKU066,130
2025-06-06,SKU066,144
2025-06-07,SKU066,219
2025-06-08,SKU066,202
2025-06-09,SKU066,303
2025-06-10,SKU066,187
2025-06-11,SKU066,118
2025-06-12,SKU066,154
2025-06-13,SKU066,179
2025-06-14,SKU066,192
2025-06-15,SKU066,212
2025-06-16,SKU066,204
2025-06-17,SKU066,187
2025-06-18,SKU066,101
2025-06-19,SKU066,167
2025-06-20,SKU066,141
2025-06-21,SKU066,210
2025-06-22,SKU066,193
2025-06-23,SKU066,212
2025-06-24,SKU066,228
2025-06-25,SKU066,199
2025-06-26,SKU066,167
2025-06-27,SKU066,101
2025-06-28,SKU066,145
2025-06-29,SKU066,226
2025-06-30,SKU066,195
2025-07-01,SKU066,197
2025-07-02,SKU066,169
2025-07-03,SKU066,151
2025-07-04,SKU066,123
2025-07-05,SKU066,206
2024-06-01,SKU067,138
2024-06-02,SKU067,187
2024-06-03,SKU067,175
2024-06-04,SKU067,206
2024-06-05,SKU067,170
2024-06-06,SKU067,169
2024-06-07,SKU067,164
2024-06-08,SKU067,147
2024-06-09,SKU067,161
2024-06-10,SKU067,154
2024-06-11,SKU067,169
2024-06-12,SKU067,138
2024-06-13,SKU067,120
2024-06-14,SKU067,108
2024-06-15,SKU067,158
2024-06-16,SKU067,165
2024-06-17,SKU067,168
2024-06-18,SKU067,167
2024-06-19,SKU067,135
2024-06-20,SKU067,89
2024-06-21,SKU067,109
2024-06-22,SKU067,162
2024-06-23,SKU067,172
2024-06-24,SKU067,136
2024-06-25,SKU067,179
2024-06-26,SKU067,136
2024-06-27,SKU067,97
2024-06-28,SKU067,111
2024-06-29,SKU067,154
2024-06-30,SKU067,124
2024-07-01,SKU067,189
2024-07-02,SKU067,185
2024-07-03,SKU067,157
2024-07-04,SKU067,147
2024-07-05,SKU067,109
2024-07-06,SKU067,173
2024-07-07,SKU067,180
2024-07-08,SKU067,160
2024-07-09,SKU067,174
2024-07-10,SKU067,147
2024-07-11,SKU067,155
2024-07-12,SKU067,153
2024-07-13,SKU067,134
2024-07-14,SKU067,181
2024-07-15,SKU067,187
2024-07-16,SKU067,169
2024-07-17,SKU067,130
2024-07-18,SKU067,160
2024-07-19,SKU067,113
2024-07-20,SKU067,187
2024-07-21,SKU067,141
2024-07-22,SKU067,171
2024-07-23,SKU067,180
2024-07-24,SKU067,113
2024-07-25,SKU067,104
2024-07-26,SKU067,139
2024-07-27,SKU067,111
2024-07-28,SKU067,198
2024-07-29,SKU067,213
2024-07-30,SKU067,197
2024-07-31,SKU067,144
2024-08-01,SKU067,111
2024-08-02,SKU067,118
2024-08-03,SKU067,156
2024-08-04,SKU067,176
2024-08-05,SKU067,171
2024-08-06,SKU067,199
2024-08-07,SKU067,131
2024-08-08,SKU067,153
2024-08-09,SKU067,129
2024-08-10,SKU067,151
2024-08-11,SKU067,185
2024-08-12,SKU067,191
2024-08-13,SKU067,160
2024-08-14,SKU067,150
2024-08-15,SKU067,136
2024-08-16,SKU067,164
2024-08-17,SKU067,152
2024-08-18,SKU067,156
2024-08-19,SKU067,164
2024-08-20,SKU067,216
2024-08-21,SKU067,95
2024-08-22,SKU067,94
2024-08-23,SKU067,127
2024-08-24,SKU067,136
2024-08-25,SKU067,192
2024-08-26,SKU067,196
2024-08-27,SKU067,151
2024-08-28,SKU067,171
2024-08-29,SKU067,96
2024-08-30,SKU067,110
2024-08-31,SKU067,185
2024-09-01,SKU067,144
2024-09-02,SKU067,187
2024-09-03,SKU067,198
2024-09-04,SKU067,79
2024-09-05,SKU067,113
2024-09-06,SKU067,148
2024-09-07,SKU067,144
2024-09-08,SKU067,175
2024-09-09,SKU067,183
2024-09-10,SKU067,170
2024-09-11,SKU067,119
2024-09-12,SKU067,138
2024-09-13,SKU067,132
2024-09-14,SKU067,124
2024-09-15,SKU067,163
2024-09-16,SKU067,147
2024-09-17,SKU067,168
2024-09-18,SKU067,148
2024-09-19,SKU067,126
2024-09-20,SKU067,139
2024-09-21,SKU067,153
2024-09-22,SKU067,191
2024-09-23,SKU067,176
2024-09-24,SKU067,179
2024-09-25,SKU067,108
2024-09-26,SKU067,89
2024-09-27,SKU067,128
2024-09-28,SKU067,165
2024-09-29,SKU067,167
2024-09-30,SKU067,194
2024-10-01,SKU067,170
2024-10-02,SKU067,91
2024-10-03,SKU067,173
2024-10-04,SKU067,98
2024-10-05,SKU067,129
2024-10-06,SKU067,199
2024-10-07,SKU067,180
2024-10-08,SKU067,146
2024-10-09,SKU067,126
2024-10-10,SKU067,101
2024-10-11,SKU067,109
2024-10-12,SKU067,168
2024-10-13,SKU067,162
2024-10-14,SKU067,155
2024-10-15,SKU067,146
2024-10-16,SKU067,133
2024-10-17,SKU067,104
2024-10-18,SKU067,120
2024-10-19,SKU067,158
2024-10-20,SKU067,163
2024-10-21,SKU067,160
2024-10-22,SKU067,147
2024-10-23,SKU067,168
2024-10-24,SKU067,170
2024-10-25,SKU067,128
2024-10-26,SKU067,166
2024-10-27,SKU067,152
2024-10-28,SKU067,166
2024-10-29,SKU067,173
2024-10-30,SKU067,84
2024-10-31,SKU067,138
2024-11-01,SKU067,114
2024-11-02,SKU067,126
2024-11-03,SKU067,182
2024-11-04,SKU067,212
2024-11-05,SKU067,156
2024-11-06,SKU067,144
2024-11-07,SKU067,131
2024-11-08,SKU067,132
2024-11-09,SKU067,128
2024-11-10,SKU067,178
2024-11-11,SKU067,183
2024-11-12,SKU067,102
2024-11-13,SKU067,156
2024-11-14,SKU067,87
2024-11-15,SKU067,129
2024-11-16,SKU067,184
2024-11-17,SKU067,168
2024-11-18,SKU067,156
2024-11-19,SKU067,176
2024-11-20,SKU067,169
2024-11-21,SKU067,96
2024-11-22,SKU067,73
2024-11-23,SKU067,177
2024-11-24,SKU067,193
2024-11-25,SKU067,188
2024-11-26,SKU067,123
2024-11-27,SKU067,150
2024-11-28,SKU067,144
2024-11-29,SKU067,175
2024-11-30,SKU067,144
2024-12-01,SKU067,177
2024-12-02,SKU067,131
2024-12-03,SKU067,185
2024-12-04,SKU067,158
2024-12-05,SKU067,130
2024-12-06,SKU067,153
2024-12-07,SKU067,132
2024-12-08,SKU067,169
2024-12-09,SKU067,175
2024-12-10,SKU067,188
2024-12-11,SKU067,162
2024-12-12,SKU067,128
2024-12-13,SKU067,133
2024-12-14,SKU067,162
2024-12-15,SKU067,166
2024-12-16,SKU067,210
2024-12-17,SKU067,153
2024-12-18,SKU067,147
2024-12-19,SKU067,107
2024-12-20,SKU067,148
2024-12-21,SKU067,148
2024-12-22,SKU067,220
2024-12-23,SKU067,176
2024-12-24,SKU067,184
2024-12-25,SKU067,123
2024-12-26,SKU067,114
2024-12-27,SKU067,126
2024-12-28,SKU067,158
2024-12-29,SKU067,157
2024-12-30,SKU067,166
2024-12-31,SKU067,165
2025-01-01,SKU067,146
2025-01-02,SKU067,120
2025-01-03,SKU067,123
2025-01-04,SKU067,120
2025-01-05,SKU067,185
2025-01-06,SKU067,198
2025-01-07,SKU067,185
2025-01-08,SKU067,140
2025-01-09,SKU067,107
2025-01-10,SKU067,119
2025-01-11,SKU067,153
2025-01-12,SKU067,173
2025-01-13,SKU067,160
2025-01-14,SKU067,125
2025-01-15,SKU067,124
2025-01-16,SKU067,115
2025-01-17,SKU067,134
2025-01-18,SKU067,141
2025-01-19,SKU067,168
2025-01-20,SKU067,182
2025-01-21,SKU067,198
2025-01-22,SKU067,133
2025-01-23,SKU067,86
2025-01-24,SKU067,111
2025-01-25,SKU067,191
2025-01-26,SKU067,206
2025-01-27,SKU067,200
2025-01-28,SKU067,179
2025-01-29,SKU067,153
2025-01-30,SKU067,115
2025-01-31,SKU067,146
2025-02-01,SKU067,170
2025-02-02,SKU067,192
2025-02-03,SKU067,166
2025-02-04,SKU067,156
2025-02-05,SKU067,123
2025-02-06,SKU067,143
2025-02-07,SKU067,133
2025-02-08,SKU067,159
2025-02-09,SKU067,186
2025-02-10,SKU067,147
2025-02-11,SKU067,183
2025-02-12,SKU067,125
2025-02-13,SKU067,111
2025-02-14,SKU067,108
2025-02-15,SKU067,152
2025-02-16,SKU067,172
2025-02-17,SKU067,148
2025-02-18,SKU067,123
2025-02-19,SKU067,132
2025-02-20,SKU067,139
2025-02-21,SKU067,143
2025-02-22,SKU067,173
2025-02-23,SKU067,169
2025-02-24,SKU067,171
2025-02-25,SKU067,161
2025-02-26,SKU067,155
2025-02-27,SKU067,157
2025-02-28,SKU067,116
2025-03-01,SKU067,144
2025-03-02,SKU067,174
2025-03-03,SKU067,173
2025-03-04,SKU067,150
2025-03-05,SKU067,134
2025-03-06,SKU067,103
2025-03-07,SKU067,143
2025-03-08,SKU067,183
2025-03-09,SKU067,167
2025-03-10,SKU067,217
2025-03-11,SKU067,161
2025-03-12,SKU067,121
2025-03-13,SKU067,136
2025-03-14,SKU067,106
2025-03-15,SKU067,164
2025-03-16,SKU067,179
2025-03-17,SKU067,170
2025-03-18,SKU067,152
2025-03-19,SKU067,117
2025-03-20,SKU067,144
2025-03-21,SKU067,122
2025-03-22,SKU067,157
2025-03-23,SKU067,173
2025-03-24,SKU067,174
2025-03-25,SKU067,170
2025-03-26,SKU067,149
2025-03-27,SKU067,124
2025-03-28,SKU067,122
2025-03-29,SKU067,126
2025-03-30,SKU067,160
2025-03-31,SKU067,172
2025-04-01,SKU067,163
2025-04-02,SKU067,98
2025-04-03,SKU067,135
2025-04-04,SKU067,134
2025-04-05,SKU067,137
2025-04-06,SKU067,153
2025-04-07,SKU067,164
2025-04-08,SKU067,133
2025-04-09,SKU067,129
2025-04-10,SKU067,117
2025-04-11,SKU067,147
2025-04-12,SKU067,161
2025-04-13,SKU067,202
2025-04-14,SKU067,182
2025-04-15,SKU067,143
2025-04-16,SKU067,176
2025-04-17,SKU067,114
2025-04-18,SKU067,92
2025-04-19,SKU067,155
2025-04-20,SKU067,138
2025-04-21,SKU067,177
2025-04-22,SKU067,152
2025-04-23,SKU067,149
2025-04-24,SKU067,142
2025-04-25,SKU067,119
2025-04-26,SKU067,141
2025-04-27,SKU067,191
2025-04-28,SKU067,162
2025-04-29,SKU067,164
2025-04-30,SKU067,149
2025-05-01,SKU067,103
2025-05-02,SKU067,120
2025-05-03,SKU067,152
2025-05-04,SKU067,203
2025-05-05,SKU067,152
2025-05-06,SKU067,160
2025-05-07,SKU067,167
2025-05-08,SKU067,143
2025-05-09,SKU067,120
2025-05-10,SKU067,148
2025-05-11,SKU067,184
2025-05-12,SKU067,190
2025-05-13,SKU067,194
2025-05-14,SKU067,162
2025-05-15,SKU067,90
2025-05-16,SKU067,91
2025-05-17,SKU067,138
2025-05-18,SKU067,132
2025-05-19,SKU067,209
2025-05-20,SKU067,129
2025-05-21,SKU067,130
2025-05-22,SKU067,101
2025-05-23,SKU067,91
2025-05-24,SKU067,177
2025-05-25,SKU067,160
2025-05-26,SKU067,222
2025-05-27,SKU067,195
2025-05-28,SKU067,137
2025-05-29,SKU067,74
2025-05-30,SKU067,119
2025-05-31,SKU067,201
2025-06-01,SKU067,183
2025-06-02,SKU067,175
2025-06-03,SKU067,149
2025-06-04,SKU067,157
2025-06-05,SKU067,129
2025-06-06,SKU067,133
2025-06-07,SKU067,176
2025-06-08,SKU067,198
2025-06-09,SKU067,189
2025-06-10,SKU067,127
2025-06-11,SKU067,115
2025-06-12,SKU067,107
2025-06-13,SKU067,126
2025-06-14,SKU067,184
2025-06-15,SKU067,220
2025-06-16,SKU067,188
2025-06-17,SKU067,175
2025-06-18,SKU067,103
2025-06-19,SKU067,111
2025-06-20,SKU067,114
2025-06-21,SKU067,136
2025-06-22,SKU067,186
2025-06-23,SKU067,169
2025-06-24,SKU067,120
2025-06-25,SKU067,156
2025-06-26,SKU067,148
2025-06-27,SKU067,133
2025-06-28,SKU067,146
2025-06-29,SKU067,153
2025-06-30,SKU067,160
2025-07-01,SKU067,187
2025-07-02,SKU067,120
2025-07-03,SKU067,166
2025-07-04,SKU067,148
2025-07-05,SKU067,158
2024-06-01,SKU068,118
2024-06-02,SKU068,108
2024-06-03,SKU068,103
2024-06-04,SKU068,101
2024-06-05,SKU068,89
2024-06-06,SKU068,68
2024-06-07,SKU068,67
2024-06-08,SKU068,102
2024-06-09,SKU068,128
2024-06-10,SKU068,146
2024-06-11,SKU068,109
2024-06-12,SKU068,99
2024-06-13,SKU068,52
2024-06-14,SKU068,96
2024-06-15,SKU068,84
2024-06-16,SKU068,119
2024-06-17,SKU068,118
2024-06-18,SKU068,104
2024-06-19,SKU068,68
2024-06-20,SKU068,68
2024-06-21,SKU068,69
2024-06-22,SKU068,90
2024-06-23,SKU068,132
2024-06-24,SKU068,113
2024-06-25,SKU068,98
2024-06-26,SKU068,100
2024-06-27,SKU068,85
2024-06-28,SKU068,114
2024-06-29,SKU068,114
2024-06-30,SKU068,85
2024-07-01,SKU068,130
2024-07-02,SKU068,118
2024-07-03,SKU068,115
2024-07-04,SKU068,77
2024-07-05,SKU068,100
2024-07-06,SKU068,94
2024-07-07,SKU068,119
2024-07-08,SKU068,103
2024-07-09,SKU068,87
2024-07-10,SKU068,103
2024-07-11,SKU068,80
2024-07-12,SKU068,65
2024-07-13,SKU068,111
2024-07-14,SKU068,74
2024-07-15,SKU068,106
2024-07-16,SKU068,83
2024-07-17,SKU068,108
2024-07-18,SKU068,73
2024-07-19,SKU068,85
2024-07-20,SKU068,104
2024-07-21,SKU068,126
2024-07-22,SKU068,129
2024-07-23,SKU068,119
2024-07-24,SKU068,86
2024-07-25,SKU068,92
2024-07-26,SKU068,74
2024-07-27,SKU068,93
2024-07-28,SKU068,92
2024-07-29,SKU068,143
2024-07-30,SKU068,93
2024-07-31,SKU068,111
2024-08-01,SKU068,88
2024-08-02,SKU068,86
2024-08-03,SKU068,104
2024-08-04,SKU068,99
2024-08-05,SKU068,142
2024-08-06,SKU068,102
2024-08-07,SKU068,105
2024-08-08,SKU068,72
2024-08-09,SKU068,62
2024-08-10,SKU068,128
2024-08-11,SKU068,106
2024-08-12,SKU068,125
2024-08-13,SKU068,63
2024-08-14,SKU068,89
2024-08-15,SKU068,89
2024-08-16,SKU068,86
2024-08-17,SKU068,98
2024-08-18,SKU068,111
2024-08-19,SKU068,131
2024-08-20,SKU068,88
2024-08-21,SKU068,87
2024-08-22,SKU068,101
2024-08-23,SKU068,62
2024-08-24,SKU068,97
2024-08-25,SKU068,98
2024-08-26,SKU068,123
2024-08-27,SKU068,108
2024-08-28,SKU068,76
2024-08-29,SKU068,80
2024-08-30,SKU068,84
2024-08-31,SKU068,90
2024-09-01,SKU068,108
2024-09-02,SKU068,109
2024-09-03,SKU068,74
2024-09-04,SKU068,104
2024-09-05,SKU068,97
2024-09-06,SKU068,58
2024-09-07,SKU068,117
2024-09-08,SKU068,120
2024-09-09,SKU068,102
2024-09-10,SKU068,104
2024-09-11,SKU068,80
2024-09-12,SKU068,93
2024-09-13,SKU068,70
2024-09-14,SKU068,131
2024-09-15,SKU068,132
2024-09-16,SKU068,100
2024-09-17,SKU068,132
2024-09-18,SKU068,101
2024-09-19,SKU068,77
2024-09-20,SKU068,94
2024-09-21,SKU068,113
2024-09-22,SKU068,103
2024-09-23,SKU068,131
2024-09-24,SKU068,101
2024-09-25,SKU068,103
2024-09-26,SKU068,78
2024-09-27,SKU068,69
2024-09-28,SKU068,108
2024-09-29,SKU068,109
2024-09-30,SKU068,121
2024-10-01,SKU068,114
2024-10-02,SKU068,112
2024-10-03,SKU068,73
2024-10-04,SKU068,71
2024-10-05,SKU068,123
2024-10-06,SKU068,115
2024-10-07,SKU068,110
2024-10-08,SKU068,113
2024-10-09,SKU068,85
2024-10-10,SKU068,76
2024-10-11,SKU068,122
2024-10-12,SKU068,84
2024-10-13,SKU068,93
2024-10-14,SKU068,137
2024-10-15,SKU068,102
2024-10-16,SKU068,95
2024-10-17,SKU068,89
2024-10-18,SKU068,58
2024-10-19,SKU068,116
2024-10-20,SKU068,106
2024-10-21,SKU068,147
2024-10-22,SKU068,96
2024-10-23,SKU068,114
2024-10-24,SKU068,106
2024-10-25,SKU068,76
2024-10-26,SKU068,96
2024-10-27,SKU068,110
2024-10-28,SKU068,141
2024-10-29,SKU068,110
2024-10-30,SKU068,98
2024-10-31,SKU068,78
2024-11-01,SKU068,91
2024-11-02,SKU068,107
2024-11-03,SKU068,106
2024-11-04,SKU068,145
2024-11-05,SKU068,105
2024-11-06,SKU068,106
2024-11-07,SKU068,61
2024-11-08,SKU068,94
2024-11-09,SKU068,115
2024-11-10,SKU068,118
2024-11-11,SKU068,134
2024-11-12,SKU068,97
2024-11-13,SKU068,97
2024-11-14,SKU068,57
2024-11-15,SKU068,86
2024-11-16,SKU068,87
2024-11-17,SKU068,113
2024-11-18,SKU068,139
2024-11-19,SKU068,133
2024-11-20,SKU068,71
2024-11-21,SKU068,98
2024-11-22,SKU068,104
2024-11-23,SKU068,104
2024-11-24,SKU068,135
2024-11-25,SKU068,112
2024-11-26,SKU068,100
2024-11-27,SKU068,83
2024-11-28,SKU068,90
2024-11-29,SKU068,82
2024-11-30,SKU068,88
2024-12-01,SKU068,105
2024-12-02,SKU068,118
2024-12-03,SKU068,95
2024-12-04,SKU068,100
2024-12-05,SKU068,97
2024-12-06,SKU068,98
2024-12-07,SKU068,142
2024-12-08,SKU068,121
2024-12-09,SKU068,143
2024-12-10,SKU068,110
2024-12-11,SKU068,86
2024-12-12,SKU068,81
2024-12-13,SKU068,86
2024-12-14,SKU068,97
2024-12-15,SKU068,98
2024-12-16,SKU068,104
2024-12-17,SKU068,124
2024-12-18,SKU068,103
2024-12-19,SKU068,106
2024-12-20,SKU068,78
2024-12-21,SKU068,92
2024-12-22,SKU068,97
2024-12-23,SKU068,134
2024-12-24,SKU068,94
2024-12-25,SKU068,90
2024-12-26,SKU068,84
2024-12-27,SKU068,60
2024-12-28,SKU068,111
2024-12-29,SKU068,129
2024-12-30,SKU068,122
2024-12-31,SKU068,106
2025-01-01,SKU068,90
2025-01-02,SKU068,100
2025-01-03,SKU068,84
2025-01-04,SKU068,99
2025-01-05,SKU068,104
2025-01-06,SKU068,77
2025-01-07,SKU068,124
2025-01-08,SKU068,90
2025-01-09,SKU068,67
2025-01-10,SKU068,115
2025-01-11,SKU068,106
2025-01-12,SKU068,111
2025-01-13,SKU068,133
2025-01-14,SKU068,113
2025-01-15,SKU068,96
2025-01-16,SKU068,71
2025-01-17,SKU068,94
2025-01-18,SKU068,113
2025-01-19,SKU068,106
2025-01-20,SKU068,90
2025-01-21,SKU068,122
2025-01-22,SKU068,100
2025-01-23,SKU068,92
2025-01-24,SKU068,84
2025-01-25,SKU068,113
2025-01-26,SKU068,105
2025-01-27,SKU068,116
2025-01-28,SKU068,92
2025-01-29,SKU068,108
2025-01-30,SKU068,79
2025-01-31,SKU068,87
2025-02-01,SKU068,105
2025-02-02,SKU068,111
2025-02-03,SKU068,131
2025-02-04,SKU068,132
2025-02-05,SKU068,105
2025-02-06,SKU068,54
2025-02-07,SKU068,85
2025-02-08,SKU068,101
2025-02-09,SKU068,133
2025-02-10,SKU068,110
2025-02-11,SKU068,92
2025-02-12,SKU068,103
2025-02-13,SKU068,79
2025-02-14,SKU068,74
2025-02-15,SKU068,95
2025-02-16,SKU068,94
2025-02-17,SKU068,121
2025-02-18,SKU068,103
2025-02-19,SKU068,98
2025-02-20,SKU068,77
2025-02-21,SKU068,84
2025-02-22,SKU068,92
2025-02-23,SKU068,111
2025-02-24,SKU068,102
2025-02-25,SKU068,123
2025-02-26,SKU068,90
2025-02-27,SKU068,50
2025-02-28,SKU068,60
2025-03-01,SKU068,114
2025-03-02,SKU068,114
2025-03-03,SKU068,118
2025-03-04,SKU068,108
2025-03-05,SKU068,98
2025-03-06,SKU068,102
2025-03-07,SKU068,90
2025-03-08,SKU068,104
2025-03-09,SKU068,106
2025-03-10,SKU068,95
2025-03-11,SKU068,115
2025-03-12,SKU068,99
2025-03-13,SKU068,96
2025-03-14,SKU068,109
2025-03-15,SKU068,82
2025-03-16,SKU068,105
2025-03-17,SKU068,128
2025-03-18,SKU068,108
2025-03-19,SKU068,112
2025-03-20,SKU068,77
2025-03-21,SKU068,113
2025-03-22,SKU068,100
2025-03-23,SKU068,139
2025-03-24,SKU068,83
2025-03-25,SKU068,115
2025-03-26,SKU068,91
2025-03-27,SKU068,49
2025-03-28,SKU068,83
2025-03-29,SKU068,81
2025-03-30,SKU068,107
2025-03-31,SKU068,123
2025-04-01,SKU068,106
2025-04-02,SKU068,96
2025-04-03,SKU068,82
2025-04-04,SKU068,118
2025-04-05,SKU068,103
2025-04-06,SKU068,116
2025-04-07,SKU068,125
2025-04-08,SKU068,107
2025-04-09,SKU068,67
2025-04-10,SKU068,90
2025-04-11,SKU068,103
2025-04-12,SKU068,122
2025-04-13,SKU068,125
2025-04-14,SKU068,114
2025-04-15,SKU068,111
2025-04-16,SKU068,117
2025-04-17,SKU068,76
2025-04-18,SKU068,66
2025-04-19,SKU068,132
2025-04-20,SKU068,99
2025-04-21,SKU068,95
2025-04-22,SKU068,112
2025-04-23,SKU068,96
2025-04-24,SKU068,86
2025-04-25,SKU068,97
2025-04-26,SKU068,97
2025-04-27,SKU068,112
2025-04-28,SKU068,110
2025-04-29,SKU068,110
2025-04-30,SKU068,98
2025-05-01,SKU068,93
2025-05-02,SKU068,70
2025-05-03,SKU068,80
2025-05-04,SKU068,128
2025-05-05,SKU068,110
2025-05-06,SKU068,93
2025-05-07,SKU068,63
2025-05-08,SKU068,101
2025-05-09,SKU068,88
2025-05-10,SKU068,107
2025-05-11,SKU068,121
2025-05-12,SKU068,121
2025-05-13,SKU068,107
2025-05-14,SKU068,89
2025-05-15,SKU068,65
2025-05-16,SKU068,57
2025-05-17,SKU068,132
2025-05-18,SKU068,115
2025-05-19,SKU068,112
2025-05-20,SKU068,96
2025-05-21,SKU068,106
2025-05-22,SKU068,82
2025-05-23,SKU068,71
2025-05-24,SKU068,94
2025-05-25,SKU068,119
2025-05-26,SKU068,113
2025-05-27,SKU068,120
2025-05-28,SKU068,122
2025-05-29,SKU068,73
2025-05-30,SKU068,79
2025-05-31,SKU068,87
2025-06-01,SKU068,112
2025-06-02,SKU068,89
2025-06-03,SKU068,124
2025-06-04,SKU068,71
2025-06-05,SKU068,68
2025-06-06,SKU068,85
2025-06-07,SKU068,119
2025-06-08,SKU068,102
2025-06-09,SKU068,116
2025-06-10,SKU068,112
2025-06-11,SKU068,80
2025-06-12,SKU068,78
2025-06-13,SKU068,60
2025-06-14,SKU068,91
2025-06-15,SKU068,133
2025-06-16,SKU068,130
2025-06-17,SKU068,101
2025-06-18,SKU068,75
2025-06-19,SKU068,77
2025-06-20,SKU068,62
2025-06-21,SKU068,96
2025-06-22,SKU068,108
2025-06-23,SKU068,112
2025-06-24,SKU068,105
2025-06-25,SKU068,98
2025-06-26,SKU068,64
2025-06-27,SKU068,98
2025-06-28,SKU068,116
2025-06-29,SKU068,147
2025-06-30,SKU068,123
2025-07-01,SKU068,129
2025-07-02,SKU068,105
2025-07-03,SKU068,83
2025-07-04,SKU068,65
2025-07-05,SKU068,112
2024-06-01,SKU069,63
2024-06-02,SKU069,87
2024-06-03,SKU069,80
2024-06-04,SKU069,76
2024-06-05,SKU069,50
2024-06-06,SKU069,51
2024-06-07,SKU069,34
2024-06-08,SKU069,66
2024-06-09,SKU069,82
2024-06-10,SKU069,86
2024-06-11,SKU069,63
2024-06-12,SKU069,39
2024-06-13,SKU069,44
2024-06-14,SKU069,51
2024-06-15,SKU069,65
2024-06-16,SKU069,52
2024-06-17,SKU069,72
2024-06-18,SKU069,57
2024-06-19,SKU069,69
2024-06-20,SKU069,28
2024-06-21,SKU069,61
2024-06-22,SKU069,60
2024-06-23,SKU069,52
2024-06-24,SKU069,88
2024-06-25,SKU069,79
2024-06-26,SKU069,67
2024-06-27,SKU069,50
2024-06-28,SKU069,45
2024-06-29,SKU069,62
2024-06-30,SKU069,76
2024-07-01,SKU069,68
2024-07-02,SKU069,58
2024-07-03,SKU069,60
2024-07-04,SKU069,51
2024-07-05,SKU069,60
2024-07-06,SKU069,75
2024-07-07,SKU069,78
2024-07-08,SKU069,62
2024-07-09,SKU069,66
2024-07-10,SKU069,59
2024-07-11,SKU069,57
2024-07-12,SKU069,59
2024-07-13,SKU069,60
2024-07-14,SKU069,66
2024-07-15,SKU069,82
2024-07-16,SKU069,70
2024-07-17,SKU069,58
2024-07-18,SKU069,43
2024-07-19,SKU069,71
2024-07-20,SKU069,63
2024-07-21,SKU069,70
2024-07-22,SKU069,75
2024-07-23,SKU069,65
2024-07-24,SKU069,44
2024-07-25,SKU069,52
2024-07-26,SKU069,38
2024-07-27,SKU069,62
2024-07-28,SKU069,56
2024-07-29,SKU069,53
2024-07-30,SKU069,72
2024-07-31,SKU069,46
2024-08-01,SKU069,53
2024-08-02,SKU069,53
2024-08-03,SKU069,62
2024-08-04,SKU069,65
2024-08-05,SKU069,72
2024-08-06,SKU069,60
2024-08-07,SKU069,64
2024-08-08,SKU069,45
2024-08-09,SKU069,49
2024-08-10,SKU069,68
2024-08-11,SKU069,65
2024-08-12,SKU069,57
2024-08-13,SKU069,57
2024-08-14,SKU069,65
2024-08-15,SKU069,50
2024-08-16,SKU069,54
2024-08-17,SKU069,64
2024-08-18,SKU069,87
2024-08-19,SKU069,54
2024-08-20,SKU069,65
2024-08-21,SKU069,56
2024-08-22,SKU069,49
2024-08-23,SKU069,59
2024-08-24,SKU069,69
2024-08-25,SKU069,69
2024-08-26,SKU069,57
2024-08-27,SKU069,89
2024-08-28,SKU069,56
2024-08-29,SKU069,50
2024-08-30,SKU069,63
2024-08-31,SKU069,57
2024-09-01,SKU069,82
2024-09-02,SKU069,70
2024-09-03,SKU069,83
2024-09-04,SKU069,60
2024-09-05,SKU069,43
2024-09-06,SKU069,71
2024-09-07,SKU069,67
2024-09-08,SKU069,65
2024-09-09,SKU069,60
2024-09-10,SKU069,73
2024-09-11,SKU069,68
2024-09-12,SKU069,53
2024-09-13,SKU069,54
2024-09-14,SKU069,75
2024-09-15,SKU069,76
2024-09-16,SKU069,67
2024-09-17,SKU069,61
2024-09-18,SKU069,61
2024-09-19,SKU069,54
2024-09-20,SKU069,61
2024-09-21,SKU069,64
2024-09-22,SKU069,77
2024-09-23,SKU069,76
2024-09-24,SKU069,75
2024-09-25,SKU069,63
2024-09-26,SKU069,47
2024-09-27,SKU069,50
2024-09-28,SKU069,64
2024-09-29,SKU069,72
2024-09-30,SKU069,85
2024-10-01,SKU069,68
2024-10-02,SKU069,43
2024-10-03,SKU069,38
2024-10-04,SKU069,49
2024-10-05,SKU069,68
2024-10-06,SKU069,64
2024-10-07,SKU069,79
2024-10-08,SKU069,59
2024-10-09,SKU069,57
2024-10-10,SKU069,53
2024-10-11,SKU069,41
2024-10-12,SKU069,65
2024-10-13,SKU069,85
2024-10-14,SKU069,71
2024-10-15,SKU069,67
2024-10-16,SKU069,58
2024-10-17,SKU069,50
2024-10-18,SKU069,52
2024-10-19,SKU069,61
2024-10-20,SKU069,56
2024-10-21,SKU069,77
2024-10-22,SKU069,56
2024-10-23,SKU069,59
2024-10-24,SKU069,56
2024-10-25,SKU069,55
2024-10-26,SKU069,53
2024-10-27,SKU069,73
2024-10-28,SKU069,71
2024-10-29,SKU069,61
2024-10-30,SKU069,75
2024-10-31,SKU069,41
2024-11-01,SKU069,56
2024-11-02,SKU069,75
2024-11-03,SKU069,74
2024-11-04,SKU069,67
2024-11-05,SKU069,61
2024-11-06,SKU069,43
2024-11-07,SKU069,50
2024-11-08,SKU069,53
2024-11-09,SKU069,59
2024-11-10,SKU069,84
2024-11-11,SKU069,73
2024-11-12,SKU069,52
2024-11-13,SKU069,70
2024-11-14,SKU069,39
2024-11-15,SKU069,56
2024-11-16,SKU069,67
2024-11-17,SKU069,70
2024-11-18,SKU069,82
2024-11-19,SKU069,67
2024-11-20,SKU069,53
2024-11-21,SKU069,30
2024-11-22,SKU069,36
2024-11-23,SKU069,87
2024-11-24,SKU069,78
2024-11-25,SKU069,85
2024-11-26,SKU069,90
2024-11-27,SKU069,53
2024-11-28,SKU069,48
2024-11-29,SKU069,37
2024-11-30,SKU069,59
2024-12-01,SKU069,68
2024-12-02,SKU069,70
2024-12-03,SKU069,76
2024-12-04,SKU069,63
2024-12-05,SKU069,58
2024-12-06,SKU069,41
2024-12-07,SKU069,62
2024-12-08,SKU069,74
2024-12-09,SKU069,90
2024-12-10,SKU069,68
2024-12-11,SKU069,55
2024-12-12,SKU069,59
2024-12-13,SKU069,50
2024-12-14,SKU069,66
2024-12-15,SKU069,75
2024-12-16,SKU069,69
2024-12-17,SKU069,60
2024-12-18,SKU069,55
2024-12-19,SKU069,45
2024-12-20,SKU069,38
2024-12-21,SKU069,68
2024-12-22,SKU069,76
2024-12-23,SKU069,66
2024-12-24,SKU069,59
2024-12-25,SKU069,60
2024-12-26,SKU069,65
2024-12-27,SKU069,61
2024-12-28,SKU069,72
2024-12-29,SKU069,68
2024-12-30,SKU069,77
2024-12-31,SKU069,65
2025-01-01,SKU069,49
2025-01-02,SKU069,51
2025-01-03,SKU069,44
2025-01-04,SKU069,54
2025-01-05,SKU069,66
2025-01-06,SKU069,70
2025-01-07,SKU069,66
2025-01-08,SKU069,37
2025-01-09,SKU069,41
2025-01-10,SKU069,66
2025-01-11,SKU069,61
2025-01-12,SKU069,76
2025-01-13,SKU069,77
2025-01-14,SKU069,65
2025-01-15,SKU069,48
2025-01-16,SKU069,44
2025-01-17,SKU069,69
2025-01-18,SKU069,56
2025-01-19,SKU069,86
2025-01-20,SKU069,69
2025-01-21,SKU069,63
2025-01-22,SKU069,56
2025-01-23,SKU069,47
2025-01-24,SKU069,43
2025-01-25,SKU069,61
2025-01-26,SKU069,57
2025-01-27,SKU069,76
2025-01-28,SKU069,68
2025-01-29,SKU069,62
2025-01-30,SKU069,45
2025-01-31,SKU069,58
2025-02-01,SKU069,65
2025-02-02,SKU069,72
2025-02-03,SKU069,91
2025-02-04,SKU069,71
2025-02-05,SKU069,51
2025-02-06,SKU069,63
2025-02-07,SKU069,56
2025-02-08,SKU069,77
2025-02-09,SKU069,54
2025-02-10,SKU069,70
2025-02-11,SKU069,64
2025-02-12,SKU069,38
2025-02-13,SKU069,51
2025-02-14,SKU069,48
2025-02-15,SKU069,43
2025-02-16,SKU069,64
2025-02-17,SKU069,86
2025-02-18,SKU069,75
2025-02-19,SKU069,49
2025-02-20,SKU069,42
2025-02-21,SKU069,59
2025-02-22,SKU069,43
2025-02-23,SKU069,76
2025-02-24,SKU069,56
2025-02-25,SKU069,81
2025-02-26,SKU069,62
2025-02-27,SKU069,32
2025-02-28,SKU069,48
2025-03-01,SKU069,64
2025-03-02,SKU069,52
2025-03-03,SKU069,72
2025-03-04,SKU069,71
2025-03-05,SKU069,37
2025-03-06,SKU069,56
2025-03-07,SKU069,50
2025-03-08,SKU069,69
2025-03-09,SKU069,68
2025-03-10,SKU069,63
2025-03-11,SKU069,56
2025-03-12,SKU069,53
2025-03-13,SKU069,47
2025-03-14,SKU069,61
2025-03-15,SKU069,58
2025-03-16,SKU069,56
2025-03-17,SKU069,69
2025-03-18,SKU069,52
2025-03-19,SKU069,59
2025-03-20,SKU069,54
2025-03-21,SKU069,58
2025-03-22,SKU069,58
2025-03-23,SKU069,64
2025-03-24,SKU069,68
2025-03-25,SKU069,65
2025-03-26,SKU069,51
2025-03-27,SKU069,64
2025-03-28,SKU069,48
2025-03-29,SKU069,60
2025-03-30,SKU069,64
2025-03-31,SKU069,66
2025-04-01,SKU069,55
2025-04-02,SKU069,46
2025-04-03,SKU069,66
2025-04-04,SKU069,56
2025-04-05,SKU069,58
2025-04-06,SKU069,65
2025-04-07,SKU069,84
2025-04-08,SKU069,59
2025-04-09,SKU069,40
2025-04-10,SKU069,53
2025-04-11,SKU069,43
2025-04-12,SKU069,49
2025-04-13,SKU069,61
2025-04-14,SKU069,77
2025-04-15,SKU069,65
2025-04-16,SKU069,47
2025-04-17,SKU069,53
2025-04-18,SKU069,44
2025-04-19,SKU069,46
2025-04-20,SKU069,59
2025-04-21,SKU069,73
2025-04-22,SKU069,59
2025-04-23,SKU069,57
2025-04-24,SKU069,59
2025-04-25,SKU069,46
2025-04-26,SKU069,85
2025-04-27,SKU069,73
2025-04-28,SKU069,71
2025-04-29,SKU069,54
2025-04-30,SKU069,53
2025-05-01,SKU069,47
2025-05-02,SKU069,58
2025-05-03,SKU069,56
2025-05-04,SKU069,74
2025-05-05,SKU069,73
2025-05-06,SKU069,75
2025-05-07,SKU069,65
2025-05-08,SKU069,52
2025-05-09,SKU069,58
2025-05-10,SKU069,71
2025-05-11,SKU069,75
2025-05-12,SKU069,75
2025-05-13,SKU069,70
2025-05-14,SKU069,70
2025-05-15,SKU069,50
2025-05-16,SKU069,58
2025-05-17,SKU069,55
2025-05-18,SKU069,84
2025-05-19,SKU069,77
2025-05-20,SKU069,63
2025-05-21,SKU069,55
2025-05-22,SKU069,47
2025-05-23,SKU069,52
2025-05-24,SKU069,63
2025-05-25,SKU069,69
2025-05-26,SKU069,58
2025-05-27,SKU069,83
2025-05-28,SKU069,58
2025-05-29,SKU069,52
2025-05-30,SKU069,51
2025-05-31,SKU069,69
2025-06-01,SKU069,71
2025-06-02,SKU069,70
2025-06-03,SKU069,64
2025-06-04,SKU069,67
2025-06-05,SKU069,51
2025-06-06,SKU069,51
2025-06-07,SKU069,57
2025-06-08,SKU069,68
2025-06-09,SKU069,83
2025-06-10,SKU069,58
2025-06-11,SKU069,62
2025-06-12,SKU069,56
2025-06-13,SKU069,53
2025-06-14,SKU069,59
2025-06-15,SKU069,57
2025-06-16,SKU069,79
2025-06-17,SKU069,52
2025-06-18,SKU069,57
2025-06-19,SKU069,50
2025-06-20,SKU069,58
2025-06-21,SKU069,53
2025-06-22,SKU069,62
2025-06-23,SKU069,78
2025-06-24,SKU069,65
2025-06-25,SKU069,37
2025-06-26,SKU069,49
2025-06-27,SKU069,68
2025-06-28,SKU069,66
2025-06-29,SKU069,60
2025-06-30,SKU069,77
2025-07-01,SKU069,75
2025-07-02,SKU069,40
2025-07-03,SKU069,46
2025-07-04,SKU069,63
2025-07-05,SKU069,47
2024-06-01,SKU070,115
2024-06-02,SKU070,130
2024-06-03,SKU070,167
2024-06-04,SKU070,151
2024-06-05,SKU070,103
2024-06-06,SKU070,78
2024-06-07,SKU070,123
2024-06-08,SKU070,133
2024-06-09,SKU070,137
2024-06-10,SKU070,154
2024-06-11,SKU070,141
2024-06-12,SKU070,93
2024-06-13,SKU070,85
2024-06-14,SKU070,100
2024-06-15,SKU070,84
2024-06-16,SKU070,131
2024-06-17,SKU070,128
2024-06-18,SKU070,132
2024-06-19,SKU070,89
2024-06-20,SKU070,103
2024-06-21,SKU070,104
2024-06-22,SKU070,117
2024-06-23,SKU070,146
2024-06-24,SKU070,153
2024-06-25,SKU070,125
2024-06-26,SKU070,109
2024-06-27,SKU070,84
2024-06-28,SKU070,88
2024-06-29,SKU070,147
2024-06-30,SKU070,134
2024-07-01,SKU070,142
2024-07-02,SKU070,128
2024-07-03,SKU070,115
2024-07-04,SKU070,86
2024-07-05,SKU070,92
2024-07-06,SKU070,136
2024-07-07,SKU070,111
2024-07-08,SKU070,146
2024-07-09,SKU070,115
2024-07-10,SKU070,73
2024-07-11,SKU070,94
2024-07-12,SKU070,80
2024-07-13,SKU070,95
2024-07-14,SKU070,184
2024-07-15,SKU070,152
2024-07-16,SKU070,139
2024-07-17,SKU070,108
2024-07-18,SKU070,74
2024-07-19,SKU070,97
2024-07-20,SKU070,113
2024-07-21,SKU070,103
2024-07-22,SKU070,174
2024-07-23,SKU070,128
2024-07-24,SKU070,94
2024-07-25,SKU070,98
2024-07-26,SKU070,76
2024-07-27,SKU070,102
2024-07-28,SKU070,165
2024-07-29,SKU070,133
2024-07-30,SKU070,129
2024-07-31,SKU070,111
2024-08-01,SKU070,93
2024-08-02,SKU070,91
2024-08-03,SKU070,160
2024-08-04,SKU070,124
2024-08-05,SKU070,126
2024-08-06,SKU070,138
2024-08-07,SKU070,86
2024-08-08,SKU070,114
2024-08-09,SKU070,97
2024-08-10,SKU070,121
2024-08-11,SKU070,143
2024-08-12,SKU070,136
2024-08-13,SKU070,146
2024-08-14,SKU070,120
2024-08-15,SKU070,105
2024-08-16,SKU070,73
2024-08-17,SKU070,113
2024-08-18,SKU070,136
2024-08-19,SKU070,173
2024-08-20,SKU070,104
2024-08-21,SKU070,97
2024-08-22,SKU070,115
2024-08-23,SKU070,84
2024-08-24,SKU070,107
2024-08-25,SKU070,167
2024-08-26,SKU070,149
2024-08-27,SKU070,145
2024-08-28,SKU070,122
2024-08-29,SKU070,98
2024-08-30,SKU070,102
2024-08-31,SKU070,135
2024-09-01,SKU070,122
2024-09-02,SKU070,173
2024-09-03,SKU070,120
2024-09-04,SKU070,127
2024-09-05,SKU070,105
2024-09-06,SKU070,91
2024-09-07,SKU070,128
2024-09-08,SKU070,140
2024-09-09,SKU070,111
2024-09-10,SKU070,128
2024-09-11,SKU070,86
2024-09-12,SKU070,105
2024-09-13,SKU070,98
2024-09-14,SKU070,135
2024-09-15,SKU070,125
2024-09-16,SKU070,119
2024-09-17,SKU070,110
2024-09-18,SKU070,145
2024-09-19,SKU070,150
2024-09-20,SKU070,136
2024-09-21,SKU070,92
2024-09-22,SKU070,113
2024-09-23,SKU070,123
2024-09-24,SKU070,143
2024-09-25,SKU070,146
2024-09-26,SKU070,112
2024-09-27,SKU070,104
2024-09-28,SKU070,102
2024-09-29,SKU070,133
2024-09-30,SKU070,144
2024-10-01,SKU070,145
2024-10-02,SKU070,100
2024-10-03,SKU070,103
2024-10-04,SKU070,105
2024-10-05,SKU070,121
2024-10-06,SKU070,131
2024-10-07,SKU070,144
2024-10-08,SKU070,128
2024-10-09,SKU070,95
2024-10-10,SKU070,112
2024-10-11,SKU070,129
2024-10-12,SKU070,122
2024-10-13,SKU070,137
2024-10-14,SKU070,156
2024-10-15,SKU070,133
2024-10-16,SKU070,129
2024-10-17,SKU070,98
2024-10-18,SKU070,111
2024-10-19,SKU070,150
2024-10-20,SKU070,160
2024-10-21,SKU070,139
2024-10-22,SKU070,149
2024-10-23,SKU070,90
2024-10-24,SKU070,92
2024-10-25,SKU070,115
2024-10-26,SKU070,146
2024-10-27,SKU070,124
2024-10-28,SKU070,142
2024-10-29,SKU070,129
2024-10-30,SKU070,107
2024-10-31,SKU070,74
2024-11-01,SKU070,109
2024-11-02,SKU070,96
2024-11-03,SKU070,158
2024-11-04,SKU070,166
2024-11-05,SKU070,118
2024-11-06,SKU070,86
2024-11-07,SKU070,95
2024-11-08,SKU070,91
2024-11-09,SKU070,115
2024-11-10,SKU070,139
2024-11-11,SKU070,126
2024-11-12,SKU070,159
2024-11-13,SKU070,97
2024-11-14,SKU070,112
2024-11-15,SKU070,85
2024-11-16,SKU070,120
2024-11-17,SKU070,146
2024-11-18,SKU070,145
2024-11-19,SKU070,125
2024-11-20,SKU070,100
2024-11-21,SKU070,89
2024-11-22,SKU070,88
2024-11-23,SKU070,125
2024-11-24,SKU070,170
2024-11-25,SKU070,149
2024-11-26,SKU070,140
2024-11-27,SKU070,128
2024-11-28,SKU070,88
2024-11-29,SKU070,68
2024-11-30,SKU070,119
2024-12-01,SKU070,153
2024-12-02,SKU070,178
2024-12-03,SKU070,112
2024-12-04,SKU070,128
2024-12-05,SKU070,100
2024-12-06,SKU070,93
2024-12-07,SKU070,100
2024-12-08,SKU070,127
2024-12-09,SKU070,152
2024-12-10,SKU070,151
2024-12-11,SKU070,60
2024-12-12,SKU070,105
2024-12-13,SKU070,90
2024-12-14,SKU070,110
2024-12-15,SKU070,145
2024-12-16,SKU070,176
2024-12-17,SKU070,117
2024-12-18,SKU070,107
2024-12-19,SKU070,68
2024-12-20,SKU070,108
2024-12-21,SKU070,107
2024-12-22,SKU070,166
2024-12-23,SKU070,149
2024-12-24,SKU070,124
2024-12-25,SKU070,104
2024-12-26,SKU070,102
2024-12-27,SKU070,113
2024-12-28,SKU070,98
2024-12-29,SKU070,135
2024-12-30,SKU070,142
2024-12-31,SKU070,133
2025-01-01,SKU070,132
2025-01-02,SKU070,70
2025-01-03,SKU070,117
2025-01-04,SKU070,126
2025-01-05,SKU070,129
2025-01-06,SKU070,157
2025-01-07,SKU070,122
2025-01-08,SKU070,76
2025-01-09,SKU070,35
2025-01-10,SKU070,79
2025-01-11,SKU070,109
2025-01-12,SKU070,141
2025-01-13,SKU070,153
2025-01-14,SKU070,125
2025-01-15,SKU070,84
2025-01-16,SKU070,89
2025-01-17,SKU070,96
2025-01-18,SKU070,150
2025-01-19,SKU070,148
2025-01-20,SKU070,113
2025-01-21,SKU070,124
2025-01-22,SKU070,121
2025-01-23,SKU070,96
2025-01-24,SKU070,71
2025-01-25,SKU070,134
2025-01-26,SKU070,144
2025-01-27,SKU070,139
2025-01-28,SKU070,115
2025-01-29,SKU070,127
2025-01-30,SKU070,63
2025-01-31,SKU070,73
2025-02-01,SKU070,106
2025-02-02,SKU070,143
2025-02-03,SKU070,118
2025-02-04,SKU070,120
2025-02-05,SKU070,103
2025-02-06,SKU070,102
2025-02-07,SKU070,95
2025-02-08,SKU070,114
2025-02-09,SKU070,125
2025-02-10,SKU070,162
2025-02-11,SKU070,141
2025-02-12,SKU070,120
2025-02-13,SKU070,82
2025-02-14,SKU070,91
2025-02-15,SKU070,128
2025-02-16,SKU070,127
2025-02-17,SKU070,126
2025-02-18,SKU070,134
2025-02-19,SKU070,85
2025-02-20,SKU070,92
2025-02-21,SKU070,116
2025-02-22,SKU070,122
2025-02-23,SKU070,119
2025-02-24,SKU070,151
2025-02-25,SKU070,119
2025-02-26,SKU070,124
2025-02-27,SKU070,105
2025-02-28,SKU070,94
2025-03-01,SKU070,106
2025-03-02,SKU070,122
2025-03-03,SKU070,188
2025-03-04,SKU070,88
2025-03-05,SKU070,77
2025-03-06,SKU070,115
2025-03-07,SKU070,116
2025-03-08,SKU070,125
2025-03-09,SKU070,102
2025-03-10,SKU070,152
2025-03-11,SKU070,112
2025-03-12,SKU070,107
2025-03-13,SKU070,103
2025-03-14,SKU070,109
2025-03-15,SKU070,107
2025-03-16,SKU070,161
2025-03-17,SKU070,157
2025-03-18,SKU070,112
2025-03-19,SKU070,100
2025-03-20,SKU070,82
2025-03-21,SKU070,99
2025-03-22,SKU070,130
2025-03-23,SKU070,105
2025-03-24,SKU070,107
2025-03-25,SKU070,114
2025-03-26,SKU070,133
2025-03-27,SKU070,100
2025-03-28,SKU070,129
2025-03-29,SKU070,116
2025-03-30,SKU070,123
2025-03-31,SKU070,112
2025-04-01,SKU070,115
2025-04-02,SKU070,98
2025-04-03,SKU070,53
2025-04-04,SKU070,85
2025-04-05,SKU070,104
2025-04-06,SKU070,138
2025-04-07,SKU070,141
2025-04-08,SKU070,135
2025-04-09,SKU070,80
2025-04-10,SKU070,76
2025-04-11,SKU070,117
2025-04-12,SKU070,114
2025-04-13,SKU070,153
2025-04-14,SKU070,140
2025-04-15,SKU070,133
2025-04-16,SKU070,118
2025-04-17,SKU070,86
2025-04-18,SKU070,88
2025-04-19,SKU070,107
2025-04-20,SKU070,136
2025-04-21,SKU070,152
2025-04-22,SKU070,122
2025-04-23,SKU070,129
2025-04-24,SKU070,127
2025-04-25,SKU070,85
2025-04-26,SKU070,140
2025-04-27,SKU070,137
2025-04-28,SKU070,149
2025-04-29,SKU070,127
2025-04-30,SKU070,130
2025-05-01,SKU070,102
2025-05-02,SKU070,94
2025-05-03,SKU070,112
2025-05-04,SKU070,116
2025-05-05,SKU070,132
2025-05-06,SKU070,151
2025-05-07,SKU070,128
2025-05-08,SKU070,84
2025-05-09,SKU070,81
2025-05-10,SKU070,136
2025-05-11,SKU070,145
2025-05-12,SKU070,107
2025-05-13,SKU070,181
2025-05-14,SKU070,109
2025-05-15,SKU070,126
2025-05-16,SKU070,104
2025-05-17,SKU070,100
2025-05-18,SKU070,141
2025-05-19,SKU070,116
2025-05-20,SKU070,127
2025-05-21,SKU070,89
2025-05-22,SKU070,92
2025-05-23,SKU070,105
2025-05-24,SKU070,124
2025-05-25,SKU070,112
2025-05-26,SKU070,131
2025-05-27,SKU070,94
2025-05-28,SKU070,120
2025-05-29,SKU070,99
2025-05-30,SKU070,79
2025-05-31,SKU070,144
2025-06-01,SKU070,146
2025-06-02,SKU070,140
2025-06-03,SKU070,121
2025-06-04,SKU070,97
2025-06-05,SKU070,82
2025-06-06,SKU070,121
2025-06-07,SKU070,124
2025-06-08,SKU070,119
2025-06-09,SKU070,165
2025-06-10,SKU070,128
2025-06-11,SKU070,92
2025-06-12,SKU070,131
2025-06-13,SKU070,81
2025-06-14,SKU070,104
2025-06-15,SKU070,138
2025-06-16,SKU070,148
2025-06-17,SKU070,116
2025-06-18,SKU070,69
2025-06-19,SKU070,96
2025-06-20,SKU070,82
2025-06-21,SKU070,113
2025-06-22,SKU070,123
2025-06-23,SKU070,123
2025-06-24,SKU070,125
2025-06-25,SKU070,97
2025-06-26,SKU070,81
2025-06-27,SKU070,118
2025-06-28,SKU070,101
2025-06-29,SKU070,133
2025-06-30,SKU070,142
2025-07-01,SKU070,99
2025-07-02,SKU070,89
2025-07-03,SKU070,95
2025-07-04,SKU070,99
2025-07-05,SKU070,105
2024-06-01,SKU071,157
2024-06-02,SKU071,189
2024-06-03,SKU071,203
2024-06-04,SKU071,188
2024-06-05,SKU071,173
2024-06-06,SKU071,130
2024-06-07,SKU071,100
2024-06-08,SKU071,151
2024-06-09,SKU071,153
2024-06-10,SKU071,209
2024-06-11,SKU071,204
2024-06-12,SKU071,144
2024-06-13,SKU071,155
2024-06-14,SKU071,159
2024-06-15,SKU071,165
2024-06-16,SKU071,195
2024-06-17,SKU071,211
2024-06-18,SKU071,139
2024-06-19,SKU071,150
2024-06-20,SKU071,140
2024-06-21,SKU071,99
2024-06-22,SKU071,203
2024-06-23,SKU071,209
2024-06-24,SKU071,215
2024-06-25,SKU071,181
2024-06-26,SKU071,122
2024-06-27,SKU071,97
2024-06-28,SKU071,131
2024-06-29,SKU071,175
2024-06-30,SKU071,196
2024-07-01,SKU071,229
2024-07-02,SKU071,164
2024-07-03,SKU071,136
2024-07-04,SKU071,127
2024-07-05,SKU071,106
2024-07-06,SKU071,194
2024-07-07,SKU071,177
2024-07-08,SKU071,195
2024-07-09,SKU071,191
2024-07-10,SKU071,126
2024-07-11,SKU071,134
2024-07-12,SKU071,133
2024-07-13,SKU071,181
2024-07-14,SKU071,183
2024-07-15,SKU071,121
2024-07-16,SKU071,150
2024-07-17,SKU071,109
2024-07-18,SKU071,173
2024-07-19,SKU071,167
2024-07-20,SKU071,107
2024-07-21,SKU071,159
2024-07-22,SKU071,156
2024-07-23,SKU071,177
2024-07-24,SKU071,122
2024-07-25,SKU071,121
2024-07-26,SKU071,101
2024-07-27,SKU071,168
2024-07-28,SKU071,143
2024-07-29,SKU071,248
2024-07-30,SKU071,207
2024-07-31,SKU071,203
2024-08-01,SKU071,142
2024-08-02,SKU071,170
2024-08-03,SKU071,179
2024-08-04,SKU071,159
2024-08-05,SKU071,180
2024-08-06,SKU071,182
2024-08-07,SKU071,172
2024-08-08,SKU071,127
2024-08-09,SKU071,146
2024-08-10,SKU071,150
2024-08-11,SKU071,173
2024-08-12,SKU071,154
2024-08-13,SKU071,182
2024-08-14,SKU071,133
2024-08-15,SKU071,97
2024-08-16,SKU071,119
2024-08-17,SKU071,165
2024-08-18,SKU071,199
2024-08-19,SKU071,184
2024-08-20,SKU071,197
2024-08-21,SKU071,180
2024-08-22,SKU071,120
2024-08-23,SKU071,156
2024-08-24,SKU071,142
2024-08-25,SKU071,152
2024-08-26,SKU071,166
2024-08-27,SKU071,151
2024-08-28,SKU071,134
2024-08-29,SKU071,174
2024-08-30,SKU071,121
2024-08-31,SKU071,149
2024-09-01,SKU071,186
2024-09-02,SKU071,158
2024-09-03,SKU071,175
2024-09-04,SKU071,160
2024-09-05,SKU071,162
2024-09-06,SKU071,164
2024-09-07,SKU071,167
2024-09-08,SKU071,177
2024-09-09,SKU071,185
2024-09-10,SKU071,181
2024-09-11,SKU071,143
2024-09-12,SKU071,125
2024-09-13,SKU071,111
2024-09-14,SKU071,174
2024-09-15,SKU071,190
2024-09-16,SKU071,171
2024-09-17,SKU071,207
2024-09-18,SKU071,149
2024-09-19,SKU071,93
2024-09-20,SKU071,156
2024-09-21,SKU071,142
2024-09-22,SKU071,173
2024-09-23,SKU071,184
2024-09-24,SKU071,192
2024-09-25,SKU071,143
2024-09-26,SKU071,142
2024-09-27,SKU071,96
2024-09-28,SKU071,132
2024-09-29,SKU071,183
2024-09-30,SKU071,172
2024-10-01,SKU071,167
2024-10-02,SKU071,162
2024-10-03,SKU071,108
2024-10-04,SKU071,116
2024-10-05,SKU071,161
2024-10-06,SKU071,132
2024-10-07,SKU071,213
2024-10-08,SKU071,175
2024-10-09,SKU071,146
2024-10-10,SKU071,114
2024-10-11,SKU071,150
2024-10-12,SKU071,154
2024-10-13,SKU071,212
2024-10-14,SKU071,148
2024-10-15,SKU071,173
2024-10-16,SKU071,145
2024-10-17,SKU071,135
2024-10-18,SKU071,167
2024-10-19,SKU071,126
2024-10-20,SKU071,150
2024-10-21,SKU071,180
2024-10-22,SKU071,127
2024-10-23,SKU071,199
2024-10-24,SKU071,149
2024-10-25,SKU071,146
2024-10-26,SKU071,177
2024-10-27,SKU071,213
2024-10-28,SKU071,174
2024-10-29,SKU071,163
2024-10-30,SKU071,152
2024-10-31,SKU071,115
2024-11-01,SKU071,111
2024-11-02,SKU071,145
2024-11-03,SKU071,192
2024-11-04,SKU071,210
2024-11-05,SKU071,142
2024-11-06,SKU071,140
2024-11-07,SKU071,126
2024-11-08,SKU071,100
2024-11-09,SKU071,169
2024-11-10,SKU071,180
2024-11-11,SKU071,167
2024-11-12,SKU071,160
2024-11-13,SKU071,157
2024-11-14,SKU071,150
2024-11-15,SKU071,141
2024-11-16,SKU071,203
2024-11-17,SKU071,209
2024-11-18,SKU071,202
2024-11-19,SKU071,155
2024-11-20,SKU071,171
2024-11-21,SKU071,109
2024-11-22,SKU071,151
2024-11-23,SKU071,100
2024-11-24,SKU071,171
2024-11-25,SKU071,156
2024-11-26,SKU071,165
2024-11-27,SKU071,108
2024-11-28,SKU071,128
2024-11-29,SKU071,144
2024-11-30,SKU071,143
2024-12-01,SKU071,175
2024-12-02,SKU071,194
2024-12-03,SKU071,171
2024-12-04,SKU071,176
2024-12-05,SKU071,111
2024-12-06,SKU071,146
2024-12-07,SKU071,164
2024-12-08,SKU071,145
2024-12-09,SKU071,191
2024-12-10,SKU071,170
2024-12-11,SKU071,133
2024-12-12,SKU071,169
2024-12-13,SKU071,164
2024-12-14,SKU071,140
2024-12-15,SKU071,198
2024-12-16,SKU071,206
2024-12-17,SKU071,175
2024-12-18,SKU071,118
2024-12-19,SKU071,105
2024-12-20,SKU071,146
2024-12-21,SKU071,170
2024-12-22,SKU071,176
2024-12-23,SKU071,220
2024-12-24,SKU071,207
2024-12-25,SKU071,179
2024-12-26,SKU071,162
2024-12-27,SKU071,133
2024-12-28,SKU071,126
2024-12-29,SKU071,175
2024-12-30,SKU071,186
2024-12-31,SKU071,157
2025-01-01,SKU071,135
2025-01-02,SKU071,100
2025-01-03,SKU071,150
2025-01-04,SKU071,197
2025-01-05,SKU071,239
2025-01-06,SKU071,195
2025-01-07,SKU071,168
2025-01-08,SKU071,143
2025-01-09,SKU071,159
2025-01-10,SKU071,165
2025-01-11,SKU071,152
2025-01-12,SKU071,211
2025-01-13,SKU071,193
2025-01-14,SKU071,154
2025-01-15,SKU071,141
2025-01-16,SKU071,168
2025-01-17,SKU071,150
2025-01-18,SKU071,146
2025-01-19,SKU071,205
2025-01-20,SKU071,206
2025-01-21,SKU071,164
2025-01-22,SKU071,127
2025-01-23,SKU071,101
2025-01-24,SKU071,94
2025-01-25,SKU071,142
2025-01-26,SKU071,178
2025-01-27,SKU071,219
2025-01-28,SKU071,191
2025-01-29,SKU071,149
2025-01-30,SKU071,83
2025-01-31,SKU071,140
2025-02-01,SKU071,119
2025-02-02,SKU071,203
2025-02-03,SKU071,210
2025-02-04,SKU071,173
2025-02-05,SKU071,164
2025-02-06,SKU071,151
2025-02-07,SKU071,136
2025-02-08,SKU071,155
2025-02-09,SKU071,151
2025-02-10,SKU071,180
2025-02-11,SKU071,148
2025-02-12,SKU071,120
2025-02-13,SKU071,110
2025-02-14,SKU071,87
2025-02-15,SKU071,181
2025-02-16,SKU071,188
2025-02-17,SKU071,216
2025-02-18,SKU071,191
2025-02-19,SKU071,156
2025-02-20,SKU071,146
2025-02-21,SKU071,137
2025-02-22,SKU071,189
2025-02-23,SKU071,171
2025-02-24,SKU071,188
2025-02-25,SKU071,165
2025-02-26,SKU071,192
2025-02-27,SKU071,112
2025-02-28,SKU071,164
2025-03-01,SKU071,126
2025-03-02,SKU071,185
2025-03-03,SKU071,185
2025-03-04,SKU071,148
2025-03-05,SKU071,129
2025-03-06,SKU071,139
2025-03-07,SKU071,125
2025-03-08,SKU071,135
2025-03-09,SKU071,204
2025-03-10,SKU071,188
2025-03-11,SKU071,180
2025-03-12,SKU071,170
2025-03-13,SKU071,164
2025-03-14,SKU071,79
2025-03-15,SKU071,155
2025-03-16,SKU071,143
2025-03-17,SKU071,253
2025-03-18,SKU071,175
2025-03-19,SKU071,167
2025-03-20,SKU071,112
2025-03-21,SKU071,125
2025-03-22,SKU071,184
2025-03-23,SKU071,195
2025-03-24,SKU071,229
2025-03-25,SKU071,152
2025-03-26,SKU071,139
2025-03-27,SKU071,139
2025-03-28,SKU071,149
2025-03-29,SKU071,168
2025-03-30,SKU071,151
2025-03-31,SKU071,166
2025-04-01,SKU071,180
2025-04-02,SKU071,108
2025-04-03,SKU071,106
2025-04-04,SKU071,134
2025-04-05,SKU071,140
2025-04-06,SKU071,188
2025-04-07,SKU071,187
2025-04-08,SKU071,153
2025-04-09,SKU071,126
2025-04-10,SKU071,157
2025-04-11,SKU071,142
2025-04-12,SKU071,164
2025-04-13,SKU071,184
2025-04-14,SKU071,167
2025-04-15,SKU071,158
2025-04-16,SKU071,87
2025-04-17,SKU071,112
2025-04-18,SKU071,119
2025-04-19,SKU071,171
2025-04-20,SKU071,168
2025-04-21,SKU071,207
2025-04-22,SKU071,166
2025-04-23,SKU071,148
2025-04-24,SKU071,126
2025-04-25,SKU071,150
2025-04-26,SKU071,187
2025-04-27,SKU071,159
2025-04-28,SKU071,231
2025-04-29,SKU071,151
2025-04-30,SKU071,140
2025-05-01,SKU071,115
2025-05-02,SKU071,169
2025-05-03,SKU071,133
2025-05-04,SKU071,200
2025-05-05,SKU071,136
2025-05-06,SKU071,191
2025-05-07,SKU071,140
2025-05-08,SKU071,118
2025-05-09,SKU071,117
2025-05-10,SKU071,156
2025-05-11,SKU071,174
2025-05-12,SKU071,153
2025-05-13,SKU071,153
2025-05-14,SKU071,163
2025-05-15,SKU071,118
2025-05-16,SKU071,115
2025-05-17,SKU071,159
2025-05-18,SKU071,194
2025-05-19,SKU071,204
2025-05-20,SKU071,180
2025-05-21,SKU071,173
2025-05-22,SKU071,128
2025-05-23,SKU071,128
2025-05-24,SKU071,179
2025-05-25,SKU071,166
2025-05-26,SKU071,179
2025-05-27,SKU071,134
2025-05-28,SKU071,187
2025-05-29,SKU071,177
2025-05-30,SKU071,129
2025-05-31,SKU071,176
2025-06-01,SKU071,199
2025-06-02,SKU071,193
2025-06-03,SKU071,201
2025-06-04,SKU071,114
2025-06-05,SKU071,123
2025-06-06,SKU071,84
2025-06-07,SKU071,134
2025-06-08,SKU071,144
2025-06-09,SKU071,145
2025-06-10,SKU071,160
2025-06-11,SKU071,153
2025-06-12,SKU071,111
2025-06-13,SKU071,120
2025-06-14,SKU071,141
2025-06-15,SKU071,186
2025-06-16,SKU071,174
2025-06-17,SKU071,148
2025-06-18,SKU071,166
2025-06-19,SKU071,107
2025-06-20,SKU071,103
2025-06-21,SKU071,176
2025-06-22,SKU071,143
2025-06-23,SKU071,218
2025-06-24,SKU071,147
2025-06-25,SKU071,146
2025-06-26,SKU071,104
2025-06-27,SKU071,134
2025-06-28,SKU071,146
2025-06-29,SKU071,159
2025-06-30,SKU071,151
2025-07-01,SKU071,159
2025-07-02,SKU071,156
2025-07-03,SKU071,143
2025-07-04,SKU071,116
2025-07-05,SKU071,141
2024-06-01,SKU072,24
2024-06-02,SKU072,28
2024-06-03,SKU072,27
2024-06-04,SKU072,25
2024-06-05,SKU072,21
2024-06-06,SKU072,11
2024-06-07,SKU072,19
2024-06-08,SKU072,27
2024-06-09,SKU072,33
2024-06-10,SKU072,33
2024-06-11,SKU072,26
2024-06-12,SKU072,18
2024-06-13,SKU072,17
2024-06-14,SKU072,18
2024-06-15,SKU072,19
2024-06-16,SKU072,24
2024-06-17,SKU072,26
2024-06-18,SKU072,21
2024-06-19,SKU072,25
2024-06-20,SKU072,22
2024-06-21,SKU072,20
2024-06-22,SKU072,25
2024-06-23,SKU072,29
2024-06-24,SKU072,26
2024-06-25,SKU072,33
2024-06-26,SKU072,19
2024-06-27,SKU072,13
2024-06-28,SKU072,21
2024-06-29,SKU072,26
2024-06-30,SKU072,27
2024-07-01,SKU072,33
2024-07-02,SKU072,27
2024-07-03,SKU072,19
2024-07-04,SKU072,17
2024-07-05,SKU072,21
2024-07-06,SKU072,24
2024-07-07,SKU072,32
2024-07-08,SKU072,32
2024-07-09,SKU072,20
2024-07-10,SKU072,21
2024-07-11,SKU072,15
2024-07-12,SKU072,25
2024-07-13,SKU072,20
2024-07-14,SKU072,28
2024-07-15,SKU072,26
2024-07-16,SKU072,19
2024-07-17,SKU072,17
2024-07-18,SKU072,18
2024-07-19,SKU072,22
2024-07-20,SKU072,26
2024-07-21,SKU072,23
2024-07-22,SKU072,30
2024-07-23,SKU072,30
2024-07-24,SKU072,24
2024-07-25,SKU072,18
2024-07-26,SKU072,20
2024-07-27,SKU072,25
2024-07-28,SKU072,33
2024-07-29,SKU072,35
2024-07-30,SKU072,28
2024-07-31,SKU072,22
2024-08-01,SKU072,19
2024-08-02,SKU072,21
2024-08-03,SKU072,25
2024-08-04,SKU072,26
2024-08-05,SKU072,36
2024-08-06,SKU072,23
2024-08-07,SKU072,27
2024-08-08,SKU072,11
2024-08-09,SKU072,19
2024-08-10,SKU072,23
2024-08-11,SKU072,29
2024-08-12,SKU072,27
2024-08-13,SKU072,31
2024-08-14,SKU072,21
2024-08-15,SKU072,16
2024-08-16,SKU072,17
2024-08-17,SKU072,22
2024-08-18,SKU072,30
2024-08-19,SKU072,32
2024-08-20,SKU072,22
2024-08-21,SKU072,19
2024-08-22,SKU072,15
2024-08-23,SKU072,19
2024-08-24,SKU072,27
2024-08-25,SKU072,28
2024-08-26,SKU072,31
2024-08-27,SKU072,29
2024-08-28,SKU072,20
2024-08-29,SKU072,15
2024-08-30,SKU072,18
2024-08-31,SKU072,27
2024-09-01,SKU072,30
2024-09-02,SKU072,29
2024-09-03,SKU072,29
2024-09-04,SKU072,22
2024-09-05,SKU072,18
2024-09-06,SKU072,15
2024-09-07,SKU072,29
2024-09-08,SKU072,27
2024-09-09,SKU072,27
2024-09-10,SKU072,26
2024-09-11,SKU072,27
2024-09-12,SKU072,23
2024-09-13,SKU072,19
2024-09-14,SKU072,26
2024-09-15,SKU072,32
2024-09-16,SKU072,30
2024-09-17,SKU072,27
2024-09-18,SKU072,14
2024-09-19,SKU072,24
2024-09-20,SKU072,17
2024-09-21,SKU072,17
2024-09-22,SKU072,21
2024-09-23,SKU072,26
2024-09-24,SKU072,28
2024-09-25,SKU072,26
2024-09-26,SKU072,21
2024-09-27,SKU072,26
2024-09-28,SKU072,23
2024-09-29,SKU072,27
2024-09-30,SKU072,22
2024-10-01,SKU072,24
2024-10-02,SKU072,15
2024-10-03,SKU072,14
2024-10-04,SKU072,23
2024-10-05,SKU072,18
2024-10-06,SKU072,22
2024-10-07,SKU072,22
2024-10-08,SKU072,29
2024-10-09,SKU072,28
2024-10-10,SKU072,19
2024-10-11,SKU072,24
2024-10-12,SKU072,20
2024-10-13,SKU072,32
2024-10-14,SKU072,26
2024-10-15,SKU072,28
2024-10-16,SKU072,22
2024-10-17,SKU072,12
2024-10-18,SKU072,17
2024-10-19,SKU072,25
2024-10-20,SKU072,21
2024-10-21,SKU072,30
2024-10-22,SKU072,21
2024-10-23,SKU072,24
2024-10-24,SKU072,14
2024-10-25,SKU072,22
2024-10-26,SKU072,27
2024-10-27,SKU072,27
2024-10-28,SKU072,28
2024-10-29,SKU072,31
2024-10-30,SKU072,19
2024-10-31,SKU072,17
2024-11-01,SKU072,23
2024-11-02,SKU072,26
2024-11-03,SKU072,27
2024-11-04,SKU072,24
2024-11-05,SKU072,30
2024-11-06,SKU072,17
2024-11-07,SKU072,28
2024-11-08,SKU072,16
2024-11-09,SKU072,20
2024-11-10,SKU072,29
2024-11-11,SKU072,31
2024-11-12,SKU072,23
2024-11-13,SKU072,28
2024-11-14,SKU072,21
2024-11-15,SKU072,19
2024-11-16,SKU072,25
2024-11-17,SKU072,32
2024-11-18,SKU072,34
2024-11-19,SKU072,27
2024-11-20,SKU072,17
2024-11-21,SKU072,15
2024-11-22,SKU072,15
2024-11-23,SKU072,22
2024-11-24,SKU072,28
2024-11-25,SKU072,29
2024-11-26,SKU072,30
2024-11-27,SKU072,14
2024-11-28,SKU072,19
2024-11-29,SKU072,22
2024-11-30,SKU072,14
2024-12-01,SKU072,29
2024-12-02,SKU072,39
2024-12-03,SKU072,29
2024-12-04,SKU072,23
2024-12-05,SKU072,18
2024-12-06,SKU072,21
2024-12-07,SKU072,30
2024-12-08,SKU072,27
2024-12-09,SKU072,33
2024-12-10,SKU072,28
2024-12-11,SKU072,28
2024-12-12,SKU072,23
2024-12-13,SKU072,21
2024-12-14,SKU072,24
2024-12-15,SKU072,27
2024-12-16,SKU072,32
2024-12-17,SKU072,24
2024-12-18,SKU072,22
2024-12-19,SKU072,19
2024-12-20,SKU072,15
2024-12-21,SKU072,25
2024-12-22,SKU072,22
2024-12-23,SKU072,27
2024-12-24,SKU072,28
2024-12-25,SKU072,23
2024-12-26,SKU072,20
2024-12-27,SKU072,17
2024-12-28,SKU072,28
2024-12-29,SKU072,25
2024-12-30,SKU072,31
2024-12-31,SKU072,31
2025-01-01,SKU072,16
2025-01-02,SKU072,18
2025-01-03,SKU072,18
2025-01-04,SKU072,25
2025-01-05,SKU072,24
2025-01-06,SKU072,24
2025-01-07,SKU072,26
2025-01-08,SKU072,20
2025-01-09,SKU072,19
2025-01-10,SKU072,23
2025-01-11,SKU072,18
2025-01-12,SKU072,27
2025-01-13,SKU072,27
2025-01-14,SKU072,26
2025-01-15,SKU072,20
2025-01-16,SKU072,15
2025-01-17,SKU072,22
2025-01-18,SKU072,34
2025-01-19,SKU072,27
2025-01-20,SKU072,26
2025-01-21,SKU072,23
2025-01-22,SKU072,25
2025-01-23,SKU072,16
2025-01-24,SKU072,25
2025-01-25,SKU072,18
2025-01-26,SKU072,28
2025-01-27,SKU072,31
2025-01-28,SKU072,29
2025-01-29,SKU072,24
2025-01-30,SKU072,20
2025-01-31,SKU072,24
2025-02-01,SKU072,20
2025-02-02,SKU072,25
2025-02-03,SKU072,27
2025-02-04,SKU072,31
2025-02-05,SKU072,24
2025-02-06,SKU072,22
2025-02-07,SKU072,20
2025-02-08,SKU072,27
2025-02-09,SKU072,22
2025-02-10,SKU072,27
2025-02-11,SKU072,25
2025-02-12,SKU072,20
2025-02-13,SKU072,18
2025-02-14,SKU072,22
2025-02-15,SKU072,25
2025-02-16,SKU072,32
2025-02-17,SKU072,21
2025-02-18,SKU072,31
2025-02-19,SKU072,20
2025-02-20,SKU072,24
2025-02-21,SKU072,19
2025-02-22,SKU072,25
2025-02-23,SKU072,24
2025-02-24,SKU072,24
2025-02-25,SKU072,28
2025-02-26,SKU072,12
2025-02-27,SKU072,15
2025-02-28,SKU072,23
2025-03-01,SKU072,23
2025-03-02,SKU072,25
2025-03-03,SKU072,34
2025-03-04,SKU072,33
2025-03-05,SKU072,22
2025-03-06,SKU072,24
2025-03-07,SKU072,26
2025-03-08,SKU072,24
2025-03-09,SKU072,26
2025-03-10,SKU072,29
2025-03-11,SKU072,21
2025-03-12,SKU072,24
2025-03-13,SKU072,18
2025-03-14,SKU072,20
2025-03-15,SKU072,24
2025-03-16,SKU072,25
2025-03-17,SKU072,29
2025-03-18,SKU072,21
2025-03-19,SKU072,20
2025-03-20,SKU072,15
2025-03-21,SKU072,17
2025-03-22,SKU072,16
2025-03-23,SKU072,26
2025-03-24,SKU072,30
2025-03-25,SKU072,27
2025-03-26,SKU072,26
2025-03-27,SKU072,16
2025-03-28,SKU072,19
2025-03-29,SKU072,27
2025-03-30,SKU072,27
2025-03-31,SKU072,29
2025-04-01,SKU072,34
2025-04-02,SKU072,21
2025-04-03,SKU072,18
2025-04-04,SKU072,17
2025-04-05,SKU072,23
2025-04-06,SKU072,31
2025-04-07,SKU072,31
2025-04-08,SKU072,31
2025-04-09,SKU072,23
2025-04-10,SKU072,11
2025-04-11,SKU072,23
2025-04-12,SKU072,24
2025-04-13,SKU072,28
2025-04-14,SKU072,33
2025-04-15,SKU072,25
2025-04-16,SKU072,24
2025-04-17,SKU072,15
2025-04-18,SKU072,15
2025-04-19,SKU072,22
2025-04-20,SKU072,27
2025-04-21,SKU072,31
2025-04-22,SKU072,22
2025-04-23,SKU072,27
2025-04-24,SKU072,16
2025-04-25,SKU072,20
2025-04-26,SKU072,24
2025-04-27,SKU072,29
2025-04-28,SKU072,30
2025-04-29,SKU072,34
2025-04-30,SKU072,20
2025-05-01,SKU072,20
2025-05-02,SKU072,20
2025-05-03,SKU072,28
2025-05-04,SKU072,29
2025-05-05,SKU072,29
2025-05-06,SKU072,21
2025-05-07,SKU072,20
2025-05-08,SKU072,16
2025-05-09,SKU072,19
2025-05-10,SKU072,21
2025-05-11,SKU072,26
2025-05-12,SKU072,27
2025-05-13,SKU072,25
2025-05-14,SKU072,21
2025-05-15,SKU072,16
2025-05-16,SKU072,20
2025-05-17,SKU072,21
2025-05-18,SKU072,26
2025-05-19,SKU072,28
2025-05-20,SKU072,17
2025-05-21,SKU072,31
2025-05-22,SKU072,21
2025-05-23,SKU072,21
2025-05-24,SKU072,22
2025-05-25,SKU072,28
2025-05-26,SKU072,24
2025-05-27,SKU072,28
2025-05-28,SKU072,16
2025-05-29,SKU072,15
2025-05-30,SKU072,18
2025-05-31,SKU072,29
2025-06-01,SKU072,24
2025-06-02,SKU072,30
2025-06-03,SKU072,19
2025-06-04,SKU072,22
2025-06-05,SKU072,26
2025-06-06,SKU072,22
2025-06-07,SKU072,17
2025-06-08,SKU072,28
2025-06-09,SKU072,27
2025-06-10,SKU072,30
2025-06-11,SKU072,22
2025-06-12,SKU072,14
2025-06-13,SKU072,20
2025-06-14,SKU072,21
2025-06-15,SKU072,20
2025-06-16,SKU072,28
2025-06-17,SKU072,26
2025-06-18,SKU072,23
2025-06-19,SKU072,23
2025-06-20,SKU072,19
2025-06-21,SKU072,19
2025-06-22,SKU072,25
2025-06-23,SKU072,29
2025-06-24,SKU072,30
2025-06-25,SKU072,22
2025-06-26,SKU072,19
2025-06-27,SKU072,19
2025-06-28,SKU072,24
2025-06-29,SKU072,35
2025-06-30,SKU072,28
2025-07-01,SKU072,25
2025-07-02,SKU072,22
2025-07-03,SKU072,17
2025-07-04,SKU072,15
2025-07-05,SKU072,18
2024-06-01,SKU073,141
2024-06-02,SKU073,211
2024-06-03,SKU073,216
2024-06-04,SKU073,145
2024-06-05,SKU073,141
2024-06-06,SKU073,130
2024-06-07,SKU073,116
2024-06-08,SKU073,189
2024-06-09,SKU073,201
2024-06-10,SKU073,197
2024-06-11,SKU073,173
2024-06-12,SKU073,107
2024-06-13,SKU073,159
2024-06-14,SKU073,147
2024-06-15,SKU073,168
2024-06-16,SKU073,165
2024-06-17,SKU073,173
2024-06-18,SKU073,183
2024-06-19,SKU073,170
2024-06-20,SKU073,168
2024-06-21,SKU073,116
2024-06-22,SKU073,154
2024-06-23,SKU073,133
2024-06-24,SKU073,130
2024-06-25,SKU073,184
2024-06-26,SKU073,124
2024-06-27,SKU073,80
2024-06-28,SKU073,106
2024-06-29,SKU073,166
2024-06-30,SKU073,192
2024-07-01,SKU073,150
2024-07-02,SKU073,201
2024-07-03,SKU073,128
2024-07-04,SKU073,134
2024-07-05,SKU073,134
2024-07-06,SKU073,158
2024-07-07,SKU073,161
2024-07-08,SKU073,188
2024-07-09,SKU073,178
2024-07-10,SKU073,140
2024-07-11,SKU073,130
2024-07-12,SKU073,159
2024-07-13,SKU073,147
2024-07-14,SKU073,198
2024-07-15,SKU073,184
2024-07-16,SKU073,205
2024-07-17,SKU073,111
2024-07-18,SKU073,158
2024-07-19,SKU073,121
2024-07-20,SKU073,208
2024-07-21,SKU073,193
2024-07-22,SKU073,209
2024-07-23,SKU073,168
2024-07-24,SKU073,160
2024-07-25,SKU073,143
2024-07-26,SKU073,130
2024-07-27,SKU073,176
2024-07-28,SKU073,103
2024-07-29,SKU073,174
2024-07-30,SKU073,172
2024-07-31,SKU073,156
2024-08-01,SKU073,150
2024-08-02,SKU073,127
2024-08-03,SKU073,149
2024-08-04,SKU073,203
2024-08-05,SKU073,216
2024-08-06,SKU073,189
2024-08-07,SKU073,141
2024-08-08,SKU073,188
2024-08-09,SKU073,135
2024-08-10,SKU073,163
2024-08-11,SKU073,221
2024-08-12,SKU073,225
2024-08-13,SKU073,188
2024-08-14,SKU073,123
2024-08-15,SKU073,130
2024-08-16,SKU073,146
2024-08-17,SKU073,204
2024-08-18,SKU073,253
2024-08-19,SKU073,175
2024-08-20,SKU073,192
2024-08-21,SKU073,125
2024-08-22,SKU073,124
2024-08-23,SKU073,113
2024-08-24,SKU073,198
2024-08-25,SKU073,188
2024-08-26,SKU073,196
2024-08-27,SKU073,173
2024-08-28,SKU073,153
2024-08-29,SKU073,137
2024-08-30,SKU073,117
2024-08-31,SKU073,118
2024-09-01,SKU073,151
2024-09-02,SKU073,151
2024-09-03,SKU073,176
2024-09-04,SKU073,125
2024-09-05,SKU073,150
2024-09-06,SKU073,139
2024-09-07,SKU073,115
2024-09-08,SKU073,173
2024-09-09,SKU073,138
2024-09-10,SKU073,145
2024-09-11,SKU073,133
2024-09-12,SKU073,105
2024-09-13,SKU073,178
2024-09-14,SKU073,176
2024-09-15,SKU073,175
2024-09-16,SKU073,223
2024-09-17,SKU073,149
2024-09-18,SKU073,136
2024-09-19,SKU073,147
2024-09-20,SKU073,107
2024-09-21,SKU073,174
2024-09-22,SKU073,190
2024-09-23,SKU073,203
2024-09-24,SKU073,214
2024-09-25,SKU073,155
2024-09-26,SKU073,130
2024-09-27,SKU073,98
2024-09-28,SKU073,163
2024-09-29,SKU073,171
2024-09-30,SKU073,186
2024-10-01,SKU073,160
2024-10-02,SKU073,156
2024-10-03,SKU073,104
2024-10-04,SKU073,138
2024-10-05,SKU073,133
2024-10-06,SKU073,140
2024-10-07,SKU073,181
2024-10-08,SKU073,183
2024-10-09,SKU073,126
2024-10-10,SKU073,130
2024-10-11,SKU073,125
2024-10-12,SKU073,133
2024-10-13,SKU073,196
2024-10-14,SKU073,173
2024-10-15,SKU073,181
2024-10-16,SKU073,110
2024-10-17,SKU073,130
2024-10-18,SKU073,148
2024-10-19,SKU073,166
2024-10-20,SKU073,204
2024-10-21,SKU073,204
2024-10-22,SKU073,179
2024-10-23,SKU073,164
2024-10-24,SKU073,118
2024-10-25,SKU073,146
2024-10-26,SKU073,159
2024-10-27,SKU073,227
2024-10-28,SKU073,195
2024-10-29,SKU073,141
2024-10-30,SKU073,150
2024-10-31,SKU073,105
2024-11-01,SKU073,151
2024-11-02,SKU073,176
2024-11-03,SKU073,168
2024-11-04,SKU073,164
2024-11-05,SKU073,175
2024-11-06,SKU073,123
2024-11-07,SKU073,107
2024-11-08,SKU073,121
2024-11-09,SKU073,173
2024-11-10,SKU073,148
2024-11-11,SKU073,171
2024-11-12,SKU073,229
2024-11-13,SKU073,191
2024-11-14,SKU073,156
2024-11-15,SKU073,134
2024-11-16,SKU073,176
2024-11-17,SKU073,174
2024-11-18,SKU073,125
2024-11-19,SKU073,158
2024-11-20,SKU073,133
2024-11-21,SKU073,128
2024-11-22,SKU073,145
2024-11-23,SKU073,197
2024-11-24,SKU073,183
2024-11-25,SKU073,165
2024-11-26,SKU073,167
2024-11-27,SKU073,160
2024-11-28,SKU073,125
2024-11-29,SKU073,114
2024-11-30,SKU073,170
2024-12-01,SKU073,156
2024-12-02,SKU073,168
2024-12-03,SKU073,182
2024-12-04,SKU073,126
2024-12-05,SKU073,119
2024-12-06,SKU073,134
2024-12-07,SKU073,157
2024-12-08,SKU073,160
2024-12-09,SKU073,197
2024-12-10,SKU073,150
2024-12-11,SKU073,183
2024-12-12,SKU073,118
2024-12-13,SKU073,148
2024-12-14,SKU073,175
2024-12-15,SKU073,174
2024-12-16,SKU073,166
2024-12-17,SKU073,189
2024-12-18,SKU073,111
2024-12-19,SKU073,97
2024-12-20,SKU073,148
2024-12-21,SKU073,153
2024-12-22,SKU073,166
2024-12-23,SKU073,177
2024-12-24,SKU073,153
2024-12-25,SKU073,196
2024-12-26,SKU073,151
2024-12-27,SKU073,114
2024-12-28,SKU073,151
2024-12-29,SKU073,197
2024-12-30,SKU073,166
2024-12-31,SKU073,158
2025-01-01,SKU073,137
2025-01-02,SKU073,106
2025-01-03,SKU073,159
2025-01-04,SKU073,141
2025-01-05,SKU073,180
2025-01-06,SKU073,192
2025-01-07,SKU073,209
2025-01-08,SKU073,142
2025-01-09,SKU073,178
2025-01-10,SKU073,125
2025-01-11,SKU073,153
2025-01-12,SKU073,205
2025-01-13,SKU073,234
2025-01-14,SKU073,165
2025-01-15,SKU073,174
2025-01-16,SKU073,147
2025-01-17,SKU073,115
2025-01-18,SKU073,158
2025-01-19,SKU073,182
2025-01-20,SKU073,164
2025-01-21,SKU073,176
2025-01-22,SKU073,146
2025-01-23,SKU073,136
2025-01-24,SKU073,135
2025-01-25,SKU073,142
2025-01-26,SKU073,241
2025-01-27,SKU073,194
2025-01-28,SKU073,203
2025-01-29,SKU073,155
2025-01-30,SKU073,163
2025-01-31,SKU073,115
2025-02-01,SKU073,156
2025-02-02,SKU073,172
2025-02-03,SKU073,175
2025-02-04,SKU073,178
2025-02-05,SKU073,138
2025-02-06,SKU073,93
2025-02-07,SKU073,126
2025-02-08,SKU073,149
2025-02-09,SKU073,204
2025-02-10,SKU073,155
2025-02-11,SKU073,160
2025-02-12,SKU073,127
2025-02-13,SKU073,145
2025-02-14,SKU073,120
2025-02-15,SKU073,183
2025-02-16,SKU073,182
2025-02-17,SKU073,200
2025-02-18,SKU073,198
2025-02-19,SKU073,116
2025-02-20,SKU073,121
2025-02-21,SKU073,143
2025-02-22,SKU073,163
2025-02-23,SKU073,152
2025-02-24,SKU073,205
2025-02-25,SKU073,173
2025-02-26,SKU073,147
2025-02-27,SKU073,122
2025-02-28,SKU073,58
2025-03-01,SKU073,171
2025-03-02,SKU073,197
2025-03-03,SKU073,179
2025-03-04,SKU073,137
2025-03-05,SKU073,132
2025-03-06,SKU073,151
2025-03-07,SKU073,124
2025-03-08,SKU073,159
2025-03-09,SKU073,175
2025-03-10,SKU073,196
2025-03-11,SKU073,141
2025-03-12,SKU073,139
2025-03-13,SKU073,153
2025-03-14,SKU073,112
2025-03-15,SKU073,151
2025-03-16,SKU073,208
2025-03-17,SKU073,207
2025-03-18,SKU073,182
2025-03-19,SKU073,154
2025-03-20,SKU073,136
2025-03-21,SKU073,128
2025-03-22,SKU073,184
2025-03-23,SKU073,172
2025-03-24,SKU073,165
2025-03-25,SKU073,139
2025-03-26,SKU073,130
2025-03-27,SKU073,112
2025-03-28,SKU073,116
2025-03-29,SKU073,130
2025-03-30,SKU073,192
2025-03-31,SKU073,166
2025-04-01,SKU073,185
2025-04-02,SKU073,161
2025-04-03,SKU073,188
2025-04-04,SKU073,123
2025-04-05,SKU073,154
2025-04-06,SKU073,165
2025-04-07,SKU073,161
2025-04-08,SKU073,162
2025-04-09,SKU073,126
2025-04-10,SKU073,99
2025-04-11,SKU073,139
2025-04-12,SKU073,133
2025-04-13,SKU073,196
2025-04-14,SKU073,209
2025-04-15,SKU073,151
2025-04-16,SKU073,177
2025-04-17,SKU073,137
2025-04-18,SKU073,132
2025-04-19,SKU073,116
2025-04-20,SKU073,142
2025-04-21,SKU073,226
2025-04-22,SKU073,203
2025-04-23,SKU073,182
2025-04-24,SKU073,171
2025-04-25,SKU073,166
2025-04-26,SKU073,164
2025-04-27,SKU073,196
2025-04-28,SKU073,173
2025-04-29,SKU073,177
2025-04-30,SKU073,162
2025-05-01,SKU073,145
2025-05-02,SKU073,130
2025-05-03,SKU073,110
2025-05-04,SKU073,147
2025-05-05,SKU073,200
2025-05-06,SKU073,160
2025-05-07,SKU073,160
2025-05-08,SKU073,98
2025-05-09,SKU073,166
2025-05-10,SKU073,136
2025-05-11,SKU073,218
2025-05-12,SKU073,152
2025-05-13,SKU073,186
2025-05-14,SKU073,122
2025-05-15,SKU073,127
2025-05-16,SKU073,159
2025-05-17,SKU073,179
2025-05-18,SKU073,163
2025-05-19,SKU073,174
2025-05-20,SKU073,134
2025-05-21,SKU073,102
2025-05-22,SKU073,107
2025-05-23,SKU073,113
2025-05-24,SKU073,122
2025-05-25,SKU073,178
2025-05-26,SKU073,188
2025-05-27,SKU073,171
2025-05-28,SKU073,125
2025-05-29,SKU073,113
2025-05-30,SKU073,126
2025-05-31,SKU073,177
2025-06-01,SKU073,167
2025-06-02,SKU073,149
2025-06-03,SKU073,164
2025-06-04,SKU073,134
2025-06-05,SKU073,89
2025-06-06,SKU073,124
2025-06-07,SKU073,137
2025-06-08,SKU073,181
2025-06-09,SKU073,199
2025-06-10,SKU073,159
2025-06-11,SKU073,156
2025-06-12,SKU073,120
2025-06-13,SKU073,127
2025-06-14,SKU073,151
2025-06-15,SKU073,178
2025-06-16,SKU073,156
2025-06-17,SKU073,128
2025-06-18,SKU073,171
2025-06-19,SKU073,132
2025-06-20,SKU073,120
2025-06-21,SKU073,183
2025-06-22,SKU073,251
2025-06-23,SKU073,153
2025-06-24,SKU073,171
2025-06-25,SKU073,160
2025-06-26,SKU073,89
2025-06-27,SKU073,97
2025-06-28,SKU073,181
2025-06-29,SKU073,181
2025-06-30,SKU073,172
2025-07-01,SKU073,133
2025-07-02,SKU073,152
2025-07-03,SKU073,94
2025-07-04,SKU073,109
2025-07-05,SKU073,135
2024-06-01,SKU074,122
2024-06-02,SKU074,148
2024-06-03,SKU074,195
2024-06-04,SKU074,162
2024-06-05,SKU074,134
2024-06-06,SKU074,127
2024-06-07,SKU074,100
2024-06-08,SKU074,154
2024-06-09,SKU074,178
2024-06-10,SKU074,152
2024-06-11,SKU074,172
2024-06-12,SKU074,138
2024-06-13,SKU074,123
2024-06-14,SKU074,160
2024-06-15,SKU074,149
2024-06-16,SKU074,149
2024-06-17,SKU074,177
2024-06-18,SKU074,159
2024-06-19,SKU074,109
2024-06-20,SKU074,73
2024-06-21,SKU074,122
2024-06-22,SKU074,167
2024-06-23,SKU074,190
2024-06-24,SKU074,181
2024-06-25,SKU074,193
2024-06-26,SKU074,137
2024-06-27,SKU074,113
2024-06-28,SKU074,128
2024-06-29,SKU074,130
2024-06-30,SKU074,141
2024-07-01,SKU074,153
2024-07-02,SKU074,148
2024-07-03,SKU074,152
2024-07-04,SKU074,86
2024-07-05,SKU074,102
2024-07-06,SKU074,164
2024-07-07,SKU074,161
2024-07-08,SKU074,170
2024-07-09,SKU074,150
2024-07-10,SKU074,176
2024-07-11,SKU074,130
2024-07-12,SKU074,129
2024-07-13,SKU074,150
2024-07-14,SKU074,178
2024-07-15,SKU074,215
2024-07-16,SKU074,150
2024-07-17,SKU074,137
2024-07-18,SKU074,118
2024-07-19,SKU074,143
2024-07-20,SKU074,183
2024-07-21,SKU074,156
2024-07-22,SKU074,184
2024-07-23,SKU074,163
2024-07-24,SKU074,103
2024-07-25,SKU074,139
2024-07-26,SKU074,157
2024-07-27,SKU074,164
2024-07-28,SKU074,155
2024-07-29,SKU074,145
2024-07-30,SKU074,173
2024-07-31,SKU074,110
2024-08-01,SKU074,96
2024-08-02,SKU074,128
2024-08-03,SKU074,162
2024-08-04,SKU074,161
2024-08-05,SKU074,170
2024-08-06,SKU074,156
2024-08-07,SKU074,113
2024-08-08,SKU074,109
2024-08-09,SKU074,88
2024-08-10,SKU074,162
2024-08-11,SKU074,230
2024-08-12,SKU074,176
2024-08-13,SKU074,185
2024-08-14,SKU074,128
2024-08-15,SKU074,88
2024-08-16,SKU074,172
2024-08-17,SKU074,127
2024-08-18,SKU074,190
2024-08-19,SKU074,179
2024-08-20,SKU074,185
2024-08-21,SKU074,132
2024-08-22,SKU074,92
2024-08-23,SKU074,109
2024-08-24,SKU074,198
2024-08-25,SKU074,176
2024-08-26,SKU074,222
2024-08-27,SKU074,151
2024-08-28,SKU074,149
2024-08-29,SKU074,89
2024-08-30,SKU074,124
2024-08-31,SKU074,195
2024-09-01,SKU074,152
2024-09-02,SKU074,159
2024-09-03,SKU074,177
2024-09-04,SKU074,136
2024-09-05,SKU074,159
2024-09-06,SKU074,118
2024-09-07,SKU074,148
2024-09-08,SKU074,176
2024-09-09,SKU074,151
2024-09-10,SKU074,130
2024-09-11,SKU074,103
2024-09-12,SKU074,45
2024-09-13,SKU074,121
2024-09-14,SKU074,118
2024-09-15,SKU074,157
2024-09-16,SKU074,197
2024-09-17,SKU074,138
2024-09-18,SKU074,148
2024-09-19,SKU074,83
2024-09-20,SKU074,108
2024-09-21,SKU074,184
2024-09-22,SKU074,159
2024-09-23,SKU074,203
2024-09-24,SKU074,210
2024-09-25,SKU074,124
2024-09-26,SKU074,103
2024-09-27,SKU074,76
2024-09-28,SKU074,152
2024-09-29,SKU074,177
2024-09-30,SKU074,191
2024-10-01,SKU074,189
2024-10-02,SKU074,111
2024-10-03,SKU074,159
2024-10-04,SKU074,117
2024-10-05,SKU074,154
2024-10-06,SKU074,167
2024-10-07,SKU074,158
2024-10-08,SKU074,132
2024-10-09,SKU074,138
2024-10-10,SKU074,96
2024-10-11,SKU074,118
2024-10-12,SKU074,137
2024-10-13,SKU074,161
2024-10-14,SKU074,135
2024-10-15,SKU074,89
2024-10-16,SKU074,152
2024-10-17,SKU074,142
2024-10-18,SKU074,67
2024-10-19,SKU074,155
2024-10-20,SKU074,174
2024-10-21,SKU074,145
2024-10-22,SKU074,178
2024-10-23,SKU074,158
2024-10-24,SKU074,141
2024-10-25,SKU074,161
2024-10-26,SKU074,168
2024-10-27,SKU074,151
2024-10-28,SKU074,175
2024-10-29,SKU074,167
2024-10-30,SKU074,167
2024-10-31,SKU074,112
2024-11-01,SKU074,109
2024-11-02,SKU074,110
2024-11-03,SKU074,188
2024-11-04,SKU074,179
2024-11-05,SKU074,140
2024-11-06,SKU074,150
2024-11-07,SKU074,110
2024-11-08,SKU074,94
2024-11-09,SKU074,175
2024-11-10,SKU074,124
2024-11-11,SKU074,178
2024-11-12,SKU074,156
2024-11-13,SKU074,97
2024-11-14,SKU074,125
2024-11-15,SKU074,108
2024-11-16,SKU074,183
2024-11-17,SKU074,191
2024-11-18,SKU074,179
2024-11-19,SKU074,104
2024-11-20,SKU074,121
2024-11-21,SKU074,104
2024-11-22,SKU074,150
2024-11-23,SKU074,150
2024-11-24,SKU074,176
2024-11-25,SKU074,197
2024-11-26,SKU074,194
2024-11-27,SKU074,165
2024-11-28,SKU074,129
2024-11-29,SKU074,117
2024-11-30,SKU074,156
2024-12-01,SKU074,168
2024-12-02,SKU074,192
2024-12-03,SKU074,146
2024-12-04,SKU074,153
2024-12-05,SKU074,119
2024-12-06,SKU074,132
2024-12-07,SKU074,120
2024-12-08,SKU074,163
2024-12-09,SKU074,184
2024-12-10,SKU074,155
2024-12-11,SKU074,82
2024-12-12,SKU074,91
2024-12-13,SKU074,131
2024-12-14,SKU074,179
2024-12-15,SKU074,164
2024-12-16,SKU074,164
2024-12-17,SKU074,182
2024-12-18,SKU074,134
2024-12-19,SKU074,134
2024-12-20,SKU074,117
2024-12-21,SKU074,137
2024-12-22,SKU074,187
2024-12-23,SKU074,189
2024-12-24,SKU074,152
2024-12-25,SKU074,109
2024-12-26,SKU074,81
2024-12-27,SKU074,90
2024-12-28,SKU074,132
2024-12-29,SKU074,176
2024-12-30,SKU074,138
2024-12-31,SKU074,124
2025-01-01,SKU074,142
2025-01-02,SKU074,152
2025-01-03,SKU074,147
2025-01-04,SKU074,106
2025-01-05,SKU074,177
2025-01-06,SKU074,195
2025-01-07,SKU074,148
2025-01-08,SKU074,128
2025-01-09,SKU074,125
2025-01-10,SKU074,134
2025-01-11,SKU074,154
2025-01-12,SKU074,185
2025-01-13,SKU074,179
2025-01-14,SKU074,145
2025-01-15,SKU074,124
2025-01-16,SKU074,100
2025-01-17,SKU074,113
2025-01-18,SKU074,158
2025-01-19,SKU074,152
2025-01-20,SKU074,198
2025-01-21,SKU074,137
2025-01-22,SKU074,138
2025-01-23,SKU074,136
2025-01-24,SKU074,133
2025-01-25,SKU074,106
2025-01-26,SKU074,172
2025-01-27,SKU074,158
2025-01-28,SKU074,130
2025-01-29,SKU074,138
2025-01-30,SKU074,90
2025-01-31,SKU074,129
2025-02-01,SKU074,178
2025-02-02,SKU074,175
2025-02-03,SKU074,169
2025-02-04,SKU074,155
2025-02-05,SKU074,153
2025-02-06,SKU074,111
2025-02-07,SKU074,113
2025-02-08,SKU074,126
2025-02-09,SKU074,149
2025-02-10,SKU074,194
2025-02-11,SKU074,148
2025-02-12,SKU074,145
2025-02-13,SKU074,131
2025-02-14,SKU074,102
2025-02-15,SKU074,129
2025-02-16,SKU074,181
2025-02-17,SKU074,178
2025-02-18,SKU074,155
2025-02-19,SKU074,143
2025-02-20,SKU074,140
2025-02-21,SKU074,122
2025-02-22,SKU074,134
2025-02-23,SKU074,171
2025-02-24,SKU074,157
2025-02-25,SKU074,162
2025-02-26,SKU074,133
2025-02-27,SKU074,100
2025-02-28,SKU074,114
2025-03-01,SKU074,139
2025-03-02,SKU074,185
2025-03-03,SKU074,155
2025-03-04,SKU074,141
2025-03-05,SKU074,125
2025-03-06,SKU074,130
2025-03-07,SKU074,139
2025-03-08,SKU074,152
2025-03-09,SKU074,184
2025-03-10,SKU074,200
2025-03-11,SKU074,162
2025-03-12,SKU074,116
2025-03-13,SKU074,116
2025-03-14,SKU074,93
2025-03-15,SKU074,155
2025-03-16,SKU074,158
2025-03-17,SKU074,177
2025-03-18,SKU074,157
2025-03-19,SKU074,125
2025-03-20,SKU074,122
2025-03-21,SKU074,120
2025-03-22,SKU074,132
2025-03-23,SKU074,145
2025-03-24,SKU074,182
2025-03-25,SKU074,132
2025-03-26,SKU074,173
2025-03-27,SKU074,146
2025-03-28,SKU074,88
2025-03-29,SKU074,160
2025-03-30,SKU074,194
2025-03-31,SKU074,162
2025-04-01,SKU074,166
2025-04-02,SKU074,131
2025-04-03,SKU074,132
2025-04-04,SKU074,113
2025-04-05,SKU074,168
2025-04-06,SKU074,166
2025-04-07,SKU074,168
2025-04-08,SKU074,173
2025-04-09,SKU074,153
2025-04-10,SKU074,66
2025-04-11,SKU074,60
2025-04-12,SKU074,153
2025-04-13,SKU074,154
2025-04-14,SKU074,146
2025-04-15,SKU074,150
2025-04-16,SKU074,197
2025-04-17,SKU074,88
2025-04-18,SKU074,143
2025-04-19,SKU074,129
2025-04-20,SKU074,137
2025-04-21,SKU074,161
2025-04-22,SKU074,128
2025-04-23,SKU074,99
2025-04-24,SKU074,102
2025-04-25,SKU074,99
2025-04-26,SKU074,143
2025-04-27,SKU074,173
2025-04-28,SKU074,157
2025-04-29,SKU074,172
2025-04-30,SKU074,119
2025-05-01,SKU074,114
2025-05-02,SKU074,76
2025-05-03,SKU074,148
2025-05-04,SKU074,218
2025-05-05,SKU074,192
2025-05-06,SKU074,155
2025-05-07,SKU074,108
2025-05-08,SKU074,153
2025-05-09,SKU074,120
2025-05-10,SKU074,131
2025-05-11,SKU074,155
2025-05-12,SKU074,220
2025-05-13,SKU074,156
2025-05-14,SKU074,143
2025-05-15,SKU074,113
2025-05-16,SKU074,122
2025-05-17,SKU074,137
2025-05-18,SKU074,200
2025-05-19,SKU074,175
2025-05-20,SKU074,128
2025-05-21,SKU074,142
2025-05-22,SKU074,115
2025-05-23,SKU074,132
2025-05-24,SKU074,139
2025-05-25,SKU074,157
2025-05-26,SKU074,194
2025-05-27,SKU074,199
2025-05-28,SKU074,93
2025-05-29,SKU074,119
2025-05-30,SKU074,111
2025-05-31,SKU074,126
2025-06-01,SKU074,122
2025-06-02,SKU074,182
2025-06-03,SKU074,148
2025-06-04,SKU074,121
2025-06-05,SKU074,144
2025-06-06,SKU074,114
2025-06-07,SKU074,135
2025-06-08,SKU074,140
2025-06-09,SKU074,155
2025-06-10,SKU074,191
2025-06-11,SKU074,147
2025-06-12,SKU074,146
2025-06-13,SKU074,105
2025-06-14,SKU074,154
2025-06-15,SKU074,192
2025-06-16,SKU074,187
2025-06-17,SKU074,193
2025-06-18,SKU074,142
2025-06-19,SKU074,117
2025-06-20,SKU074,72
2025-06-21,SKU074,155
2025-06-22,SKU074,182
2025-06-23,SKU074,200
2025-06-24,SKU074,141
2025-06-25,SKU074,133
2025-06-26,SKU074,83
2025-06-27,SKU074,88
2025-06-28,SKU074,157
2025-06-29,SKU074,197
2025-06-30,SKU074,203
2025-07-01,SKU074,168
2025-07-02,SKU074,178
2025-07-03,SKU074,109
2025-07-04,SKU074,143
2025-07-05,SKU074,117
2024-06-01,SKU075,49
2024-06-02,SKU075,100
2024-06-03,SKU075,108
2024-06-04,SKU075,103
2024-06-05,SKU075,81
2024-06-06,SKU075,79
2024-06-07,SKU075,102
2024-06-08,SKU075,102
2024-06-09,SKU075,96
2024-06-10,SKU075,75
2024-06-11,SKU075,85
2024-06-12,SKU075,103
2024-06-13,SKU075,67
2024-06-14,SKU075,87
2024-06-15,SKU075,101
2024-06-16,SKU075,106
2024-06-17,SKU075,109
2024-06-18,SKU075,91
2024-06-19,SKU075,115
2024-06-20,SKU075,61
2024-06-21,SKU075,93
2024-06-22,SKU075,103
2024-06-23,SKU075,115
2024-06-24,SKU075,108
2024-06-25,SKU075,80
2024-06-26,SKU075,68
2024-06-27,SKU075,63
2024-06-28,SKU075,83
2024-06-29,SKU075,104
2024-06-30,SKU075,111
2024-07-01,SKU075,114
2024-07-02,SKU075,114
2024-07-03,SKU075,55
2024-07-04,SKU075,44
2024-07-05,SKU075,56
2024-07-06,SKU075,105
2024-07-07,SKU075,79
2024-07-08,SKU075,110
2024-07-09,SKU075,87
2024-07-10,SKU075,86
2024-07-11,SKU075,72
2024-07-12,SKU075,81
2024-07-13,SKU075,86
2024-07-14,SKU075,116
2024-07-15,SKU075,130
2024-07-16,SKU075,117
2024-07-17,SKU075,79
2024-07-18,SKU075,62
2024-07-19,SKU075,80
2024-07-20,SKU075,119
2024-07-21,SKU075,106
2024-07-22,SKU075,122
2024-07-23,SKU075,111
2024-07-24,SKU075,95
2024-07-25,SKU075,92
2024-07-26,SKU075,59
2024-07-27,SKU075,79
2024-07-28,SKU075,107
2024-07-29,SKU075,127
2024-07-30,SKU075,117
2024-07-31,SKU075,83
2024-08-01,SKU075,88
2024-08-02,SKU075,72
2024-08-03,SKU075,81
2024-08-04,SKU075,88
2024-08-05,SKU075,108
2024-08-06,SKU075,95
2024-08-07,SKU075,98
2024-08-08,SKU075,82
2024-08-09,SKU075,78
2024-08-10,SKU075,93
2024-08-11,SKU075,101
2024-08-12,SKU075,85
2024-08-13,SKU075,84
2024-08-14,SKU075,95
2024-08-15,SKU075,72
2024-08-16,SKU075,60
2024-08-17,SKU075,111
2024-08-18,SKU075,130
2024-08-19,SKU075,127
2024-08-20,SKU075,106
2024-08-21,SKU075,88
2024-08-22,SKU075,74
2024-08-23,SKU075,80
2024-08-24,SKU075,101
2024-08-25,SKU075,116
2024-08-26,SKU075,116
2024-08-27,SKU075,55
2024-08-28,SKU075,100
2024-08-29,SKU075,77
2024-08-30,SKU075,59
2024-08-31,SKU075,95
2024-09-01,SKU075,111
2024-09-02,SKU075,88
2024-09-03,SKU075,91
2024-09-04,SKU075,69
2024-09-05,SKU075,61
2024-09-06,SKU075,85
2024-09-07,SKU075,83
2024-09-08,SKU075,108
2024-09-09,SKU075,120
2024-09-10,SKU075,94
2024-09-11,SKU075,95
2024-09-12,SKU075,93
2024-09-13,SKU075,89
2024-09-14,SKU075,100
2024-09-15,SKU075,118
2024-09-16,SKU075,115
2024-09-17,SKU075,112
2024-09-18,SKU075,68
2024-09-19,SKU075,73
2024-09-20,SKU075,83
2024-09-21,SKU075,91
2024-09-22,SKU075,141
2024-09-23,SKU075,107
2024-09-24,SKU075,75
2024-09-25,SKU075,85
2024-09-26,SKU075,85
2024-09-27,SKU075,66
2024-09-28,SKU075,91
2024-09-29,SKU075,105
2024-09-30,SKU075,109
2024-10-01,SKU075,92
2024-10-02,SKU075,99
2024-10-03,SKU075,104
2024-10-04,SKU075,66
2024-10-05,SKU075,74
2024-10-06,SKU075,100
2024-10-07,SKU075,129
2024-10-08,SKU075,96
2024-10-09,SKU075,89
2024-10-10,SKU075,61
2024-10-11,SKU075,102
2024-10-12,SKU075,88
2024-10-13,SKU075,110
2024-10-14,SKU075,99
2024-10-15,SKU075,88
2024-10-16,SKU075,84
2024-10-17,SKU075,75
2024-10-18,SKU075,90
2024-10-19,SKU075,69
2024-10-20,SKU075,93
2024-10-21,SKU075,100
2024-10-22,SKU075,102
2024-10-23,SKU075,68
2024-10-24,SKU075,73
2024-10-25,SKU075,69
2024-10-26,SKU075,90
2024-10-27,SKU075,96
2024-10-28,SKU075,96
2024-10-29,SKU075,104
2024-10-30,SKU075,99
2024-10-31,SKU075,85
2024-11-01,SKU075,93
2024-11-02,SKU075,109
2024-11-03,SKU075,104
2024-11-04,SKU075,136
2024-11-05,SKU075,110
2024-11-06,SKU075,71
2024-11-07,SKU075,65
2024-11-08,SKU075,80
2024-11-09,SKU075,104
2024-11-10,SKU075,103
2024-11-11,SKU075,97
2024-11-12,SKU075,111
2024-11-13,SKU075,69
2024-11-14,SKU075,78
2024-11-15,SKU075,78
2024-11-16,SKU075,73
2024-11-17,SKU075,131
2024-11-18,SKU075,110
2024-11-19,SKU075,84
2024-11-20,SKU075,85
2024-11-21,SKU075,50
2024-11-22,SKU075,83
2024-11-23,SKU075,104
2024-11-24,SKU075,144
2024-11-25,SKU075,111
2024-11-26,SKU075,91
2024-11-27,SKU075,87
2024-11-28,SKU075,94
2024-11-29,SKU075,85
2024-11-30,SKU075,103
2024-12-01,SKU075,117
2024-12-02,SKU075,117
2024-12-03,SKU075,81
2024-12-04,SKU075,64
2024-12-05,SKU075,52
2024-12-06,SKU075,61
2024-12-07,SKU075,77
2024-12-08,SKU075,132
2024-12-09,SKU075,100
2024-12-10,SKU075,101
2024-12-11,SKU075,81
2024-12-12,SKU075,77
2024-12-13,SKU075,79
2024-12-14,SKU075,75
2024-12-15,SKU075,115
2024-12-16,SKU075,101
2024-12-17,SKU075,90
2024-12-18,SKU075,80
2024-12-19,SKU075,85
2024-12-20,SKU075,69
2024-12-21,SKU075,93
2024-12-22,SKU075,112
2024-12-23,SKU075,113
2024-12-24,SKU075,103
2024-12-25,SKU075,65
2024-12-26,SKU075,76
2024-12-27,SKU075,65
2024-12-28,SKU075,68
2024-12-29,SKU075,100
2024-12-30,SKU075,103
2024-12-31,SKU075,141
2025-01-01,SKU075,97
2025-01-02,SKU075,85
2025-01-03,SKU075,72
2025-01-04,SKU075,89
2025-01-05,SKU075,142
2025-01-06,SKU075,101
2025-01-07,SKU075,104
2025-01-08,SKU075,109
2025-01-09,SKU075,64
2025-01-10,SKU075,80
2025-01-11,SKU075,92
2025-01-12,SKU075,94
2025-01-13,SKU075,121
2025-01-14,SKU075,85
2025-01-15,SKU075,95
2025-01-16,SKU075,80
2025-01-17,SKU075,90
2025-01-18,SKU075,89
2025-01-19,SKU075,112
2025-01-20,SKU075,124
2025-01-21,SKU075,81
2025-01-22,SKU075,67
2025-01-23,SKU075,82
2025-01-24,SKU075,89
2025-01-25,SKU075,94
2025-01-26,SKU075,119
2025-01-27,SKU075,105
2025-01-28,SKU075,117
2025-01-29,SKU075,83
2025-01-30,SKU075,63
2025-01-31,SKU075,97
2025-02-01,SKU075,103
2025-02-02,SKU075,100
2025-02-03,SKU075,104
2025-02-04,SKU075,108
2025-02-05,SKU075,70
2025-02-06,SKU075,78
2025-02-07,SKU075,75
2025-02-08,SKU075,95
2025-02-09,SKU075,78
2025-02-10,SKU075,97
2025-02-11,SKU075,103
2025-02-12,SKU075,99
2025-02-13,SKU075,72
2025-02-14,SKU075,88
2025-02-15,SKU075,72
2025-02-16,SKU075,100
2025-02-17,SKU075,114
2025-02-18,SKU075,99
2025-02-19,SKU075,95
2025-02-20,SKU075,71
2025-02-21,SKU075,74
2025-02-22,SKU075,101
2025-02-23,SKU075,99
2025-02-24,SKU075,97
2025-02-25,SKU075,106
2025-02-26,SKU075,71
2025-02-27,SKU075,94
2025-02-28,SKU075,52
2025-03-01,SKU075,88
2025-03-02,SKU075,129
2025-03-03,SKU075,137
2025-03-04,SKU075,99
2025-03-05,SKU075,99
2025-03-06,SKU075,85
2025-03-07,SKU075,71
2025-03-08,SKU075,98
2025-03-09,SKU075,94
2025-03-10,SKU075,88
2025-03-11,SKU075,107
2025-03-12,SKU075,92
2025-03-13,SKU075,58
2025-03-14,SKU075,76
2025-03-15,SKU075,76
2025-03-16,SKU075,100
2025-03-17,SKU075,104
2025-03-18,SKU075,110
2025-03-19,SKU075,77
2025-03-20,SKU075,57
2025-03-21,SKU075,101
2025-03-22,SKU075,99
2025-03-23,SKU075,119
2025-03-24,SKU075,118
2025-03-25,SKU075,113
2025-03-26,SKU075,90
2025-03-27,SKU075,80
2025-03-28,SKU075,79
2025-03-29,SKU075,86
2025-03-30,SKU075,119
2025-03-31,SKU075,106
2025-04-01,SKU075,102
2025-04-02,SKU075,89
2025-04-03,SKU075,80
2025-04-04,SKU075,64
2025-04-05,SKU075,95
2025-04-06,SKU075,92
2025-04-07,SKU075,112
2025-04-08,SKU075,111
2025-04-09,SKU075,109
2025-04-10,SKU075,82
2025-04-11,SKU075,90
2025-04-12,SKU075,77
2025-04-13,SKU075,114
2025-04-14,SKU075,95
2025-04-15,SKU075,117
2025-04-16,SKU075,69
2025-04-17,SKU075,61
2025-04-18,SKU075,88
2025-04-19,SKU075,115
2025-04-20,SKU075,121
2025-04-21,SKU075,105
2025-04-22,SKU075,86
2025-04-23,SKU075,78
2025-04-24,SKU075,76
2025-04-25,SKU075,77
2025-04-26,SKU075,78
2025-04-27,SKU075,124
2025-04-28,SKU075,128
2025-04-29,SKU075,126
2025-04-30,SKU075,61
2025-05-01,SKU075,63
2025-05-02,SKU075,81
2025-05-03,SKU075,92
2025-05-04,SKU075,100
2025-05-05,SKU075,98
2025-05-06,SKU075,86
2025-05-07,SKU075,112
2025-05-08,SKU075,54
2025-05-09,SKU075,56
2025-05-10,SKU075,76
2025-05-11,SKU075,109
2025-05-12,SKU075,106
2025-05-13,SKU075,106
2025-05-14,SKU075,74
2025-05-15,SKU075,75
2025-05-16,SKU075,79
2025-05-17,SKU075,114
2025-05-18,SKU075,131
2025-05-19,SKU075,108
2025-05-20,SKU075,112
2025-05-21,SKU075,86
2025-05-22,SKU075,85
2025-05-23,SKU075,83
2025-05-24,SKU075,102
2025-05-25,SKU075,118
2025-05-26,SKU075,116
2025-05-27,SKU075,102
2025-05-28,SKU075,98
2025-05-29,SKU075,72
2025-05-30,SKU075,70
2025-05-31,SKU075,71
2025-06-01,SKU075,112
2025-06-02,SKU075,119
2025-06-03,SKU075,76
2025-06-04,SKU075,76
2025-06-05,SKU075,84
2025-06-06,SKU075,76
2025-06-07,SKU075,93
2025-06-08,SKU075,119
2025-06-09,SKU075,108
2025-06-10,SKU075,105
2025-06-11,SKU075,69
2025-06-12,SKU075,79
2025-06-13,SKU075,59
2025-06-14,SKU075,74
2025-06-15,SKU075,99
2025-06-16,SKU075,118
2025-06-17,SKU075,101
2025-06-18,SKU075,73
2025-06-19,SKU075,86
2025-06-20,SKU075,82
2025-06-21,SKU075,106
2025-06-22,SKU075,94
2025-06-23,SKU075,130
2025-06-24,SKU075,122
2025-06-25,SKU075,97
2025-06-26,SKU075,81
2025-06-27,SKU075,84
2025-06-28,SKU075,97
2025-06-29,SKU075,87
2025-06-30,SKU075,102
2025-07-01,SKU075,99
2025-07-02,SKU075,70
2025-07-03,SKU075,94
2025-07-04,SKU075,85
2025-07-05,SKU075,117
2024-06-01,SKU076,151
2024-06-02,SKU076,258
2024-06-03,SKU076,215
2024-06-04,SKU076,247
2024-06-05,SKU076,218
2024-06-06,SKU076,192
2024-06-07,SKU076,192
2024-06-08,SKU076,203
2024-06-09,SKU076,221
2024-06-10,SKU076,282
2024-06-11,SKU076,215
2024-06-12,SKU076,163
2024-06-13,SKU076,166
2024-06-14,SKU076,194
2024-06-15,SKU076,223
2024-06-16,SKU076,190
2024-06-17,SKU076,259
2024-06-18,SKU076,227
2024-06-19,SKU076,165
2024-06-20,SKU076,130
2024-06-21,SKU076,202
2024-06-22,SKU076,235
2024-06-23,SKU076,266
2024-06-24,SKU076,191
2024-06-25,SKU076,202
2024-06-26,SKU076,176
2024-06-27,SKU076,197
2024-06-28,SKU076,184
2024-06-29,SKU076,185
2024-06-30,SKU076,226
2024-07-01,SKU076,249
2024-07-02,SKU076,229
2024-07-03,SKU076,223
2024-07-04,SKU076,195
2024-07-05,SKU076,197
2024-07-06,SKU076,169
2024-07-07,SKU076,201
2024-07-08,SKU076,200
2024-07-09,SKU076,220
2024-07-10,SKU076,161
2024-07-11,SKU076,171
2024-07-12,SKU076,182
2024-07-13,SKU076,198
2024-07-14,SKU076,247
2024-07-15,SKU076,211
2024-07-16,SKU076,166
2024-07-17,SKU076,155
2024-07-18,SKU076,179
2024-07-19,SKU076,215
2024-07-20,SKU076,234
2024-07-21,SKU076,216
2024-07-22,SKU076,257
2024-07-23,SKU076,169
2024-07-24,SKU076,220
2024-07-25,SKU076,170
2024-07-26,SKU076,185
2024-07-27,SKU076,137
2024-07-28,SKU076,235
2024-07-29,SKU076,282
2024-07-30,SKU076,217
2024-07-31,SKU076,173
2024-08-01,SKU076,148
2024-08-02,SKU076,142
2024-08-03,SKU076,195
2024-08-04,SKU076,187
2024-08-05,SKU076,243
2024-08-06,SKU076,241
2024-08-07,SKU076,164
2024-08-08,SKU076,166
2024-08-09,SKU076,161
2024-08-10,SKU076,204
2024-08-11,SKU076,248
2024-08-12,SKU076,242
2024-08-13,SKU076,234
2024-08-14,SKU076,191
2024-08-15,SKU076,180
2024-08-16,SKU076,172
2024-08-17,SKU076,202
2024-08-18,SKU076,242
2024-08-19,SKU076,228
2024-08-20,SKU076,222
2024-08-21,SKU076,150
2024-08-22,SKU076,103
2024-08-23,SKU076,165
2024-08-24,SKU076,170
2024-08-25,SKU076,278
2024-08-26,SKU076,207
2024-08-27,SKU076,231
2024-08-28,SKU076,155
2024-08-29,SKU076,154
2024-08-30,SKU076,130
2024-08-31,SKU076,158
2024-09-01,SKU076,230
2024-09-02,SKU076,218
2024-09-03,SKU076,230
2024-09-04,SKU076,211
2024-09-05,SKU076,109
2024-09-06,SKU076,192
2024-09-07,SKU076,163
2024-09-08,SKU076,211
2024-09-09,SKU076,188
2024-09-10,SKU076,168
2024-09-11,SKU076,119
2024-09-12,SKU076,142
2024-09-13,SKU076,163
2024-09-14,SKU076,180
2024-09-15,SKU076,170
2024-09-16,SKU076,172
2024-09-17,SKU076,208
2024-09-18,SKU076,197
2024-09-19,SKU076,161
2024-09-20,SKU076,215
2024-09-21,SKU076,190
2024-09-22,SKU076,230
2024-09-23,SKU076,228
2024-09-24,SKU076,185
2024-09-25,SKU076,170
2024-09-26,SKU076,178
2024-09-27,SKU076,186
2024-09-28,SKU076,201
2024-09-29,SKU076,266
2024-09-30,SKU076,241
2024-10-01,SKU076,217
2024-10-02,SKU076,217
2024-10-03,SKU076,133
2024-10-04,SKU076,202
2024-10-05,SKU076,163
2024-10-06,SKU076,213
2024-10-07,SKU076,176
2024-10-08,SKU076,215
2024-10-09,SKU076,212
2024-10-10,SKU076,127
2024-10-11,SKU076,153
2024-10-12,SKU076,185
2024-10-13,SKU076,215
2024-10-14,SKU076,198
2024-10-15,SKU076,209
2024-10-16,SKU076,219
2024-10-17,SKU076,139
2024-10-18,SKU076,168
2024-10-19,SKU076,197
2024-10-20,SKU076,210
2024-10-21,SKU076,236
2024-10-22,SKU076,197
2024-10-23,SKU076,186
2024-10-24,SKU076,152
2024-10-25,SKU076,121
2024-10-26,SKU076,139
2024-10-27,SKU076,160
2024-10-28,SKU076,216
2024-10-29,SKU076,231
2024-10-30,SKU076,154
2024-10-31,SKU076,147
2024-11-01,SKU076,142
2024-11-02,SKU076,167
2024-11-03,SKU076,284
2024-11-04,SKU076,205
2024-11-05,SKU076,169
2024-11-06,SKU076,149
2024-11-07,SKU076,156
2024-11-08,SKU076,145
2024-11-09,SKU076,199
2024-11-10,SKU076,200
2024-11-11,SKU076,211
2024-11-12,SKU076,187
2024-11-13,SKU076,172
2024-11-14,SKU076,174
2024-11-15,SKU076,185
2024-11-16,SKU076,231
2024-11-17,SKU076,183
2024-11-18,SKU076,198
2024-11-19,SKU076,181
2024-11-20,SKU076,174
2024-11-21,SKU076,123
2024-11-22,SKU076,141
2024-11-23,SKU076,211
2024-11-24,SKU076,252
2024-11-25,SKU076,248
2024-11-26,SKU076,217
2024-11-27,SKU076,155
2024-11-28,SKU076,154
2024-11-29,SKU076,194
2024-11-30,SKU076,210
2024-12-01,SKU076,246
2024-12-02,SKU076,255
2024-12-03,SKU076,198
2024-12-04,SKU076,193
2024-12-05,SKU076,143
2024-12-06,SKU076,178
2024-12-07,SKU076,226
2024-12-08,SKU076,265
2024-12-09,SKU076,245
2024-12-10,SKU076,219
2024-12-11,SKU076,214
2024-12-12,SKU076,129
2024-12-13,SKU076,203
2024-12-14,SKU076,195
2024-12-15,SKU076,225
2024-12-16,SKU076,215
2024-12-17,SKU076,174
2024-12-18,SKU076,217
2024-12-19,SKU076,165
2024-12-20,SKU076,151
2024-12-21,SKU076,201
2024-12-22,SKU076,211
2024-12-23,SKU076,179
2024-12-24,SKU076,202
2024-12-25,SKU076,134
2024-12-26,SKU076,161
2024-12-27,SKU076,207
2024-12-28,SKU076,173
2024-12-29,SKU076,244
2024-12-30,SKU076,210
2024-12-31,SKU076,207
2025-01-01,SKU076,149
2025-01-02,SKU076,172
2025-01-03,SKU076,200
2025-01-04,SKU076,197
2025-01-05,SKU076,236
2025-01-06,SKU076,244
2025-01-07,SKU076,200
2025-01-08,SKU076,212
2025-01-09,SKU076,139
2025-01-10,SKU076,116
2025-01-11,SKU076,165
2025-01-12,SKU076,239
2025-01-13,SKU076,217
2025-01-14,SKU076,210
2025-01-15,SKU076,168
2025-01-16,SKU076,159
2025-01-17,SKU076,192
2025-01-18,SKU076,235
2025-01-19,SKU076,193
2025-01-20,SKU076,255
2025-01-21,SKU076,213
2025-01-22,SKU076,139
2025-01-23,SKU076,168
2025-01-24,SKU076,214
2025-01-25,SKU076,170
2025-01-26,SKU076,214
2025-01-27,SKU076,182
2025-01-28,SKU076,204
2025-01-29,SKU076,179
2025-01-30,SKU076,210
2025-01-31,SKU076,134
2025-02-01,SKU076,219
2025-02-02,SKU076,229
2025-02-03,SKU076,292
2025-02-04,SKU076,213
2025-02-05,SKU076,173
2025-02-06,SKU076,178
2025-02-07,SKU076,175
2025-02-08,SKU076,218
2025-02-09,SKU076,237
2025-02-10,SKU076,186
2025-02-11,SKU076,223
2025-02-12,SKU076,189
2025-02-13,SKU076,133
2025-02-14,SKU076,169
2025-02-15,SKU076,138
2025-02-16,SKU076,228
2025-02-17,SKU076,248
2025-02-18,SKU076,235
2025-02-19,SKU076,195
2025-02-20,SKU076,128
2025-02-21,SKU076,119
2025-02-22,SKU076,218
2025-02-23,SKU076,232
2025-02-24,SKU076,242
2025-02-25,SKU076,256
2025-02-26,SKU076,128
2025-02-27,SKU076,205
2025-02-28,SKU076,145
2025-03-01,SKU076,215
2025-03-02,SKU076,220
2025-03-03,SKU076,218
2025-03-04,SKU076,164
2025-03-05,SKU076,155
2025-03-06,SKU076,167
2025-03-07,SKU076,171
2025-03-08,SKU076,218
2025-03-09,SKU076,201
2025-03-10,SKU076,250
2025-03-11,SKU076,209
2025-03-12,SKU076,193
2025-03-13,SKU076,168
2025-03-14,SKU076,148
2025-03-15,SKU076,198
2025-03-16,SKU076,234
2025-03-17,SKU076,251
2025-03-18,SKU076,251
2025-03-19,SKU076,156
2025-03-20,SKU076,120
2025-03-21,SKU076,198
2025-03-22,SKU076,154
2025-03-23,SKU076,250
2025-03-24,SKU076,202
2025-03-25,SKU076,190
2025-03-26,SKU076,172
2025-03-27,SKU076,112
2025-03-28,SKU076,133
2025-03-29,SKU076,143
2025-03-30,SKU076,240
2025-03-31,SKU076,228
2025-04-01,SKU076,208
2025-04-02,SKU076,173
2025-04-03,SKU076,153
2025-04-04,SKU076,147
2025-04-05,SKU076,218
2025-04-06,SKU076,170
2025-04-07,SKU076,187
2025-04-08,SKU076,246
2025-04-09,SKU076,182
2025-04-10,SKU076,96
2025-04-11,SKU076,170
2025-04-12,SKU076,145
2025-04-13,SKU076,258
2025-04-14,SKU076,255
2025-04-15,SKU076,268
2025-04-16,SKU076,166
2025-04-17,SKU076,119
2025-04-18,SKU076,146
2025-04-19,SKU076,176
2025-04-20,SKU076,232
2025-04-21,SKU076,176
2025-04-22,SKU076,207
2025-04-23,SKU076,145
2025-04-24,SKU076,139
2025-04-25,SKU076,201
2025-04-26,SKU076,220
2025-04-27,SKU076,242
2025-04-28,SKU076,246
2025-04-29,SKU076,200
2025-04-30,SKU076,173
2025-05-01,SKU076,109
2025-05-02,SKU076,126
2025-05-03,SKU076,195
2025-05-04,SKU076,189
2025-05-05,SKU076,248
2025-05-06,SKU076,206
2025-05-07,SKU076,166
2025-05-08,SKU076,136
2025-05-09,SKU076,174
2025-05-10,SKU076,210
2025-05-11,SKU076,196
2025-05-12,SKU076,213
2025-05-13,SKU076,202
2025-05-14,SKU076,184
2025-05-15,SKU076,163
2025-05-16,SKU076,158
2025-05-17,SKU076,211
2025-05-18,SKU076,217
2025-05-19,SKU076,188
2025-05-20,SKU076,246
2025-05-21,SKU076,203
2025-05-22,SKU076,114
2025-05-23,SKU076,166
2025-05-24,SKU076,228
2025-05-25,SKU076,212
2025-05-26,SKU076,250
2025-05-27,SKU076,239
2025-05-28,SKU076,182
2025-05-29,SKU076,215
2025-05-30,SKU076,180
2025-05-31,SKU076,194
2025-06-01,SKU076,216
2025-06-02,SKU076,227
2025-06-03,SKU076,191
2025-06-04,SKU076,143
2025-06-05,SKU076,128
2025-06-06,SKU076,157
2025-06-07,SKU076,214
2025-06-08,SKU076,230
2025-06-09,SKU076,233
2025-06-10,SKU076,268
2025-06-11,SKU076,223
2025-06-12,SKU076,128
2025-06-13,SKU076,181
2025-06-14,SKU076,157
2025-06-15,SKU076,229
2025-06-16,SKU076,189
2025-06-17,SKU076,190
2025-06-18,SKU076,192
2025-06-19,SKU076,141
2025-06-20,SKU076,130
2025-06-21,SKU076,171
2025-06-22,SKU076,194
2025-06-23,SKU076,240
2025-06-24,SKU076,242
2025-06-25,SKU076,169
2025-06-26,SKU076,183
2025-06-27,SKU076,145
2025-06-28,SKU076,188
2025-06-29,SKU076,272
2025-06-30,SKU076,223
2025-07-01,SKU076,238
2025-07-02,SKU076,154
2025-07-03,SKU076,153
2025-07-04,SKU076,137
2025-07-05,SKU076,193
2024-06-01,SKU077,105
2024-06-02,SKU077,128
2024-06-03,SKU077,112
2024-06-04,SKU077,107
2024-06-05,SKU077,110
2024-06-06,SKU077,63
2024-06-07,SKU077,48
2024-06-08,SKU077,91
2024-06-09,SKU077,126
2024-06-10,SKU077,122
2024-06-11,SKU077,95
2024-06-12,SKU077,93
2024-06-13,SKU077,76
2024-06-14,SKU077,61
2024-06-15,SKU077,96
2024-06-16,SKU077,128
2024-06-17,SKU077,116
2024-06-18,SKU077,87
2024-06-19,SKU077,118
2024-06-20,SKU077,66
2024-06-21,SKU077,91
2024-06-22,SKU077,114
2024-06-23,SKU077,123
2024-06-24,SKU077,117
2024-06-25,SKU077,82
2024-06-26,SKU077,110
2024-06-27,SKU077,64
2024-06-28,SKU077,100
2024-06-29,SKU077,118
2024-06-30,SKU077,98
2024-07-01,SKU077,102
2024-07-02,SKU077,104
2024-07-03,SKU077,106
2024-07-04,SKU077,72
2024-07-05,SKU077,87
2024-07-06,SKU077,93
2024-07-07,SKU077,129
2024-07-08,SKU077,111
2024-07-09,SKU077,99
2024-07-10,SKU077,77
2024-07-11,SKU077,65
2024-07-12,SKU077,101
2024-07-13,SKU077,96
2024-07-14,SKU077,102
2024-07-15,SKU077,95
2024-07-16,SKU077,106
2024-07-17,SKU077,80
2024-07-18,SKU077,66
2024-07-19,SKU077,73
2024-07-20,SKU077,103
2024-07-21,SKU077,99
2024-07-22,SKU077,116
2024-07-23,SKU077,123
2024-07-24,SKU077,84
2024-07-25,SKU077,65
2024-07-26,SKU077,101
2024-07-27,SKU077,100
2024-07-28,SKU077,114
2024-07-29,SKU077,129
2024-07-30,SKU077,108
2024-07-31,SKU077,93
2024-08-01,SKU077,58
2024-08-02,SKU077,72
2024-08-03,SKU077,129
2024-08-04,SKU077,101
2024-08-05,SKU077,122
2024-08-06,SKU077,136
2024-08-07,SKU077,103
2024-08-08,SKU077,86
2024-08-09,SKU077,73
2024-08-10,SKU077,92
2024-08-11,SKU077,112
2024-08-12,SKU077,126
2024-08-13,SKU077,129
2024-08-14,SKU077,94
2024-08-15,SKU077,73
2024-08-16,SKU077,84
2024-08-17,SKU077,109
2024-08-18,SKU077,122
2024-08-19,SKU077,117
2024-08-20,SKU077,93
2024-08-21,SKU077,109
2024-08-22,SKU077,77
2024-08-23,SKU077,89
2024-08-24,SKU077,91
2024-08-25,SKU077,106
2024-08-26,SKU077,128
2024-08-27,SKU077,91
2024-08-28,SKU077,75
2024-08-29,SKU077,104
2024-08-30,SKU077,98
2024-08-31,SKU077,107
2024-09-01,SKU077,101
2024-09-02,SKU077,124
2024-09-03,SKU077,109
2024-09-04,SKU077,86
2024-09-05,SKU077,80
2024-09-06,SKU077,64
2024-09-07,SKU077,70
2024-09-08,SKU077,121
2024-09-09,SKU077,123
2024-09-10,SKU077,114
2024-09-11,SKU077,104
2024-09-12,SKU077,89
2024-09-13,SKU077,108
2024-09-14,SKU077,119
2024-09-15,SKU077,118
2024-09-16,SKU077,123
2024-09-17,SKU077,113
2024-09-18,SKU077,69
2024-09-19,SKU077,95
2024-09-20,SKU077,94
2024-09-21,SKU077,76
2024-09-22,SKU077,140
2024-09-23,SKU077,114
2024-09-24,SKU077,108
2024-09-25,SKU077,90
2024-09-26,SKU077,79
2024-09-27,SKU077,121
2024-09-28,SKU077,97
2024-09-29,SKU077,112
2024-09-30,SKU077,121
2024-10-01,SKU077,97
2024-10-02,SKU077,97
2024-10-03,SKU077,69
2024-10-04,SKU077,93
2024-10-05,SKU077,85
2024-10-06,SKU077,108
2024-10-07,SKU077,105
2024-10-08,SKU077,102
2024-10-09,SKU077,65
2024-10-10,SKU077,44
2024-10-11,SKU077,80
2024-10-12,SKU077,78
2024-10-13,SKU077,143
2024-10-14,SKU077,115
2024-10-15,SKU077,120
2024-10-16,SKU077,97
2024-10-17,SKU077,65
2024-10-18,SKU077,79
2024-10-19,SKU077,112
2024-10-20,SKU077,127
2024-10-21,SKU077,134
2024-10-22,SKU077,100
2024-10-23,SKU077,101
2024-10-24,SKU077,72
2024-10-25,SKU077,101
2024-10-26,SKU077,116
2024-10-27,SKU077,96
2024-10-28,SKU077,125
2024-10-29,SKU077,93
2024-10-30,SKU077,105
2024-10-31,SKU077,64
2024-11-01,SKU077,90
2024-11-02,SKU077,112
2024-11-03,SKU077,118
2024-11-04,SKU077,134
2024-11-05,SKU077,114
2024-11-06,SKU077,116
2024-11-07,SKU077,65
2024-11-08,SKU077,79
2024-11-09,SKU077,72
2024-11-10,SKU077,112
2024-11-11,SKU077,103
2024-11-12,SKU077,89
2024-11-13,SKU077,69
2024-11-14,SKU077,74
2024-11-15,SKU077,89
2024-11-16,SKU077,108
2024-11-17,SKU077,132
2024-11-18,SKU077,135
2024-11-19,SKU077,93
2024-11-20,SKU077,81
2024-11-21,SKU077,84
2024-11-22,SKU077,88
2024-11-23,SKU077,122
2024-11-24,SKU077,112
2024-11-25,SKU077,132
2024-11-26,SKU077,108
2024-11-27,SKU077,98
2024-11-28,SKU077,87
2024-11-29,SKU077,85
2024-11-30,SKU077,86
2024-12-01,SKU077,121
2024-12-02,SKU077,130
2024-12-03,SKU077,111
2024-12-04,SKU077,50
2024-12-05,SKU077,79
2024-12-06,SKU077,95
2024-12-07,SKU077,86
2024-12-08,SKU077,133
2024-12-09,SKU077,111
2024-12-10,SKU077,105
2024-12-11,SKU077,95
2024-12-12,SKU077,67
2024-12-13,SKU077,99
2024-12-14,SKU077,120
2024-12-15,SKU077,100
2024-12-16,SKU077,118
2024-12-17,SKU077,138
2024-12-18,SKU077,109
2024-12-19,SKU077,57
2024-12-20,SKU077,103
2024-12-21,SKU077,49
2024-12-22,SKU077,126
2024-12-23,SKU077,108
2024-12-24,SKU077,117
2024-12-25,SKU077,96
2024-12-26,SKU077,83
2024-12-27,SKU077,94
2024-12-28,SKU077,93
2024-12-29,SKU077,108
2024-12-30,SKU077,135
2024-12-31,SKU077,110
2025-01-01,SKU077,84
2025-01-02,SKU077,79
2025-01-03,SKU077,81
2025-01-04,SKU077,96
2025-01-05,SKU077,124
2025-01-06,SKU077,108
2025-01-07,SKU077,133
2025-01-08,SKU077,96
2025-01-09,SKU077,53
2025-01-10,SKU077,89
2025-01-11,SKU077,87
2025-01-12,SKU077,116
2025-01-13,SKU077,118
2025-01-14,SKU077,120
2025-01-15,SKU077,102
2025-01-16,SKU077,85
2025-01-17,SKU077,114
2025-01-18,SKU077,90
2025-01-19,SKU077,137
2025-01-20,SKU077,142
2025-01-21,SKU077,115
2025-01-22,SKU077,99
2025-01-23,SKU077,96
2025-01-24,SKU077,80
2025-01-25,SKU077,93
2025-01-26,SKU077,110
2025-01-27,SKU077,125
2025-01-28,SKU077,103
2025-01-29,SKU077,81
2025-01-30,SKU077,66
2025-01-31,SKU077,70
2025-02-01,SKU077,91
2025-02-02,SKU077,107
2025-02-03,SKU077,122
2025-02-04,SKU077,98
2025-02-05,SKU077,100
2025-02-06,SKU077,111
2025-02-07,SKU077,104
2025-02-08,SKU077,85
2025-02-09,SKU077,112
2025-02-10,SKU077,101
2025-02-11,SKU077,113
2025-02-12,SKU077,96
2025-02-13,SKU077,84
2025-02-14,SKU077,69
2025-02-15,SKU077,91
2025-02-16,SKU077,131
2025-02-17,SKU077,127
2025-02-18,SKU077,97
2025-02-19,SKU077,73
2025-02-20,SKU077,80
2025-02-21,SKU077,83
2025-02-22,SKU077,82
2025-02-23,SKU077,112
2025-02-24,SKU077,113
2025-02-25,SKU077,101
2025-02-26,SKU077,86
2025-02-27,SKU077,85
2025-02-28,SKU077,87
2025-03-01,SKU077,120
2025-03-02,SKU077,120
2025-03-03,SKU077,133
2025-03-04,SKU077,90
2025-03-05,SKU077,95
2025-03-06,SKU077,76
2025-03-07,SKU077,96
2025-03-08,SKU077,105
2025-03-09,SKU077,141
2025-03-10,SKU077,107
2025-03-11,SKU077,99
2025-03-12,SKU077,97
2025-03-13,SKU077,79
2025-03-14,SKU077,71
2025-03-15,SKU077,107
2025-03-16,SKU077,109
2025-03-17,SKU077,128
2025-03-18,SKU077,84
2025-03-19,SKU077,88
2025-03-20,SKU077,84
2025-03-21,SKU077,88
2025-03-22,SKU077,112
2025-03-23,SKU077,113
2025-03-24,SKU077,127
2025-03-25,SKU077,109
2025-03-26,SKU077,103
2025-03-27,SKU077,58
2025-03-28,SKU077,46
2025-03-29,SKU077,120
2025-03-30,SKU077,108
2025-03-31,SKU077,95
2025-04-01,SKU077,107
2025-04-02,SKU077,84
2025-04-03,SKU077,87
2025-04-04,SKU077,93
2025-04-05,SKU077,95
2025-04-06,SKU077,131
2025-04-07,SKU077,102
2025-04-08,SKU077,74
2025-04-09,SKU077,94
2025-04-10,SKU077,77
2025-04-11,SKU077,57
2025-04-12,SKU077,110
2025-04-13,SKU077,91
2025-04-14,SKU077,119
2025-04-15,SKU077,121
2025-04-16,SKU077,96
2025-04-17,SKU077,84
2025-04-18,SKU077,78
2025-04-19,SKU077,104
2025-04-20,SKU077,124
2025-04-21,SKU077,111
2025-04-22,SKU077,93
2025-04-23,SKU077,104
2025-04-24,SKU077,109
2025-04-25,SKU077,108
2025-04-26,SKU077,61
2025-04-27,SKU077,136
2025-04-28,SKU077,111
2025-04-29,SKU077,137
2025-04-30,SKU077,77
2025-05-01,SKU077,64
2025-05-02,SKU077,84
2025-05-03,SKU077,95
2025-05-04,SKU077,111
2025-05-05,SKU077,135
2025-05-06,SKU077,128
2025-05-07,SKU077,78
2025-05-08,SKU077,106
2025-05-09,SKU077,67
2025-05-10,SKU077,92
2025-05-11,SKU077,155
2025-05-12,SKU077,126
2025-05-13,SKU077,100
2025-05-14,SKU077,96
2025-05-15,SKU077,92
2025-05-16,SKU077,90
2025-05-17,SKU077,120
2025-05-18,SKU077,104
2025-05-19,SKU077,111
2025-05-20,SKU077,96
2025-05-21,SKU077,80
2025-05-22,SKU077,82
2025-05-23,SKU077,69
2025-05-24,SKU077,105
2025-05-25,SKU077,126
2025-05-26,SKU077,102
2025-05-27,SKU077,100
2025-05-28,SKU077,85
2025-05-29,SKU077,78
2025-05-30,SKU077,83
2025-05-31,SKU077,115
2025-06-01,SKU077,132
2025-06-02,SKU077,108
2025-06-03,SKU077,120
2025-06-04,SKU077,113
2025-06-05,SKU077,100
2025-06-06,SKU077,88
2025-06-07,SKU077,100
2025-06-08,SKU077,96
2025-06-09,SKU077,114
2025-06-10,SKU077,87
2025-06-11,SKU077,110
2025-06-12,SKU077,77
2025-06-13,SKU077,84
2025-06-14,SKU077,92
2025-06-15,SKU077,95
2025-06-16,SKU077,131
2025-06-17,SKU077,117
2025-06-18,SKU077,106
2025-06-19,SKU077,55
2025-06-20,SKU077,105
2025-06-21,SKU077,99
2025-06-22,SKU077,129
2025-06-23,SKU077,81
2025-06-24,SKU077,116
2025-06-25,SKU077,91
2025-06-26,SKU077,78
2025-06-27,SKU077,84
2025-06-28,SKU077,92
2025-06-29,SKU077,95
2025-06-30,SKU077,102
2025-07-01,SKU077,110
2025-07-02,SKU077,112
2025-07-03,SKU077,98
2025-07-04,SKU077,89
2025-07-05,SKU077,94
2024-06-01,SKU078,190
2024-06-02,SKU078,214
2024-06-03,SKU078,171
2024-06-04,SKU078,194
2024-06-05,SKU078,125
2024-06-06,SKU078,192
2024-06-07,SKU078,123
2024-06-08,SKU078,156
2024-06-09,SKU078,182
2024-06-10,SKU078,196
2024-06-11,SKU078,204
2024-06-12,SKU078,157
2024-06-13,SKU078,140
2024-06-14,SKU078,164
2024-06-15,SKU078,133
2024-06-16,SKU078,218
2024-06-17,SKU078,209
2024-06-18,SKU078,169
2024-06-19,SKU078,160
2024-06-20,SKU078,141
2024-06-21,SKU078,77
2024-06-22,SKU078,207
2024-06-23,SKU078,230
2024-06-24,SKU078,172
2024-06-25,SKU078,167
2024-06-26,SKU078,192
2024-06-27,SKU078,156
2024-06-28,SKU078,155
2024-06-29,SKU078,183
2024-06-30,SKU078,209
2024-07-01,SKU078,178
2024-07-02,SKU078,172
2024-07-03,SKU078,183
2024-07-04,SKU078,155
2024-07-05,SKU078,152
2024-07-06,SKU078,155
2024-07-07,SKU078,224
2024-07-08,SKU078,181
2024-07-09,SKU078,225
2024-07-10,SKU078,138
2024-07-11,SKU078,116
2024-07-12,SKU078,146
2024-07-13,SKU078,177
2024-07-14,SKU078,201
2024-07-15,SKU078,171
2024-07-16,SKU078,198
2024-07-17,SKU078,182
2024-07-18,SKU078,136
2024-07-19,SKU078,105
2024-07-20,SKU078,167
2024-07-21,SKU078,170
2024-07-22,SKU078,156
2024-07-23,SKU078,173
2024-07-24,SKU078,199
2024-07-25,SKU078,136
2024-07-26,SKU078,138
2024-07-27,SKU078,190
2024-07-28,SKU078,215
2024-07-29,SKU078,168
2024-07-30,SKU078,235
2024-07-31,SKU078,162
2024-08-01,SKU078,162
2024-08-02,SKU078,130
2024-08-03,SKU078,122
2024-08-04,SKU078,196
2024-08-05,SKU078,177
2024-08-06,SKU078,217
2024-08-07,SKU078,121
2024-08-08,SKU078,139
2024-08-09,SKU078,161
2024-08-10,SKU078,183
2024-08-11,SKU078,186
2024-08-12,SKU078,160
2024-08-13,SKU078,148
2024-08-14,SKU078,138
2024-08-15,SKU078,102
2024-08-16,SKU078,143
2024-08-17,SKU078,152
2024-08-18,SKU078,166
2024-08-19,SKU078,169
2024-08-20,SKU078,146
2024-08-21,SKU078,156
2024-08-22,SKU078,120
2024-08-23,SKU078,146
2024-08-24,SKU078,170
2024-08-25,SKU078,194
2024-08-26,SKU078,222
2024-08-27,SKU078,149
2024-08-28,SKU078,174
2024-08-29,SKU078,149
2024-08-30,SKU078,140
2024-08-31,SKU078,151
2024-09-01,SKU078,200
2024-09-02,SKU078,217
2024-09-03,SKU078,151
2024-09-04,SKU078,173
2024-09-05,SKU078,183
2024-09-06,SKU078,143
2024-09-07,SKU078,206
2024-09-08,SKU078,211
2024-09-09,SKU078,212
2024-09-10,SKU078,169
2024-09-11,SKU078,148
2024-09-12,SKU078,113
2024-09-13,SKU078,169
2024-09-14,SKU078,153
2024-09-15,SKU078,244
2024-09-16,SKU078,217
2024-09-17,SKU078,197
2024-09-18,SKU078,123
2024-09-19,SKU078,156
2024-09-20,SKU078,139
2024-09-21,SKU078,157
2024-09-22,SKU078,182
2024-09-23,SKU078,174
2024-09-24,SKU078,187
2024-09-25,SKU078,153
2024-09-26,SKU078,105
2024-09-27,SKU078,158
2024-09-28,SKU078,227
2024-09-29,SKU078,162
2024-09-30,SKU078,203
2024-10-01,SKU078,230
2024-10-02,SKU078,137
2024-10-03,SKU078,150
2024-10-04,SKU078,155
2024-10-05,SKU078,189
2024-10-06,SKU078,246
2024-10-07,SKU078,159
2024-10-08,SKU078,192
2024-10-09,SKU078,144
2024-10-10,SKU078,137
2024-10-11,SKU078,146
2024-10-12,SKU078,164
2024-10-13,SKU078,171
2024-10-14,SKU078,179
2024-10-15,SKU078,242
2024-10-16,SKU078,121
2024-10-17,SKU078,170
2024-10-18,SKU078,118
2024-10-19,SKU078,174
2024-10-20,SKU078,250
2024-10-21,SKU078,226
2024-10-22,SKU078,150
2024-10-23,SKU078,148
2024-10-24,SKU078,138
2024-10-25,SKU078,172
2024-10-26,SKU078,173
2024-10-27,SKU078,195
2024-10-28,SKU078,250
2024-10-29,SKU078,228
2024-10-30,SKU078,175
2024-10-31,SKU078,122
2024-11-01,SKU078,77
2024-11-02,SKU078,139
2024-11-03,SKU078,159
2024-11-04,SKU078,204
2024-11-05,SKU078,211
2024-11-06,SKU078,208
2024-11-07,SKU078,171
2024-11-08,SKU078,127
2024-11-09,SKU078,179
2024-11-10,SKU078,209
2024-11-11,SKU078,165
2024-11-12,SKU078,164
2024-11-13,SKU078,146
2024-11-14,SKU078,193
2024-11-15,SKU078,155
2024-11-16,SKU078,138
2024-11-17,SKU078,188
2024-11-18,SKU078,217
2024-11-19,SKU078,180
2024-11-20,SKU078,148
2024-11-21,SKU078,157
2024-11-22,SKU078,181
2024-11-23,SKU078,203
2024-11-24,SKU078,191
2024-11-25,SKU078,201
2024-11-26,SKU078,179
2024-11-27,SKU078,184
2024-11-28,SKU078,128
2024-11-29,SKU078,95
2024-11-30,SKU078,184
2024-12-01,SKU078,213
2024-12-02,SKU078,195
2024-12-03,SKU078,235
2024-12-04,SKU078,143
2024-12-05,SKU078,175
2024-12-06,SKU078,111
2024-12-07,SKU078,179
2024-12-08,SKU078,178
2024-12-09,SKU078,204
2024-12-10,SKU078,207
2024-12-11,SKU078,142
2024-12-12,SKU078,120
2024-12-13,SKU078,139
2024-12-14,SKU078,269
2024-12-15,SKU078,204
2024-12-16,SKU078,209
2024-12-17,SKU078,198
2024-12-18,SKU078,113
2024-12-19,SKU078,162
2024-12-20,SKU078,163
2024-12-21,SKU078,126
2024-12-22,SKU078,261
2024-12-23,SKU078,206
2024-12-24,SKU078,158
2024-12-25,SKU078,165
2024-12-26,SKU078,115
2024-12-27,SKU078,104
2024-12-28,SKU078,165
2024-12-29,SKU078,193
2024-12-30,SKU078,165
2024-12-31,SKU078,167
2025-01-01,SKU078,130
2025-01-02,SKU078,129
2025-01-03,SKU078,162
2025-01-04,SKU078,176
2025-01-05,SKU078,198
2025-01-06,SKU078,158
2025-01-07,SKU078,186
2025-01-08,SKU078,129
2025-01-09,SKU078,94
2025-01-10,SKU078,168
2025-01-11,SKU078,138
2025-01-12,SKU078,201
2025-01-13,SKU078,193
2025-01-14,SKU078,162
2025-01-15,SKU078,189
2025-01-16,SKU078,123
2025-01-17,SKU078,131
2025-01-18,SKU078,153
2025-01-19,SKU078,203
2025-01-20,SKU078,201
2025-01-21,SKU078,169
2025-01-22,SKU078,133
2025-01-23,SKU078,137
2025-01-24,SKU078,128
2025-01-25,SKU078,216
2025-01-26,SKU078,185
2025-01-27,SKU078,214
2025-01-28,SKU078,185
2025-01-29,SKU078,150
2025-01-30,SKU078,162
2025-01-31,SKU078,160
2025-02-01,SKU078,186
2025-02-02,SKU078,213
2025-02-03,SKU078,164
2025-02-04,SKU078,198
2025-02-05,SKU078,151
2025-02-06,SKU078,125
2025-02-07,SKU078,234
2025-02-08,SKU078,134
2025-02-09,SKU078,197
2025-02-10,SKU078,201
2025-02-11,SKU078,185
2025-02-12,SKU078,131
2025-02-13,SKU078,144
2025-02-14,SKU078,116
2025-02-15,SKU078,179
2025-02-16,SKU078,203
2025-02-17,SKU078,199
2025-02-18,SKU078,185
2025-02-19,SKU078,198
2025-02-20,SKU078,153
2025-02-21,SKU078,150
2025-02-22,SKU078,183
2025-02-23,SKU078,200
2025-02-24,SKU078,220
2025-02-25,SKU078,171
2025-02-26,SKU078,214
2025-02-27,SKU078,143
2025-02-28,SKU078,218
2025-03-01,SKU078,229
2025-03-02,SKU078,186
2025-03-03,SKU078,212
2025-03-04,SKU078,196
2025-03-05,SKU078,181
2025-03-06,SKU078,142
2025-03-07,SKU078,176
2025-03-08,SKU078,127
2025-03-09,SKU078,183
2025-03-10,SKU078,201
2025-03-11,SKU078,170
2025-03-12,SKU078,112
2025-03-13,SKU078,161
2025-03-14,SKU078,117
2025-03-15,SKU078,155
2025-03-16,SKU078,218
2025-03-17,SKU078,237
2025-03-18,SKU078,172
2025-03-19,SKU078,130
2025-03-20,SKU078,117
2025-03-21,SKU078,174
2025-03-22,SKU078,202
2025-03-23,SKU078,208
2025-03-24,SKU078,212
2025-03-25,SKU078,153
2025-03-26,SKU078,169
2025-03-27,SKU078,159
2025-03-28,SKU078,149
2025-03-29,SKU078,177
2025-03-30,SKU078,172
2025-03-31,SKU078,236
2025-04-01,SKU078,152
2025-04-02,SKU078,157
2025-04-03,SKU078,150
2025-04-04,SKU078,175
2025-04-05,SKU078,199
2025-04-06,SKU078,228
2025-04-07,SKU078,198
2025-04-08,SKU078,247
2025-04-09,SKU078,185
2025-04-10,SKU078,129
2025-04-11,SKU078,138
2025-04-12,SKU078,192
2025-04-13,SKU078,187
2025-04-14,SKU078,173
2025-04-15,SKU078,189
2025-04-16,SKU078,98
2025-04-17,SKU078,148
2025-04-18,SKU078,162
2025-04-19,SKU078,165
2025-04-20,SKU078,229
2025-04-21,SKU078,228
2025-04-22,SKU078,161
2025-04-23,SKU078,158
2025-04-24,SKU078,125
2025-04-25,SKU078,137
2025-04-26,SKU078,202
2025-04-27,SKU078,215
2025-04-28,SKU078,187
2025-04-29,SKU078,193
2025-04-30,SKU078,138
2025-05-01,SKU078,126
2025-05-02,SKU078,185
2025-05-03,SKU078,238
2025-05-04,SKU078,245
2025-05-05,SKU078,213
2025-05-06,SKU078,192
2025-05-07,SKU078,183
2025-05-08,SKU078,141
2025-05-09,SKU078,108
2025-05-10,SKU078,219
2025-05-11,SKU078,168
2025-05-12,SKU078,237
2025-05-13,SKU078,207
2025-05-14,SKU078,205
2025-05-15,SKU078,161
2025-05-16,SKU078,130
2025-05-17,SKU078,200
2025-05-18,SKU078,190
2025-05-19,SKU078,180
2025-05-20,SKU078,140
2025-05-21,SKU078,154
2025-05-22,SKU078,95
2025-05-23,SKU078,182
2025-05-24,SKU078,131
2025-05-25,SKU078,189
2025-05-26,SKU078,197
2025-05-27,SKU078,191
2025-05-28,SKU078,135
2025-05-29,SKU078,168
2025-05-30,SKU078,149
2025-05-31,SKU078,172
2025-06-01,SKU078,182
2025-06-02,SKU078,220
2025-06-03,SKU078,223
2025-06-04,SKU078,227
2025-06-05,SKU078,114
2025-06-06,SKU078,142
2025-06-07,SKU078,123
2025-06-08,SKU078,216
2025-06-09,SKU078,170
2025-06-10,SKU078,194
2025-06-11,SKU078,189
2025-06-12,SKU078,128
2025-06-13,SKU078,121
2025-06-14,SKU078,206
2025-06-15,SKU078,217
2025-06-16,SKU078,176
2025-06-17,SKU078,191
2025-06-18,SKU078,135
2025-06-19,SKU078,166
2025-06-20,SKU078,148
2025-06-21,SKU078,211
2025-06-22,SKU078,175
2025-06-23,SKU078,211
2025-06-24,SKU078,187
2025-06-25,SKU078,164
2025-06-26,SKU078,124
2025-06-27,SKU078,87
2025-06-28,SKU078,190
2025-06-29,SKU078,200
2025-06-30,SKU078,184
2025-07-01,SKU078,174
2025-07-02,SKU078,127
2025-07-03,SKU078,91
2025-07-04,SKU078,172
2025-07-05,SKU078,187
2024-06-01,SKU079,140
2024-06-02,SKU079,270
2024-06-03,SKU079,181
2024-06-04,SKU079,210
2024-06-05,SKU079,161
2024-06-06,SKU079,108
2024-06-07,SKU079,158
2024-06-08,SKU079,171
2024-06-09,SKU079,187
2024-06-10,SKU079,245
2024-06-11,SKU079,208
2024-06-12,SKU079,180
2024-06-13,SKU079,136
2024-06-14,SKU079,158
2024-06-15,SKU079,175
2024-06-16,SKU079,217
2024-06-17,SKU079,185
2024-06-18,SKU079,129
2024-06-19,SKU079,197
2024-06-20,SKU079,141
2024-06-21,SKU079,164
2024-06-22,SKU079,158
2024-06-23,SKU079,198
2024-06-24,SKU079,250
2024-06-25,SKU079,201
2024-06-26,SKU079,219
2024-06-27,SKU079,165
2024-06-28,SKU079,131
2024-06-29,SKU079,188
2024-06-30,SKU079,248
2024-07-01,SKU079,216
2024-07-02,SKU079,208
2024-07-03,SKU079,198
2024-07-04,SKU079,80
2024-07-05,SKU079,167
2024-07-06,SKU079,212
2024-07-07,SKU079,183
2024-07-08,SKU079,238
2024-07-09,SKU079,191
2024-07-10,SKU079,116
2024-07-11,SKU079,163
2024-07-12,SKU079,148
2024-07-13,SKU079,174
2024-07-14,SKU079,221
2024-07-15,SKU079,185
2024-07-16,SKU079,212
2024-07-17,SKU079,137
2024-07-18,SKU079,182
2024-07-19,SKU079,179
2024-07-20,SKU079,217
2024-07-21,SKU079,216
2024-07-22,SKU079,199
2024-07-23,SKU079,172
2024-07-24,SKU079,140
2024-07-25,SKU079,137
2024-07-26,SKU079,130
2024-07-27,SKU079,185
2024-07-28,SKU079,182
2024-07-29,SKU079,194
2024-07-30,SKU079,181
2024-07-31,SKU079,140
2024-08-01,SKU079,133
2024-08-02,SKU079,164
2024-08-03,SKU079,153
2024-08-04,SKU079,172
2024-08-05,SKU079,206
2024-08-06,SKU079,161
2024-08-07,SKU079,196
2024-08-08,SKU079,123
2024-08-09,SKU079,150
2024-08-10,SKU079,188
2024-08-11,SKU079,170
2024-08-12,SKU079,188
2024-08-13,SKU079,175
2024-08-14,SKU079,181
2024-08-15,SKU079,190
2024-08-16,SKU079,197
2024-08-17,SKU079,210
2024-08-18,SKU079,171
2024-08-19,SKU079,187
2024-08-20,SKU079,228
2024-08-21,SKU079,201
2024-08-22,SKU079,163
2024-08-23,SKU079,170
2024-08-24,SKU079,165
2024-08-25,SKU079,249
2024-08-26,SKU079,191
2024-08-27,SKU079,149
2024-08-28,SKU079,182
2024-08-29,SKU079,126
2024-08-30,SKU079,114
2024-08-31,SKU079,199
2024-09-01,SKU079,155
2024-09-02,SKU079,222
2024-09-03,SKU079,179
2024-09-04,SKU079,203
2024-09-05,SKU079,154
2024-09-06,SKU079,177
2024-09-07,SKU079,147
2024-09-08,SKU079,159
2024-09-09,SKU079,201
2024-09-10,SKU079,207
2024-09-11,SKU079,163
2024-09-12,SKU079,172
2024-09-13,SKU079,163
2024-09-14,SKU079,148
2024-09-15,SKU079,216
2024-09-16,SKU079,215
2024-09-17,SKU079,225
2024-09-18,SKU079,136
2024-09-19,SKU079,124
2024-09-20,SKU079,159
2024-09-21,SKU079,213
2024-09-22,SKU079,198
2024-09-23,SKU079,226
2024-09-24,SKU079,192
2024-09-25,SKU079,160
2024-09-26,SKU079,172
2024-09-27,SKU079,151
2024-09-28,SKU079,164
2024-09-29,SKU079,190
2024-09-30,SKU079,202
2024-10-01,SKU079,173
2024-10-02,SKU079,154
2024-10-03,SKU079,143
2024-10-04,SKU079,156
2024-10-05,SKU079,150
2024-10-06,SKU079,192
2024-10-07,SKU079,201
2024-10-08,SKU079,171
2024-10-09,SKU079,145
2024-10-10,SKU079,165
2024-10-11,SKU079,184
2024-10-12,SKU079,168
2024-10-13,SKU079,185
2024-10-14,SKU079,208
2024-10-15,SKU079,193
2024-10-16,SKU079,179
2024-10-17,SKU079,131
2024-10-18,SKU079,134
2024-10-19,SKU079,241
2024-10-20,SKU079,169
2024-10-21,SKU079,234
2024-10-22,SKU079,231
2024-10-23,SKU079,154
2024-10-24,SKU079,153
2024-10-25,SKU079,104
2024-10-26,SKU079,177
2024-10-27,SKU079,234
2024-10-28,SKU079,213
2024-10-29,SKU079,192
2024-10-30,SKU079,207
2024-10-31,SKU079,163
2024-11-01,SKU079,167
2024-11-02,SKU079,155
2024-11-03,SKU079,139
2024-11-04,SKU079,220
2024-11-05,SKU079,191
2024-11-06,SKU079,181
2024-11-07,SKU079,145
2024-11-08,SKU079,150
2024-11-09,SKU079,177
2024-11-10,SKU079,174
2024-11-11,SKU079,162
2024-11-12,SKU079,168
2024-11-13,SKU079,132
2024-11-14,SKU079,140
2024-11-15,SKU079,105
2024-11-16,SKU079,163
2024-11-17,SKU079,254
2024-11-18,SKU079,208
2024-11-19,SKU079,193
2024-11-20,SKU079,161
2024-11-21,SKU079,147
2024-11-22,SKU079,135
2024-11-23,SKU079,172
2024-11-24,SKU079,189
2024-11-25,SKU079,171
2024-11-26,SKU079,222
2024-11-27,SKU079,137
2024-11-28,SKU079,184
2024-11-29,SKU079,128
2024-11-30,SKU079,140
2024-12-01,SKU079,255
2024-12-02,SKU079,171
2024-12-03,SKU079,131
2024-12-04,SKU079,123
2024-12-05,SKU079,138
2024-12-06,SKU079,113
2024-12-07,SKU079,161
2024-12-08,SKU079,150
2024-12-09,SKU079,239
2024-12-10,SKU079,202
2024-12-11,SKU079,127
2024-12-12,SKU079,81
2024-12-13,SKU079,125
2024-12-14,SKU079,193
2024-12-15,SKU079,232
2024-12-16,SKU079,204
2024-12-17,SKU079,178
2024-12-18,SKU079,145
2024-12-19,SKU079,150
2024-12-20,SKU079,172
2024-12-21,SKU079,172
2024-12-22,SKU079,194
2024-12-23,SKU079,231
2024-12-24,SKU079,231
2024-12-25,SKU079,153
2024-12-26,SKU079,144
2024-12-27,SKU079,129
2024-12-28,SKU079,178
2024-12-29,SKU079,179
2024-12-30,SKU079,248
2024-12-31,SKU079,215
2025-01-01,SKU079,207
2025-01-02,SKU079,127
2025-01-03,SKU079,203
2025-01-04,SKU079,182
2025-01-05,SKU079,200
2025-01-06,SKU079,244
2025-01-07,SKU079,164
2025-01-08,SKU079,162
2025-01-09,SKU079,138
2025-01-10,SKU079,160
2025-01-11,SKU079,164
2025-01-12,SKU079,189
2025-01-13,SKU079,200
2025-01-14,SKU079,184
2025-01-15,SKU079,163
2025-01-16,SKU079,176
2025-01-17,SKU079,92
2025-01-18,SKU079,196
2025-01-19,SKU079,191
2025-01-20,SKU079,206
2025-01-21,SKU079,163
2025-01-22,SKU079,162
2025-01-23,SKU079,131
2025-01-24,SKU079,143
2025-01-25,SKU079,191
2025-01-26,SKU079,220
2025-01-27,SKU079,248
2025-01-28,SKU079,176
2025-01-29,SKU079,179
2025-01-30,SKU079,158
2025-01-31,SKU079,151
2025-02-01,SKU079,220
2025-02-02,SKU079,187
2025-02-03,SKU079,214
2025-02-04,SKU079,199
2025-02-05,SKU079,129
2025-02-06,SKU079,175
2025-02-07,SKU079,146
2025-02-08,SKU079,188
2025-02-09,SKU079,245
2025-02-10,SKU079,216
2025-02-11,SKU079,192
2025-02-12,SKU079,162
2025-02-13,SKU079,115
2025-02-14,SKU079,138
2025-02-15,SKU079,172
2025-02-16,SKU079,206
2025-02-17,SKU079,247
2025-02-18,SKU079,216
2025-02-19,SKU079,145
2025-02-20,SKU079,141
2025-02-21,SKU079,185
2025-02-22,SKU079,130
2025-02-23,SKU079,198
2025-02-24,SKU079,176
2025-02-25,SKU079,256
2025-02-26,SKU079,181
2025-02-27,SKU079,129
2025-02-28,SKU079,148
2025-03-01,SKU079,154
2025-03-02,SKU079,256
2025-03-03,SKU079,150
2025-03-04,SKU079,200
2025-03-05,SKU079,159
2025-03-06,SKU079,115
2025-03-07,SKU079,142
2025-03-08,SKU079,133
2025-03-09,SKU079,245
2025-03-10,SKU079,211
2025-03-11,SKU079,215
2025-03-12,SKU079,148
2025-03-13,SKU079,177
2025-03-14,SKU079,149
2025-03-15,SKU079,204
2025-03-16,SKU079,219
2025-03-17,SKU079,209
2025-03-18,SKU079,218
2025-03-19,SKU079,271
2025-03-20,SKU079,112
2025-03-21,SKU079,145
2025-03-22,SKU079,142
2025-03-23,SKU079,214
2025-03-24,SKU079,216
2025-03-25,SKU079,243
2025-03-26,SKU079,154
2025-03-27,SKU079,167
2025-03-28,SKU079,94
2025-03-29,SKU079,180
2025-03-30,SKU079,181
2025-03-31,SKU079,226
2025-04-01,SKU079,222
2025-04-02,SKU079,145
2025-04-03,SKU079,156
2025-04-04,SKU079,139
2025-04-05,SKU079,177
2025-04-06,SKU079,214
2025-04-07,SKU079,184
2025-04-08,SKU079,165
2025-04-09,SKU079,184
2025-04-10,SKU079,124
2025-04-11,SKU079,182
2025-04-12,SKU079,129
2025-04-13,SKU079,228
2025-04-14,SKU079,211
2025-04-15,SKU079,189
2025-04-16,SKU079,165
2025-04-17,SKU079,104
2025-04-18,SKU079,178
2025-04-19,SKU079,165
2025-04-20,SKU079,181
2025-04-21,SKU079,267
2025-04-22,SKU079,182
2025-04-23,SKU079,138
2025-04-24,SKU079,163
2025-04-25,SKU079,155
2025-04-26,SKU079,203
2025-04-27,SKU079,206
2025-04-28,SKU079,236
2025-04-29,SKU079,245
2025-04-30,SKU079,141
2025-05-01,SKU079,130
2025-05-02,SKU079,106
2025-05-03,SKU079,186
2025-05-04,SKU079,207
2025-05-05,SKU079,244
2025-05-06,SKU079,191
2025-05-07,SKU079,159
2025-05-08,SKU079,147
2025-05-09,SKU079,142
2025-05-10,SKU079,186
2025-05-11,SKU079,209
2025-05-12,SKU079,225
2025-05-13,SKU079,185
2025-05-14,SKU079,175
2025-05-15,SKU079,158
2025-05-16,SKU079,140
2025-05-17,SKU079,174
2025-05-18,SKU079,199
2025-05-19,SKU079,178
2025-05-20,SKU079,178
2025-05-21,SKU079,181
2025-05-22,SKU079,164
2025-05-23,SKU079,157
2025-05-24,SKU079,149
2025-05-25,SKU079,229
2025-05-26,SKU079,259
2025-05-27,SKU079,207
2025-05-28,SKU079,161
2025-05-29,SKU079,119
2025-05-30,SKU079,148
2025-05-31,SKU079,163
2025-06-01,SKU079,198
2025-06-02,SKU079,244
2025-06-03,SKU079,215
2025-06-04,SKU079,152
2025-06-05,SKU079,144
2025-06-06,SKU079,148
2025-06-07,SKU079,165
2025-06-08,SKU079,168
2025-06-09,SKU079,232
2025-06-10,SKU079,222
2025-06-11,SKU079,145
2025-06-12,SKU079,124
2025-06-13,SKU079,172
2025-06-14,SKU079,158
2025-06-15,SKU079,167
2025-06-16,SKU079,199
2025-06-17,SKU079,227
2025-06-18,SKU079,147
2025-06-19,SKU079,125
2025-06-20,SKU079,136
2025-06-21,SKU079,146
2025-06-22,SKU079,169
2025-06-23,SKU079,203
2025-06-24,SKU079,154
2025-06-25,SKU079,150
2025-06-26,SKU079,149
2025-06-27,SKU079,158
2025-06-28,SKU079,172
2025-06-29,SKU079,172
2025-06-30,SKU079,199
2025-07-01,SKU079,200
2025-07-02,SKU079,177
2025-07-03,SKU079,134
2025-07-04,SKU079,130
2025-07-05,SKU079,178
