Fecha,Tienda,Unidades Vendidas,Precio,Promo,Stock,Lead Time
01/01/2023,Tienda 01,132,2990,0,3868,8
02/01/2023,Tienda 01,102,2990,0,3766,11
03/01/2023,Tienda 01,123,2990,0,3643,10
04/01/2023,Tienda 01,114,2990,0,3529,10
05/01/2023,Tienda 01,130,2990,0,3399,10
06/01/2023,Tienda 01,150,2990,0,3249,9
07/01/2023,Tienda 01,149,2990,0,3100,11
08/01/2023,Tienda 01,146,2990,0,2954,5
09/01/2023,Tienda 01,118,2990,0,2836,5
10/01/2023,Tienda 01,121,2990,0,2715,11
11/01/2023,Tienda 01,131,2990,0,2584,8
12/01/2023,Tienda 01,130,2990,0,2454,5
13/01/2023,Tienda 01,146,2990,0,2308,7
14/01/2023,Tienda 01,156,2990,0,2152,7
15/01/2023,Tienda 01,150,2990,0,2002,9
16/01/2023,Tienda 01,134,2990,0,1868,8
17/01/2023,Tienda 01,134,2990,0,1734,10
18/01/2023,Tienda 01,130,2990,0,1604,10
19/01/2023,Tienda 01,138,2990,0,1466,9
20/01/2023,Tienda 01,154,2990,0,1312,5
21/01/2023,Tienda 01,160,2990,0,4752,8
22/01/2023,Tienda 01,150,2990,0,4602,9
23/01/2023,Tienda 01,129,2990,0,4473,6
24/01/2023,Tienda 01,141,2990,0,4332,5
25/01/2023,Tienda 01,129,2990,0,4203,9
26/01/2023,Tienda 01,140,2990,0,4063,9
27/01/2023,Tienda 01,154,2990,0,3909,7
28/01/2023,Tienda 01,156,2990,0,3753,8
29/01/2023,Tienda 01,148,2990,0,3605,10
30/01/2023,Tienda 01,136,2990,0,3469,5
31/01/2023,Tienda 01,131,2990,0,3338,8
01/02/2023,Tienda 01,133,2990,0,3205,10
02/02/2023,Tienda 01,130,2990,0,3075,7
03/02/2023,Tienda 01,198,2542,1,2877,5
04/02/2023,Tienda 01,157,2990,0,2720,11
05/02/2023,Tienda 01,166,2990,0,2554,8
06/02/2023,Tienda 01,137,2990,0,2417,6
07/02/2023,Tienda 01,122,2990,0,2295,7
08/02/2023,Tienda 01,168,2542,1,2127,7
09/02/2023,Tienda 01,130,2990,0,1997,11
10/02/2023,Tienda 01,177,2990,0,1820,6
11/02/2023,Tienda 01,156,2990,0,1664,10
12/02/2023,Tienda 01,156,2990,0,1508,8
13/02/2023,Tienda 01,124,2990,0,1384,11
14/02/2023,Tienda 01,143,2990,0,1241,8
15/02/2023,Tienda 01,142,2990,0,4699,6
16/02/2023,Tienda 01,144,2990,0,4555,7
17/02/2023,Tienda 01,165,2990,0,4390,9
18/02/2023,Tienda 01,220,2542,1,4170,10
19/02/2023,Tienda 01,176,2990,0,3994,5
20/02/2023,Tienda 01,157,2990,0,3837,6
21/02/2023,Tienda 01,135,2990,0,3702,9
22/02/2023,Tienda 01,131,2990,0,3571,9
23/02/2023,Tienda 01,173,2542,1,3398,9
24/02/2023,Tienda 01,173,2990,0,3225,5
25/02/2023,Tienda 01,199,2990,0,3026,5
26/02/2023,Tienda 01,162,2990,0,2864,8
27/02/2023,Tienda 01,137,2990,0,2727,8
28/02/2023,Tienda 01,140,2990,0,2587,6
01/03/2023,Tienda 01,147,2990,0,2440,5
02/03/2023,Tienda 01,136,2990,0,2304,7
03/03/2023,Tienda 01,172,2990,0,2132,5
04/03/2023,Tienda 01,174,2990,0,1958,7
05/03/2023,Tienda 01,162,2990,0,1796,5
06/03/2023,Tienda 01,184,2542,1,1612,8
07/03/2023,Tienda 01,155,2990,0,1457,7
08/03/2023,Tienda 01,156,2990,0,1301,9
09/03/2023,Tienda 01,147,2990,0,4754,7
10/03/2023,Tienda 01,179,2990,0,4575,8
11/03/2023,Tienda 01,162,2990,0,4413,5
12/03/2023,Tienda 01,190,2990,0,4223,10
13/03/2023,Tienda 01,151,2990,0,4072,11
14/03/2023,Tienda 01,151,2990,0,3921,7
15/03/2023,Tienda 01,153,2990,0,3768,9
16/03/2023,Tienda 01,151,2990,0,3617,5
17/03/2023,Tienda 01,192,2990,0,3425,11
18/03/2023,Tienda 01,174,2990,0,3251,10
19/03/2023,Tienda 01,165,2990,0,3086,6
20/03/2023,Tienda 01,156,2990,0,2930,7
21/03/2023,Tienda 01,148,2990,0,2782,11
22/03/2023,Tienda 01,208,2542,1,2574,6
23/03/2023,Tienda 01,130,2990,0,2444,5
24/03/2023,Tienda 01,169,2990,0,2275,10
25/03/2023,Tienda 01,174,2990,0,2101,9
26/03/2023,Tienda 01,164,2990,0,1937,10
27/03/2023,Tienda 01,155,2990,0,1782,5
28/03/2023,Tienda 01,147,2990,0,1635,5
29/03/2023,Tienda 01,163,2990,0,1472,8
30/03/2023,Tienda 01,143,2990,0,1329,8
31/03/2023,Tienda 01,179,2990,0,4750,5
01/04/2023,Tienda 01,231,2542,1,4519,10
02/04/2023,Tienda 01,195,2990,0,4324,7
03/04/2023,Tienda 01,147,2990,0,4177,8
04/04/2023,Tienda 01,153,2990,0,4024,8
05/04/2023,Tienda 01,188,2542,1,3836,6
06/04/2023,Tienda 01,148,2990,0,3688,10
07/04/2023,Tienda 01,172,2990,0,3516,5
08/04/2023,Tienda 01,176,2990,0,3340,7
09/04/2023,Tienda 01,163,2990,0,3177,8
10/04/2023,Tienda 01,139,2990,0,3038,6
11/04/2023,Tienda 01,177,2990,0,2861,11
12/04/2023,Tienda 01,153,2990,0,2708,5
13/04/2023,Tienda 01,140,2990,0,2568,11
14/04/2023,Tienda 01,180,2990,0,2388,6
15/04/2023,Tienda 01,175,2990,0,2213,8
16/04/2023,Tienda 01,226,2542,1,1987,5
17/04/2023,Tienda 01,144,2990,0,1843,8
18/04/2023,Tienda 01,150,2990,0,1693,9
19/04/2023,Tienda 01,149,2990,0,1544,10
20/04/2023,Tienda 01,151,2990,0,1393,11
21/04/2023,Tienda 01,202,2990,0,4791,6
22/04/2023,Tienda 01,178,2990,0,4613,6
23/04/2023,Tienda 01,216,2542,1,4397,5
24/04/2023,Tienda 01,197,2542,1,4200,10
25/04/2023,Tienda 01,201,2542,1,3999,10
26/04/2023,Tienda 01,143,2990,0,3856,11
27/04/2023,Tienda 01,148,2990,0,3708,9
28/04/2023,Tienda 01,171,2990,0,3537,10
29/04/2023,Tienda 01,187,2990,0,3350,10
30/04/2023,Tienda 01,174,2990,0,3176,8
01/05/2023,Tienda 01,143,2990,0,3033,8
02/05/2023,Tienda 01,162,2990,0,2871,8
03/05/2023,Tienda 01,154,2990,0,2717,10
04/05/2023,Tienda 01,135,2990,0,2582,7
05/05/2023,Tienda 01,184,2990,0,2398,9
06/05/2023,Tienda 01,182,2990,0,2216,11
07/05/2023,Tienda 01,187,2990,0,2029,8
08/05/2023,Tienda 01,141,2990,0,1888,9
09/05/2023,Tienda 01,137,2990,0,1751,6
10/05/2023,Tienda 01,151,2990,0,1600,10
11/05/2023,Tienda 01,144,2990,0,1456,11
12/05/2023,Tienda 01,237,2542,1,1219,9
13/05/2023,Tienda 01,204,2542,1,4615,10
14/05/2023,Tienda 01,163,2990,0,4452,5
15/05/2023,Tienda 01,148,2990,0,4304,11
16/05/2023,Tienda 01,142,2990,0,4162,10
17/05/2023,Tienda 01,135,2990,0,4027,8
18/05/2023,Tienda 01,152,2990,0,3875,9
19/05/2023,Tienda 01,144,2990,0,3731,9
20/05/2023,Tienda 01,169,2990,0,3562,8
21/05/2023,Tienda 01,145,2990,0,3417,5
22/05/2023,Tienda 01,166,2542,1,3251,11
23/05/2023,Tienda 01,184,2542,1,3067,10
24/05/2023,Tienda 01,146,2990,0,2921,7
25/05/2023,Tienda 01,140,2990,0,2781,10
26/05/2023,Tienda 01,154,2990,0,2627,10
27/05/2023,Tienda 01,160,2990,0,2467,11
28/05/2023,Tienda 01,151,2990,0,2316,6
29/05/2023,Tienda 01,151,2990,0,2165,6
30/05/2023,Tienda 01,138,2990,0,2027,8
31/05/2023,Tienda 01,136,2990,0,1891,9
01/06/2023,Tienda 01,143,2990,0,1748,11
02/06/2023,Tienda 01,229,2542,1,1519,11
03/06/2023,Tienda 01,174,2990,0,1345,9
04/06/2023,Tienda 01,159,2990,0,4786,5
05/06/2023,Tienda 01,121,2990,0,4665,8
06/06/2023,Tienda 01,125,2990,0,4540,5
07/06/2023,Tienda 01,135,2990,0,4405,7
08/06/2023,Tienda 01,149,2542,1,4256,5
09/06/2023,Tienda 01,159,2990,0,4097,11
10/06/2023,Tienda 01,202,2542,1,3895,9
11/06/2023,Tienda 01,159,2990,0,3736,5
12/06/2023,Tienda 01,128,2990,0,3608,10
13/06/2023,Tienda 01,126,2990,0,3482,10
14/06/2023,Tienda 01,126,2990,0,3356,5
15/06/2023,Tienda 01,148,2542,1,3208,5
16/06/2023,Tienda 01,137,2990,0,3071,7
17/06/2023,Tienda 01,203,2542,1,2868,10
18/06/2023,Tienda 01,152,2990,0,2716,10
19/06/2023,Tienda 01,126,2990,0,2590,9
20/06/2023,Tienda 01,125,2990,0,2465,8
21/06/2023,Tienda 01,117,2990,0,2348,10
22/06/2023,Tienda 01,111,2990,0,2237,5
23/06/2023,Tienda 01,154,2990,0,2083,6
24/06/2023,Tienda 01,133,2990,0,1950,8
25/06/2023,Tienda 01,150,2990,0,1800,5
26/06/2023,Tienda 01,105,2990,0,1695,7
27/06/2023,Tienda 01,154,2542,1,1541,6
28/06/2023,Tienda 01,116,2990,0,1425,8
29/06/2023,Tienda 01,124,2990,0,1301,10
30/06/2023,Tienda 01,155,2990,0,4746,8
01/07/2023,Tienda 01,152,2990,0,4594,7
02/07/2023,Tienda 01,152,2990,0,4442,6
03/07/2023,Tienda 01,123,2990,0,4319,6
04/07/2023,Tienda 01,139,2990,0,4180,11
05/07/2023,Tienda 01,129,2990,0,4051,5
06/07/2023,Tienda 01,121,2990,0,3930,7
07/07/2023,Tienda 01,130,2990,0,3800,9
08/07/2023,Tienda 01,118,2990,0,3682,9
09/07/2023,Tienda 01,175,2542,1,3507,7
10/07/2023,Tienda 01,126,2990,0,3381,5
11/07/2023,Tienda 01,111,2990,0,3270,9
12/07/2023,Tienda 01,116,2990,0,3154,9
13/07/2023,Tienda 01,124,2990,0,3030,7
14/07/2023,Tienda 01,134,2990,0,2896,8
15/07/2023,Tienda 01,147,2990,0,2749,7
16/07/2023,Tienda 01,138,2990,0,2611,10
17/07/2023,Tienda 01,105,2990,0,2506,8
18/07/2023,Tienda 01,103,2990,0,2403,7
19/07/2023,Tienda 01,151,2542,1,2252,8
20/07/2023,Tienda 01,114,2990,0,2138,5
21/07/2023,Tienda 01,127,2990,0,2011,6
22/07/2023,Tienda 01,112,2990,0,1899,11
23/07/2023,Tienda 01,114,2990,0,1785,5
24/07/2023,Tienda 01,117,2990,0,1668,6
25/07/2023,Tienda 01,112,2542,1,1556,9
26/07/2023,Tienda 01,131,2990,0,1425,8
27/07/2023,Tienda 01,112,2990,0,1313,10
28/07/2023,Tienda 01,123,2990,0,4790,11
29/07/2023,Tienda 01,171,2542,1,4619,9
30/07/2023,Tienda 01,131,2990,0,4488,9
31/07/2023,Tienda 01,121,2990,0,4367,6
01/08/2023,Tienda 01,96,2990,0,4271,10
02/08/2023,Tienda 01,118,2990,0,4153,11
03/08/2023,Tienda 01,118,2990,0,4035,10
04/08/2023,Tienda 01,137,2990,0,3898,10
05/08/2023,Tienda 01,113,2990,0,3785,6
06/08/2023,Tienda 01,143,2542,1,3642,11
07/08/2023,Tienda 01,97,2990,0,3545,11
08/08/2023,Tienda 01,94,2990,0,3451,9
09/08/2023,Tienda 01,94,2990,0,3357,10
10/08/2023,Tienda 01,99,2990,0,3258,9
11/08/2023,Tienda 01,121,2990,0,3137,10
12/08/2023,Tienda 01,125,2990,0,3012,7
13/08/2023,Tienda 01,123,2990,0,2889,8
14/08/2023,Tienda 01,99,2990,0,2790,10
15/08/2023,Tienda 01,92,2990,0,2698,5
16/08/2023,Tienda 01,90,2990,0,2608,10
17/08/2023,Tienda 01,102,2990,0,2506,9
18/08/2023,Tienda 01,124,2990,0,2382,9
19/08/2023,Tienda 01,114,2990,0,2268,9
20/08/2023,Tienda 01,117,2990,0,2151,11
21/08/2023,Tienda 01,96,2990,0,2055,7
22/08/2023,Tienda 01,99,2990,0,1956,6
23/08/2023,Tienda 01,109,2990,0,1847,11
24/08/2023,Tienda 01,100,2990,0,1747,8
25/08/2023,Tienda 01,102,2990,0,1645,9
26/08/2023,Tienda 01,120,2990,0,1525,10
27/08/2023,Tienda 01,101,2990,0,1424,9
28/08/2023,Tienda 01,110,2990,0,1314,8
29/08/2023,Tienda 01,97,2990,0,1217,10
30/08/2023,Tienda 01,90,2990,0,4727,10
31/08/2023,Tienda 01,82,2990,0,4645,8
01/09/2023,Tienda 01,119,2990,0,4526,10
02/09/2023,Tienda 01,93,2990,0,4433,6
03/09/2023,Tienda 01,122,2990,0,4311,7
04/09/2023,Tienda 01,87,2990,0,4224,6
05/09/2023,Tienda 01,97,2990,0,4127,11
06/09/2023,Tienda 01,98,2990,0,4029,7
07/09/2023,Tienda 01,79,2990,0,3950,5
08/09/2023,Tienda 01,101,2990,0,3849,10
09/09/2023,Tienda 01,111,2990,0,3738,10
10/09/2023,Tienda 01,122,2990,0,3616,6
11/09/2023,Tienda 01,122,2542,1,3494,11
12/09/2023,Tienda 01,96,2990,0,3398,10
13/09/2023,Tienda 01,104,2990,0,3294,7
14/09/2023,Tienda 01,68,2990,0,3226,8
15/09/2023,Tienda 01,104,2990,0,3122,7
16/09/2023,Tienda 01,104,2990,0,3018,5
17/09/2023,Tienda 01,96,2990,0,2922,6
18/09/2023,Tienda 01,123,2542,1,2799,8
19/09/2023,Tienda 01,110,2990,0,2689,10
20/09/2023,Tienda 01,87,2990,0,2602,8
21/09/2023,Tienda 01,74,2990,0,2528,5
22/09/2023,Tienda 01,103,2990,0,2425,6
23/09/2023,Tienda 01,123,2990,0,2302,8
24/09/2023,Tienda 01,144,2542,1,2158,8
25/09/2023,Tienda 01,92,2990,0,2066,5
26/09/2023,Tienda 01,87,2990,0,1979,11
27/09/2023,Tienda 01,81,2990,0,1898,11
28/09/2023,Tienda 01,89,2990,0,1809,7
29/09/2023,Tienda 01,111,2990,0,1698,6
30/09/2023,Tienda 01,82,2990,0,1616,6
01/10/2023,Tienda 01,99,2990,0,1517,9
02/10/2023,Tienda 01,98,2990,0,1419,6
03/10/2023,Tienda 01,94,2990,0,1325,6
04/10/2023,Tienda 01,94,2990,0,1231,9
05/10/2023,Tienda 01,96,2990,0,4735,10
06/10/2023,Tienda 01,101,2990,0,4634,6
07/10/2023,Tienda 01,102,2990,0,4532,10
08/10/2023,Tienda 01,114,2990,0,4418,7
09/10/2023,Tienda 01,86,2990,0,4332,5
10/10/2023,Tienda 01,88,2990,0,4244,5
11/10/2023,Tienda 01,83,2990,0,4161,5
12/10/2023,Tienda 01,95,2542,1,4066,9
13/10/2023,Tienda 01,105,2990,0,3961,5
14/10/2023,Tienda 01,105,2990,0,3856,10
15/10/2023,Tienda 01,117,2990,0,3739,5
16/10/2023,Tienda 01,82,2990,0,3657,11
17/10/2023,Tienda 01,97,2990,0,3560,7
18/10/2023,Tienda 01,125,2542,1,3435,7
19/10/2023,Tienda 01,117,2542,1,3318,11
20/10/2023,Tienda 01,93,2990,0,3225,7
21/10/2023,Tienda 01,99,2990,0,3126,8
22/10/2023,Tienda 01,119,2990,0,3007,9
23/10/2023,Tienda 01,83,2990,0,2924,6
24/10/2023,Tienda 01,95,2990,0,2829,6
25/10/2023,Tienda 01,110,2542,1,2719,11
26/10/2023,Tienda 01,93,2990,0,2626,9
27/10/2023,Tienda 01,112,2990,0,2514,5
28/10/2023,Tienda 01,150,2542,1,2364,10
29/10/2023,Tienda 01,122,2542,1,2242,5
30/10/2023,Tienda 01,105,2990,0,2137,6
31/10/2023,Tienda 01,95,2990,0,2042,9
01/11/2023,Tienda 01,111,2990,0,1931,8
02/11/2023,Tienda 01,86,2990,0,1845,6
03/11/2023,Tienda 01,109,2990,0,1736,8
04/11/2023,Tienda 01,129,2990,0,1607,8
05/11/2023,Tienda 01,104,2990,0,1503,6
06/11/2023,Tienda 01,100,2990,0,1403,7
07/11/2023,Tienda 01,102,2990,0,1301,9
08/11/2023,Tienda 01,128,2542,1,4773,7
09/11/2023,Tienda 01,97,2990,0,4676,9
10/11/2023,Tienda 01,131,2990,0,4545,6
11/11/2023,Tienda 01,128,2990,0,4417,5
12/11/2023,Tienda 01,115,2990,0,4302,11
13/11/2023,Tienda 01,87,2990,0,4215,5
14/11/2023,Tienda 01,86,2990,0,4129,6
15/11/2023,Tienda 01,127,2542,1,4002,8
16/11/2023,Tienda 01,99,2990,0,3903,11
17/11/2023,Tienda 01,118,2990,0,3785,7
18/11/2023,Tienda 01,116,2990,0,3669,8
19/11/2023,Tienda 01,142,2542,1,3527,5
20/11/2023,Tienda 01,83,2990,0,3444,7
21/11/2023,Tienda 01,141,2542,1,3303,6
22/11/2023,Tienda 01,102,2990,0,3201,6
23/11/2023,Tienda 01,91,2990,0,3110,8
24/11/2023,Tienda 01,133,2990,0,2977,7
25/11/2023,Tienda 01,120,2990,0,2857,10
26/11/2023,Tienda 01,124,2990,0,2733,11
27/11/2023,Tienda 01,129,2542,1,2604,7
28/11/2023,Tienda 01,98,2990,0,2506,8
29/11/2023,Tienda 01,100,2990,0,2406,6
30/11/2023,Tienda 01,94,2990,0,2312,9
01/12/2023,Tienda 01,138,2990,0,2174,11
02/12/2023,Tienda 01,113,2990,0,2061,11
03/12/2023,Tienda 01,107,2990,0,1954,9
04/12/2023,Tienda 01,105,2990,0,1849,11
05/12/2023,Tienda 01,81,2990,0,1768,8
06/12/2023,Tienda 01,97,2990,0,1671,10
07/12/2023,Tienda 01,101,2990,0,1570,11
08/12/2023,Tienda 01,180,2542,1,1390,10
09/12/2023,Tienda 01,125,2990,0,1265,6
10/12/2023,Tienda 01,146,2990,0,4719,11
11/12/2023,Tienda 01,111,2990,0,4608,9
12/12/2023,Tienda 01,119,2990,0,4489,7
13/12/2023,Tienda 01,120,2990,0,4369,9
14/12/2023,Tienda 01,120,2990,0,4249,11
15/12/2023,Tienda 01,135,2990,0,4114,10
16/12/2023,Tienda 01,137,2990,0,3977,5
17/12/2023,Tienda 01,140,2990,0,3837,10
18/12/2023,Tienda 01,147,2542,1,3690,6
19/12/2023,Tienda 01,107,2990,0,3583,8
20/12/2023,Tienda 01,110,2990,0,3473,6
21/12/2023,Tienda 01,114,2990,0,3359,5
22/12/2023,Tienda 01,143,2990,0,3216,5
23/12/2023,Tienda 01,119,2990,0,3097,11
24/12/2023,Tienda 01,135,2990,0,2962,5
25/12/2023,Tienda 01,117,2990,0,2845,10
26/12/2023,Tienda 01,107,2990,0,2738,11
27/12/2023,Tienda 01,107,2990,0,2631,7
28/12/2023,Tienda 01,114,2990,0,2517,5
29/12/2023,Tienda 01,166,2542,1,2351,10
30/12/2023,Tienda 01,137,2990,0,2214,9
31/12/2023,Tienda 01,139,2990,0,2075,5
01/01/2024,Tienda 01,112,3110,0,1963,10
02/01/2024,Tienda 01,106,3110,0,1857,10
03/01/2024,Tienda 01,120,3110,0,1737,7
04/01/2024,Tienda 01,116,3110,0,1621,7
05/01/2024,Tienda 01,132,3110,0,1489,5
06/01/2024,Tienda 01,135,3110,0,1354,9
07/01/2024,Tienda 01,151,3110,0,1203,6
08/01/2024,Tienda 01,134,3110,0,4669,5
09/01/2024,Tienda 01,115,3110,0,4554,10
10/01/2024,Tienda 01,138,3110,0,4416,7
11/01/2024,Tienda 01,117,3110,0,4299,6
12/01/2024,Tienda 01,143,3110,0,4156,7
13/01/2024,Tienda 01,148,3110,0,4008,8
14/01/2024,Tienda 01,148,3110,0,3860,7
15/01/2024,Tienda 01,132,3110,0,3728,5
16/01/2024,Tienda 01,144,3110,0,3584,6
17/01/2024,Tienda 01,118,3110,0,3466,6
18/01/2024,Tienda 01,138,3110,0,3328,7
19/01/2024,Tienda 01,161,3110,0,3167,5
20/01/2024,Tienda 01,165,3110,0,3002,11
21/01/2024,Tienda 01,157,3110,0,2845,7
22/01/2024,Tienda 01,135,3110,0,2710,10
23/01/2024,Tienda 01,136,3110,0,2574,10
24/01/2024,Tienda 01,121,3110,0,2453,8
25/01/2024,Tienda 01,128,3110,0,2325,5
26/01/2024,Tienda 01,157,3110,0,2168,9
27/01/2024,Tienda 01,159,3110,0,2009,10
28/01/2024,Tienda 01,157,3110,0,1852,10
29/01/2024,Tienda 01,132,3110,0,1720,5
30/01/2024,Tienda 01,184,2643,1,1536,10
31/01/2024,Tienda 01,134,3110,0,1402,5
01/02/2024,Tienda 01,142,3110,0,1260,9
02/02/2024,Tienda 01,171,3110,0,4689,7
03/02/2024,Tienda 01,148,3110,0,4541,5
04/02/2024,Tienda 01,147,3110,0,4394,8
05/02/2024,Tienda 01,144,3110,0,4250,11
06/02/2024,Tienda 01,166,2643,1,4084,10
07/02/2024,Tienda 01,135,3110,0,3949,10
08/02/2024,Tienda 01,153,3110,0,3796,9
09/02/2024,Tienda 01,177,3110,0,3619,7
10/02/2024,Tienda 01,172,3110,0,3447,7
11/02/2024,Tienda 01,166,3110,0,3281,7
12/02/2024,Tienda 01,133,3110,0,3148,7
13/02/2024,Tienda 01,147,3110,0,3001,6
14/02/2024,Tienda 01,190,2643,1,2811,5
15/02/2024,Tienda 01,149,3110,0,2662,7
16/02/2024,Tienda 01,181,3110,0,2481,5
17/02/2024,Tienda 01,152,3110,0,2329,10
18/02/2024,Tienda 01,169,3110,0,2160,6
19/02/2024,Tienda 01,140,3110,0,2020,6
20/02/2024,Tienda 01,146,3110,0,1874,6
21/02/2024,Tienda 01,149,3110,0,1725,8
22/02/2024,Tienda 01,123,3110,0,1602,9
23/02/2024,Tienda 01,170,3110,0,1432,5
24/02/2024,Tienda 01,172,3110,0,1260,7
25/02/2024,Tienda 01,175,3110,0,4685,8
26/02/2024,Tienda 01,154,3110,0,4531,7
27/02/2024,Tienda 01,153,3110,0,4378,10
28/02/2024,Tienda 01,155,3110,0,4223,10
29/02/2024,Tienda 01,147,3110,0,4076,10
01/03/2024,Tienda 01,167,3110,0,3909,7
02/03/2024,Tienda 01,163,3110,0,3746,11
03/03/2024,Tienda 01,171,3110,0,3575,11
04/03/2024,Tienda 01,170,3110,0,3405,9
05/03/2024,Tienda 01,148,3110,0,3257,8
06/03/2024,Tienda 01,148,3110,0,3109,8
07/03/2024,Tienda 01,161,3110,0,2948,9
08/03/2024,Tienda 01,185,3110,0,2763,8
09/03/2024,Tienda 01,216,2643,1,2547,6
10/03/2024,Tienda 01,189,3110,0,2358,6
11/03/2024,Tienda 01,137,3110,0,2221,5
12/03/2024,Tienda 01,133,3110,0,2088,7
13/03/2024,Tienda 01,161,3110,0,1927,6
14/03/2024,Tienda 01,143,3110,0,1784,7
15/03/2024,Tienda 01,227,2643,1,1557,11
16/03/2024,Tienda 01,176,3110,0,1381,8
17/03/2024,Tienda 01,163,3110,0,1218,11
18/03/2024,Tienda 01,155,3110,0,4663,6
19/03/2024,Tienda 01,149,3110,0,4514,7
20/03/2024,Tienda 01,151,3110,0,4363,5
21/03/2024,Tienda 01,149,3110,0,4214,11
22/03/2024,Tienda 01,234,2643,1,3980,5
23/03/2024,Tienda 01,187,3110,0,3793,11
24/03/2024,Tienda 01,182,3110,0,3611,7
25/03/2024,Tienda 01,157,3110,0,3454,9
26/03/2024,Tienda 01,142,3110,0,3312,11
27/03/2024,Tienda 01,164,3110,0,3148,7
28/03/2024,Tienda 01,139,3110,0,3009,6
29/03/2024,Tienda 01,178,3110,0,2831,11
30/03/2024,Tienda 01,227,2643,1,2604,7
31/03/2024,Tienda 01,234,2643,1,2370,8
01/04/2024,Tienda 01,188,2643,1,2182,10
02/04/2024,Tienda 01,192,2643,1,1990,10
03/04/2024,Tienda 01,149,3110,0,1841,5
04/04/2024,Tienda 01,141,3110,0,1700,6
05/04/2024,Tienda 01,170,3110,0,1530,5
06/04/2024,Tienda 01,189,3110,0,1341,5
07/04/2024,Tienda 01,177,3110,0,4764,6
08/04/2024,Tienda 01,166,3110,0,4598,8
09/04/2024,Tienda 01,130,3110,0,4468,9
10/04/2024,Tienda 01,156,3110,0,4312,6
11/04/2024,Tienda 01,191,2643,1,4121,6
12/04/2024,Tienda 01,178,3110,0,3943,6
13/04/2024,Tienda 01,179,3110,0,3764,11
14/04/2024,Tienda 01,177,3110,0,3587,9
15/04/2024,Tienda 01,163,3110,0,3424,11
16/04/2024,Tienda 01,138,3110,0,3286,11
17/04/2024,Tienda 01,146,3110,0,3140,6
18/04/2024,Tienda 01,140,3110,0,3000,10
19/04/2024,Tienda 01,192,3110,0,2808,8
20/04/2024,Tienda 01,216,2643,1,2592,5
21/04/2024,Tienda 01,174,3110,0,2418,7
22/04/2024,Tienda 01,133,3110,0,2285,7
23/04/2024,Tienda 01,149,3110,0,2136,10
24/04/2024,Tienda 01,135,3110,0,2001,6
25/04/2024,Tienda 01,140,3110,0,1861,10
26/04/2024,Tienda 01,212,2643,1,1649,5
27/04/2024,Tienda 01,177,3110,0,1472,10
28/04/2024,Tienda 01,188,3110,0,1284,6
29/04/2024,Tienda 01,144,3110,0,4740,8
30/04/2024,Tienda 01,165,3110,0,4575,5
01/05/2024,Tienda 01,137,3110,0,4438,5
02/05/2024,Tienda 01,177,2643,1,4261,6
03/05/2024,Tienda 01,176,3110,0,4085,5
04/05/2024,Tienda 01,165,3110,0,3920,5
05/05/2024,Tienda 01,162,3110,0,3758,8
06/05/2024,Tienda 01,153,3110,0,3605,7
07/05/2024,Tienda 01,142,3110,0,3463,5
08/05/2024,Tienda 01,174,2643,1,3289,11
09/05/2024,Tienda 01,165,2643,1,3124,7
10/05/2024,Tienda 01,169,3110,0,2955,5
11/05/2024,Tienda 01,173,3110,0,2782,6
12/05/2024,Tienda 01,224,2643,1,2558,11
13/05/2024,Tienda 01,137,3110,0,2421,5
14/05/2024,Tienda 01,137,3110,0,2284,9
15/05/2024,Tienda 01,130,3110,0,2154,8
16/05/2024,Tienda 01,142,3110,0,2012,8
17/05/2024,Tienda 01,159,3110,0,1853,8
18/05/2024,Tienda 01,172,3110,0,1681,5
19/05/2024,Tienda 01,227,2643,1,1454,5
20/05/2024,Tienda 01,135,3110,0,1319,9
21/05/2024,Tienda 01,140,3110,0,4779,7
22/05/2024,Tienda 01,137,3110,0,4642,11
23/05/2024,Tienda 01,148,3110,0,4494,11
24/05/2024,Tienda 01,166,3110,0,4328,8
25/05/2024,Tienda 01,156,3110,0,4172,11
26/05/2024,Tienda 01,179,3110,0,3993,7
27/05/2024,Tienda 01,146,3110,0,3847,11
28/05/2024,Tienda 01,132,3110,0,3715,7
29/05/2024,Tienda 01,135,3110,0,3580,8
30/05/2024,Tienda 01,142,3110,0,3438,10
31/05/2024,Tienda 01,174,3110,0,3264,9
01/06/2024,Tienda 01,162,3110,0,3102,11
02/06/2024,Tienda 01,159,3110,0,2943,9
03/06/2024,Tienda 01,137,3110,0,2806,5
04/06/2024,Tienda 01,185,2643,1,2621,6
05/06/2024,Tienda 01,140,3110,0,2481,10
06/06/2024,Tienda 01,174,2643,1,2307,11
07/06/2024,Tienda 01,175,3110,0,2132,7
08/06/2024,Tienda 01,157,3110,0,1975,9
09/06/2024,Tienda 01,134,3110,0,1841,6
10/06/2024,Tienda 01,138,3110,0,1703,5
11/06/2024,Tienda 01,119,3110,0,1584,11
12/06/2024,Tienda 01,130,3110,0,1454,9
13/06/2024,Tienda 01,173,2643,1,1281,7
14/06/2024,Tienda 01,149,3110,0,4732,9
15/06/2024,Tienda 01,163,3110,0,4569,11
16/06/2024,Tienda 01,147,3110,0,4422,5
17/06/2024,Tienda 01,120,3110,0,4302,5
18/06/2024,Tienda 01,132,3110,0,4170,10
19/06/2024,Tienda 01,167,2643,1,4003,11
20/06/2024,Tienda 01,137,3110,0,3866,9
21/06/2024,Tienda 01,147,3110,0,3719,6
22/06/2024,Tienda 01,149,3110,0,3570,9
23/06/2024,Tienda 01,131,3110,0,3439,8
24/06/2024,Tienda 01,130,3110,0,3309,8
25/06/2024,Tienda 01,168,2643,1,3141,7
26/06/2024,Tienda 01,126,3110,0,3015,7
27/06/2024,Tienda 01,165,2643,1,2850,11
28/06/2024,Tienda 01,141,3110,0,2709,7
29/06/2024,Tienda 01,147,3110,0,2562,8
30/06/2024,Tienda 01,132,3110,0,2430,8
01/07/2024,Tienda 01,149,2643,1,2281,11
02/07/2024,Tienda 01,118,3110,0,2163,7
03/07/2024,Tienda 01,106,3110,0,2057,5
04/07/2024,Tienda 01,161,2643,1,1896,5
05/07/2024,Tienda 01,135,3110,0,1761,10
06/07/2024,Tienda 01,134,3110,0,1627,9
07/07/2024,Tienda 01,146,3110,0,1481,7
08/07/2024,Tienda 01,124,3110,0,1357,10
09/07/2024,Tienda 01,105,3110,0,1252,6
10/07/2024,Tienda 01,162,2643,1,4690,5
11/07/2024,Tienda 01,123,3110,0,4567,9
12/07/2024,Tienda 01,119,3110,0,4448,9
13/07/2024,Tienda 01,139,3110,0,4309,5
14/07/2024,Tienda 01,136,3110,0,4173,6
15/07/2024,Tienda 01,85,3110,0,4088,11
16/07/2024,Tienda 01,111,3110,0,3977,6
17/07/2024,Tienda 01,124,3110,0,3853,7
18/07/2024,Tienda 01,148,2643,1,3705,10
19/07/2024,Tienda 01,145,3110,0,3560,8
20/07/2024,Tienda 01,173,2643,1,3387,11
21/07/2024,Tienda 01,135,3110,0,3252,6
22/07/2024,Tienda 01,115,3110,0,3137,11
23/07/2024,Tienda 01,106,3110,0,3031,11
24/07/2024,Tienda 01,103,3110,0,2928,6
25/07/2024,Tienda 01,110,3110,0,2818,6
26/07/2024,Tienda 01,126,3110,0,2692,10
27/07/2024,Tienda 01,147,3110,0,2545,6
28/07/2024,Tienda 01,138,3110,0,2407,5
29/07/2024,Tienda 01,159,2643,1,2248,7
30/07/2024,Tienda 01,115,3110,0,2133,10
31/07/2024,Tienda 01,103,3110,0,2030,7
01/08/2024,Tienda 01,118,3110,0,1912,6
02/08/2024,Tienda 01,131,3110,0,1781,9
03/08/2024,Tienda 01,129,3110,0,1652,11
04/08/2024,Tienda 01,113,3110,0,1539,6
05/08/2024,Tienda 01,118,2643,1,1421,8
06/08/2024,Tienda 01,98,3110,0,1323,8
07/08/2024,Tienda 01,90,3110,0,1233,8
08/08/2024,Tienda 01,105,3110,0,4728,8
09/08/2024,Tienda 01,133,3110,0,4595,10
10/08/2024,Tienda 01,177,2643,1,4418,9
11/08/2024,Tienda 01,115,3110,0,4303,6
12/08/2024,Tienda 01,135,2643,1,4168,8
13/08/2024,Tienda 01,96,3110,0,4072,11
14/08/2024,Tienda 01,121,3110,0,3951,7
15/08/2024,Tienda 01,116,3110,0,3835,8
16/08/2024,Tienda 01,109,3110,0,3726,9
17/08/2024,Tienda 01,120,3110,0,3606,9
18/08/2024,Tienda 01,103,3110,0,3503,10
19/08/2024,Tienda 01,84,3110,0,3419,9
20/08/2024,Tienda 01,108,3110,0,3311,10
21/08/2024,Tienda 01,75,3110,0,3236,6
22/08/2024,Tienda 01,117,3110,0,3119,11
23/08/2024,Tienda 01,110,3110,0,3009,6
24/08/2024,Tienda 01,118,3110,0,2891,6
25/08/2024,Tienda 01,116,3110,0,2775,6
26/08/2024,Tienda 01,104,3110,0,2671,9
27/08/2024,Tienda 01,98,3110,0,2573,7
28/08/2024,Tienda 01,94,3110,0,2479,6
29/08/2024,Tienda 01,84,3110,0,2395,6
30/08/2024,Tienda 01,114,3110,0,2281,5
31/08/2024,Tienda 01,118,3110,0,2163,6
01/09/2024,Tienda 01,104,3110,0,2059,8
02/09/2024,Tienda 01,97,3110,0,1962,6
03/09/2024,Tienda 01,73,3110,0,1889,8
04/09/2024,Tienda 01,112,3110,0,1777,6
05/09/2024,Tienda 01,98,3110,0,1679,6
06/09/2024,Tienda 01,90,3110,0,1589,11
07/09/2024,Tienda 01,102,3110,0,1487,6
08/09/2024,Tienda 01,106,3110,0,1381,5
09/09/2024,Tienda 01,65,3110,0,1316,11
10/09/2024,Tienda 01,90,3110,0,1226,8
11/09/2024,Tienda 01,103,3110,0,4723,10
12/09/2024,Tienda 01,98,2643,1,4625,8
13/09/2024,Tienda 01,111,3110,0,4514,8
14/09/2024,Tienda 01,96,3110,0,4418,11
15/09/2024,Tienda 01,115,3110,0,4303,5
16/09/2024,Tienda 01,82,3110,0,4221,9
17/09/2024,Tienda 01,99,3110,0,4122,11
18/09/2024,Tienda 01,90,3110,0,4032,10
19/09/2024,Tienda 01,73,3110,0,3959,9
20/09/2024,Tienda 01,112,3110,0,3847,6
21/09/2024,Tienda 01,100,3110,0,3747,6
22/09/2024,Tienda 01,103,3110,0,3644,5
23/09/2024,Tienda 01,83,3110,0,3561,10
24/09/2024,Tienda 01,98,3110,0,3463,11
25/09/2024,Tienda 01,91,3110,0,3372,6
26/09/2024,Tienda 01,79,3110,0,3293,7
27/09/2024,Tienda 01,95,3110,0,3198,6
28/09/2024,Tienda 01,113,3110,0,3085,11
29/09/2024,Tienda 01,104,3110,0,2981,8
30/09/2024,Tienda 01,90,3110,0,2891,10
01/10/2024,Tienda 01,90,3110,0,2801,10
02/10/2024,Tienda 01,69,3110,0,2732,11
03/10/2024,Tienda 01,89,3110,0,2643,5
04/10/2024,Tienda 01,100,3110,0,2543,5
05/10/2024,Tienda 01,84,3110,0,2459,7
06/10/2024,Tienda 01,97,3110,0,2362,8
07/10/2024,Tienda 01,77,3110,0,2285,7
08/10/2024,Tienda 01,83,3110,0,2202,5
09/10/2024,Tienda 01,93,3110,0,2109,11
10/10/2024,Tienda 01,106,3110,0,2003,11
11/10/2024,Tienda 01,118,3110,0,1885,10
12/10/2024,Tienda 01,93,3110,0,1792,6
13/10/2024,Tienda 01,112,3110,0,1680,6
14/10/2024,Tienda 01,89,3110,0,1591,8
15/10/2024,Tienda 01,89,3110,0,1502,10
16/10/2024,Tienda 01,92,3110,0,1410,5
17/10/2024,Tienda 01,119,3110,0,1291,11
18/10/2024,Tienda 01,111,3110,0,4780,6
19/10/2024,Tienda 01,109,3110,0,4671,5
20/10/2024,Tienda 01,120,3110,0,4551,7
21/10/2024,Tienda 01,69,3110,0,4482,11
22/10/2024,Tienda 01,96,3110,0,4386,11
23/10/2024,Tienda 01,84,3110,0,4302,11
24/10/2024,Tienda 01,92,3110,0,4210,5
25/10/2024,Tienda 01,93,3110,0,4117,10
26/10/2024,Tienda 01,110,3110,0,4007,6
27/10/2024,Tienda 01,115,3110,0,3892,8
28/10/2024,Tienda 01,89,3110,0,3803,7
29/10/2024,Tienda 01,94,3110,0,3709,5
30/10/2024,Tienda 01,105,3110,0,3604,11
31/10/2024,Tienda 01,89,3110,0,3515,7
01/11/2024,Tienda 01,117,3110,0,3398,7
02/11/2024,Tienda 01,97,3110,0,3301,9
03/11/2024,Tienda 01,95,3110,0,3206,5
04/11/2024,Tienda 01,118,3110,0,3088,10
05/11/2024,Tienda 01,95,3110,0,2993,9
06/11/2024,Tienda 01,89,3110,0,2904,8
07/11/2024,Tienda 01,96,3110,0,2808,5
08/11/2024,Tienda 01,113,3110,0,2695,6
09/11/2024,Tienda 01,116,3110,0,2579,10
10/11/2024,Tienda 01,99,3110,0,2480,7
11/11/2024,Tienda 01,101,3110,0,2379,11
12/11/2024,Tienda 01,113,2643,1,2266,10
13/11/2024,Tienda 01,93,3110,0,2173,9
14/11/2024,Tienda 01,134,2643,1,2039,8
15/11/2024,Tienda 01,119,3110,0,1920,10
16/11/2024,Tienda 01,112,3110,0,1808,7
17/11/2024,Tienda 01,116,3110,0,1692,8
18/11/2024,Tienda 01,102,3110,0,1590,11
19/11/2024,Tienda 01,104,3110,0,1486,7
20/11/2024,Tienda 01,84,3110,0,1402,10
21/11/2024,Tienda 01,121,2643,1,1281,8
22/11/2024,Tienda 01,98,3110,0,4783,9
23/11/2024,Tienda 01,139,3110,0,4644,5
24/11/2024,Tienda 01,131,3110,0,4513,8
25/11/2024,Tienda 01,97,3110,0,4416,5
26/11/2024,Tienda 01,102,3110,0,4314,7
27/11/2024,Tienda 01,105,3110,0,4209,9
28/11/2024,Tienda 01,110,3110,0,4099,11
29/11/2024,Tienda 01,134,3110,0,3965,6
30/11/2024,Tienda 01,180,2643,1,3785,5
01/12/2024,Tienda 01,163,2643,1,3622,8
02/12/2024,Tienda 01,107,3110,0,3515,10
03/12/2024,Tienda 01,106,3110,0,3409,7
04/12/2024,Tienda 01,93,3110,0,3316,9
05/12/2024,Tienda 01,116,3110,0,3200,6
06/12/2024,Tienda 01,120,3110,0,3080,8
07/12/2024,Tienda 01,124,3110,0,2956,10
08/12/2024,Tienda 01,116,3110,0,2840,6
09/12/2024,Tienda 01,102,3110,0,2738,11
10/12/2024,Tienda 01,105,3110,0,2633,5
11/12/2024,Tienda 01,103,3110,0,2530,9
12/12/2024,Tienda 01,105,3110,0,2425,11
13/12/2024,Tienda 01,137,3110,0,2288,6
14/12/2024,Tienda 01,122,3110,0,2166,9
15/12/2024,Tienda 01,121,3110,0,2045,9
16/12/2024,Tienda 01,103,3110,0,1942,9
17/12/2024,Tienda 01,112,3110,0,1830,8
18/12/2024,Tienda 01,105,3110,0,1725,5
19/12/2024,Tienda 01,110,3110,0,1615,5
20/12/2024,Tienda 01,152,3110,0,1463,10
21/12/2024,Tienda 01,139,3110,0,1324,11
22/12/2024,Tienda 01,126,3110,0,4798,8
23/12/2024,Tienda 01,124,3110,0,4674,7
24/12/2024,Tienda 01,107,3110,0,4567,8
25/12/2024,Tienda 01,129,3110,0,4438,11
26/12/2024,Tienda 01,121,3110,0,4317,11
27/12/2024,Tienda 01,124,3110,0,4193,9
28/12/2024,Tienda 01,137,3110,0,4056,5
29/12/2024,Tienda 01,138,3110,0,3918,6
30/12/2024,Tienda 01,115,3110,0,3803,8
31/12/2024,Tienda 01,120,3110,0,3683,6
01/01/2025,Tienda 01,117,3229,0,3566,7
02/01/2025,Tienda 01,103,3229,0,3463,6
03/01/2025,Tienda 01,144,3229,0,3319,11
04/01/2025,Tienda 01,125,3229,0,3194,10
05/01/2025,Tienda 01,145,3229,0,3049,6
06/01/2025,Tienda 01,119,3229,0,2930,10
07/01/2025,Tienda 01,128,3229,0,2802,11
08/01/2025,Tienda 01,104,3229,0,2698,7
09/01/2025,Tienda 01,131,3229,0,2567,11
10/01/2025,Tienda 01,154,3229,0,2413,11
11/01/2025,Tienda 01,140,3229,0,2273,8
12/01/2025,Tienda 01,156,3229,0,2117,11
13/01/2025,Tienda 01,131,3229,0,1986,6
14/01/2025,Tienda 01,128,3229,0,1858,9
15/01/2025,Tienda 01,142,3229,0,1716,9
16/01/2025,Tienda 01,123,3229,0,1593,8
17/01/2025,Tienda 01,137,3229,0,1456,5
18/01/2025,Tienda 01,133,3229,0,1323,5
19/01/2025,Tienda 01,149,3229,0,4774,10
20/01/2025,Tienda 01,124,3229,0,4650,6
21/01/2025,Tienda 01,137,3229,0,4513,9
22/01/2025,Tienda 01,164,2745,1,4349,10
23/01/2025,Tienda 01,135,3229,0,4214,5
24/01/2025,Tienda 01,162,3229,0,4052,9
25/01/2025,Tienda 01,213,2745,1,3839,8
26/01/2025,Tienda 01,158,3229,0,3681,8
27/01/2025,Tienda 01,130,3229,0,3551,6
28/01/2025,Tienda 01,142,3229,0,3409,10
29/01/2025,Tienda 01,123,3229,0,3286,9
30/01/2025,Tienda 01,117,3229,0,3169,8
31/01/2025,Tienda 01,173,3229,0,2996,7
01/02/2025,Tienda 01,167,3229,0,2829,5
02/02/2025,Tienda 01,162,3229,0,2667,7
03/02/2025,Tienda 01,139,3229,0,2528,6
04/02/2025,Tienda 01,122,3229,0,2406,9
05/02/2025,Tienda 01,147,3229,0,2259,11
06/02/2025,Tienda 01,117,3229,0,2142,8
07/02/2025,Tienda 01,206,2745,1,1936,9
08/02/2025,Tienda 01,159,3229,0,1777,8
09/02/2025,Tienda 01,159,3229,0,1618,8
10/02/2025,Tienda 01,138,3229,0,1480,6
11/02/2025,Tienda 01,129,3229,0,1351,8
12/02/2025,Tienda 01,136,3229,0,1215,5
13/02/2025,Tienda 01,133,3229,0,4682,6
14/02/2025,Tienda 01,188,2745,1,4494,8
15/02/2025,Tienda 01,138,3229,0,4356,8
16/02/2025,Tienda 01,164,3229,0,4192,7
17/02/2025,Tienda 01,132,3229,0,4060,9
18/02/2025,Tienda 01,153,3229,0,3907,10
19/02/2025,Tienda 01,131,3229,0,3776,11
20/02/2025,Tienda 01,151,3229,0,3625,11
21/02/2025,Tienda 01,153,3229,0,3472,10
22/02/2025,Tienda 01,182,3229,0,3290,8
23/02/2025,Tienda 01,185,3229,0,3105,9
24/02/2025,Tienda 01,138,3229,0,2967,7
25/02/2025,Tienda 01,132,3229,0,2835,5
26/02/2025,Tienda 01,124,3229,0,2711,6
27/02/2025,Tienda 01,128,3229,0,2583,9
28/02/2025,Tienda 01,163,3229,0,2420,9
01/03/2025,Tienda 01,173,3229,0,2247,5
02/03/2025,Tienda 01,166,3229,0,2081,6
03/03/2025,Tienda 01,136,3229,0,1945,5
04/03/2025,Tienda 01,144,3229,0,1801,8
05/03/2025,Tienda 01,192,2745,1,1609,9
06/03/2025,Tienda 01,145,3229,0,1464,8
07/03/2025,Tienda 01,178,3229,0,1286,8
08/03/2025,Tienda 01,170,3229,0,4716,7
09/03/2025,Tienda 01,172,3229,0,4544,6
10/03/2025,Tienda 01,208,2745,1,4336,6
11/03/2025,Tienda 01,155,3229,0,4181,10
12/03/2025,Tienda 01,208,2745,1,3973,5
13/03/2025,Tienda 01,150,3229,0,3823,10
14/03/2025,Tienda 01,173,3229,0,3650,10
15/03/2025,Tienda 01,173,3229,0,3477,9
16/03/2025,Tienda 01,168,3229,0,3309,8
17/03/2025,Tienda 01,197,2745,1,3112,10
18/03/2025,Tienda 01,203,2745,1,2909,11
19/03/2025,Tienda 01,153,3229,0,2756,10
20/03/2025,Tienda 01,144,3229,0,2612,10
21/03/2025,Tienda 01,172,3229,0,2440,7
22/03/2025,Tienda 01,179,3229,0,2261,8
23/03/2025,Tienda 01,187,3229,0,2074,6
24/03/2025,Tienda 01,161,3229,0,1913,5
25/03/2025,Tienda 01,138,3229,0,1775,6
26/03/2025,Tienda 01,150,3229,0,1625,11
27/03/2025,Tienda 01,151,3229,0,1474,10
28/03/2025,Tienda 01,236,2745,1,1238,8
29/03/2025,Tienda 01,177,3229,0,4661,11
30/03/2025,Tienda 01,176,3229,0,4485,11
31/03/2025,Tienda 01,136,3229,0,4349,5
01/04/2025,Tienda 01,152,3229,0,4197,6
02/04/2025,Tienda 01,163,3229,0,4034,6
03/04/2025,Tienda 01,146,3229,0,3888,6
04/04/2025,Tienda 01,184,3229,0,3704,10
05/04/2025,Tienda 01,167,3229,0,3537,9
06/04/2025,Tienda 01,186,3229,0,3351,7
07/04/2025,Tienda 01,143,3229,0,3208,7
08/04/2025,Tienda 01,140,3229,0,3068,5
09/04/2025,Tienda 01,151,3229,0,2917,9
10/04/2025,Tienda 01,157,3229,0,2760,8
11/04/2025,Tienda 01,204,3229,0,2556,8
12/04/2025,Tienda 01,177,3229,0,2379,7
13/04/2025,Tienda 01,159,3229,0,2220,10
14/04/2025,Tienda 01,139,3229,0,2081,9
15/04/2025,Tienda 01,152,3229,0,1929,11
16/04/2025,Tienda 01,146,3229,0,1783,10
17/04/2025,Tienda 01,149,3229,0,1634,6
18/04/2025,Tienda 01,174,3229,0,1460,6
19/04/2025,Tienda 01,209,2745,1,1251,5
20/04/2025,Tienda 01,176,3229,0,4675,6
21/04/2025,Tienda 01,149,3229,0,4526,6
22/04/2025,Tienda 01,139,3229,0,4387,7
23/04/2025,Tienda 01,181,2745,1,4206,5
24/04/2025,Tienda 01,158,3229,0,4048,7
25/04/2025,Tienda 01,170,3229,0,3878,11
26/04/2025,Tienda 01,178,3229,0,3700,5
27/04/2025,Tienda 01,175,3229,0,3525,10
28/04/2025,Tienda 01,148,3229,0,3377,9
29/04/2025,Tienda 01,139,3229,0,3238,10
30/04/2025,Tienda 01,205,2745,1,3033,8
01/05/2025,Tienda 01,183,2745,1,2850,10
02/05/2025,Tienda 01,221,2745,1,2629,10
03/05/2025,Tienda 01,162,3229,0,2467,10
04/05/2025,Tienda 01,225,2745,1,2242,11
05/05/2025,Tienda 01,197,2745,1,2045,7
06/05/2025,Tienda 01,149,3229,0,1896,10
07/05/2025,Tienda 01,146,3229,0,1750,7
08/05/2025,Tienda 01,152,3229,0,1598,10
09/05/2025,Tienda 01,162,3229,0,1436,7
10/05/2025,Tienda 01,169,3229,0,1267,5
11/05/2025,Tienda 01,164,3229,0,4703,6
12/05/2025,Tienda 01,153,3229,0,4550,11
13/05/2025,Tienda 01,139,3229,0,4411,6
14/05/2025,Tienda 01,135,3229,0,4276,6
15/05/2025,Tienda 01,150,3229,0,4126,5
16/05/2025,Tienda 01,179,3229,0,3947,7
17/05/2025,Tienda 01,193,3229,0,3754,6
18/05/2025,Tienda 01,159,3229,0,3595,6
19/05/2025,Tienda 01,149,3229,0,3446,5
20/05/2025,Tienda 01,183,2745,1,3263,7
21/05/2025,Tienda 01,132,3229,0,3131,6
22/05/2025,Tienda 01,141,3229,0,2990,6
23/05/2025,Tienda 01,156,3229,0,2834,6
24/05/2025,Tienda 01,156,3229,0,2678,8
25/05/2025,Tienda 01,224,2745,1,2454,6
26/05/2025,Tienda 01,143,3229,0,2311,11
27/05/2025,Tienda 01,162,2745,1,2149,5
28/05/2025,Tienda 01,131,3229,0,2018,7
29/05/2025,Tienda 01,133,3229,0,1885,7
30/05/2025,Tienda 01,164,3229,0,1721,11
31/05/2025,Tienda 01,165,3229,0,1556,6
01/06/2025,Tienda 01,204,2745,1,1352,5
02/06/2025,Tienda 01,117,3229,0,1235,7
03/06/2025,Tienda 01,117,3229,0,4718,7
04/06/2025,Tienda 01,129,3229,0,4589,11
05/06/2025,Tienda 01,138,3229,0,4451,8
06/06/2025,Tienda 01,194,2745,1,4257,7
07/06/2025,Tienda 01,158,3229,0,4099,6
08/06/2025,Tienda 01,156,3229,0,3943,6
09/06/2025,Tienda 01,124,3229,0,3819,9
10/06/2025,Tienda 01,132,3229,0,3687,8
11/06/2025,Tienda 01,141,3229,0,3546,7
12/06/2025,Tienda 01,134,3229,0,3412,8
13/06/2025,Tienda 01,194,2745,1,3218,11
14/06/2025,Tienda 01,165,3229,0,3053,9
15/06/2025,Tienda 01,189,2745,1,2864,5
16/06/2025,Tienda 01,127,3229,0,2737,5
17/06/2025,Tienda 01,113,3229,0,2624,9
18/06/2025,Tienda 01,128,3229,0,2496,9
19/06/2025,Tienda 01,116,3229,0,2380,5
20/06/2025,Tienda 01,154,3229,0,2226,5
21/06/2025,Tienda 01,151,3229,0,2075,8
22/06/2025,Tienda 01,135,3229,0,1940,7
23/06/2025,Tienda 01,116,3229,0,1824,9
24/06/2025,Tienda 01,123,3229,0,1701,5
25/06/2025,Tienda 01,120,3229,0,1581,6
26/06/2025,Tienda 01,109,3229,0,1472,11
27/06/2025,Tienda 01,149,3229,0,1323,9
28/06/2025,Tienda 01,137,3229,0,4786,5
29/06/2025,Tienda 01,197,2745,1,4589,11
30/06/2025,Tienda 01,127,3229,0,4462,11
01/07/2025,Tienda 01,130,3229,0,4332,5
02/07/2025,Tienda 01,122,3229,0,4210,7
03/07/2025,Tienda 01,125,3229,0,4085,9
04/07/2025,Tienda 01,183,2745,1,3902,11
05/07/2025,Tienda 01,144,3229,0,3758,6
06/07/2025,Tienda 01,137,3229,0,3621,7
07/07/2025,Tienda 01,113,3229,0,3508,10
08/07/2025,Tienda 01,158,2745,1,3350,5
09/07/2025,Tienda 01,152,2745,1,3198,7
10/07/2025,Tienda 01,134,3229,0,3064,11
11/07/2025,Tienda 01,117,3229,0,2947,10
12/07/2025,Tienda 01,146,3229,0,2801,9
13/07/2025,Tienda 01,139,3229,0,2662,5
14/07/2025,Tienda 01,135,3229,0,2527,9
15/07/2025,Tienda 01,98,3229,0,2429,7
16/07/2025,Tienda 01,158,2745,1,2271,6
17/07/2025,Tienda 01,123,3229,0,2148,5
18/07/2025,Tienda 01,124,3229,0,2024,5
19/07/2025,Tienda 01,167,2745,1,1857,11
20/07/2025,Tienda 01,104,3229,0,1753,5
21/07/2025,Tienda 01,114,3229,0,1639,6
22/07/2025,Tienda 01,110,3229,0,1529,10
23/07/2025,Tienda 01,112,3229,0,1417,9
24/07/2025,Tienda 01,154,2745,1,1263,10
25/07/2025,Tienda 01,132,3229,0,4731,11
26/07/2025,Tienda 01,131,3229,0,4600,9
27/07/2025,Tienda 01,124,3229,0,4476,6
28/07/2025,Tienda 01,118,3229,0,4358,8
29/07/2025,Tienda 01,83,3229,0,4275,5
30/07/2025,Tienda 01,120,3229,0,4155,6
31/07/2025,Tienda 01,115,3229,0,4040,11
01/08/2025,Tienda 01,126,3229,0,3914,10
02/08/2025,Tienda 01,156,2745,1,3758,7
03/08/2025,Tienda 01,131,3229,0,3627,10
04/08/2025,Tienda 01,112,3229,0,3515,10
05/08/2025,Tienda 01,83,3229,0,3432,9
06/08/2025,Tienda 01,141,2745,1,3291,6
07/08/2025,Tienda 01,96,3229,0,3195,11
08/08/2025,Tienda 01,127,3229,0,3068,9
09/08/2025,Tienda 01,119,3229,0,2949,9
10/08/2025,Tienda 01,108,3229,0,2841,6
11/08/2025,Tienda 01,104,3229,0,2737,6
12/08/2025,Tienda 01,115,3229,0,2622,8
13/08/2025,Tienda 01,97,3229,0,2525,9
14/08/2025,Tienda 01,124,3229,0,2401,7
15/08/2025,Tienda 01,113,3229,0,2288,5
16/08/2025,Tienda 01,159,2745,1,2129,10
17/08/2025,Tienda 01,115,3229,0,2014,5
18/08/2025,Tienda 01,124,2745,1,1890,11
19/08/2025,Tienda 01,120,2745,1,1770,10
20/08/2025,Tienda 01,97,3229,0,1673,5
21/08/2025,Tienda 01,82,3229,0,1591,10
22/08/2025,Tienda 01,121,3229,0,1470,6
23/08/2025,Tienda 01,120,3229,0,1350,11
24/08/2025,Tienda 01,113,3229,0,1237,7
25/08/2025,Tienda 01,80,3229,0,4757,11
26/08/2025,Tienda 01,87,3229,0,4670,10
27/08/2025,Tienda 01,122,2745,1,4548,9
28/08/2025,Tienda 01,101,3229,0,4447,7
29/08/2025,Tienda 01,114,3229,0,4333,9
30/08/2025,Tienda 01,103,3229,0,4230,10
31/08/2025,Tienda 01,108,3229,0,4122,5
01/09/2025,Tienda 01,89,3229,0,4033,7
02/09/2025,Tienda 01,77,3229,0,3956,5
03/09/2025,Tienda 01,104,3229,0,3852,7
04/09/2025,Tienda 01,87,3229,0,3765,9
05/09/2025,Tienda 01,87,3229,0,3678,5
06/09/2025,Tienda 01,124,3229,0,3554,10
07/09/2025,Tienda 01,143,2745,1,3411,7
08/09/2025,Tienda 01,87,3229,0,3324,6
09/09/2025,Tienda 01,110,3229,0,3214,11
10/09/2025,Tienda 01,82,3229,0,3132,5
11/09/2025,Tienda 01,89,3229,0,3043,10
12/09/2025,Tienda 01,124,2745,1,2919,10
13/09/2025,Tienda 01,110,3229,0,2809,6
14/09/2025,Tienda 01,108,3229,0,2701,5
15/09/2025,Tienda 01,82,3229,0,2619,9
16/09/2025,Tienda 01,116,3229,0,2503,6
17/09/2025,Tienda 01,114,2745,1,2389,10
18/09/2025,Tienda 01,86,3229,0,2303,11
19/09/2025,Tienda 01,144,2745,1,2159,9
20/09/2025,Tienda 01,108,3229,0,2051,11
21/09/2025,Tienda 01,101,3229,0,1950,11
22/09/2025,Tienda 01,105,2745,1,1845,5
23/09/2025,Tienda 01,89,3229,0,1756,5
24/09/2025,Tienda 01,83,3229,0,1673,6
25/09/2025,Tienda 01,103,3229,0,1570,10
26/09/2025,Tienda 01,102,3229,0,1468,7
27/09/2025,Tienda 01,109,3229,0,1359,5
28/09/2025,Tienda 01,107,3229,0,1252,11
29/09/2025,Tienda 01,92,3229,0,4760,8
30/09/2025,Tienda 01,134,2745,1,4626,9
01/10/2025,Tienda 01,92,3229,0,4534,6
02/10/2025,Tienda 01,116,2745,1,4418,7
03/10/2025,Tienda 01,114,3229,0,4304,8
04/10/2025,Tienda 01,108,3229,0,4196,7
05/10/2025,Tienda 01,114,3229,0,4082,8
06/10/2025,Tienda 01,83,3229,0,3999,6
07/10/2025,Tienda 01,111,3229,0,3888,5
08/10/2025,Tienda 01,85,3229,0,3803,9
09/10/2025,Tienda 01,96,3229,0,3707,6
10/10/2025,Tienda 01,111,3229,0,3596,6
11/10/2025,Tienda 01,116,3229,0,3480,5
12/10/2025,Tienda 01,116,3229,0,3364,10
13/10/2025,Tienda 01,85,3229,0,3279,10
14/10/2025,Tienda 01,99,3229,0,3180,5
15/10/2025,Tienda 01,113,2745,1,3067,9
16/10/2025,Tienda 01,96,3229,0,2971,10
17/10/2025,Tienda 01,106,3229,0,2865,10
18/10/2025,Tienda 01,113,3229,0,2752,11
19/10/2025,Tienda 01,123,2745,1,2629,7
20/10/2025,Tienda 01,91,3229,0,2538,5
21/10/2025,Tienda 01,102,3229,0,2436,6
22/10/2025,Tienda 01,97,3229,0,2339,6
23/10/2025,Tienda 01,94,3229,0,2245,10
24/10/2025,Tienda 01,101,3229,0,2144,9
25/10/2025,Tienda 01,94,3229,0,2050,7
26/10/2025,Tienda 01,114,3229,0,1936,7
27/10/2025,Tienda 01,90,3229,0,1846,8
28/10/2025,Tienda 01,89,3229,0,1757,8
29/10/2025,Tienda 01,113,3229,0,1644,10
30/10/2025,Tienda 01,78,3229,0,1566,6
31/10/2025,Tienda 01,107,3229,0,1459,8
01/11/2025,Tienda 01,108,3229,0,1351,8
02/11/2025,Tienda 01,120,3229,0,1231,7
03/11/2025,Tienda 01,98,3229,0,4733,11
04/11/2025,Tienda 01,108,3229,0,4625,7
05/11/2025,Tienda 01,86,3229,0,4539,6
06/11/2025,Tienda 01,100,3229,0,4439,7
07/11/2025,Tienda 01,135,3229,0,4304,7
08/11/2025,Tienda 01,162,2745,1,4142,10
09/11/2025,Tienda 01,118,3229,0,4024,11
10/11/2025,Tienda 01,88,3229,0,3936,9
11/11/2025,Tienda 01,88,3229,0,3848,6
12/11/2025,Tienda 01,97,3229,0,3751,11
13/11/2025,Tienda 01,107,3229,0,3644,9
14/11/2025,Tienda 01,130,3229,0,3514,11
15/11/2025,Tienda 01,108,3229,0,3406,10
16/11/2025,Tienda 01,121,3229,0,3285,6
17/11/2025,Tienda 01,91,3229,0,3194,10
18/11/2025,Tienda 01,103,3229,0,3091,7
19/11/2025,Tienda 01,125,2745,1,2966,8
20/11/2025,Tienda 01,100,3229,0,2866,11
21/11/2025,Tienda 01,110,3229,0,2756,7
22/11/2025,Tienda 01,118,3229,0,2638,9
23/11/2025,Tienda 01,104,3229,0,2534,5
24/11/2025,Tienda 01,96,3229,0,2438,6
25/11/2025,Tienda 01,96,3229,0,2342,7
26/11/2025,Tienda 01,112,3229,0,2230,10
27/11/2025,Tienda 01,97,3229,0,2133,10
28/11/2025,Tienda 01,137,3229,0,1996,6
29/11/2025,Tienda 01,122,3229,0,1874,6
30/11/2025,Tienda 01,138,3229,0,1736,10
01/12/2025,Tienda 01,106,3229,0,1630,9
02/12/2025,Tienda 01,105,3229,0,1525,5
03/12/2025,Tienda 01,118,3229,0,1407,11
04/12/2025,Tienda 01,136,2745,1,1271,11
05/12/2025,Tienda 01,132,3229,0,4739,11
06/12/2025,Tienda 01,118,3229,0,4621,8
07/12/2025,Tienda 01,126,3229,0,4495,9
08/12/2025,Tienda 01,103,3229,0,4392,8
09/12/2025,Tienda 01,99,3229,0,4293,9
10/12/2025,Tienda 01,111,3229,0,4182,5
11/12/2025,Tienda 01,110,3229,0,4072,11
12/12/2025,Tienda 01,133,3229,0,3939,7
13/12/2025,Tienda 01,135,3229,0,3804,8
14/12/2025,Tienda 01,125,3229,0,3679,7
15/12/2025,Tienda 01,108,3229,0,3571,6
16/12/2025,Tienda 01,109,3229,0,3462,8
17/12/2025,Tienda 01,140,2745,1,3322,11
18/12/2025,Tienda 01,127,3229,0,3195,8
19/12/2025,Tienda 01,132,3229,0,3063,6
20/12/2025,Tienda 01,150,3229,0,2913,5
21/12/2025,Tienda 01,181,2745,1,2732,9
22/12/2025,Tienda 01,113,3229,0,2619,11
23/12/2025,Tienda 01,102,3229,0,2517,7
24/12/2025,Tienda 01,100,3229,0,2417,11
25/12/2025,Tienda 01,99,3229,0,2318,5
26/12/2025,Tienda 01,129,3229,0,2189,8
27/12/2025,Tienda 01,153,3229,0,2036,11
28/12/2025,Tienda 01,145,3229,0,1891,8
29/12/2025,Tienda 01,111,3229,0,1780,8
30/12/2025,Tienda 01,145,2745,1,1635,5
31/12/2025,Tienda 01,122,3229,0,1513,5
01/01/2023,Tienda 02,176,2990,0,3824,10
02/01/2023,Tienda 02,145,2990,0,3679,11
03/01/2023,Tienda 02,155,2990,0,3524,6
04/01/2023,Tienda 02,146,2990,0,3378,10
05/01/2023,Tienda 02,149,2990,0,3229,8
06/01/2023,Tienda 02,216,2542,1,3013,5
07/01/2023,Tienda 02,191,2990,0,2822,7
08/01/2023,Tienda 02,170,2990,0,2652,6
09/01/2023,Tienda 02,140,2990,0,2512,8
10/01/2023,Tienda 02,137,2990,0,2375,7
11/01/2023,Tienda 02,137,2990,0,2238,10
12/01/2023,Tienda 02,152,2990,0,2086,10
13/01/2023,Tienda 02,170,2990,0,1916,10
14/01/2023,Tienda 02,197,2990,0,1719,10
15/01/2023,Tienda 02,244,2542,1,1475,9
16/01/2023,Tienda 02,167,2990,0,5658,5
17/01/2023,Tienda 02,168,2990,0,5490,11
18/01/2023,Tienda 02,212,2542,1,5278,6
19/01/2023,Tienda 02,199,2542,1,5079,8
20/01/2023,Tienda 02,198,2990,0,4881,8
21/01/2023,Tienda 02,194,2990,0,4687,10
22/01/2023,Tienda 02,197,2990,0,4490,7
23/01/2023,Tienda 02,140,2990,0,4350,11
24/01/2023,Tienda 02,153,2990,0,4197,10
25/01/2023,Tienda 02,139,2990,0,4058,5
26/01/2023,Tienda 02,170,2990,0,3888,6
27/01/2023,Tienda 02,197,2990,0,3691,7
28/01/2023,Tienda 02,186,2990,0,3505,9
29/01/2023,Tienda 02,198,2990,0,3307,6
30/01/2023,Tienda 02,151,2990,0,3156,10
31/01/2023,Tienda 02,156,2990,0,3000,7
01/02/2023,Tienda 02,168,2990,0,2832,9
02/02/2023,Tienda 02,165,2990,0,2667,9
03/02/2023,Tienda 02,190,2990,0,2477,7
04/02/2023,Tienda 02,194,2990,0,2283,6
05/02/2023,Tienda 02,209,2990,0,2074,11
06/02/2023,Tienda 02,160,2990,0,1914,11
07/02/2023,Tienda 02,174,2990,0,1740,7
08/02/2023,Tienda 02,215,2542,1,1525,10
09/02/2023,Tienda 02,157,2990,0,5718,5
10/02/2023,Tienda 02,200,2990,0,5518,10
11/02/2023,Tienda 02,203,2990,0,5315,9
12/02/2023,Tienda 02,193,2990,0,5122,11
13/02/2023,Tienda 02,165,2990,0,4957,6
14/02/2023,Tienda 02,170,2990,0,4787,5
15/02/2023,Tienda 02,231,2542,1,4556,6
16/02/2023,Tienda 02,181,2990,0,4375,7
17/02/2023,Tienda 02,271,2542,1,4104,6
18/02/2023,Tienda 02,264,2542,1,3840,6
19/02/2023,Tienda 02,226,2990,0,3614,6
20/02/2023,Tienda 02,202,2990,0,3412,10
21/02/2023,Tienda 02,185,2990,0,3227,5
22/02/2023,Tienda 02,179,2990,0,3048,5
23/02/2023,Tienda 02,177,2990,0,2871,7
24/02/2023,Tienda 02,207,2990,0,2664,9
25/02/2023,Tienda 02,213,2990,0,2451,9
26/02/2023,Tienda 02,199,2990,0,2252,9
27/02/2023,Tienda 02,168,2990,0,2084,9
28/02/2023,Tienda 02,187,2990,0,1897,7
01/03/2023,Tienda 02,192,2990,0,1705,6
02/03/2023,Tienda 02,220,2542,1,1485,10
03/03/2023,Tienda 02,273,2542,1,5562,11
04/03/2023,Tienda 02,199,2990,0,5363,6
05/03/2023,Tienda 02,200,2990,0,5163,9
06/03/2023,Tienda 02,165,2990,0,4998,8
07/03/2023,Tienda 02,196,2990,0,4802,9
08/03/2023,Tienda 02,185,2990,0,4617,10
09/03/2023,Tienda 02,166,2990,0,4451,8
10/03/2023,Tienda 02,212,2990,0,4239,6
11/03/2023,Tienda 02,205,2990,0,4034,11
12/03/2023,Tienda 02,216,2990,0,3818,10
13/03/2023,Tienda 02,188,2990,0,3630,7
14/03/2023,Tienda 02,179,2990,0,3451,11
15/03/2023,Tienda 02,181,2990,0,3270,6
16/03/2023,Tienda 02,176,2990,0,3094,6
17/03/2023,Tienda 02,211,2990,0,2883,7
18/03/2023,Tienda 02,205,2990,0,2678,6
19/03/2023,Tienda 02,199,2990,0,2479,10
20/03/2023,Tienda 02,181,2990,0,2298,11
21/03/2023,Tienda 02,174,2990,0,2124,8
22/03/2023,Tienda 02,193,2990,0,1931,6
23/03/2023,Tienda 02,181,2990,0,1750,8
24/03/2023,Tienda 02,214,2990,0,1536,7
25/03/2023,Tienda 02,208,2990,0,5678,10
26/03/2023,Tienda 02,214,2990,0,5464,6
27/03/2023,Tienda 02,204,2990,0,5260,9
28/03/2023,Tienda 02,202,2990,0,5058,10
29/03/2023,Tienda 02,227,2542,1,4831,6
30/03/2023,Tienda 02,166,2990,0,4665,9
31/03/2023,Tienda 02,224,2990,0,4441,10
01/04/2023,Tienda 02,217,2990,0,4224,5
02/04/2023,Tienda 02,205,2990,0,4019,8
03/04/2023,Tienda 02,195,2990,0,3824,9
04/04/2023,Tienda 02,149,2990,0,3675,10
05/04/2023,Tienda 02,198,2990,0,3477,7
06/04/2023,Tienda 02,200,2990,0,3277,10
07/04/2023,Tienda 02,278,2542,1,2999,6
08/04/2023,Tienda 02,216,2990,0,2783,7
09/04/2023,Tienda 02,218,2990,0,2565,11
10/04/2023,Tienda 02,167,2990,0,2398,9
11/04/2023,Tienda 02,177,2990,0,2221,7
12/04/2023,Tienda 02,169,2990,0,2052,10
13/04/2023,Tienda 02,182,2990,0,1870,7
14/04/2023,Tienda 02,198,2990,0,1672,6
15/04/2023,Tienda 02,216,2990,0,1456,7
16/04/2023,Tienda 02,194,2990,0,5612,5
17/04/2023,Tienda 02,172,2990,0,5440,10
18/04/2023,Tienda 02,246,2542,1,5194,9
19/04/2023,Tienda 02,179,2990,0,5015,6
20/04/2023,Tienda 02,183,2990,0,4832,11
21/04/2023,Tienda 02,196,2990,0,4636,6
22/04/2023,Tienda 02,204,2990,0,4432,8
23/04/2023,Tienda 02,210,2990,0,4222,8
24/04/2023,Tienda 02,182,2990,0,4040,5
25/04/2023,Tienda 02,173,2990,0,3867,6
26/04/2023,Tienda 02,181,2990,0,3686,6
27/04/2023,Tienda 02,185,2990,0,3501,5
28/04/2023,Tienda 02,237,2990,0,3264,6
29/04/2023,Tienda 02,200,2990,0,3064,9
30/04/2023,Tienda 02,218,2990,0,2846,6
01/05/2023,Tienda 02,244,2542,1,2602,5
02/05/2023,Tienda 02,158,2990,0,2444,10
03/05/2023,Tienda 02,171,2990,0,2273,5
04/05/2023,Tienda 02,173,2990,0,2100,9
05/05/2023,Tienda 02,234,2990,0,1866,6
06/05/2023,Tienda 02,208,2990,0,1658,9
07/05/2023,Tienda 02,199,2990,0,1459,8
08/05/2023,Tienda 02,179,2990,0,5630,8
09/05/2023,Tienda 02,168,2990,0,5462,6
10/05/2023,Tienda 02,191,2990,0,5271,10
11/05/2023,Tienda 02,216,2542,1,5055,7
12/05/2023,Tienda 02,197,2990,0,4858,7
13/05/2023,Tienda 02,188,2990,0,4670,5
14/05/2023,Tienda 02,202,2990,0,4468,11
15/05/2023,Tienda 02,157,2990,0,4311,9
16/05/2023,Tienda 02,177,2990,0,4134,9
17/05/2023,Tienda 02,169,2990,0,3965,7
18/05/2023,Tienda 02,185,2990,0,3780,9
19/05/2023,Tienda 02,190,2990,0,3590,10
20/05/2023,Tienda 02,195,2990,0,3395,9
21/05/2023,Tienda 02,205,2990,0,3190,10
22/05/2023,Tienda 02,180,2990,0,3010,7
23/05/2023,Tienda 02,157,2990,0,2853,6
24/05/2023,Tienda 02,154,2990,0,2699,5
25/05/2023,Tienda 02,161,2990,0,2538,8
26/05/2023,Tienda 02,269,2542,1,2269,5
27/05/2023,Tienda 02,224,2990,0,2045,8
28/05/2023,Tienda 02,195,2990,0,1850,5
29/05/2023,Tienda 02,170,2990,0,1680,8
30/05/2023,Tienda 02,223,2542,1,1457,11
31/05/2023,Tienda 02,145,2990,0,5662,5
01/06/2023,Tienda 02,153,2990,0,5509,9
02/06/2023,Tienda 02,229,2542,1,5280,7
03/06/2023,Tienda 02,186,2990,0,5094,7
04/06/2023,Tienda 02,193,2990,0,4901,10
05/06/2023,Tienda 02,170,2990,0,4731,5
06/06/2023,Tienda 02,150,2990,0,4581,11
07/06/2023,Tienda 02,174,2990,0,4407,5
08/06/2023,Tienda 02,170,2990,0,4237,5
09/06/2023,Tienda 02,230,2542,1,4007,6
10/06/2023,Tienda 02,179,2990,0,3828,6
11/06/2023,Tienda 02,174,2990,0,3654,9
12/06/2023,Tienda 02,213,2542,1,3441,10
13/06/2023,Tienda 02,204,2542,1,3237,7
14/06/2023,Tienda 02,157,2990,0,3080,10
15/06/2023,Tienda 02,158,2990,0,2922,8
16/06/2023,Tienda 02,256,2542,1,2666,6
17/06/2023,Tienda 02,190,2990,0,2476,11
18/06/2023,Tienda 02,179,2990,0,2297,6
19/06/2023,Tienda 02,157,2990,0,2140,8
20/06/2023,Tienda 02,160,2990,0,1980,9
21/06/2023,Tienda 02,158,2990,0,1822,5
22/06/2023,Tienda 02,156,2990,0,1666,10
23/06/2023,Tienda 02,185,2990,0,1481,11
24/06/2023,Tienda 02,177,2990,0,5654,6
25/06/2023,Tienda 02,216,2542,1,5438,5
26/06/2023,Tienda 02,161,2990,0,5277,11
27/06/2023,Tienda 02,146,2990,0,5131,10
28/06/2023,Tienda 02,138,2990,0,4993,9
29/06/2023,Tienda 02,142,2990,0,4851,5
30/06/2023,Tienda 02,182,2990,0,4669,5
01/07/2023,Tienda 02,174,2990,0,4495,10
02/07/2023,Tienda 02,160,2990,0,4335,8
03/07/2023,Tienda 02,137,2990,0,4198,6
04/07/2023,Tienda 02,174,2990,0,4024,5
05/07/2023,Tienda 02,178,2542,1,3846,8
06/07/2023,Tienda 02,149,2990,0,3697,6
07/07/2023,Tienda 02,160,2990,0,3537,6
08/07/2023,Tienda 02,156,2990,0,3381,9
09/07/2023,Tienda 02,152,2990,0,3229,11
10/07/2023,Tienda 02,148,2990,0,3081,6
11/07/2023,Tienda 02,148,2990,0,2933,10
12/07/2023,Tienda 02,148,2990,0,2785,7
13/07/2023,Tienda 02,142,2990,0,2643,6
14/07/2023,Tienda 02,145,2990,0,2498,10
15/07/2023,Tienda 02,169,2990,0,2329,7
16/07/2023,Tienda 02,197,2542,1,2132,7
17/07/2023,Tienda 02,120,2990,0,2012,5
18/07/2023,Tienda 02,125,2990,0,1887,11
19/07/2023,Tienda 02,133,2990,0,1754,10
20/07/2023,Tienda 02,119,2990,0,1635,6
21/07/2023,Tienda 02,152,2990,0,1483,9
22/07/2023,Tienda 02,170,2990,0,5663,7
23/07/2023,Tienda 02,161,2990,0,5502,8
24/07/2023,Tienda 02,137,2990,0,5365,5
25/07/2023,Tienda 02,164,2542,1,5201,6
26/07/2023,Tienda 02,129,2990,0,5072,5
27/07/2023,Tienda 02,180,2542,1,4892,7
28/07/2023,Tienda 02,137,2990,0,4755,10
29/07/2023,Tienda 02,163,2990,0,4592,9
30/07/2023,Tienda 02,152,2990,0,4440,11
31/07/2023,Tienda 02,130,2990,0,4310,8
01/08/2023,Tienda 02,116,2990,0,4194,8
02/08/2023,Tienda 02,111,2990,0,4083,6
03/08/2023,Tienda 02,147,2542,1,3936,6
04/08/2023,Tienda 02,135,2990,0,3801,5
05/08/2023,Tienda 02,142,2990,0,3659,8
06/08/2023,Tienda 02,155,2990,0,3504,8
07/08/2023,Tienda 02,147,2542,1,3357,11
08/08/2023,Tienda 02,163,2542,1,3194,5
09/08/2023,Tienda 02,165,2542,1,3029,10
10/08/2023,Tienda 02,107,2990,0,2922,9
11/08/2023,Tienda 02,146,2990,0,2776,5
12/08/2023,Tienda 02,127,2990,0,2649,10
13/08/2023,Tienda 02,138,2990,0,2511,9
14/08/2023,Tienda 02,139,2990,0,2372,5
15/08/2023,Tienda 02,116,2990,0,2256,8
16/08/2023,Tienda 02,123,2990,0,2133,11
17/08/2023,Tienda 02,113,2990,0,2020,7
18/08/2023,Tienda 02,181,2542,1,1839,6
19/08/2023,Tienda 02,130,2990,0,1709,5
20/08/2023,Tienda 02,137,2990,0,1572,9
21/08/2023,Tienda 02,130,2542,1,5792,11
22/08/2023,Tienda 02,92,2990,0,5700,5
23/08/2023,Tienda 02,112,2990,0,5588,11
24/08/2023,Tienda 02,110,2990,0,5478,8
25/08/2023,Tienda 02,128,2990,0,5350,6
26/08/2023,Tienda 02,149,2990,0,5201,9
27/08/2023,Tienda 02,124,2990,0,5077,7
28/08/2023,Tienda 02,109,2990,0,4968,9
29/08/2023,Tienda 02,108,2990,0,4860,11
30/08/2023,Tienda 02,113,2990,0,4747,10
31/08/2023,Tienda 02,115,2990,0,4632,9
01/09/2023,Tienda 02,145,2990,0,4487,11
02/09/2023,Tienda 02,169,2990,0,4318,8
03/09/2023,Tienda 02,141,2990,0,4177,11
04/09/2023,Tienda 02,107,2990,0,4070,11
05/09/2023,Tienda 02,110,2990,0,3960,11
06/09/2023,Tienda 02,125,2990,0,3835,6
07/09/2023,Tienda 02,137,2542,1,3698,11
08/09/2023,Tienda 02,141,2990,0,3557,10
09/09/2023,Tienda 02,133,2990,0,3424,5
10/09/2023,Tienda 02,181,2542,1,3243,8
11/09/2023,Tienda 02,112,2990,0,3131,8
12/09/2023,Tienda 02,108,2990,0,3023,7
13/09/2023,Tienda 02,89,2990,0,2934,6
14/09/2023,Tienda 02,111,2990,0,2823,8
15/09/2023,Tienda 02,175,2542,1,2648,8
16/09/2023,Tienda 02,111,2990,0,2537,5
17/09/2023,Tienda 02,188,2542,1,2349,10
18/09/2023,Tienda 02,93,2990,0,2256,6
19/09/2023,Tienda 02,112,2990,0,2144,9
20/09/2023,Tienda 02,99,2990,0,2045,11
21/09/2023,Tienda 02,119,2990,0,1926,11
22/09/2023,Tienda 02,125,2990,0,1801,11
23/09/2023,Tienda 02,143,2990,0,1658,11
24/09/2023,Tienda 02,117,2990,0,1541,8
25/09/2023,Tienda 02,115,2542,1,5776,7
26/09/2023,Tienda 02,98,2990,0,5678,5
27/09/2023,Tienda 02,109,2990,0,5569,5
28/09/2023,Tienda 02,112,2990,0,5457,9
29/09/2023,Tienda 02,111,2990,0,5346,10
30/09/2023,Tienda 02,122,2990,0,5224,9
01/10/2023,Tienda 02,174,2542,1,5050,5
02/10/2023,Tienda 02,98,2990,0,4952,6
03/10/2023,Tienda 02,145,2542,1,4807,11
04/10/2023,Tienda 02,101,2990,0,4706,7
05/10/2023,Tienda 02,109,2990,0,4597,5
06/10/2023,Tienda 02,111,2990,0,4486,7
07/10/2023,Tienda 02,109,2990,0,4377,7
08/10/2023,Tienda 02,117,2990,0,4260,10
09/10/2023,Tienda 02,99,2990,0,4161,8
10/10/2023,Tienda 02,88,2990,0,4073,8
11/10/2023,Tienda 02,119,2990,0,3954,11
12/10/2023,Tienda 02,122,2990,0,3832,5
13/10/2023,Tienda 02,138,2990,0,3694,10
14/10/2023,Tienda 02,125,2990,0,3569,7
15/10/2023,Tienda 02,129,2990,0,3440,10
16/10/2023,Tienda 02,87,2990,0,3353,7
17/10/2023,Tienda 02,97,2990,0,3256,5
18/10/2023,Tienda 02,112,2990,0,3144,7
19/10/2023,Tienda 02,125,2990,0,3019,10
20/10/2023,Tienda 02,169,2542,1,2850,11
21/10/2023,Tienda 02,164,2990,0,2686,10
22/10/2023,Tienda 02,136,2990,0,2550,8
23/10/2023,Tienda 02,121,2990,0,2429,6
24/10/2023,Tienda 02,128,2990,0,2301,8
25/10/2023,Tienda 02,97,2990,0,2204,11
26/10/2023,Tienda 02,105,2990,0,2099,10
27/10/2023,Tienda 02,155,2990,0,1944,10
28/10/2023,Tienda 02,173,2542,1,1771,10
29/10/2023,Tienda 02,146,2990,0,1625,8
30/10/2023,Tienda 02,108,2990,0,1517,11
31/10/2023,Tienda 02,147,2542,1,5720,8
01/11/2023,Tienda 02,122,2990,0,5598,9
02/11/2023,Tienda 02,131,2990,0,5467,9
03/11/2023,Tienda 02,138,2990,0,5329,6
04/11/2023,Tienda 02,145,2990,0,5184,7
05/11/2023,Tienda 02,120,2990,0,5064,5
06/11/2023,Tienda 02,121,2990,0,4943,7
07/11/2023,Tienda 02,132,2990,0,4811,6
08/11/2023,Tienda 02,127,2990,0,4684,10
09/11/2023,Tienda 02,113,2990,0,4571,6
10/11/2023,Tienda 02,123,2990,0,4448,7
11/11/2023,Tienda 02,114,2990,0,4334,7
12/11/2023,Tienda 02,139,2990,0,4195,8
13/11/2023,Tienda 02,129,2990,0,4066,7
14/11/2023,Tienda 02,129,2990,0,3937,11
15/11/2023,Tienda 02,128,2990,0,3809,6
16/11/2023,Tienda 02,117,2990,0,3692,7
17/11/2023,Tienda 02,131,2990,0,3561,6
18/11/2023,Tienda 02,159,2990,0,3402,7
19/11/2023,Tienda 02,154,2990,0,3248,6
20/11/2023,Tienda 02,128,2990,0,3120,5
21/11/2023,Tienda 02,137,2990,0,2983,7
22/11/2023,Tienda 02,124,2990,0,2859,11
23/11/2023,Tienda 02,121,2990,0,2738,7
24/11/2023,Tienda 02,134,2990,0,2604,7
25/11/2023,Tienda 02,130,2990,0,2474,6
26/11/2023,Tienda 02,151,2990,0,2323,5
27/11/2023,Tienda 02,130,2990,0,2193,6
28/11/2023,Tienda 02,133,2990,0,2060,5
29/11/2023,Tienda 02,126,2990,0,1934,8
30/11/2023,Tienda 02,116,2990,0,1818,6
01/12/2023,Tienda 02,154,2990,0,1664,7
02/12/2023,Tienda 02,149,2990,0,1515,7
03/12/2023,Tienda 02,149,2990,0,5716,8
04/12/2023,Tienda 02,134,2990,0,5582,7
05/12/2023,Tienda 02,140,2990,0,5442,6
06/12/2023,Tienda 02,120,2990,0,5322,6
07/12/2023,Tienda 02,135,2990,0,5187,10
08/12/2023,Tienda 02,152,2990,0,5035,11
09/12/2023,Tienda 02,174,2990,0,4861,10
10/12/2023,Tienda 02,163,2990,0,4698,11
11/12/2023,Tienda 02,119,2990,0,4579,8
12/12/2023,Tienda 02,144,2990,0,4435,10
13/12/2023,Tienda 02,131,2990,0,4304,9
14/12/2023,Tienda 02,125,2990,0,4179,5
15/12/2023,Tienda 02,209,2542,1,3970,6
16/12/2023,Tienda 02,176,2990,0,3794,7
17/12/2023,Tienda 02,169,2990,0,3625,11
18/12/2023,Tienda 02,147,2990,0,3478,6
19/12/2023,Tienda 02,147,2990,0,3331,8
20/12/2023,Tienda 02,138,2990,0,3193,6
21/12/2023,Tienda 02,158,2542,1,3035,11
22/12/2023,Tienda 02,171,2990,0,2864,11
23/12/2023,Tienda 02,173,2990,0,2691,7
24/12/2023,Tienda 02,165,2990,0,2526,6
25/12/2023,Tienda 02,165,2990,0,2361,10
26/12/2023,Tienda 02,133,2990,0,2228,9
27/12/2023,Tienda 02,142,2990,0,2086,7
28/12/2023,Tienda 02,148,2990,0,1938,7
29/12/2023,Tienda 02,249,2542,1,1689,5
30/12/2023,Tienda 02,150,2990,0,1539,6
31/12/2023,Tienda 02,182,2990,0,5707,9
01/01/2024,Tienda 02,163,3110,0,5544,7
02/01/2024,Tienda 02,156,3110,0,5388,6
03/01/2024,Tienda 02,200,2643,1,5188,9
04/01/2024,Tienda 02,155,3110,0,5033,6
05/01/2024,Tienda 02,222,2643,1,4811,7
06/01/2024,Tienda 02,177,3110,0,4634,5
07/01/2024,Tienda 02,190,3110,0,4444,6
08/01/2024,Tienda 02,199,2643,1,4245,9
09/01/2024,Tienda 02,143,3110,0,4102,7
10/01/2024,Tienda 02,163,3110,0,3939,6
11/01/2024,Tienda 02,152,3110,0,3787,10
12/01/2024,Tienda 02,194,3110,0,3593,7
13/01/2024,Tienda 02,194,3110,0,3399,10
14/01/2024,Tienda 02,180,3110,0,3219,8
15/01/2024,Tienda 02,151,3110,0,3068,8
16/01/2024,Tienda 02,158,3110,0,2910,10
17/01/2024,Tienda 02,175,3110,0,2735,11
18/01/2024,Tienda 02,149,3110,0,2586,6
19/01/2024,Tienda 02,201,3110,0,2385,11
20/01/2024,Tienda 02,201,3110,0,2184,6
21/01/2024,Tienda 02,189,3110,0,1995,6
22/01/2024,Tienda 02,167,3110,0,1828,8
23/01/2024,Tienda 02,156,3110,0,1672,6
24/01/2024,Tienda 02,197,2643,1,1475,6
25/01/2024,Tienda 02,165,3110,0,5660,6
26/01/2024,Tienda 02,193,3110,0,5467,10
27/01/2024,Tienda 02,190,3110,0,5277,8
28/01/2024,Tienda 02,171,3110,0,5106,8
29/01/2024,Tienda 02,168,3110,0,4938,6
30/01/2024,Tienda 02,140,3110,0,4798,8
31/01/2024,Tienda 02,200,2643,1,4598,7
01/02/2024,Tienda 02,205,2643,1,4393,10
02/02/2024,Tienda 02,201,3110,0,4192,8
03/02/2024,Tienda 02,190,3110,0,4002,7
04/02/2024,Tienda 02,181,3110,0,3821,11
05/02/2024,Tienda 02,197,3110,0,3624,8
06/02/2024,Tienda 02,216,2643,1,3408,9
07/02/2024,Tienda 02,152,3110,0,3256,8
08/02/2024,Tienda 02,159,3110,0,3097,10
09/02/2024,Tienda 02,186,3110,0,2911,6
10/02/2024,Tienda 02,189,3110,0,2722,11
11/02/2024,Tienda 02,190,3110,0,2532,9
12/02/2024,Tienda 02,218,2643,1,2314,7
13/02/2024,Tienda 02,168,3110,0,2146,8
14/02/2024,Tienda 02,178,3110,0,1968,9
15/02/2024,Tienda 02,172,3110,0,1796,6
16/02/2024,Tienda 02,211,3110,0,1585,6
17/02/2024,Tienda 02,269,2643,1,5666,8
18/02/2024,Tienda 02,211,3110,0,5455,9
19/02/2024,Tienda 02,183,3110,0,5272,10
20/02/2024,Tienda 02,176,3110,0,5096,5
21/02/2024,Tienda 02,177,3110,0,4919,11
22/02/2024,Tienda 02,182,3110,0,4737,7
23/02/2024,Tienda 02,201,3110,0,4536,7
24/02/2024,Tienda 02,200,3110,0,4336,9
25/02/2024,Tienda 02,198,3110,0,4138,7
26/02/2024,Tienda 02,166,3110,0,3972,6
27/02/2024,Tienda 02,183,3110,0,3789,7
28/02/2024,Tienda 02,156,3110,0,3633,9
29/02/2024,Tienda 02,168,3110,0,3465,9
01/03/2024,Tienda 02,263,2643,1,3202,9
02/03/2024,Tienda 02,217,3110,0,2985,11
03/03/2024,Tienda 02,207,3110,0,2778,9
04/03/2024,Tienda 02,182,3110,0,2596,8
05/03/2024,Tienda 02,186,3110,0,2410,6
06/03/2024,Tienda 02,185,3110,0,2225,10
07/03/2024,Tienda 02,189,3110,0,2036,7
08/03/2024,Tienda 02,221,3110,0,1815,9
09/03/2024,Tienda 02,258,2643,1,1557,9
10/03/2024,Tienda 02,281,2643,1,5626,5
11/03/2024,Tienda 02,169,3110,0,5457,7
12/03/2024,Tienda 02,178,3110,0,5279,6
13/03/2024,Tienda 02,158,3110,0,5121,9
14/03/2024,Tienda 02,195,3110,0,4926,10
15/03/2024,Tienda 02,208,3110,0,4718,5
16/03/2024,Tienda 02,297,2643,1,4421,6
17/03/2024,Tienda 02,231,3110,0,4190,5
18/03/2024,Tienda 02,189,3110,0,4001,11
19/03/2024,Tienda 02,188,3110,0,3813,8
20/03/2024,Tienda 02,168,3110,0,3645,10
21/03/2024,Tienda 02,177,3110,0,3468,11
22/03/2024,Tienda 02,211,3110,0,3257,9
23/03/2024,Tienda 02,183,3110,0,3074,8
24/03/2024,Tienda 02,215,3110,0,2859,11
25/03/2024,Tienda 02,184,3110,0,2675,5
26/03/2024,Tienda 02,175,3110,0,2500,6
27/03/2024,Tienda 02,176,3110,0,2324,8
28/03/2024,Tienda 02,180,3110,0,2144,8
29/03/2024,Tienda 02,210,3110,0,1934,8
30/03/2024,Tienda 02,228,3110,0,1706,6
31/03/2024,Tienda 02,210,3110,0,1496,7
01/04/2024,Tienda 02,191,3110,0,5655,7
02/04/2024,Tienda 02,168,3110,0,5487,9
03/04/2024,Tienda 02,206,3110,0,5281,6
04/04/2024,Tienda 02,198,3110,0,5083,11
05/04/2024,Tienda 02,220,3110,0,4863,5
06/04/2024,Tienda 02,212,3110,0,4651,5
07/04/2024,Tienda 02,213,3110,0,4438,9
08/04/2024,Tienda 02,182,3110,0,4256,5
09/04/2024,Tienda 02,180,3110,0,4076,7
10/04/2024,Tienda 02,226,2643,1,3850,8
11/04/2024,Tienda 02,172,3110,0,3678,7
12/04/2024,Tienda 02,214,3110,0,3464,9
13/04/2024,Tienda 02,200,3110,0,3264,11
14/04/2024,Tienda 02,217,3110,0,3047,11
15/04/2024,Tienda 02,188,3110,0,2859,10
16/04/2024,Tienda 02,214,2643,1,2645,10
17/04/2024,Tienda 02,185,3110,0,2460,9
18/04/2024,Tienda 02,186,3110,0,2274,5
19/04/2024,Tienda 02,200,3110,0,2074,11
20/04/2024,Tienda 02,197,3110,0,1877,6
21/04/2024,Tienda 02,206,3110,0,1671,6
22/04/2024,Tienda 02,164,3110,0,1507,8
23/04/2024,Tienda 02,173,3110,0,5684,10
24/04/2024,Tienda 02,246,2643,1,5438,6
25/04/2024,Tienda 02,232,2643,1,5206,9
26/04/2024,Tienda 02,207,3110,0,4999,8
27/04/2024,Tienda 02,195,3110,0,4804,6
28/04/2024,Tienda 02,197,3110,0,4607,6
29/04/2024,Tienda 02,158,3110,0,4449,5
30/04/2024,Tienda 02,169,3110,0,4280,11
01/05/2024,Tienda 02,184,3110,0,4096,10
02/05/2024,Tienda 02,173,3110,0,3923,7
03/05/2024,Tienda 02,298,2643,1,3625,10
04/05/2024,Tienda 02,195,3110,0,3430,7
05/05/2024,Tienda 02,222,3110,0,3208,7
06/05/2024,Tienda 02,159,3110,0,3049,6
07/05/2024,Tienda 02,171,3110,0,2878,7
08/05/2024,Tienda 02,176,3110,0,2702,6
09/05/2024,Tienda 02,177,3110,0,2525,8
10/05/2024,Tienda 02,212,3110,0,2313,5
11/05/2024,Tienda 02,214,3110,0,2099,11
12/05/2024,Tienda 02,187,3110,0,1912,5
13/05/2024,Tienda 02,160,3110,0,1752,7
14/05/2024,Tienda 02,184,3110,0,1568,11
15/05/2024,Tienda 02,173,3110,0,5745,9
16/05/2024,Tienda 02,171,3110,0,5574,8
17/05/2024,Tienda 02,202,3110,0,5372,6
18/05/2024,Tienda 02,203,3110,0,5169,8
19/05/2024,Tienda 02,214,3110,0,4955,8
20/05/2024,Tienda 02,146,3110,0,4809,7
21/05/2024,Tienda 02,168,3110,0,4641,9
22/05/2024,Tienda 02,167,3110,0,4474,11
23/05/2024,Tienda 02,168,3110,0,4306,5
24/05/2024,Tienda 02,208,3110,0,4098,10
25/05/2024,Tienda 02,187,3110,0,3911,9
26/05/2024,Tienda 02,202,3110,0,3709,10
27/05/2024,Tienda 02,163,3110,0,3546,7
28/05/2024,Tienda 02,153,3110,0,3393,10
29/05/2024,Tienda 02,152,3110,0,3241,6
30/05/2024,Tienda 02,166,3110,0,3075,5
31/05/2024,Tienda 02,185,3110,0,2890,11
01/06/2024,Tienda 02,189,3110,0,2701,6
02/06/2024,Tienda 02,200,3110,0,2501,5
03/06/2024,Tienda 02,157,3110,0,2344,5
04/06/2024,Tienda 02,152,3110,0,2192,11
05/06/2024,Tienda 02,166,3110,0,2026,8
06/06/2024,Tienda 02,149,3110,0,1877,8
07/06/2024,Tienda 02,184,3110,0,1693,8
08/06/2024,Tienda 02,194,3110,0,1499,9
09/06/2024,Tienda 02,240,2643,1,5609,6
10/06/2024,Tienda 02,143,3110,0,5466,6
11/06/2024,Tienda 02,160,3110,0,5306,6
12/06/2024,Tienda 02,173,3110,0,5133,8
13/06/2024,Tienda 02,161,3110,0,4972,11
14/06/2024,Tienda 02,197,3110,0,4775,7
15/06/2024,Tienda 02,245,2643,1,4530,11
16/06/2024,Tienda 02,184,3110,0,4346,8
17/06/2024,Tienda 02,165,3110,0,4181,8
18/06/2024,Tienda 02,153,3110,0,4028,7
19/06/2024,Tienda 02,136,3110,0,3892,10
20/06/2024,Tienda 02,141,3110,0,3751,8
21/06/2024,Tienda 02,185,3110,0,3566,8
22/06/2024,Tienda 02,180,3110,0,3386,7
23/06/2024,Tienda 02,183,3110,0,3203,11
24/06/2024,Tienda 02,141,3110,0,3062,8
25/06/2024,Tienda 02,148,3110,0,2914,11
26/06/2024,Tienda 02,146,3110,0,2768,6
27/06/2024,Tienda 02,191,2643,1,2577,8
28/06/2024,Tienda 02,162,3110,0,2415,6
29/06/2024,Tienda 02,166,3110,0,2249,10
30/06/2024,Tienda 02,224,2643,1,2025,8
01/07/2024,Tienda 02,149,3110,0,1876,8
02/07/2024,Tienda 02,151,3110,0,1725,5
03/07/2024,Tienda 02,139,3110,0,1586,7
04/07/2024,Tienda 02,151,3110,0,5785,10
05/07/2024,Tienda 02,221,2643,1,5564,9
06/07/2024,Tienda 02,210,2643,1,5354,6
07/07/2024,Tienda 02,171,3110,0,5183,6
08/07/2024,Tienda 02,139,3110,0,5044,6
09/07/2024,Tienda 02,137,3110,0,4907,9
10/07/2024,Tienda 02,137,3110,0,4770,9
11/07/2024,Tienda 02,129,3110,0,4641,8
12/07/2024,Tienda 02,157,3110,0,4484,9
13/07/2024,Tienda 02,175,3110,0,4309,10
14/07/2024,Tienda 02,162,3110,0,4147,9
15/07/2024,Tienda 02,136,3110,0,4011,11
16/07/2024,Tienda 02,116,3110,0,3895,8
17/07/2024,Tienda 02,161,3110,0,3734,11
18/07/2024,Tienda 02,125,3110,0,3609,11
19/07/2024,Tienda 02,185,2643,1,3424,8
20/07/2024,Tienda 02,166,3110,0,3258,11
21/07/2024,Tienda 02,163,3110,0,3095,6
22/07/2024,Tienda 02,123,3110,0,2972,11
23/07/2024,Tienda 02,140,3110,0,2832,5
24/07/2024,Tienda 02,185,2643,1,2647,5
25/07/2024,Tienda 02,137,3110,0,2510,10
26/07/2024,Tienda 02,191,2643,1,2319,10
27/07/2024,Tienda 02,145,3110,0,2174,6
28/07/2024,Tienda 02,163,3110,0,2011,8
29/07/2024,Tienda 02,120,3110,0,1891,8
30/07/2024,Tienda 02,154,2643,1,1737,6
31/07/2024,Tienda 02,126,3110,0,1611,9
01/08/2024,Tienda 02,123,3110,0,1488,10
02/08/2024,Tienda 02,160,3110,0,5678,6
03/08/2024,Tienda 02,152,3110,0,5526,7
04/08/2024,Tienda 02,140,3110,0,5386,6
05/08/2024,Tienda 02,127,3110,0,5259,9
06/08/2024,Tienda 02,122,3110,0,5137,5
07/08/2024,Tienda 02,121,3110,0,5016,9
08/08/2024,Tienda 02,139,3110,0,4877,9
09/08/2024,Tienda 02,145,3110,0,4732,8
10/08/2024,Tienda 02,124,3110,0,4608,10
11/08/2024,Tienda 02,203,2643,1,4405,9
12/08/2024,Tienda 02,113,3110,0,4292,10
13/08/2024,Tienda 02,125,3110,0,4167,5
14/08/2024,Tienda 02,161,2643,1,4006,10
15/08/2024,Tienda 02,104,3110,0,3902,11
16/08/2024,Tienda 02,138,3110,0,3764,6
17/08/2024,Tienda 02,127,3110,0,3637,11
18/08/2024,Tienda 02,145,3110,0,3492,9
19/08/2024,Tienda 02,125,3110,0,3367,5
20/08/2024,Tienda 02,107,3110,0,3260,10
21/08/2024,Tienda 02,104,3110,0,3156,5
22/08/2024,Tienda 02,155,2643,1,3001,6
23/08/2024,Tienda 02,128,3110,0,2873,9
24/08/2024,Tienda 02,161,2643,1,2712,9
25/08/2024,Tienda 02,136,3110,0,2576,5
26/08/2024,Tienda 02,111,3110,0,2465,11
27/08/2024,Tienda 02,139,3110,0,2326,11
28/08/2024,Tienda 02,155,2643,1,2171,9
29/08/2024,Tienda 02,163,2643,1,2008,8
30/08/2024,Tienda 02,115,3110,0,1893,10
31/08/2024,Tienda 02,138,3110,0,1755,7
01/09/2024,Tienda 02,140,3110,0,1615,9
02/09/2024,Tienda 02,129,3110,0,1486,10
03/09/2024,Tienda 02,123,3110,0,5713,5
04/09/2024,Tienda 02,108,3110,0,5605,5
05/09/2024,Tienda 02,118,3110,0,5487,9
06/09/2024,Tienda 02,130,3110,0,5357,8
07/09/2024,Tienda 02,137,3110,0,5220,9
08/09/2024,Tienda 02,127,3110,0,5093,9
09/09/2024,Tienda 02,149,3110,0,4944,10
10/09/2024,Tienda 02,136,2643,1,4808,11
11/09/2024,Tienda 02,166,2643,1,4642,8
12/09/2024,Tienda 02,121,3110,0,4521,11
13/09/2024,Tienda 02,119,3110,0,4402,5
14/09/2024,Tienda 02,144,3110,0,4258,9
15/09/2024,Tienda 02,171,2643,1,4087,5
16/09/2024,Tienda 02,117,3110,0,3970,11
17/09/2024,Tienda 02,97,3110,0,3873,5
18/09/2024,Tienda 02,97,3110,0,3776,7
19/09/2024,Tienda 02,109,3110,0,3667,11
20/09/2024,Tienda 02,135,3110,0,3532,8
21/09/2024,Tienda 02,164,2643,1,3368,6
22/09/2024,Tienda 02,173,2643,1,3195,6
23/09/2024,Tienda 02,120,3110,0,3075,9
24/09/2024,Tienda 02,122,3110,0,2953,9
25/09/2024,Tienda 02,112,3110,0,2841,6
26/09/2024,Tienda 02,103,3110,0,2738,7
27/09/2024,Tienda 02,123,3110,0,2615,8
28/09/2024,Tienda 02,132,3110,0,2483,11
29/09/2024,Tienda 02,114,3110,0,2369,5
30/09/2024,Tienda 02,113,3110,0,2256,7
01/10/2024,Tienda 02,104,3110,0,2152,10
02/10/2024,Tienda 02,139,2643,1,2013,10
03/10/2024,Tienda 02,125,3110,0,1888,7
04/10/2024,Tienda 02,138,3110,0,1750,8
05/10/2024,Tienda 02,148,3110,0,1602,7
06/10/2024,Tienda 02,121,3110,0,1481,5
07/10/2024,Tienda 02,104,3110,0,5727,10
08/10/2024,Tienda 02,99,3110,0,5628,9
09/10/2024,Tienda 02,114,3110,0,5514,6
10/10/2024,Tienda 02,102,3110,0,5412,10
11/10/2024,Tienda 02,163,2643,1,5249,10
12/10/2024,Tienda 02,121,3110,0,5128,8
13/10/2024,Tienda 02,129,3110,0,4999,11
14/10/2024,Tienda 02,134,3110,0,4865,9
15/10/2024,Tienda 02,114,3110,0,4751,5
16/10/2024,Tienda 02,111,3110,0,4640,11
17/10/2024,Tienda 02,143,2643,1,4497,5
18/10/2024,Tienda 02,124,3110,0,4373,8
19/10/2024,Tienda 02,122,3110,0,4251,9
20/10/2024,Tienda 02,114,3110,0,4137,8
21/10/2024,Tienda 02,106,3110,0,4031,5
22/10/2024,Tienda 02,117,3110,0,3914,10
23/10/2024,Tienda 02,133,3110,0,3781,10
24/10/2024,Tienda 02,130,3110,0,3651,7
25/10/2024,Tienda 02,122,3110,0,3529,6
26/10/2024,Tienda 02,167,2643,1,3362,6
27/10/2024,Tienda 02,109,3110,0,3253,11
28/10/2024,Tienda 02,112,3110,0,3141,8
29/10/2024,Tienda 02,117,3110,0,3024,8
30/10/2024,Tienda 02,87,3110,0,2937,9
31/10/2024,Tienda 02,112,3110,0,2825,9
01/11/2024,Tienda 02,136,3110,0,2689,9
02/11/2024,Tienda 02,167,2643,1,2522,9
03/11/2024,Tienda 02,131,3110,0,2391,7
04/11/2024,Tienda 02,119,3110,0,2272,7
05/11/2024,Tienda 02,111,3110,0,2161,7
06/11/2024,Tienda 02,127,3110,0,2034,9
07/11/2024,Tienda 02,114,3110,0,1920,5
08/11/2024,Tienda 02,161,2643,1,1759,9
09/11/2024,Tienda 02,125,3110,0,1634,11
10/11/2024,Tienda 02,113,3110,0,1521,6
11/11/2024,Tienda 02,116,3110,0,5755,11
12/11/2024,Tienda 02,141,3110,0,5614,10
13/11/2024,Tienda 02,124,3110,0,5490,6
14/11/2024,Tienda 02,115,3110,0,5375,5
15/11/2024,Tienda 02,148,3110,0,5227,6
16/11/2024,Tienda 02,186,2643,1,5041,11
17/11/2024,Tienda 02,130,3110,0,4911,5
18/11/2024,Tienda 02,124,3110,0,4787,8
19/11/2024,Tienda 02,153,2643,1,4634,10
20/11/2024,Tienda 02,121,3110,0,4513,9
21/11/2024,Tienda 02,114,3110,0,4399,11
22/11/2024,Tienda 02,160,3110,0,4239,6
23/11/2024,Tienda 02,148,3110,0,4091,11
24/11/2024,Tienda 02,163,3110,0,3928,11
25/11/2024,Tienda 02,133,3110,0,3795,11
26/11/2024,Tienda 02,115,3110,0,3680,7
27/11/2024,Tienda 02,167,2643,1,3513,11
28/11/2024,Tienda 02,139,3110,0,3374,10
29/11/2024,Tienda 02,133,3110,0,3241,11
30/11/2024,Tienda 02,158,3110,0,3083,9
01/12/2024,Tienda 02,134,3110,0,2949,9
02/12/2024,Tienda 02,128,3110,0,2821,9
03/12/2024,Tienda 02,174,2643,1,2647,7
04/12/2024,Tienda 02,151,3110,0,2496,11
05/12/2024,Tienda 02,164,2643,1,2332,7
06/12/2024,Tienda 02,143,3110,0,2189,11
07/12/2024,Tienda 02,130,3110,0,2059,6
08/12/2024,Tienda 02,156,3110,0,1903,6
09/12/2024,Tienda 02,177,2643,1,1726,6
10/12/2024,Tienda 02,133,3110,0,1593,5
11/12/2024,Tienda 02,130,3110,0,1463,8
12/12/2024,Tienda 02,181,2643,1,5632,10
13/12/2024,Tienda 02,152,3110,0,5480,5
14/12/2024,Tienda 02,162,3110,0,5318,6
15/12/2024,Tienda 02,160,3110,0,5158,6
16/12/2024,Tienda 02,148,3110,0,5010,5
17/12/2024,Tienda 02,137,3110,0,4873,10
18/12/2024,Tienda 02,128,3110,0,4745,6
19/12/2024,Tienda 02,129,3110,0,4616,11
20/12/2024,Tienda 02,156,3110,0,4460,5
21/12/2024,Tienda 02,167,3110,0,4293,11
22/12/2024,Tienda 02,170,3110,0,4123,10
23/12/2024,Tienda 02,140,3110,0,3983,7
24/12/2024,Tienda 02,142,3110,0,3841,11
25/12/2024,Tienda 02,162,3110,0,3679,11
26/12/2024,Tienda 02,139,3110,0,3540,10
27/12/2024,Tienda 02,158,3110,0,3382,6
28/12/2024,Tienda 02,173,3110,0,3209,6
29/12/2024,Tienda 02,165,3110,0,3044,9
30/12/2024,Tienda 02,139,3110,0,2905,11
31/12/2024,Tienda 02,158,3110,0,2747,11
01/01/2025,Tienda 02,181,2745,1,2566,6
02/01/2025,Tienda 02,155,3229,0,2411,5
03/01/2025,Tienda 02,180,3229,0,2231,9
04/01/2025,Tienda 02,172,3229,0,2059,8
05/01/2025,Tienda 02,176,3229,0,1883,8
06/01/2025,Tienda 02,158,3229,0,1725,10
07/01/2025,Tienda 02,129,3229,0,1596,9
08/01/2025,Tienda 02,159,3229,0,5787,11
09/01/2025,Tienda 02,149,3229,0,5638,7
10/01/2025,Tienda 02,190,3229,0,5448,9
11/01/2025,Tienda 02,181,3229,0,5267,7
12/01/2025,Tienda 02,250,2745,1,5017,5
13/01/2025,Tienda 02,174,3229,0,4843,9
14/01/2025,Tienda 02,154,3229,0,4689,5
15/01/2025,Tienda 02,204,2745,1,4485,8
16/01/2025,Tienda 02,163,3229,0,4322,6
17/01/2025,Tienda 02,162,3229,0,4160,6
18/01/2025,Tienda 02,191,3229,0,3969,8
19/01/2025,Tienda 02,181,3229,0,3788,5
20/01/2025,Tienda 02,159,3229,0,3629,5
21/01/2025,Tienda 02,150,3229,0,3479,5
22/01/2025,Tienda 02,163,3229,0,3316,7
23/01/2025,Tienda 02,211,2745,1,3105,8
24/01/2025,Tienda 02,197,3229,0,2908,11
25/01/2025,Tienda 02,185,3229,0,2723,7
26/01/2025,Tienda 02,181,3229,0,2542,11
27/01/2025,Tienda 02,167,3229,0,2375,5
28/01/2025,Tienda 02,126,3229,0,2249,7
29/01/2025,Tienda 02,216,2745,1,2033,5
30/01/2025,Tienda 02,182,3229,0,1851,10
31/01/2025,Tienda 02,196,3229,0,1655,11
01/02/2025,Tienda 02,206,3229,0,5799,10
02/02/2025,Tienda 02,166,3229,0,5633,10
03/02/2025,Tienda 02,174,3229,0,5459,8
04/02/2025,Tienda 02,167,3229,0,5292,7
05/02/2025,Tienda 02,163,3229,0,5129,11
06/02/2025,Tienda 02,184,3229,0,4945,10
07/02/2025,Tienda 02,192,3229,0,4753,10
08/02/2025,Tienda 02,260,2745,1,4493,7
09/02/2025,Tienda 02,207,3229,0,4286,6
10/02/2025,Tienda 02,172,3229,0,4114,9
11/02/2025,Tienda 02,191,3229,0,3923,7
12/02/2025,Tienda 02,169,3229,0,3754,9
13/02/2025,Tienda 02,169,3229,0,3585,10
14/02/2025,Tienda 02,216,3229,0,3369,6
15/02/2025,Tienda 02,197,3229,0,3172,6
16/02/2025,Tienda 02,197,3229,0,2975,6
17/02/2025,Tienda 02,165,3229,0,2810,5
18/02/2025,Tienda 02,160,3229,0,2650,7
19/02/2025,Tienda 02,179,3229,0,2471,6
20/02/2025,Tienda 02,174,3229,0,2297,5
21/02/2025,Tienda 02,226,3229,0,2071,8
22/02/2025,Tienda 02,214,3229,0,1857,10
23/02/2025,Tienda 02,255,2745,1,1602,9
24/02/2025,Tienda 02,164,3229,0,5788,9
25/02/2025,Tienda 02,178,3229,0,5610,5
26/02/2025,Tienda 02,163,3229,0,5447,7
27/02/2025,Tienda 02,168,3229,0,5279,9
28/02/2025,Tienda 02,280,2745,1,4999,11
01/03/2025,Tienda 02,207,3229,0,4792,8
02/03/2025,Tienda 02,199,3229,0,4593,11
03/03/2025,Tienda 02,174,3229,0,4419,5
04/03/2025,Tienda 02,182,3229,0,4237,8
05/03/2025,Tienda 02,179,3229,0,4058,9
06/03/2025,Tienda 02,178,3229,0,3880,5
07/03/2025,Tienda 02,262,2745,1,3618,8
08/03/2025,Tienda 02,217,3229,0,3401,5
09/03/2025,Tienda 02,240,3229,0,3161,11
10/03/2025,Tienda 02,188,3229,0,2973,11
11/03/2025,Tienda 02,170,3229,0,2803,9
12/03/2025,Tienda 02,174,3229,0,2629,10
13/03/2025,Tienda 02,181,3229,0,2448,10
14/03/2025,Tienda 02,216,3229,0,2232,6
15/03/2025,Tienda 02,201,3229,0,2031,8
16/03/2025,Tienda 02,213,3229,0,1818,8
17/03/2025,Tienda 02,173,3229,0,1645,8
18/03/2025,Tienda 02,165,3229,0,1480,5
19/03/2025,Tienda 02,178,3229,0,5652,10
20/03/2025,Tienda 02,184,3229,0,5468,9
21/03/2025,Tienda 02,204,3229,0,5264,11
22/03/2025,Tienda 02,222,3229,0,5042,8
23/03/2025,Tienda 02,290,2745,1,4752,10
24/03/2025,Tienda 02,175,3229,0,4577,8
25/03/2025,Tienda 02,184,3229,0,4393,8
26/03/2025,Tienda 02,186,3229,0,4207,9
27/03/2025,Tienda 02,172,3229,0,4035,11
28/03/2025,Tienda 02,207,3229,0,3828,7
29/03/2025,Tienda 02,204,3229,0,3624,5
30/03/2025,Tienda 02,224,3229,0,3400,9
31/03/2025,Tienda 02,185,3229,0,3215,7
01/04/2025,Tienda 02,171,3229,0,3044,5
02/04/2025,Tienda 02,177,3229,0,2867,9
03/04/2025,Tienda 02,178,3229,0,2689,6
04/04/2025,Tienda 02,218,3229,0,2471,5
05/04/2025,Tienda 02,210,3229,0,2261,9
06/04/2025,Tienda 02,188,3229,0,2073,5
07/04/2025,Tienda 02,172,3229,0,1901,10
08/04/2025,Tienda 02,190,3229,0,1711,9
09/04/2025,Tienda 02,234,2745,1,1477,9
10/04/2025,Tienda 02,180,3229,0,5647,6
11/04/2025,Tienda 02,222,3229,0,5425,6
12/04/2025,Tienda 02,265,2745,1,5160,7
13/04/2025,Tienda 02,216,3229,0,4944,6
14/04/2025,Tienda 02,164,3229,0,4780,8
15/04/2025,Tienda 02,182,3229,0,4598,9
16/04/2025,Tienda 02,169,3229,0,4429,9
17/04/2025,Tienda 02,213,3229,0,4216,9
18/04/2025,Tienda 02,231,3229,0,3985,10
19/04/2025,Tienda 02,200,3229,0,3785,9
20/04/2025,Tienda 02,194,3229,0,3591,5
21/04/2025,Tienda 02,148,3229,0,3443,9
22/04/2025,Tienda 02,187,3229,0,3256,8
23/04/2025,Tienda 02,169,3229,0,3087,6
24/04/2025,Tienda 02,178,3229,0,2909,9
25/04/2025,Tienda 02,225,3229,0,2684,11
26/04/2025,Tienda 02,214,3229,0,2470,11
27/04/2025,Tienda 02,194,3229,0,2276,11
28/04/2025,Tienda 02,200,3229,0,2076,6
29/04/2025,Tienda 02,141,3229,0,1935,9
30/04/2025,Tienda 02,176,3229,0,1759,11
01/05/2025,Tienda 02,181,3229,0,1578,11
02/05/2025,Tienda 02,213,3229,0,5715,9
03/05/2025,Tienda 02,208,3229,0,5507,11
04/05/2025,Tienda 02,207,3229,0,5300,9
05/05/2025,Tienda 02,160,3229,0,5140,8
06/05/2025,Tienda 02,168,3229,0,4972,7
07/05/2025,Tienda 02,175,3229,0,4797,7
08/05/2025,Tienda 02,174,3229,0,4623,8
09/05/2025,Tienda 02,178,3229,0,4445,9
10/05/2025,Tienda 02,203,3229,0,4242,8
11/05/2025,Tienda 02,199,3229,0,4043,6
12/05/2025,Tienda 02,190,3229,0,3853,11
13/05/2025,Tienda 02,165,3229,0,3688,8
14/05/2025,Tienda 02,169,3229,0,3519,9
15/05/2025,Tienda 02,156,3229,0,3363,9
16/05/2025,Tienda 02,189,3229,0,3174,9
17/05/2025,Tienda 02,193,3229,0,2981,6
18/05/2025,Tienda 02,189,3229,0,2792,9
19/05/2025,Tienda 02,172,3229,0,2620,10
20/05/2025,Tienda 02,151,3229,0,2469,6
21/05/2025,Tienda 02,229,2745,1,2240,6
22/05/2025,Tienda 02,176,3229,0,2064,9
23/05/2025,Tienda 02,194,3229,0,1870,9
24/05/2025,Tienda 02,221,3229,0,1649,11
25/05/2025,Tienda 02,211,3229,0,5788,9
26/05/2025,Tienda 02,159,3229,0,5629,7
27/05/2025,Tienda 02,147,3229,0,5482,11
28/05/2025,Tienda 02,173,3229,0,5309,6
29/05/2025,Tienda 02,166,3229,0,5143,7
30/05/2025,Tienda 02,190,3229,0,4953,6
31/05/2025,Tienda 02,237,2745,1,4716,5
01/06/2025,Tienda 02,177,3229,0,4539,9
02/06/2025,Tienda 02,157,3229,0,4382,9
03/06/2025,Tienda 02,169,3229,0,4213,8
04/06/2025,Tienda 02,155,3229,0,4058,9
05/06/2025,Tienda 02,154,3229,0,3904,11
06/06/2025,Tienda 02,185,3229,0,3719,5
07/06/2025,Tienda 02,207,3229,0,3512,10
08/06/2025,Tienda 02,194,3229,0,3318,7
09/06/2025,Tienda 02,146,3229,0,3172,10
10/06/2025,Tienda 02,157,3229,0,3015,6
11/06/2025,Tienda 02,172,3229,0,2843,11
12/06/2025,Tienda 02,133,3229,0,2710,8
13/06/2025,Tienda 02,185,3229,0,2525,7
14/06/2025,Tienda 02,198,3229,0,2327,9
15/06/2025,Tienda 02,172,3229,0,2155,8
16/06/2025,Tienda 02,192,2745,1,1963,5
17/06/2025,Tienda 02,204,2745,1,1759,7
18/06/2025,Tienda 02,155,3229,0,1604,9
19/06/2025,Tienda 02,152,3229,0,1452,11
20/06/2025,Tienda 02,176,3229,0,5626,10
21/06/2025,Tienda 02,181,3229,0,5445,7
22/06/2025,Tienda 02,191,3229,0,5254,6
23/06/2025,Tienda 02,154,3229,0,5100,9
24/06/2025,Tienda 02,158,3229,0,4942,11
25/06/2025,Tienda 02,169,3229,0,4773,8
26/06/2025,Tienda 02,141,3229,0,4632,10
27/06/2025,Tienda 02,155,3229,0,4477,8
28/06/2025,Tienda 02,178,3229,0,4299,5
29/06/2025,Tienda 02,170,3229,0,4129,6
30/06/2025,Tienda 02,168,3229,0,3961,11
01/07/2025,Tienda 02,149,3229,0,3812,6
02/07/2025,Tienda 02,158,3229,0,3654,8
03/07/2025,Tienda 02,143,3229,0,3511,9
04/07/2025,Tienda 02,193,3229,0,3318,11
05/07/2025,Tienda 02,144,3229,0,3174,11
06/07/2025,Tienda 02,160,3229,0,3014,10
07/07/2025,Tienda 02,145,3229,0,2869,11
08/07/2025,Tienda 02,142,3229,0,2727,11
09/07/2025,Tienda 02,127,3229,0,2600,10
10/07/2025,Tienda 02,138,3229,0,2462,7
11/07/2025,Tienda 02,176,3229,0,2286,5
12/07/2025,Tienda 02,156,3229,0,2130,11
13/07/2025,Tienda 02,169,3229,0,1961,11
14/07/2025,Tienda 02,144,3229,0,1817,11
15/07/2025,Tienda 02,158,2745,1,1659,10
16/07/2025,Tienda 02,141,3229,0,1518,10
17/07/2025,Tienda 02,139,3229,0,5729,9
18/07/2025,Tienda 02,141,3229,0,5588,10
19/07/2025,Tienda 02,152,3229,0,5436,5
20/07/2025,Tienda 02,170,3229,0,5266,5
21/07/2025,Tienda 02,142,3229,0,5124,7
22/07/2025,Tienda 02,129,3229,0,4995,8
23/07/2025,Tienda 02,124,3229,0,4871,10
24/07/2025,Tienda 02,152,2745,1,4719,8
25/07/2025,Tienda 02,159,3229,0,4560,8
26/07/2025,Tienda 02,163,3229,0,4397,11
27/07/2025,Tienda 02,137,3229,0,4260,7
28/07/2025,Tienda 02,133,3229,0,4127,11
29/07/2025,Tienda 02,156,2745,1,3971,7
30/07/2025,Tienda 02,138,3229,0,3833,10
31/07/2025,Tienda 02,140,3229,0,3693,6
01/08/2025,Tienda 02,145,3229,0,3548,7
02/08/2025,Tienda 02,148,3229,0,3400,10
03/08/2025,Tienda 02,127,3229,0,3273,6
04/08/2025,Tienda 02,135,3229,0,3138,5
05/08/2025,Tienda 02,174,2745,1,2964,5
06/08/2025,Tienda 02,132,3229,0,2832,5
07/08/2025,Tienda 02,111,3229,0,2721,7
08/08/2025,Tienda 02,136,3229,0,2585,9
09/08/2025,Tienda 02,120,3229,0,2465,9
10/08/2025,Tienda 02,155,3229,0,2310,9
11/08/2025,Tienda 02,134,3229,0,2176,10
12/08/2025,Tienda 02,159,2745,1,2017,11
13/08/2025,Tienda 02,121,3229,0,1896,5
14/08/2025,Tienda 02,117,3229,0,1779,8
15/08/2025,Tienda 02,142,3229,0,1637,9
16/08/2025,Tienda 02,150,3229,0,1487,5
17/08/2025,Tienda 02,179,2745,1,5658,11
18/08/2025,Tienda 02,94,3229,0,5564,10
19/08/2025,Tienda 02,132,3229,0,5432,9
20/08/2025,Tienda 02,117,3229,0,5315,5
21/08/2025,Tienda 02,132,3229,0,5183,11
22/08/2025,Tienda 02,143,3229,0,5040,11
23/08/2025,Tienda 02,130,3229,0,4910,6
24/08/2025,Tienda 02,130,3229,0,4780,9
25/08/2025,Tienda 02,159,2745,1,4621,5
26/08/2025,Tienda 02,139,2745,1,4482,11
27/08/2025,Tienda 02,139,3229,0,4343,8
28/08/2025,Tienda 02,120,3229,0,4223,9
29/08/2025,Tienda 02,141,3229,0,4082,8
30/08/2025,Tienda 02,147,3229,0,3935,8
31/08/2025,Tienda 02,122,3229,0,3813,5
01/09/2025,Tienda 02,166,2745,1,3647,10
02/09/2025,Tienda 02,114,3229,0,3533,8
03/09/2025,Tienda 02,123,3229,0,3410,11
04/09/2025,Tienda 02,120,3229,0,3290,10
05/09/2025,Tienda 02,130,3229,0,3160,9
06/09/2025,Tienda 02,151,3229,0,3009,9
07/09/2025,Tienda 02,141,3229,0,2868,6
08/09/2025,Tienda 02,119,3229,0,2749,5
09/09/2025,Tienda 02,95,3229,0,2654,11
10/09/2025,Tienda 02,105,3229,0,2549,9
11/09/2025,Tienda 02,150,2745,1,2399,5
12/09/2025,Tienda 02,171,2745,1,2228,8
13/09/2025,Tienda 02,130,3229,0,2098,9
14/09/2025,Tienda 02,124,3229,0,1974,11
15/09/2025,Tienda 02,115,3229,0,1859,11
16/09/2025,Tienda 02,115,3229,0,1744,9
17/09/2025,Tienda 02,76,3229,0,1668,6
18/09/2025,Tienda 02,90,3229,0,1578,5
19/09/2025,Tienda 02,148,3229,0,5780,8
20/09/2025,Tienda 02,114,3229,0,5666,11
21/09/2025,Tienda 02,128,3229,0,5538,11
22/09/2025,Tienda 02,117,3229,0,5421,10
23/09/2025,Tienda 02,102,3229,0,5319,10
24/09/2025,Tienda 02,84,3229,0,5235,11
25/09/2025,Tienda 02,92,3229,0,5143,10
26/09/2025,Tienda 02,118,3229,0,5025,5
27/09/2025,Tienda 02,106,3229,0,4919,10
28/09/2025,Tienda 02,154,3229,0,4765,7
29/09/2025,Tienda 02,108,3229,0,4657,11
30/09/2025,Tienda 02,133,3229,0,4524,9
01/10/2025,Tienda 02,133,3229,0,4391,10
02/10/2025,Tienda 02,101,3229,0,4290,8
03/10/2025,Tienda 02,127,3229,0,4163,7
04/10/2025,Tienda 02,133,3229,0,4030,9
05/10/2025,Tienda 02,131,3229,0,3899,7
06/10/2025,Tienda 02,118,3229,0,3781,7
07/10/2025,Tienda 02,97,3229,0,3684,5
08/10/2025,Tienda 02,146,2745,1,3538,7
09/10/2025,Tienda 02,126,3229,0,3412,8
10/10/2025,Tienda 02,115,3229,0,3297,5
11/10/2025,Tienda 02,165,2745,1,3132,8
12/10/2025,Tienda 02,118,3229,0,3014,6
13/10/2025,Tienda 02,90,3229,0,2924,9
14/10/2025,Tienda 02,98,3229,0,2826,10
15/10/2025,Tienda 02,94,3229,0,2732,6
16/10/2025,Tienda 02,104,3229,0,2628,10
17/10/2025,Tienda 02,136,3229,0,2492,11
18/10/2025,Tienda 02,183,2745,1,2309,7
19/10/2025,Tienda 02,137,3229,0,2172,7
20/10/2025,Tienda 02,126,3229,0,2046,5
21/10/2025,Tienda 02,123,3229,0,1923,8
22/10/2025,Tienda 02,108,3229,0,1815,11
23/10/2025,Tienda 02,108,3229,0,1707,7
24/10/2025,Tienda 02,125,3229,0,1582,11
25/10/2025,Tienda 02,125,3229,0,1457,7
26/10/2025,Tienda 02,176,2745,1,5631,9
27/10/2025,Tienda 02,110,3229,0,5521,7
28/10/2025,Tienda 02,122,3229,0,5399,11
29/10/2025,Tienda 02,125,3229,0,5274,9
30/10/2025,Tienda 02,111,3229,0,5163,6
31/10/2025,Tienda 02,138,3229,0,5025,8
01/11/2025,Tienda 02,151,3229,0,4874,9
02/11/2025,Tienda 02,152,3229,0,4722,6
03/11/2025,Tienda 02,120,3229,0,4602,6
04/11/2025,Tienda 02,98,3229,0,4504,5
05/11/2025,Tienda 02,160,2745,1,4344,10
06/11/2025,Tienda 02,122,3229,0,4222,6
07/11/2025,Tienda 02,119,3229,0,4103,8
08/11/2025,Tienda 02,146,3229,0,3957,9
09/11/2025,Tienda 02,151,3229,0,3806,7
10/11/2025,Tienda 02,124,3229,0,3682,8
11/11/2025,Tienda 02,119,3229,0,3563,9
12/11/2025,Tienda 02,113,3229,0,3450,7
13/11/2025,Tienda 02,123,3229,0,3327,10
14/11/2025,Tienda 02,151,3229,0,3176,11
15/11/2025,Tienda 02,130,3229,0,3046,6
16/11/2025,Tienda 02,152,3229,0,2894,7
17/11/2025,Tienda 02,146,2745,1,2748,8
18/11/2025,Tienda 02,149,3229,0,2599,11
19/11/2025,Tienda 02,112,3229,0,2487,7
20/11/2025,Tienda 02,165,2745,1,2322,5
21/11/2025,Tienda 02,135,3229,0,2187,9
22/11/2025,Tienda 02,158,3229,0,2029,5
23/11/2025,Tienda 02,147,3229,0,1882,7
24/11/2025,Tienda 02,139,3229,0,1743,6
25/11/2025,Tienda 02,112,3229,0,1631,5
26/11/2025,Tienda 02,122,3229,0,1509,5
27/11/2025,Tienda 02,134,3229,0,5725,5
28/11/2025,Tienda 02,126,3229,0,5599,8
29/11/2025,Tienda 02,131,3229,0,5468,6
30/11/2025,Tienda 02,140,3229,0,5328,5
01/12/2025,Tienda 02,151,3229,0,5177,5
02/12/2025,Tienda 02,134,3229,0,5043,9
03/12/2025,Tienda 02,133,3229,0,4910,8
04/12/2025,Tienda 02,148,3229,0,4762,9
05/12/2025,Tienda 02,208,2745,1,4554,9
06/12/2025,Tienda 02,157,3229,0,4397,7
07/12/2025,Tienda 02,156,3229,0,4241,10
08/12/2025,Tienda 02,108,3229,0,4133,7
09/12/2025,Tienda 02,157,2745,1,3976,9
10/12/2025,Tienda 02,138,3229,0,3838,5
11/12/2025,Tienda 02,136,3229,0,3702,5
12/12/2025,Tienda 02,148,3229,0,3554,5
13/12/2025,Tienda 02,136,3229,0,3418,5
14/12/2025,Tienda 02,154,3229,0,3264,10
15/12/2025,Tienda 02,137,3229,0,3127,11
16/12/2025,Tienda 02,132,3229,0,2995,11
17/12/2025,Tienda 02,130,3229,0,2865,9
18/12/2025,Tienda 02,137,3229,0,2728,11
19/12/2025,Tienda 02,166,3229,0,2562,11
20/12/2025,Tienda 02,156,3229,0,2406,9
21/12/2025,Tienda 02,213,2745,1,2193,8
22/12/2025,Tienda 02,156,3229,0,2037,5
23/12/2025,Tienda 02,152,3229,0,1885,6
24/12/2025,Tienda 02,133,3229,0,1752,9
25/12/2025,Tienda 02,159,3229,0,1593,8
26/12/2025,Tienda 02,203,2745,1,5740,9
27/12/2025,Tienda 02,165,3229,0,5575,6
28/12/2025,Tienda 02,152,3229,0,5423,7
29/12/2025,Tienda 02,134,3229,0,5289,6
30/12/2025,Tienda 02,152,3229,0,5137,11
31/12/2025,Tienda 02,152,3229,0,4985,7
01/01/2023,Tienda 03,177,2990,0,3823,8
02/01/2023,Tienda 03,181,2990,0,3642,10
03/01/2023,Tienda 03,172,2990,0,3470,8
04/01/2023,Tienda 03,151,2990,0,3319,7
05/01/2023,Tienda 03,211,2542,1,3108,9
06/01/2023,Tienda 03,223,2990,0,2885,8
07/01/2023,Tienda 03,219,2990,0,2666,5
08/01/2023,Tienda 03,216,2990,0,2450,11
09/01/2023,Tienda 03,173,2990,0,2277,11
10/01/2023,Tienda 03,161,2990,0,2116,5
11/01/2023,Tienda 03,177,2990,0,1939,11
12/01/2023,Tienda 03,169,2990,0,1770,7
13/01/2023,Tienda 03,225,2990,0,6645,6
14/01/2023,Tienda 03,281,2542,1,6364,7
15/01/2023,Tienda 03,227,2990,0,6137,9
16/01/2023,Tienda 03,174,2990,0,5963,9
17/01/2023,Tienda 03,187,2990,0,5776,10
18/01/2023,Tienda 03,165,2990,0,5611,5
19/01/2023,Tienda 03,183,2990,0,5428,5
20/01/2023,Tienda 03,196,2990,0,5232,11
21/01/2023,Tienda 03,236,2990,0,4996,8
22/01/2023,Tienda 03,207,2990,0,4789,7
23/01/2023,Tienda 03,172,2990,0,4617,6
24/01/2023,Tienda 03,162,2990,0,4455,8
25/01/2023,Tienda 03,196,2990,0,4259,9
26/01/2023,Tienda 03,186,2990,0,4073,10
27/01/2023,Tienda 03,221,2990,0,3852,9
28/01/2023,Tienda 03,235,2990,0,3617,11
29/01/2023,Tienda 03,230,2990,0,3387,7
30/01/2023,Tienda 03,184,2990,0,3203,5
31/01/2023,Tienda 03,186,2990,0,3017,5
01/02/2023,Tienda 03,180,2990,0,2837,5
02/02/2023,Tienda 03,205,2990,0,2632,8
03/02/2023,Tienda 03,221,2990,0,2411,9
04/02/2023,Tienda 03,248,2990,0,2163,6
05/02/2023,Tienda 03,256,2990,0,1907,8
06/02/2023,Tienda 03,240,2542,1,6767,6
07/02/2023,Tienda 03,164,2990,0,6603,7
08/02/2023,Tienda 03,248,2542,1,6355,7
09/02/2023,Tienda 03,189,2990,0,6166,10
10/02/2023,Tienda 03,243,2990,0,5923,10
11/02/2023,Tienda 03,204,2990,0,5719,6
12/02/2023,Tienda 03,295,2542,1,5424,8
13/02/2023,Tienda 03,192,2990,0,5232,6
14/02/2023,Tienda 03,202,2990,0,5030,5
15/02/2023,Tienda 03,200,2990,0,4830,10
16/02/2023,Tienda 03,218,2990,0,4612,10
17/02/2023,Tienda 03,303,2542,1,4309,9
18/02/2023,Tienda 03,239,2990,0,4070,5
19/02/2023,Tienda 03,225,2990,0,3845,8
20/02/2023,Tienda 03,211,2990,0,3634,9
21/02/2023,Tienda 03,201,2990,0,3433,11
22/02/2023,Tienda 03,210,2990,0,3223,8
23/02/2023,Tienda 03,204,2990,0,3019,5
24/02/2023,Tienda 03,250,2990,0,2769,11
25/02/2023,Tienda 03,247,2990,0,2522,6
26/02/2023,Tienda 03,230,2990,0,2292,9
27/02/2023,Tienda 03,189,2990,0,2103,11
28/02/2023,Tienda 03,211,2990,0,1892,9
01/03/2023,Tienda 03,206,2990,0,6786,6
02/03/2023,Tienda 03,230,2990,0,6556,8
03/03/2023,Tienda 03,231,2990,0,6325,7
04/03/2023,Tienda 03,243,2990,0,6082,10
05/03/2023,Tienda 03,243,2990,0,5839,5
06/03/2023,Tienda 03,212,2990,0,5627,5
07/03/2023,Tienda 03,190,2990,0,5437,5
08/03/2023,Tienda 03,214,2990,0,5223,6
09/03/2023,Tienda 03,191,2990,0,5032,5
10/03/2023,Tienda 03,328,2542,1,4704,5
11/03/2023,Tienda 03,320,2542,1,4384,5
12/03/2023,Tienda 03,259,2990,0,4125,10
13/03/2023,Tienda 03,219,2990,0,3906,11
14/03/2023,Tienda 03,209,2990,0,3697,11
15/03/2023,Tienda 03,199,2990,0,3498,8
16/03/2023,Tienda 03,279,2542,1,3219,8
17/03/2023,Tienda 03,235,2990,0,2984,10
18/03/2023,Tienda 03,326,2542,1,2658,7
19/03/2023,Tienda 03,322,2542,1,2336,5
20/03/2023,Tienda 03,212,2990,0,2124,10
21/03/2023,Tienda 03,217,2990,0,1907,9
22/03/2023,Tienda 03,216,2990,0,6791,9
23/03/2023,Tienda 03,216,2990,0,6575,11
24/03/2023,Tienda 03,273,2990,0,6302,11
25/03/2023,Tienda 03,256,2990,0,6046,9
26/03/2023,Tienda 03,233,2990,0,5813,5
27/03/2023,Tienda 03,215,2990,0,5598,9
28/03/2023,Tienda 03,225,2990,0,5373,5
29/03/2023,Tienda 03,232,2990,0,5141,6
30/03/2023,Tienda 03,207,2990,0,4934,10
31/03/2023,Tienda 03,251,2990,0,4683,7
01/04/2023,Tienda 03,360,2542,1,4323,6
02/04/2023,Tienda 03,228,2990,0,4095,6
03/04/2023,Tienda 03,293,2542,1,3802,6
04/04/2023,Tienda 03,226,2990,0,3576,11
05/04/2023,Tienda 03,222,2990,0,3354,11
06/04/2023,Tienda 03,233,2990,0,3121,7
07/04/2023,Tienda 03,263,2990,0,2858,6
08/04/2023,Tienda 03,256,2990,0,2602,11
09/04/2023,Tienda 03,255,2990,0,2347,9
10/04/2023,Tienda 03,187,2990,0,2160,9
11/04/2023,Tienda 03,299,2542,1,1861,11
12/04/2023,Tienda 03,191,2990,0,6770,11
13/04/2023,Tienda 03,190,2990,0,6580,10
14/04/2023,Tienda 03,230,2990,0,6350,11
15/04/2023,Tienda 03,258,2990,0,6092,5
16/04/2023,Tienda 03,223,2990,0,5869,9
17/04/2023,Tienda 03,211,2990,0,5658,9
18/04/2023,Tienda 03,214,2990,0,5444,8
19/04/2023,Tienda 03,214,2990,0,5230,10
20/04/2023,Tienda 03,215,2990,0,5015,9
21/04/2023,Tienda 03,239,2990,0,4776,11
22/04/2023,Tienda 03,253,2990,0,4523,9
23/04/2023,Tienda 03,243,2990,0,4280,10
24/04/2023,Tienda 03,187,2990,0,4093,5
25/04/2023,Tienda 03,212,2990,0,3881,6
26/04/2023,Tienda 03,234,2990,0,3647,7
27/04/2023,Tienda 03,196,2990,0,3451,7
28/04/2023,Tienda 03,266,2990,0,3185,10
29/04/2023,Tienda 03,253,2990,0,2932,8
30/04/2023,Tienda 03,240,2990,0,2692,9
01/05/2023,Tienda 03,227,2990,0,2465,11
02/05/2023,Tienda 03,210,2990,0,2255,7
03/05/2023,Tienda 03,198,2990,0,2057,11
04/05/2023,Tienda 03,221,2990,0,1836,11
05/05/2023,Tienda 03,243,2990,0,6693,11
06/05/2023,Tienda 03,256,2990,0,6437,7
07/05/2023,Tienda 03,244,2990,0,6193,9
08/05/2023,Tienda 03,162,2990,0,6031,11
09/05/2023,Tienda 03,239,2990,0,5792,10
10/05/2023,Tienda 03,264,2542,1,5528,11
11/05/2023,Tienda 03,278,2542,1,5250,10
12/05/2023,Tienda 03,250,2990,0,5000,9
13/05/2023,Tienda 03,282,2990,0,4718,8
14/05/2023,Tienda 03,215,2990,0,4503,5
15/05/2023,Tienda 03,217,2990,0,4286,7
16/05/2023,Tienda 03,201,2990,0,4085,10
17/05/2023,Tienda 03,201,2990,0,3884,8
18/05/2023,Tienda 03,265,2542,1,3619,7
19/05/2023,Tienda 03,211,2990,0,3408,8
20/05/2023,Tienda 03,250,2990,0,3158,9
21/05/2023,Tienda 03,242,2990,0,2916,6
22/05/2023,Tienda 03,173,2990,0,2743,6
23/05/2023,Tienda 03,187,2990,0,2556,7
24/05/2023,Tienda 03,201,2990,0,2355,6
25/05/2023,Tienda 03,270,2542,1,2085,10
26/05/2023,Tienda 03,219,2990,0,1866,9
27/05/2023,Tienda 03,303,2542,1,6663,7
28/05/2023,Tienda 03,236,2990,0,6427,5
29/05/2023,Tienda 03,277,2542,1,6150,8
30/05/2023,Tienda 03,186,2990,0,5964,5
31/05/2023,Tienda 03,191,2990,0,5773,8
01/06/2023,Tienda 03,199,2990,0,5574,9
02/06/2023,Tienda 03,240,2990,0,5334,8
03/06/2023,Tienda 03,226,2990,0,5108,5
04/06/2023,Tienda 03,241,2990,0,4867,9
05/06/2023,Tienda 03,168,2990,0,4699,10
06/06/2023,Tienda 03,181,2990,0,4518,9
07/06/2023,Tienda 03,195,2990,0,4323,5
08/06/2023,Tienda 03,177,2990,0,4146,8
09/06/2023,Tienda 03,220,2990,0,3926,10
10/06/2023,Tienda 03,300,2542,1,3626,9
11/06/2023,Tienda 03,249,2990,0,3377,6
12/06/2023,Tienda 03,173,2990,0,3204,8
13/06/2023,Tienda 03,164,2990,0,3040,7
14/06/2023,Tienda 03,198,2990,0,2842,10
15/06/2023,Tienda 03,169,2990,0,2673,6
16/06/2023,Tienda 03,206,2990,0,2467,8
17/06/2023,Tienda 03,219,2990,0,2248,9
18/06/2023,Tienda 03,224,2990,0,2024,8
19/06/2023,Tienda 03,237,2542,1,1787,8
20/06/2023,Tienda 03,184,2990,0,6703,5
21/06/2023,Tienda 03,160,2990,0,6543,5
22/06/2023,Tienda 03,227,2542,1,6316,11
23/06/2023,Tienda 03,221,2990,0,6095,8
24/06/2023,Tienda 03,202,2990,0,5893,5
25/06/2023,Tienda 03,209,2990,0,5684,7
26/06/2023,Tienda 03,163,2990,0,5521,10
27/06/2023,Tienda 03,186,2990,0,5335,8
28/06/2023,Tienda 03,172,2990,0,5163,7
29/06/2023,Tienda 03,168,2990,0,4995,7
30/06/2023,Tienda 03,208,2990,0,4787,6
01/07/2023,Tienda 03,214,2990,0,4573,10
02/07/2023,Tienda 03,208,2990,0,4365,7
03/07/2023,Tienda 03,183,2990,0,4182,7
04/07/2023,Tienda 03,199,2542,1,3983,9
05/07/2023,Tienda 03,178,2990,0,3805,11
06/07/2023,Tienda 03,182,2990,0,3623,11
07/07/2023,Tienda 03,212,2990,0,3411,10
08/07/2023,Tienda 03,202,2990,0,3209,8
09/07/2023,Tienda 03,190,2990,0,3019,5
10/07/2023,Tienda 03,170,2990,0,2849,5
11/07/2023,Tienda 03,196,2990,0,2653,11
12/07/2023,Tienda 03,211,2542,1,2442,8
13/07/2023,Tienda 03,203,2542,1,2239,5
14/07/2023,Tienda 03,207,2990,0,2032,9
15/07/2023,Tienda 03,184,2990,0,1848,11
16/07/2023,Tienda 03,187,2990,0,6761,5
17/07/2023,Tienda 03,164,2990,0,6597,10
18/07/2023,Tienda 03,218,2542,1,6379,6
19/07/2023,Tienda 03,181,2990,0,6198,6
20/07/2023,Tienda 03,153,2990,0,6045,11
21/07/2023,Tienda 03,181,2990,0,5864,11
22/07/2023,Tienda 03,206,2990,0,5658,10
23/07/2023,Tienda 03,183,2990,0,5475,7
24/07/2023,Tienda 03,152,2990,0,5323,10
25/07/2023,Tienda 03,196,2542,1,5127,7
26/07/2023,Tienda 03,141,2990,0,4986,6
27/07/2023,Tienda 03,174,2990,0,4812,8
28/07/2023,Tienda 03,240,2542,1,4572,11
29/07/2023,Tienda 03,182,2990,0,4390,5
30/07/2023,Tienda 03,179,2990,0,4211,11
31/07/2023,Tienda 03,146,2990,0,4065,7
01/08/2023,Tienda 03,186,2990,0,3879,7
02/08/2023,Tienda 03,135,2990,0,3744,8
03/08/2023,Tienda 03,160,2990,0,3584,5
04/08/2023,Tienda 03,232,2542,1,3352,5
05/08/2023,Tienda 03,169,2990,0,3183,9
06/08/2023,Tienda 03,156,2990,0,3027,9
07/08/2023,Tienda 03,155,2990,0,2872,6
08/08/2023,Tienda 03,119,2990,0,2753,5
09/08/2023,Tienda 03,196,2542,1,2557,8
10/08/2023,Tienda 03,118,2990,0,2439,8
11/08/2023,Tienda 03,156,2990,0,2283,5
12/08/2023,Tienda 03,137,2990,0,2146,5
13/08/2023,Tienda 03,143,2990,0,2003,5
14/08/2023,Tienda 03,143,2990,0,1860,8
15/08/2023,Tienda 03,151,2990,0,1709,8
16/08/2023,Tienda 03,134,2990,0,6675,10
17/08/2023,Tienda 03,161,2990,0,6514,5
18/08/2023,Tienda 03,181,2990,0,6333,5
19/08/2023,Tienda 03,211,2542,1,6122,8
20/08/2023,Tienda 03,169,2990,0,5953,6
21/08/2023,Tienda 03,135,2990,0,5818,9
22/08/2023,Tienda 03,137,2990,0,5681,5
23/08/2023,Tienda 03,170,2542,1,5511,5
24/08/2023,Tienda 03,126,2990,0,5385,9
25/08/2023,Tienda 03,157,2990,0,5228,11
26/08/2023,Tienda 03,215,2542,1,5013,8
27/08/2023,Tienda 03,153,2990,0,4860,7
28/08/2023,Tienda 03,106,2990,0,4754,6
29/08/2023,Tienda 03,137,2990,0,4617,11
30/08/2023,Tienda 03,114,2990,0,4503,6
31/08/2023,Tienda 03,155,2990,0,4348,8
01/09/2023,Tienda 03,160,2990,0,4188,9
02/09/2023,Tienda 03,168,2990,0,4020,10
03/09/2023,Tienda 03,163,2990,0,3857,11
04/09/2023,Tienda 03,113,2990,0,3744,11
05/09/2023,Tienda 03,109,2990,0,3635,6
06/09/2023,Tienda 03,142,2990,0,3493,6
07/09/2023,Tienda 03,118,2990,0,3375,5
08/09/2023,Tienda 03,134,2990,0,3241,6
09/09/2023,Tienda 03,153,2990,0,3088,8
10/09/2023,Tienda 03,152,2990,0,2936,5
11/09/2023,Tienda 03,137,2990,0,2799,9
12/09/2023,Tienda 03,121,2990,0,2678,10
13/09/2023,Tienda 03,134,2990,0,2544,7
14/09/2023,Tienda 03,149,2990,0,2395,11
15/09/2023,Tienda 03,189,2542,1,2206,8
16/09/2023,Tienda 03,159,2990,0,2047,9
17/09/2023,Tienda 03,181,2990,0,1866,6
18/09/2023,Tienda 03,110,2990,0,1756,10
19/09/2023,Tienda 03,128,2990,0,6728,9
20/09/2023,Tienda 03,121,2990,0,6607,10
21/09/2023,Tienda 03,118,2990,0,6489,5
22/09/2023,Tienda 03,135,2990,0,6354,11
23/09/2023,Tienda 03,160,2990,0,6194,11
24/09/2023,Tienda 03,136,2990,0,6058,7
25/09/2023,Tienda 03,121,2990,0,5937,7
26/09/2023,Tienda 03,130,2990,0,5807,8
27/09/2023,Tienda 03,134,2990,0,5673,10
28/09/2023,Tienda 03,132,2990,0,5541,9
29/09/2023,Tienda 03,135,2990,0,5406,8
30/09/2023,Tienda 03,136,2990,0,5270,11
01/10/2023,Tienda 03,154,2990,0,5116,6
02/10/2023,Tienda 03,92,2990,0,5024,10
03/10/2023,Tienda 03,155,2990,0,4869,8
04/10/2023,Tienda 03,117,2990,0,4752,11
05/10/2023,Tienda 03,113,2990,0,4639,8
06/10/2023,Tienda 03,132,2990,0,4507,9
07/10/2023,Tienda 03,175,2990,0,4332,7
08/10/2023,Tienda 03,154,2990,0,4178,5
09/10/2023,Tienda 03,159,2542,1,4019,6
10/10/2023,Tienda 03,142,2990,0,3877,6
11/10/2023,Tienda 03,142,2990,0,3735,11
12/10/2023,Tienda 03,124,2990,0,3611,6
13/10/2023,Tienda 03,175,2990,0,3436,6
14/10/2023,Tienda 03,154,2990,0,3282,11
15/10/2023,Tienda 03,215,2542,1,3067,9
16/10/2023,Tienda 03,125,2990,0,2942,8
17/10/2023,Tienda 03,158,2542,1,2784,5
18/10/2023,Tienda 03,149,2990,0,2635,6
19/10/2023,Tienda 03,123,2990,0,2512,5
20/10/2023,Tienda 03,226,2542,1,2286,5
21/10/2023,Tienda 03,150,2990,0,2136,6
22/10/2023,Tienda 03,180,2542,1,1956,9
23/10/2023,Tienda 03,148,2990,0,1808,6
24/10/2023,Tienda 03,129,2990,0,6779,10
25/10/2023,Tienda 03,150,2542,1,6629,7
26/10/2023,Tienda 03,131,2990,0,6498,6
27/10/2023,Tienda 03,154,2990,0,6344,11
28/10/2023,Tienda 03,179,2990,0,6165,10
29/10/2023,Tienda 03,156,2990,0,6009,11
30/10/2023,Tienda 03,127,2990,0,5882,11
31/10/2023,Tienda 03,105,2990,0,5777,9
01/11/2023,Tienda 03,125,2990,0,5652,7
02/11/2023,Tienda 03,171,2542,1,5481,10
03/11/2023,Tienda 03,187,2990,0,5294,5
04/11/2023,Tienda 03,145,2990,0,5149,9
05/11/2023,Tienda 03,163,2990,0,4986,5
06/11/2023,Tienda 03,129,2990,0,4857,9
07/11/2023,Tienda 03,143,2990,0,4714,9
08/11/2023,Tienda 03,135,2990,0,4579,9
09/11/2023,Tienda 03,155,2990,0,4424,9
10/11/2023,Tienda 03,146,2990,0,4278,9
11/11/2023,Tienda 03,166,2990,0,4112,5
12/11/2023,Tienda 03,153,2990,0,3959,6
13/11/2023,Tienda 03,103,2990,0,3856,10
14/11/2023,Tienda 03,151,2990,0,3705,10
15/11/2023,Tienda 03,135,2990,0,3570,9
16/11/2023,Tienda 03,143,2990,0,3427,9
17/11/2023,Tienda 03,189,2990,0,3238,7
18/11/2023,Tienda 03,178,2990,0,3060,6
19/11/2023,Tienda 03,164,2990,0,2896,9
20/11/2023,Tienda 03,154,2990,0,2742,11
21/11/2023,Tienda 03,133,2990,0,2609,5
22/11/2023,Tienda 03,132,2990,0,2477,8
23/11/2023,Tienda 03,142,2990,0,2335,8
24/11/2023,Tienda 03,190,2990,0,2145,5
25/11/2023,Tienda 03,185,2990,0,1960,7
26/11/2023,Tienda 03,171,2990,0,1789,8
27/11/2023,Tienda 03,207,2542,1,6682,7
28/11/2023,Tienda 03,157,2990,0,6525,9
29/11/2023,Tienda 03,148,2990,0,6377,6
30/11/2023,Tienda 03,139,2990,0,6238,7
01/12/2023,Tienda 03,172,2990,0,6066,8
02/12/2023,Tienda 03,177,2990,0,5889,10
03/12/2023,Tienda 03,177,2990,0,5712,11
04/12/2023,Tienda 03,149,2990,0,5563,11
05/12/2023,Tienda 03,163,2990,0,5400,6
06/12/2023,Tienda 03,150,2990,0,5250,5
07/12/2023,Tienda 03,151,2990,0,5099,5
08/12/2023,Tienda 03,174,2990,0,4925,8
09/12/2023,Tienda 03,182,2990,0,4743,5
10/12/2023,Tienda 03,204,2990,0,4539,8
11/12/2023,Tienda 03,144,2990,0,4395,8
12/12/2023,Tienda 03,160,2990,0,4235,9
13/12/2023,Tienda 03,167,2990,0,4068,8
14/12/2023,Tienda 03,161,2990,0,3907,11
15/12/2023,Tienda 03,171,2990,0,3736,5
16/12/2023,Tienda 03,174,2990,0,3562,11
17/12/2023,Tienda 03,195,2990,0,3367,7
18/12/2023,Tienda 03,209,2542,1,3158,10
19/12/2023,Tienda 03,215,2542,1,2943,5
20/12/2023,Tienda 03,159,2990,0,2784,8
21/12/2023,Tienda 03,135,2990,0,2649,9
22/12/2023,Tienda 03,191,2990,0,2458,11
23/12/2023,Tienda 03,204,2990,0,2254,11
24/12/2023,Tienda 03,165,2990,0,2089,10
25/12/2023,Tienda 03,201,2990,0,1888,10
26/12/2023,Tienda 03,170,2990,0,1718,10
27/12/2023,Tienda 03,184,2990,0,6634,5
28/12/2023,Tienda 03,156,2990,0,6478,9
29/12/2023,Tienda 03,219,2990,0,6259,8
30/12/2023,Tienda 03,184,2990,0,6075,6
31/12/2023,Tienda 03,184,2990,0,5891,10
01/01/2024,Tienda 03,163,3110,0,5728,8
02/01/2024,Tienda 03,162,3110,0,5566,9
03/01/2024,Tienda 03,186,3110,0,5380,6
04/01/2024,Tienda 03,151,3110,0,5229,9
05/01/2024,Tienda 03,200,3110,0,5029,11
06/01/2024,Tienda 03,186,3110,0,4843,9
07/01/2024,Tienda 03,270,2643,1,4573,8
08/01/2024,Tienda 03,200,3110,0,4373,7
09/01/2024,Tienda 03,169,3110,0,4204,7
10/01/2024,Tienda 03,191,3110,0,4013,5
11/01/2024,Tienda 03,179,3110,0,3834,11
12/01/2024,Tienda 03,215,3110,0,3619,6
13/01/2024,Tienda 03,206,3110,0,3413,11
14/01/2024,Tienda 03,216,3110,0,3197,7
15/01/2024,Tienda 03,232,2643,1,2965,10
16/01/2024,Tienda 03,160,3110,0,2805,6
17/01/2024,Tienda 03,164,3110,0,2641,9
18/01/2024,Tienda 03,183,3110,0,2458,11
19/01/2024,Tienda 03,290,2643,1,2168,10
20/01/2024,Tienda 03,269,2643,1,1899,11
21/01/2024,Tienda 03,215,3110,0,6784,9
22/01/2024,Tienda 03,186,3110,0,6598,6
23/01/2024,Tienda 03,215,3110,0,6383,6
24/01/2024,Tienda 03,208,3110,0,6175,7
25/01/2024,Tienda 03,198,3110,0,5977,7
26/01/2024,Tienda 03,278,2643,1,5699,5
27/01/2024,Tienda 03,228,3110,0,5471,7
28/01/2024,Tienda 03,291,2643,1,5180,6
29/01/2024,Tienda 03,214,3110,0,4966,5
30/01/2024,Tienda 03,178,3110,0,4788,8
31/01/2024,Tienda 03,220,3110,0,4568,8
01/02/2024,Tienda 03,194,3110,0,4374,11
02/02/2024,Tienda 03,203,3110,0,4171,10
03/02/2024,Tienda 03,233,3110,0,3938,9
04/02/2024,Tienda 03,217,3110,0,3721,6
05/02/2024,Tienda 03,179,3110,0,3542,11
06/02/2024,Tienda 03,215,3110,0,3327,6
07/02/2024,Tienda 03,189,3110,0,3138,10
08/02/2024,Tienda 03,177,3110,0,2961,6
09/02/2024,Tienda 03,232,3110,0,2729,9
10/02/2024,Tienda 03,249,3110,0,2480,6
11/02/2024,Tienda 03,290,2643,1,2190,9
12/02/2024,Tienda 03,186,3110,0,2004,8
13/02/2024,Tienda 03,180,3110,0,1824,10
14/02/2024,Tienda 03,194,3110,0,6730,11
15/02/2024,Tienda 03,185,3110,0,6545,7
16/02/2024,Tienda 03,249,3110,0,6296,8
17/02/2024,Tienda 03,224,3110,0,6072,5
18/02/2024,Tienda 03,224,3110,0,5848,11
19/02/2024,Tienda 03,200,3110,0,5648,7
20/02/2024,Tienda 03,202,3110,0,5446,8
21/02/2024,Tienda 03,167,3110,0,5279,7
22/02/2024,Tienda 03,224,3110,0,5055,8
23/02/2024,Tienda 03,225,3110,0,4830,11
24/02/2024,Tienda 03,258,3110,0,4572,11
25/02/2024,Tienda 03,229,3110,0,4343,5
26/02/2024,Tienda 03,288,2643,1,4055,7
27/02/2024,Tienda 03,209,3110,0,3846,10
28/02/2024,Tienda 03,279,2643,1,3567,10
29/02/2024,Tienda 03,215,3110,0,3352,7
01/03/2024,Tienda 03,243,3110,0,3109,5
02/03/2024,Tienda 03,268,3110,0,2841,6
03/03/2024,Tienda 03,239,3110,0,2602,11
04/03/2024,Tienda 03,219,3110,0,2383,5
05/03/2024,Tienda 03,213,3110,0,2170,6
06/03/2024,Tienda 03,262,2643,1,1908,9
07/03/2024,Tienda 03,204,3110,0,1704,5
08/03/2024,Tienda 03,264,3110,0,6540,7
09/03/2024,Tienda 03,257,3110,0,6283,9
10/03/2024,Tienda 03,231,3110,0,6052,6
11/03/2024,Tienda 03,245,3110,0,5807,10
12/03/2024,Tienda 03,220,3110,0,5587,5
13/03/2024,Tienda 03,260,2643,1,5327,7
14/03/2024,Tienda 03,199,3110,0,5128,10
15/03/2024,Tienda 03,316,2643,1,4812,9
16/03/2024,Tienda 03,321,2643,1,4491,6
17/03/2024,Tienda 03,273,3110,0,4218,7
18/03/2024,Tienda 03,204,3110,0,4014,7
19/03/2024,Tienda 03,201,3110,0,3813,8
20/03/2024,Tienda 03,225,3110,0,3588,6
21/03/2024,Tienda 03,211,3110,0,3377,7
22/03/2024,Tienda 03,223,3110,0,3154,11
23/03/2024,Tienda 03,256,3110,0,2898,6
24/03/2024,Tienda 03,267,3110,0,2631,11
25/03/2024,Tienda 03,223,3110,0,2408,10
26/03/2024,Tienda 03,226,3110,0,2182,9
27/03/2024,Tienda 03,204,3110,0,1978,9
28/03/2024,Tienda 03,204,3110,0,1774,5
29/03/2024,Tienda 03,249,3110,0,6625,8
30/03/2024,Tienda 03,231,3110,0,6394,8
31/03/2024,Tienda 03,256,3110,0,6138,6
01/04/2024,Tienda 03,227,3110,0,5911,8
02/04/2024,Tienda 03,221,3110,0,5690,8
03/04/2024,Tienda 03,227,3110,0,5463,7
04/04/2024,Tienda 03,230,3110,0,5233,8
05/04/2024,Tienda 03,247,3110,0,4986,9
06/04/2024,Tienda 03,272,3110,0,4714,8
07/04/2024,Tienda 03,270,3110,0,4444,7
08/04/2024,Tienda 03,209,3110,0,4235,8
09/04/2024,Tienda 03,191,3110,0,4044,8
10/04/2024,Tienda 03,226,3110,0,3818,6
11/04/2024,Tienda 03,211,3110,0,3607,5
12/04/2024,Tienda 03,211,3110,0,3396,9
13/04/2024,Tienda 03,250,3110,0,3146,7
14/04/2024,Tienda 03,248,3110,0,2898,8
15/04/2024,Tienda 03,212,3110,0,2686,7
16/04/2024,Tienda 03,205,3110,0,2481,7
17/04/2024,Tienda 03,211,3110,0,2270,5
18/04/2024,Tienda 03,204,3110,0,2066,9
19/04/2024,Tienda 03,256,3110,0,1810,8
20/04/2024,Tienda 03,243,3110,0,6667,5
21/04/2024,Tienda 03,238,3110,0,6429,7
22/04/2024,Tienda 03,194,3110,0,6235,7
23/04/2024,Tienda 03,271,2643,1,5964,11
24/04/2024,Tienda 03,250,2643,1,5714,5
25/04/2024,Tienda 03,182,3110,0,5532,5
26/04/2024,Tienda 03,325,2643,1,5207,9
27/04/2024,Tienda 03,241,3110,0,4966,8
28/04/2024,Tienda 03,310,2643,1,4656,8
29/04/2024,Tienda 03,213,3110,0,4443,11
30/04/2024,Tienda 03,286,2643,1,4157,6
01/05/2024,Tienda 03,200,3110,0,3957,9
02/05/2024,Tienda 03,193,3110,0,3764,7
03/05/2024,Tienda 03,255,3110,0,3509,6
04/05/2024,Tienda 03,246,3110,0,3263,7
05/05/2024,Tienda 03,224,3110,0,3039,5
06/05/2024,Tienda 03,213,3110,0,2826,8
07/05/2024,Tienda 03,170,3110,0,2656,8
08/05/2024,Tienda 03,205,3110,0,2451,10
09/05/2024,Tienda 03,211,3110,0,2240,9
10/05/2024,Tienda 03,254,3110,0,1986,9
11/05/2024,Tienda 03,237,3110,0,1749,6
12/05/2024,Tienda 03,271,3110,0,6578,10
13/05/2024,Tienda 03,192,3110,0,6386,6
14/05/2024,Tienda 03,198,3110,0,6188,9
15/05/2024,Tienda 03,192,3110,0,5996,11
16/05/2024,Tienda 03,194,3110,0,5802,6
17/05/2024,Tienda 03,236,3110,0,5566,5
18/05/2024,Tienda 03,237,3110,0,5329,11
19/05/2024,Tienda 03,244,3110,0,5085,10
20/05/2024,Tienda 03,190,3110,0,4895,10
21/05/2024,Tienda 03,189,3110,0,4706,10
22/05/2024,Tienda 03,198,3110,0,4508,8
23/05/2024,Tienda 03,174,3110,0,4334,5
24/05/2024,Tienda 03,219,3110,0,4115,11
25/05/2024,Tienda 03,236,3110,0,3879,10
26/05/2024,Tienda 03,226,3110,0,3653,9
27/05/2024,Tienda 03,169,3110,0,3484,5
28/05/2024,Tienda 03,156,3110,0,3328,10
29/05/2024,Tienda 03,183,3110,0,3145,6
30/05/2024,Tienda 03,203,3110,0,2942,7
31/05/2024,Tienda 03,213,3110,0,2729,11
01/06/2024,Tienda 03,209,3110,0,2520,11
02/06/2024,Tienda 03,251,3110,0,2269,6
03/06/2024,Tienda 03,279,2643,1,1990,9
04/06/2024,Tienda 03,196,3110,0,1794,7
05/06/2024,Tienda 03,167,3110,0,6727,11
06/06/2024,Tienda 03,182,3110,0,6545,7
07/06/2024,Tienda 03,231,3110,0,6314,5
08/06/2024,Tienda 03,240,3110,0,6074,6
09/06/2024,Tienda 03,225,3110,0,5849,5
10/06/2024,Tienda 03,249,2643,1,5600,8
11/06/2024,Tienda 03,180,3110,0,5420,8
12/06/2024,Tienda 03,234,2643,1,5186,9
13/06/2024,Tienda 03,206,3110,0,4980,8
14/06/2024,Tienda 03,237,3110,0,4743,5
15/06/2024,Tienda 03,207,3110,0,4536,6
16/06/2024,Tienda 03,224,3110,0,4312,11
17/06/2024,Tienda 03,228,2643,1,4084,5
18/06/2024,Tienda 03,168,3110,0,3916,10
19/06/2024,Tienda 03,172,3110,0,3744,11
20/06/2024,Tienda 03,152,3110,0,3592,8
21/06/2024,Tienda 03,224,3110,0,3368,9
22/06/2024,Tienda 03,251,2643,1,3117,6
23/06/2024,Tienda 03,222,3110,0,2895,6
24/06/2024,Tienda 03,252,2643,1,2643,8
25/06/2024,Tienda 03,173,3110,0,2470,11
26/06/2024,Tienda 03,155,3110,0,2315,5
27/06/2024,Tienda 03,197,3110,0,2118,8
28/06/2024,Tienda 03,195,3110,0,1923,9
29/06/2024,Tienda 03,222,3110,0,1701,7
30/06/2024,Tienda 03,221,3110,0,6580,5
01/07/2024,Tienda 03,177,3110,0,6403,10
02/07/2024,Tienda 03,165,3110,0,6238,9
03/07/2024,Tienda 03,163,3110,0,6075,9
04/07/2024,Tienda 03,165,3110,0,5910,8
05/07/2024,Tienda 03,196,3110,0,5714,7
06/07/2024,Tienda 03,190,3110,0,5524,5
07/07/2024,Tienda 03,216,3110,0,5308,11
08/07/2024,Tienda 03,159,3110,0,5149,9
09/07/2024,Tienda 03,159,3110,0,4990,9
10/07/2024,Tienda 03,189,3110,0,4801,11
11/07/2024,Tienda 03,143,3110,0,4658,6
12/07/2024,Tienda 03,219,3110,0,4439,11
13/07/2024,Tienda 03,174,3110,0,4265,7
14/07/2024,Tienda 03,179,3110,0,4086,10
15/07/2024,Tienda 03,181,3110,0,3905,11
16/07/2024,Tienda 03,206,2643,1,3699,7
17/07/2024,Tienda 03,153,3110,0,3546,10
18/07/2024,Tienda 03,133,3110,0,3413,6
19/07/2024,Tienda 03,176,3110,0,3237,11
20/07/2024,Tienda 03,179,3110,0,3058,9
21/07/2024,Tienda 03,184,3110,0,2874,5
22/07/2024,Tienda 03,150,3110,0,2724,10
23/07/2024,Tienda 03,175,3110,0,2549,10
24/07/2024,Tienda 03,168,3110,0,2381,10
25/07/2024,Tienda 03,162,3110,0,2219,5
26/07/2024,Tienda 03,194,3110,0,2025,9
27/07/2024,Tienda 03,173,3110,0,1852,11
28/07/2024,Tienda 03,171,3110,0,6781,11
29/07/2024,Tienda 03,153,3110,0,6628,9
30/07/2024,Tienda 03,187,2643,1,6441,11
31/07/2024,Tienda 03,140,3110,0,6301,5
01/08/2024,Tienda 03,134,3110,0,6167,6
02/08/2024,Tienda 03,178,3110,0,5989,10
03/08/2024,Tienda 03,146,3110,0,5843,7
04/08/2024,Tienda 03,154,3110,0,5689,10
05/08/2024,Tienda 03,148,3110,0,5541,10
06/08/2024,Tienda 03,150,3110,0,5391,8
07/08/2024,Tienda 03,192,2643,1,5199,8
08/08/2024,Tienda 03,142,3110,0,5057,5
09/08/2024,Tienda 03,158,3110,0,4899,10
10/08/2024,Tienda 03,164,3110,0,4735,11
11/08/2024,Tienda 03,214,2643,1,4521,8
12/08/2024,Tienda 03,159,3110,0,4362,11
13/08/2024,Tienda 03,167,3110,0,4195,5
14/08/2024,Tienda 03,135,3110,0,4060,6
15/08/2024,Tienda 03,168,2643,1,3892,6
16/08/2024,Tienda 03,171,3110,0,3721,6
17/08/2024,Tienda 03,146,3110,0,3575,10
18/08/2024,Tienda 03,159,3110,0,3416,10
19/08/2024,Tienda 03,130,3110,0,3286,7
20/08/2024,Tienda 03,118,3110,0,3168,5
21/08/2024,Tienda 03,136,3110,0,3032,7
22/08/2024,Tienda 03,135,3110,0,2897,7
23/08/2024,Tienda 03,171,3110,0,2726,8
24/08/2024,Tienda 03,160,3110,0,2566,7
25/08/2024,Tienda 03,136,3110,0,2430,11
26/08/2024,Tienda 03,130,3110,0,2300,5
27/08/2024,Tienda 03,137,3110,0,2163,5
28/08/2024,Tienda 03,174,2643,1,1989,6
29/08/2024,Tienda 03,119,3110,0,1870,8
30/08/2024,Tienda 03,170,3110,0,1700,11
31/08/2024,Tienda 03,145,3110,0,6655,9
01/09/2024,Tienda 03,140,3110,0,6515,7
02/09/2024,Tienda 03,112,3110,0,6403,8
03/09/2024,Tienda 03,162,2643,1,6241,11
04/09/2024,Tienda 03,120,3110,0,6121,7
05/09/2024,Tienda 03,132,3110,0,5989,10
06/09/2024,Tienda 03,186,3110,0,5803,6
07/09/2024,Tienda 03,164,3110,0,5639,6
08/09/2024,Tienda 03,132,3110,0,5507,8
09/09/2024,Tienda 03,125,3110,0,5382,10
10/09/2024,Tienda 03,112,3110,0,5270,6
11/09/2024,Tienda 03,127,3110,0,5143,7
12/09/2024,Tienda 03,129,3110,0,5014,10
13/09/2024,Tienda 03,195,2643,1,4819,9
14/09/2024,Tienda 03,201,2643,1,4618,11
15/09/2024,Tienda 03,154,3110,0,4464,8
16/09/2024,Tienda 03,148,3110,0,4316,9
17/09/2024,Tienda 03,121,3110,0,4195,9
18/09/2024,Tienda 03,127,3110,0,4068,8
19/09/2024,Tienda 03,121,3110,0,3947,9
20/09/2024,Tienda 03,153,3110,0,3794,7
21/09/2024,Tienda 03,161,3110,0,3633,11
22/09/2024,Tienda 03,161,3110,0,3472,10
23/09/2024,Tienda 03,141,3110,0,3331,8
24/09/2024,Tienda 03,125,3110,0,3206,11
25/09/2024,Tienda 03,136,3110,0,3070,5
26/09/2024,Tienda 03,125,3110,0,2945,8
27/09/2024,Tienda 03,148,3110,0,2797,6
28/09/2024,Tienda 03,170,3110,0,2627,6
29/09/2024,Tienda 03,179,2643,1,2448,10
30/09/2024,Tienda 03,142,3110,0,2306,7
01/10/2024,Tienda 03,112,3110,0,2194,10
02/10/2024,Tienda 03,147,3110,0,2047,5
03/10/2024,Tienda 03,135,3110,0,1912,11
04/10/2024,Tienda 03,129,3110,0,1783,11
05/10/2024,Tienda 03,145,3110,0,6738,11
06/10/2024,Tienda 03,136,3110,0,6602,6
07/10/2024,Tienda 03,138,3110,0,6464,8
08/10/2024,Tienda 03,111,3110,0,6353,9
09/10/2024,Tienda 03,124,3110,0,6229,6
10/10/2024,Tienda 03,138,3110,0,6091,6
11/10/2024,Tienda 03,137,3110,0,5954,10
12/10/2024,Tienda 03,203,2643,1,5751,11
13/10/2024,Tienda 03,142,3110,0,5609,11
14/10/2024,Tienda 03,118,3110,0,5491,7
15/10/2024,Tienda 03,107,3110,0,5384,9
16/10/2024,Tienda 03,127,3110,0,5257,9
17/10/2024,Tienda 03,124,3110,0,5133,7
18/10/2024,Tienda 03,155,3110,0,4978,9
19/10/2024,Tienda 03,160,3110,0,4818,8
20/10/2024,Tienda 03,155,3110,0,4663,7
21/10/2024,Tienda 03,122,3110,0,4541,11
22/10/2024,Tienda 03,110,3110,0,4431,11
23/10/2024,Tienda 03,148,3110,0,4283,5
24/10/2024,Tienda 03,128,3110,0,4155,5
25/10/2024,Tienda 03,178,3110,0,3977,5
26/10/2024,Tienda 03,150,3110,0,3827,11
27/10/2024,Tienda 03,163,3110,0,3664,9
28/10/2024,Tienda 03,187,2643,1,3477,11
29/10/2024,Tienda 03,148,3110,0,3329,10
30/10/2024,Tienda 03,161,3110,0,3168,6
31/10/2024,Tienda 03,141,3110,0,3027,8
01/11/2024,Tienda 03,209,2643,1,2818,6
02/11/2024,Tienda 03,182,3110,0,2636,7
03/11/2024,Tienda 03,186,3110,0,2450,10
04/11/2024,Tienda 03,171,3110,0,2279,6
05/11/2024,Tienda 03,156,3110,0,2123,8
06/11/2024,Tienda 03,127,3110,0,1996,9
07/11/2024,Tienda 03,133,3110,0,1863,8
08/11/2024,Tienda 03,174,3110,0,6789,9
09/11/2024,Tienda 03,161,3110,0,6628,5
10/11/2024,Tienda 03,176,3110,0,6452,6
11/11/2024,Tienda 03,139,3110,0,6313,7
12/11/2024,Tienda 03,147,3110,0,6166,10
13/11/2024,Tienda 03,169,2643,1,5997,7
14/11/2024,Tienda 03,154,3110,0,5843,11
15/11/2024,Tienda 03,177,3110,0,5666,11
16/11/2024,Tienda 03,207,2643,1,5459,8
17/11/2024,Tienda 03,228,2643,1,5231,7
18/11/2024,Tienda 03,119,3110,0,5112,9
19/11/2024,Tienda 03,135,3110,0,4977,7
20/11/2024,Tienda 03,125,3110,0,4852,5
21/11/2024,Tienda 03,141,3110,0,4711,7
22/11/2024,Tienda 03,152,3110,0,4559,9
23/11/2024,Tienda 03,185,3110,0,4374,10
24/11/2024,Tienda 03,177,3110,0,4197,6
25/11/2024,Tienda 03,154,3110,0,4043,11
26/11/2024,Tienda 03,160,3110,0,3883,5
27/11/2024,Tienda 03,150,3110,0,3733,5
28/11/2024,Tienda 03,150,3110,0,3583,10
29/11/2024,Tienda 03,170,3110,0,3413,5
30/11/2024,Tienda 03,178,3110,0,3235,5
01/12/2024,Tienda 03,181,3110,0,3054,5
02/12/2024,Tienda 03,145,3110,0,2909,11
03/12/2024,Tienda 03,140,3110,0,2769,10
04/12/2024,Tienda 03,154,3110,0,2615,10
05/12/2024,Tienda 03,147,3110,0,2468,5
06/12/2024,Tienda 03,170,3110,0,2298,7
07/12/2024,Tienda 03,226,3110,0,2072,5
08/12/2024,Tienda 03,194,3110,0,1878,11
09/12/2024,Tienda 03,214,2643,1,6764,8
10/12/2024,Tienda 03,178,3110,0,6586,7
11/12/2024,Tienda 03,170,3110,0,6416,7
12/12/2024,Tienda 03,165,3110,0,6251,8
13/12/2024,Tienda 03,188,3110,0,6063,8
14/12/2024,Tienda 03,190,3110,0,5873,7
15/12/2024,Tienda 03,190,3110,0,5683,11
16/12/2024,Tienda 03,163,3110,0,5520,8
17/12/2024,Tienda 03,165,3110,0,5355,9
18/12/2024,Tienda 03,219,2643,1,5136,11
19/12/2024,Tienda 03,143,3110,0,4993,10
20/12/2024,Tienda 03,191,3110,0,4802,8
21/12/2024,Tienda 03,244,2643,1,4558,9
22/12/2024,Tienda 03,200,3110,0,4358,11
23/12/2024,Tienda 03,173,3110,0,4185,6
24/12/2024,Tienda 03,170,3110,0,4015,5
25/12/2024,Tienda 03,170,3110,0,3845,9
26/12/2024,Tienda 03,159,3110,0,3686,11
27/12/2024,Tienda 03,245,2643,1,3441,10
28/12/2024,Tienda 03,184,3110,0,3257,10
29/12/2024,Tienda 03,187,3110,0,3070,11
30/12/2024,Tienda 03,162,3110,0,2908,8
31/12/2024,Tienda 03,157,3110,0,2751,11
01/01/2025,Tienda 03,181,3229,0,2570,11
02/01/2025,Tienda 03,172,3229,0,2398,9
03/01/2025,Tienda 03,282,2745,1,2116,11
04/01/2025,Tienda 03,195,3229,0,1921,10
05/01/2025,Tienda 03,251,2745,1,6770,5
06/01/2025,Tienda 03,169,3229,0,6601,5
07/01/2025,Tienda 03,154,3229,0,6447,6
08/01/2025,Tienda 03,175,3229,0,6272,9
09/01/2025,Tienda 03,178,3229,0,6094,7
10/01/2025,Tienda 03,208,3229,0,5886,6
11/01/2025,Tienda 03,199,3229,0,5687,7
12/01/2025,Tienda 03,257,2745,1,5430,10
13/01/2025,Tienda 03,192,3229,0,5238,9
14/01/2025,Tienda 03,195,3229,0,5043,10
15/01/2025,Tienda 03,186,3229,0,4857,5
16/01/2025,Tienda 03,204,3229,0,4653,5
17/01/2025,Tienda 03,211,3229,0,4442,11
18/01/2025,Tienda 03,268,2745,1,4174,5
19/01/2025,Tienda 03,201,3229,0,3973,6
20/01/2025,Tienda 03,166,3229,0,3807,8
21/01/2025,Tienda 03,178,3229,0,3629,6
22/01/2025,Tienda 03,179,3229,0,3450,10
23/01/2025,Tienda 03,188,3229,0,3262,10
24/01/2025,Tienda 03,244,3229,0,3018,8
25/01/2025,Tienda 03,207,3229,0,2811,7
26/01/2025,Tienda 03,238,3229,0,2573,10
27/01/2025,Tienda 03,197,3229,0,2376,9
28/01/2025,Tienda 03,182,3229,0,2194,7
29/01/2025,Tienda 03,199,3229,0,1995,7
30/01/2025,Tienda 03,197,3229,0,1798,6
31/01/2025,Tienda 03,206,3229,0,6692,7
01/02/2025,Tienda 03,213,3229,0,6479,9
02/02/2025,Tienda 03,292,2745,1,6187,10
03/02/2025,Tienda 03,209,3229,0,5978,10
04/02/2025,Tienda 03,211,3229,0,5767,5
05/02/2025,Tienda 03,232,2745,1,5535,5
06/02/2025,Tienda 03,216,3229,0,5319,6
07/02/2025,Tienda 03,245,3229,0,5074,7
08/02/2025,Tienda 03,229,3229,0,4845,7
09/02/2025,Tienda 03,221,3229,0,4624,8
10/02/2025,Tienda 03,194,3229,0,4430,6
11/02/2025,Tienda 03,199,3229,0,4231,6
12/02/2025,Tienda 03,191,3229,0,4040,10
13/02/2025,Tienda 03,199,3229,0,3841,8
14/02/2025,Tienda 03,282,2745,1,3559,6
15/02/2025,Tienda 03,238,3229,0,3321,5
16/02/2025,Tienda 03,225,3229,0,3096,5
17/02/2025,Tienda 03,202,3229,0,2894,8
18/02/2025,Tienda 03,262,2745,1,2632,9
19/02/2025,Tienda 03,200,3229,0,2432,7
20/02/2025,Tienda 03,168,3229,0,2264,8
21/02/2025,Tienda 03,260,3229,0,2004,10
22/02/2025,Tienda 03,259,3229,0,1745,9
23/02/2025,Tienda 03,235,3229,0,6610,9
24/02/2025,Tienda 03,205,3229,0,6405,9
25/02/2025,Tienda 03,200,3229,0,6205,11
26/02/2025,Tienda 03,285,2745,1,5920,7
27/02/2025,Tienda 03,192,3229,0,5728,11
28/02/2025,Tienda 03,226,3229,0,5502,6
01/03/2025,Tienda 03,241,3229,0,5261,10
02/03/2025,Tienda 03,219,3229,0,5042,7
03/03/2025,Tienda 03,265,2745,1,4777,9
04/03/2025,Tienda 03,226,3229,0,4551,5
05/03/2025,Tienda 03,179,3229,0,4372,5
06/03/2025,Tienda 03,194,3229,0,4178,5
07/03/2025,Tienda 03,241,3229,0,3937,6
08/03/2025,Tienda 03,239,3229,0,3698,11
09/03/2025,Tienda 03,240,3229,0,3458,6
10/03/2025,Tienda 03,273,2745,1,3185,5
11/03/2025,Tienda 03,216,3229,0,2969,9
12/03/2025,Tienda 03,219,3229,0,2750,6
13/03/2025,Tienda 03,191,3229,0,2559,9
14/03/2025,Tienda 03,238,3229,0,2321,10
15/03/2025,Tienda 03,223,3229,0,2098,5
16/03/2025,Tienda 03,248,3229,0,1850,8
17/03/2025,Tienda 03,275,2745,1,6675,5
18/03/2025,Tienda 03,209,3229,0,6466,11
19/03/2025,Tienda 03,214,3229,0,6252,6
20/03/2025,Tienda 03,258,2745,1,5994,7
21/03/2025,Tienda 03,240,3229,0,5754,10
22/03/2025,Tienda 03,250,3229,0,5504,5
23/03/2025,Tienda 03,262,3229,0,5242,7
24/03/2025,Tienda 03,215,3229,0,5027,8
25/03/2025,Tienda 03,192,3229,0,4835,7
26/03/2025,Tienda 03,209,3229,0,4626,8
27/03/2025,Tienda 03,204,3229,0,4422,6
28/03/2025,Tienda 03,262,3229,0,4160,9
29/03/2025,Tienda 03,244,3229,0,3916,7
30/03/2025,Tienda 03,233,3229,0,3683,9
31/03/2025,Tienda 03,202,3229,0,3481,8
01/04/2025,Tienda 03,215,3229,0,3266,11
02/04/2025,Tienda 03,284,2745,1,2982,10
03/04/2025,Tienda 03,193,3229,0,2789,11
04/04/2025,Tienda 03,246,3229,0,2543,6
05/04/2025,Tienda 03,241,3229,0,2302,7
06/04/2025,Tienda 03,270,3229,0,2032,11
07/04/2025,Tienda 03,183,3229,0,1849,10
08/04/2025,Tienda 03,277,2745,1,6672,11
09/04/2025,Tienda 03,264,2745,1,6408,7
10/04/2025,Tienda 03,219,3229,0,6189,7
11/04/2025,Tienda 03,265,3229,0,5924,10
12/04/2025,Tienda 03,267,3229,0,5657,7
13/04/2025,Tienda 03,293,2745,1,5364,5
14/04/2025,Tienda 03,222,3229,0,5142,8
15/04/2025,Tienda 03,279,2745,1,4863,7
16/04/2025,Tienda 03,203,3229,0,4660,10
17/04/2025,Tienda 03,216,3229,0,4444,9
18/04/2025,Tienda 03,263,3229,0,4181,11
19/04/2025,Tienda 03,227,3229,0,3954,9
20/04/2025,Tienda 03,243,3229,0,3711,8
21/04/2025,Tienda 03,221,3229,0,3490,6
22/04/2025,Tienda 03,215,3229,0,3275,8
23/04/2025,Tienda 03,226,3229,0,3049,8
24/04/2025,Tienda 03,195,3229,0,2854,8
25/04/2025,Tienda 03,239,3229,0,2615,6
26/04/2025,Tienda 03,245,3229,0,2370,9
27/04/2025,Tienda 03,241,3229,0,2129,8
28/04/2025,Tienda 03,214,3229,0,1915,7
29/04/2025,Tienda 03,205,3229,0,1710,8
30/04/2025,Tienda 03,205,3229,0,6605,8
01/05/2025,Tienda 03,192,3229,0,6413,11
02/05/2025,Tienda 03,240,3229,0,6173,10
03/05/2025,Tienda 03,219,3229,0,5954,5
04/05/2025,Tienda 03,213,3229,0,5741,7
05/05/2025,Tienda 03,259,2745,1,5482,7
06/05/2025,Tienda 03,195,3229,0,5287,7
07/05/2025,Tienda 03,195,3229,0,5092,6
08/05/2025,Tienda 03,217,3229,0,4875,6
09/05/2025,Tienda 03,243,3229,0,4632,9
10/05/2025,Tienda 03,238,3229,0,4394,5
11/05/2025,Tienda 03,245,3229,0,4149,7
12/05/2025,Tienda 03,167,3229,0,3982,7
13/05/2025,Tienda 03,208,3229,0,3774,9
14/05/2025,Tienda 03,222,3229,0,3552,6
15/05/2025,Tienda 03,269,2745,1,3283,6
16/05/2025,Tienda 03,232,3229,0,3051,8
17/05/2025,Tienda 03,257,3229,0,2794,8
18/05/2025,Tienda 03,312,2745,1,2482,10
19/05/2025,Tienda 03,181,3229,0,2301,10
20/05/2025,Tienda 03,185,3229,0,2116,7
21/05/2025,Tienda 03,190,3229,0,1926,6
22/05/2025,Tienda 03,219,3229,0,1707,5
23/05/2025,Tienda 03,242,3229,0,6565,10
24/05/2025,Tienda 03,235,3229,0,6330,5
25/05/2025,Tienda 03,240,3229,0,6090,8
26/05/2025,Tienda 03,197,3229,0,5893,6
27/05/2025,Tienda 03,188,3229,0,5705,10
28/05/2025,Tienda 03,199,3229,0,5506,8
29/05/2025,Tienda 03,188,3229,0,5318,10
30/05/2025,Tienda 03,207,3229,0,5111,11
31/05/2025,Tienda 03,244,3229,0,4867,7
01/06/2025,Tienda 03,258,2745,1,4609,8
02/06/2025,Tienda 03,197,3229,0,4412,8
03/06/2025,Tienda 03,187,3229,0,4225,8
04/06/2025,Tienda 03,264,2745,1,3961,9
05/06/2025,Tienda 03,203,3229,0,3758,11
06/06/2025,Tienda 03,264,2745,1,3494,9
07/06/2025,Tienda 03,281,2745,1,3213,7
08/06/2025,Tienda 03,204,3229,0,3009,9
09/06/2025,Tienda 03,173,3229,0,2836,8
10/06/2025,Tienda 03,180,3229,0,2656,9
11/06/2025,Tienda 03,167,3229,0,2489,6
12/06/2025,Tienda 03,179,3229,0,2310,7
13/06/2025,Tienda 03,220,3229,0,2090,11
14/06/2025,Tienda 03,215,3229,0,1875,6
15/06/2025,Tienda 03,225,3229,0,6750,11
16/06/2025,Tienda 03,206,3229,0,6544,9
17/06/2025,Tienda 03,179,3229,0,6365,5
18/06/2025,Tienda 03,173,3229,0,6192,6
19/06/2025,Tienda 03,170,3229,0,6022,5
20/06/2025,Tienda 03,207,3229,0,5815,6
21/06/2025,Tienda 03,220,3229,0,5595,11
22/06/2025,Tienda 03,213,3229,0,5382,5
23/06/2025,Tienda 03,176,3229,0,5206,10
24/06/2025,Tienda 03,173,3229,0,5033,8
25/06/2025,Tienda 03,189,3229,0,4844,9
26/06/2025,Tienda 03,167,3229,0,4677,8
27/06/2025,Tienda 03,204,3229,0,4473,8
28/06/2025,Tienda 03,198,3229,0,4275,11
29/06/2025,Tienda 03,198,3229,0,4077,9
30/06/2025,Tienda 03,160,3229,0,3917,6
01/07/2025,Tienda 03,238,2745,1,3679,7
02/07/2025,Tienda 03,168,3229,0,3511,9
03/07/2025,Tienda 03,128,3229,0,3383,7
04/07/2025,Tienda 03,198,3229,0,3185,7
05/07/2025,Tienda 03,249,2745,1,2936,9
06/07/2025,Tienda 03,197,3229,0,2739,5
07/07/2025,Tienda 03,155,3229,0,2584,5
08/07/2025,Tienda 03,153,3229,0,2431,9
09/07/2025,Tienda 03,179,3229,0,2252,5
10/07/2025,Tienda 03,176,3229,0,2076,6
11/07/2025,Tienda 03,195,3229,0,1881,5
12/07/2025,Tienda 03,183,3229,0,6798,10
13/07/2025,Tienda 03,173,3229,0,6625,7
14/07/2025,Tienda 03,155,3229,0,6470,5
15/07/2025,Tienda 03,156,3229,0,6314,11
16/07/2025,Tienda 03,134,3229,0,6180,5
17/07/2025,Tienda 03,138,3229,0,6042,5
18/07/2025,Tienda 03,190,3229,0,5852,9
19/07/2025,Tienda 03,189,3229,0,5663,8
20/07/2025,Tienda 03,195,3229,0,5468,5
21/07/2025,Tienda 03,216,2745,1,5252,10
22/07/2025,Tienda 03,149,3229,0,5103,7
23/07/2025,Tienda 03,148,3229,0,4955,8
24/07/2025,Tienda 03,196,2745,1,4759,11
25/07/2025,Tienda 03,175,3229,0,4584,8
26/07/2025,Tienda 03,226,2745,1,4358,9
27/07/2025,Tienda 03,172,3229,0,4186,9
28/07/2025,Tienda 03,142,3229,0,4044,9
29/07/2025,Tienda 03,135,3229,0,3909,7
30/07/2025,Tienda 03,149,3229,0,3760,9
31/07/2025,Tienda 03,132,3229,0,3628,6
01/08/2025,Tienda 03,147,3229,0,3481,5
02/08/2025,Tienda 03,197,3229,0,3284,10
03/08/2025,Tienda 03,235,2745,1,3049,11
04/08/2025,Tienda 03,143,3229,0,2906,9
05/08/2025,Tienda 03,133,3229,0,2773,7
06/08/2025,Tienda 03,132,3229,0,2641,6
07/08/2025,Tienda 03,145,3229,0,2496,6
08/08/2025,Tienda 03,162,3229,0,2334,5
09/08/2025,Tienda 03,227,2745,1,2107,8
10/08/2025,Tienda 03,166,3229,0,1941,5
11/08/2025,Tienda 03,125,3229,0,1816,6
12/08/2025,Tienda 03,133,3229,0,6783,10
13/08/2025,Tienda 03,144,3229,0,6639,7
14/08/2025,Tienda 03,141,3229,0,6498,10
15/08/2025,Tienda 03,173,3229,0,6325,11
16/08/2025,Tienda 03,158,3229,0,6167,9
17/08/2025,Tienda 03,152,3229,0,6015,9
18/08/2025,Tienda 03,146,3229,0,5869,7
19/08/2025,Tienda 03,146,3229,0,5723,7
20/08/2025,Tienda 03,141,3229,0,5582,7
21/08/2025,Tienda 03,130,3229,0,5452,6
22/08/2025,Tienda 03,176,3229,0,5276,9
23/08/2025,Tienda 03,196,3229,0,5080,8
24/08/2025,Tienda 03,208,2745,1,4872,6
25/08/2025,Tienda 03,133,3229,0,4739,6
26/08/2025,Tienda 03,132,3229,0,4607,10
27/08/2025,Tienda 03,132,3229,0,4475,10
28/08/2025,Tienda 03,130,3229,0,4345,6
29/08/2025,Tienda 03,137,3229,0,4208,11
30/08/2025,Tienda 03,152,3229,0,4056,10
31/08/2025,Tienda 03,149,3229,0,3907,11
01/09/2025,Tienda 03,141,3229,0,3766,10
02/09/2025,Tienda 03,161,2745,1,3605,11
03/09/2025,Tienda 03,185,2745,1,3420,7
04/09/2025,Tienda 03,113,3229,0,3307,5
05/09/2025,Tienda 03,138,3229,0,3169,5
06/09/2025,Tienda 03,160,3229,0,3009,11
07/09/2025,Tienda 03,142,3229,0,2867,7
08/09/2025,Tienda 03,122,3229,0,2745,8
09/09/2025,Tienda 03,139,3229,0,2606,8
10/09/2025,Tienda 03,149,3229,0,2457,10
11/09/2025,Tienda 03,182,2745,1,2275,8
12/09/2025,Tienda 03,139,3229,0,2136,10
13/09/2025,Tienda 03,162,3229,0,1974,9
14/09/2025,Tienda 03,147,3229,0,1827,6
15/09/2025,Tienda 03,158,3229,0,6769,10
16/09/2025,Tienda 03,145,3229,0,6624,7
17/09/2025,Tienda 03,111,3229,0,6513,9
18/09/2025,Tienda 03,125,3229,0,6388,7
19/09/2025,Tienda 03,164,2745,1,6224,10
20/09/2025,Tienda 03,164,3229,0,6060,8
21/09/2025,Tienda 03,159,3229,0,5901,5
22/09/2025,Tienda 03,136,3229,0,5765,7
23/09/2025,Tienda 03,145,3229,0,5620,9
24/09/2025,Tienda 03,123,3229,0,5497,10
25/09/2025,Tienda 03,130,3229,0,5367,7
26/09/2025,Tienda 03,165,3229,0,5202,10
27/09/2025,Tienda 03,136,3229,0,5066,5
28/09/2025,Tienda 03,134,3229,0,4932,9
29/09/2025,Tienda 03,125,3229,0,4807,6
30/09/2025,Tienda 03,127,3229,0,4680,6
01/10/2025,Tienda 03,125,3229,0,4555,5
02/10/2025,Tienda 03,127,3229,0,4428,5
03/10/2025,Tienda 03,145,3229,0,4283,6
04/10/2025,Tienda 03,161,3229,0,4122,8
05/10/2025,Tienda 03,162,3229,0,3960,10
06/10/2025,Tienda 03,112,3229,0,3848,5
07/10/2025,Tienda 03,119,3229,0,3729,9
08/10/2025,Tienda 03,175,2745,1,3554,9
09/10/2025,Tienda 03,121,3229,0,3433,11
10/10/2025,Tienda 03,174,3229,0,3259,11
11/10/2025,Tienda 03,179,2745,1,3080,10
12/10/2025,Tienda 03,179,3229,0,2901,5
13/10/2025,Tienda 03,178,2745,1,2723,8
14/10/2025,Tienda 03,118,3229,0,2605,5
15/10/2025,Tienda 03,137,3229,0,2468,10
16/10/2025,Tienda 03,94,3229,0,2374,6
17/10/2025,Tienda 03,149,3229,0,2225,10
18/10/2025,Tienda 03,138,3229,0,2087,6
19/10/2025,Tienda 03,144,3229,0,1943,9
20/10/2025,Tienda 03,161,3229,0,1782,6
21/10/2025,Tienda 03,145,3229,0,6737,6
22/10/2025,Tienda 03,126,3229,0,6611,9
23/10/2025,Tienda 03,131,3229,0,6480,11
24/10/2025,Tienda 03,178,3229,0,6302,9
25/10/2025,Tienda 03,132,3229,0,6170,7
26/10/2025,Tienda 03,170,3229,0,6000,7
27/10/2025,Tienda 03,124,3229,0,5876,11
28/10/2025,Tienda 03,143,3229,0,5733,11
29/10/2025,Tienda 03,140,3229,0,5593,7
30/10/2025,Tienda 03,171,2745,1,5422,8
31/10/2025,Tienda 03,165,3229,0,5257,7
01/11/2025,Tienda 03,175,3229,0,5082,6
02/11/2025,Tienda 03,180,3229,0,4902,11
03/11/2025,Tienda 03,129,3229,0,4773,6
04/11/2025,Tienda 03,173,2745,1,4600,6
05/11/2025,Tienda 03,132,3229,0,4468,8
06/11/2025,Tienda 03,115,3229,0,4353,6
07/11/2025,Tienda 03,180,3229,0,4173,11
08/11/2025,Tienda 03,158,3229,0,4015,8
09/11/2025,Tienda 03,183,3229,0,3832,8
10/11/2025,Tienda 03,144,3229,0,3688,10
11/11/2025,Tienda 03,159,3229,0,3529,9
12/11/2025,Tienda 03,162,3229,0,3367,9
13/11/2025,Tienda 03,145,3229,0,3222,9
14/11/2025,Tienda 03,217,2745,1,3005,9
15/11/2025,Tienda 03,170,3229,0,2835,9
16/11/2025,Tienda 03,165,3229,0,2670,11
17/11/2025,Tienda 03,136,3229,0,2534,10
18/11/2025,Tienda 03,133,3229,0,2401,11
19/11/2025,Tienda 03,123,3229,0,2278,7
20/11/2025,Tienda 03,136,3229,0,2142,11
21/11/2025,Tienda 03,225,2745,1,1917,10
22/11/2025,Tienda 03,174,3229,0,1743,10
23/11/2025,Tienda 03,187,3229,0,6656,9
24/11/2025,Tienda 03,147,3229,0,6509,6
25/11/2025,Tienda 03,135,3229,0,6374,11
26/11/2025,Tienda 03,123,3229,0,6251,10
27/11/2025,Tienda 03,149,3229,0,6102,7
28/11/2025,Tienda 03,162,3229,0,5940,5
29/11/2025,Tienda 03,190,3229,0,5750,11
30/11/2025,Tienda 03,165,3229,0,5585,10
01/12/2025,Tienda 03,159,3229,0,5426,10
02/12/2025,Tienda 03,137,3229,0,5289,11
03/12/2025,Tienda 03,163,3229,0,5126,10
04/12/2025,Tienda 03,153,3229,0,4973,10
05/12/2025,Tienda 03,186,3229,0,4787,9
06/12/2025,Tienda 03,191,3229,0,4596,8
07/12/2025,Tienda 03,162,3229,0,4434,6
08/12/2025,Tienda 03,176,3229,0,4258,11
09/12/2025,Tienda 03,165,3229,0,4093,11
10/12/2025,Tienda 03,148,3229,0,3945,5
11/12/2025,Tienda 03,142,3229,0,3803,11
12/12/2025,Tienda 03,198,3229,0,3605,8
13/12/2025,Tienda 03,244,2745,1,3361,6
14/12/2025,Tienda 03,238,2745,1,3123,5
15/12/2025,Tienda 03,176,3229,0,2947,5
16/12/2025,Tienda 03,178,3229,0,2769,8
17/12/2025,Tienda 03,162,3229,0,2607,10
18/12/2025,Tienda 03,178,3229,0,2429,5
19/12/2025,Tienda 03,182,3229,0,2247,5
20/12/2025,Tienda 03,176,3229,0,2071,9
21/12/2025,Tienda 03,214,3229,0,1857,11
22/12/2025,Tienda 03,145,3229,0,1712,7
23/12/2025,Tienda 03,152,3229,0,6660,6
24/12/2025,Tienda 03,184,3229,0,6476,10
25/12/2025,Tienda 03,156,3229,0,6320,7
26/12/2025,Tienda 03,213,3229,0,6107,5
27/12/2025,Tienda 03,196,3229,0,5911,9
28/12/2025,Tienda 03,266,2745,1,5645,6
29/12/2025,Tienda 03,185,3229,0,5460,7
30/12/2025,Tienda 03,183,3229,0,5277,11
31/12/2025,Tienda 03,171,3229,0,5106,11
01/01/2023,Tienda 04,221,2990,0,3779,11
02/01/2023,Tienda 04,196,2990,0,3583,9
03/01/2023,Tienda 04,217,2990,0,3366,6
04/01/2023,Tienda 04,219,2990,0,3147,7
05/01/2023,Tienda 04,172,2990,0,2975,8
06/01/2023,Tienda 04,198,2990,0,2777,9
07/01/2023,Tienda 04,235,2990,0,2542,7
08/01/2023,Tienda 04,296,2542,1,2246,7
09/01/2023,Tienda 04,195,2990,0,2051,7
10/01/2023,Tienda 04,182,2990,0,7719,11
11/01/2023,Tienda 04,208,2990,0,7511,5
12/01/2023,Tienda 04,254,2542,1,7257,8
13/01/2023,Tienda 04,219,2990,0,7038,10
14/01/2023,Tienda 04,257,2990,0,6781,9
15/01/2023,Tienda 04,232,2990,0,6549,5
16/01/2023,Tienda 04,256,2542,1,6293,9
17/01/2023,Tienda 04,219,2990,0,6074,7
18/01/2023,Tienda 04,280,2542,1,5794,10
19/01/2023,Tienda 04,220,2990,0,5574,6
20/01/2023,Tienda 04,265,2990,0,5309,8
21/01/2023,Tienda 04,249,2990,0,5060,7
22/01/2023,Tienda 04,258,2990,0,4802,9
23/01/2023,Tienda 04,284,2542,1,4518,7
24/01/2023,Tienda 04,232,2990,0,4286,11
25/01/2023,Tienda 04,199,2990,0,4087,5
26/01/2023,Tienda 04,281,2542,1,3806,9
27/01/2023,Tienda 04,247,2990,0,3559,8
28/01/2023,Tienda 04,268,2990,0,3291,8
29/01/2023,Tienda 04,274,2990,0,3017,7
30/01/2023,Tienda 04,198,2990,0,2819,10
31/01/2023,Tienda 04,209,2990,0,2610,6
01/02/2023,Tienda 04,219,2990,0,2391,6
02/02/2023,Tienda 04,202,2990,0,2189,6
03/02/2023,Tienda 04,259,2990,0,7780,10
04/02/2023,Tienda 04,266,2990,0,7514,6
05/02/2023,Tienda 04,272,2990,0,7242,5
06/02/2023,Tienda 04,205,2990,0,7037,7
07/02/2023,Tienda 04,235,2990,0,6802,9
08/02/2023,Tienda 04,235,2990,0,6567,7
09/02/2023,Tienda 04,217,2990,0,6350,8
10/02/2023,Tienda 04,258,2990,0,6092,10
11/02/2023,Tienda 04,252,2990,0,5840,10
12/02/2023,Tienda 04,275,2990,0,5565,9
13/02/2023,Tienda 04,216,2990,0,5349,9
14/02/2023,Tienda 04,224,2990,0,5125,7
15/02/2023,Tienda 04,215,2990,0,4910,9
16/02/2023,Tienda 04,230,2990,0,4680,7
17/02/2023,Tienda 04,257,2990,0,4423,9
18/02/2023,Tienda 04,279,2990,0,4144,11
19/02/2023,Tienda 04,287,2990,0,3857,10
20/02/2023,Tienda 04,213,2990,0,3644,8
21/02/2023,Tienda 04,261,2990,0,3383,9
22/02/2023,Tienda 04,227,2990,0,3156,8
23/02/2023,Tienda 04,224,2990,0,2932,6
24/02/2023,Tienda 04,367,2542,1,2565,8
25/02/2023,Tienda 04,279,2990,0,2286,11
26/02/2023,Tienda 04,273,2990,0,2013,7
27/02/2023,Tienda 04,242,2990,0,7621,10
28/02/2023,Tienda 04,218,2990,0,7403,5
01/03/2023,Tienda 04,260,2990,0,7143,7
02/03/2023,Tienda 04,302,2542,1,6841,9
03/03/2023,Tienda 04,350,2542,1,6491,9
04/03/2023,Tienda 04,301,2990,0,6190,11
05/03/2023,Tienda 04,279,2990,0,5911,6
06/03/2023,Tienda 04,331,2542,1,5580,7
07/03/2023,Tienda 04,248,2990,0,5332,11
08/03/2023,Tienda 04,243,2990,0,5089,8
09/03/2023,Tienda 04,244,2990,0,4845,9
10/03/2023,Tienda 04,285,2990,0,4560,5
11/03/2023,Tienda 04,305,2990,0,4255,8
12/03/2023,Tienda 04,279,2990,0,3976,10
13/03/2023,Tienda 04,321,2542,1,3655,7
14/03/2023,Tienda 04,251,2990,0,3404,8
15/03/2023,Tienda 04,226,2990,0,3178,8
16/03/2023,Tienda 04,326,2542,1,2852,9
17/03/2023,Tienda 04,282,2990,0,2570,10
18/03/2023,Tienda 04,283,2990,0,2287,10
19/03/2023,Tienda 04,270,2990,0,2017,5
20/03/2023,Tienda 04,233,2990,0,7634,11
21/03/2023,Tienda 04,267,2990,0,7367,7
22/03/2023,Tienda 04,246,2990,0,7121,6
23/03/2023,Tienda 04,242,2990,0,6879,11
24/03/2023,Tienda 04,365,2542,1,6514,10
25/03/2023,Tienda 04,278,2990,0,6236,6
26/03/2023,Tienda 04,292,2990,0,5944,9
27/03/2023,Tienda 04,222,2990,0,5722,6
28/03/2023,Tienda 04,236,2990,0,5486,10
29/03/2023,Tienda 04,246,2990,0,5240,8
30/03/2023,Tienda 04,231,2990,0,5009,6
31/03/2023,Tienda 04,295,2990,0,4714,6
01/04/2023,Tienda 04,319,2990,0,4395,10
02/04/2023,Tienda 04,285,2990,0,4110,11
03/04/2023,Tienda 04,254,2990,0,3856,6
04/04/2023,Tienda 04,240,2990,0,3616,9
05/04/2023,Tienda 04,247,2990,0,3369,11
06/04/2023,Tienda 04,225,2990,0,3144,6
07/04/2023,Tienda 04,322,2990,0,2822,6
08/04/2023,Tienda 04,372,2542,1,2450,11
09/04/2023,Tienda 04,286,2990,0,2164,7
10/04/2023,Tienda 04,261,2990,0,7753,7
11/04/2023,Tienda 04,224,2990,0,7529,11
12/04/2023,Tienda 04,258,2990,0,7271,8
13/04/2023,Tienda 04,247,2990,0,7024,6
14/04/2023,Tienda 04,290,2990,0,6734,10
15/04/2023,Tienda 04,299,2990,0,6435,11
16/04/2023,Tienda 04,249,2990,0,6186,10
17/04/2023,Tienda 04,270,2990,0,5916,6
18/04/2023,Tienda 04,229,2990,0,5687,6
19/04/2023,Tienda 04,255,2990,0,5432,10
20/04/2023,Tienda 04,241,2990,0,5191,9
21/04/2023,Tienda 04,276,2990,0,4915,8
22/04/2023,Tienda 04,291,2990,0,4624,7
23/04/2023,Tienda 04,371,2542,1,4253,6
24/04/2023,Tienda 04,254,2990,0,3999,9
25/04/2023,Tienda 04,232,2990,0,3767,7
26/04/2023,Tienda 04,209,2990,0,3558,5
27/04/2023,Tienda 04,262,2990,0,3296,9
28/04/2023,Tienda 04,287,2990,0,3009,8
29/04/2023,Tienda 04,390,2542,1,2619,7
30/04/2023,Tienda 04,359,2542,1,2260,8
01/05/2023,Tienda 04,234,2990,0,2026,9
02/05/2023,Tienda 04,231,2990,0,7645,7
03/05/2023,Tienda 04,315,2542,1,7330,7
04/05/2023,Tienda 04,229,2990,0,7101,11
05/05/2023,Tienda 04,272,2990,0,6829,11
06/05/2023,Tienda 04,289,2990,0,6540,6
07/05/2023,Tienda 04,251,2990,0,6289,9
08/05/2023,Tienda 04,247,2990,0,6042,5
09/05/2023,Tienda 04,222,2990,0,5820,11
10/05/2023,Tienda 04,229,2990,0,5591,10
11/05/2023,Tienda 04,230,2990,0,5361,9
12/05/2023,Tienda 04,361,2542,1,5000,7
13/05/2023,Tienda 04,277,2990,0,4723,10
14/05/2023,Tienda 04,281,2990,0,4442,11
15/05/2023,Tienda 04,302,2542,1,4140,8
16/05/2023,Tienda 04,231,2990,0,3909,5
17/05/2023,Tienda 04,218,2990,0,3691,6
18/05/2023,Tienda 04,242,2990,0,3449,5
19/05/2023,Tienda 04,333,2542,1,3116,6
20/05/2023,Tienda 04,253,2990,0,2863,7
21/05/2023,Tienda 04,291,2990,0,2572,5
22/05/2023,Tienda 04,238,2990,0,2334,9
23/05/2023,Tienda 04,237,2990,0,2097,6
24/05/2023,Tienda 04,242,2990,0,7705,7
25/05/2023,Tienda 04,208,2990,0,7497,10
26/05/2023,Tienda 04,269,2990,0,7228,7
27/05/2023,Tienda 04,254,2990,0,6974,10
28/05/2023,Tienda 04,254,2990,0,6720,5
29/05/2023,Tienda 04,201,2990,0,6519,6
30/05/2023,Tienda 04,297,2542,1,6222,11
31/05/2023,Tienda 04,202,2990,0,6020,7
01/06/2023,Tienda 04,226,2990,0,5794,5
02/06/2023,Tienda 04,263,2990,0,5531,9
03/06/2023,Tienda 04,232,2990,0,5299,9
04/06/2023,Tienda 04,288,2990,0,5011,8
05/06/2023,Tienda 04,213,2990,0,4798,6
06/06/2023,Tienda 04,219,2990,0,4579,5
07/06/2023,Tienda 04,235,2990,0,4344,10
08/06/2023,Tienda 04,273,2542,1,4071,5
09/06/2023,Tienda 04,256,2990,0,3815,10
10/06/2023,Tienda 04,258,2990,0,3557,6
11/06/2023,Tienda 04,246,2990,0,3311,5
12/06/2023,Tienda 04,242,2990,0,3069,7
13/06/2023,Tienda 04,211,2990,0,2858,8
14/06/2023,Tienda 04,261,2542,1,2597,6
15/06/2023,Tienda 04,209,2990,0,2388,7
16/06/2023,Tienda 04,222,2990,0,2166,7
17/06/2023,Tienda 04,299,2542,1,7717,5
18/06/2023,Tienda 04,311,2542,1,7406,11
19/06/2023,Tienda 04,176,2990,0,7230,5
20/06/2023,Tienda 04,205,2990,0,7025,9
21/06/2023,Tienda 04,195,2990,0,6830,8
22/06/2023,Tienda 04,203,2990,0,6627,11
23/06/2023,Tienda 04,233,2990,0,6394,7
24/06/2023,Tienda 04,276,2990,0,6118,11
25/06/2023,Tienda 04,247,2990,0,5871,10
26/06/2023,Tienda 04,204,2990,0,5667,10
27/06/2023,Tienda 04,249,2542,1,5418,9
28/06/2023,Tienda 04,230,2990,0,5188,11
29/06/2023,Tienda 04,210,2990,0,4978,8
30/06/2023,Tienda 04,228,2990,0,4750,10
01/07/2023,Tienda 04,219,2990,0,4531,8
02/07/2023,Tienda 04,264,2990,0,4267,7
03/07/2023,Tienda 04,197,2990,0,4070,5
04/07/2023,Tienda 04,188,2990,0,3882,6
05/07/2023,Tienda 04,176,2990,0,3706,6
06/07/2023,Tienda 04,206,2990,0,3500,10
07/07/2023,Tienda 04,240,2990,0,3260,7
08/07/2023,Tienda 04,217,2990,0,3043,9
09/07/2023,Tienda 04,276,2542,1,2767,5
10/07/2023,Tienda 04,188,2990,0,2579,5
11/07/2023,Tienda 04,170,2990,0,2409,9
12/07/2023,Tienda 04,156,2990,0,2253,5
13/07/2023,Tienda 04,192,2990,0,2061,6
14/07/2023,Tienda 04,218,2990,0,7693,8
15/07/2023,Tienda 04,189,2990,0,7504,10
16/07/2023,Tienda 04,200,2990,0,7304,11
17/07/2023,Tienda 04,201,2990,0,7103,10
18/07/2023,Tienda 04,170,2990,0,6933,9
19/07/2023,Tienda 04,169,2990,0,6764,8
20/07/2023,Tienda 04,181,2990,0,6583,7
21/07/2023,Tienda 04,208,2990,0,6375,7
22/07/2023,Tienda 04,219,2990,0,6156,7
23/07/2023,Tienda 04,216,2990,0,5940,10
24/07/2023,Tienda 04,168,2990,0,5772,11
25/07/2023,Tienda 04,159,2990,0,5613,11
26/07/2023,Tienda 04,154,2990,0,5459,9
27/07/2023,Tienda 04,208,2990,0,5251,11
28/07/2023,Tienda 04,197,2990,0,5054,10
29/07/2023,Tienda 04,199,2990,0,4855,11
30/07/2023,Tienda 04,148,2990,0,4707,11
31/07/2023,Tienda 04,187,2990,0,4520,11
01/08/2023,Tienda 04,168,2990,0,4352,10
02/08/2023,Tienda 04,233,2542,1,4119,11
03/08/2023,Tienda 04,201,2542,1,3918,10
04/08/2023,Tienda 04,261,2542,1,3657,7
05/08/2023,Tienda 04,186,2990,0,3471,9
06/08/2023,Tienda 04,201,2990,0,3270,9
07/08/2023,Tienda 04,177,2990,0,3093,7
08/08/2023,Tienda 04,179,2990,0,2914,10
09/08/2023,Tienda 04,156,2990,0,2758,6
10/08/2023,Tienda 04,159,2990,0,2599,11
11/08/2023,Tienda 04,202,2990,0,2397,7
12/08/2023,Tienda 04,191,2990,0,2206,8
13/08/2023,Tienda 04,192,2990,0,2014,7
14/08/2023,Tienda 04,164,2990,0,7700,6
15/08/2023,Tienda 04,137,2990,0,7563,5
16/08/2023,Tienda 04,155,2990,0,7408,5
17/08/2023,Tienda 04,163,2990,0,7245,8
18/08/2023,Tienda 04,147,2990,0,7098,9
19/08/2023,Tienda 04,196,2990,0,6902,10
20/08/2023,Tienda 04,199,2990,0,6703,7
21/08/2023,Tienda 04,138,2990,0,6565,6
22/08/2023,Tienda 04,155,2990,0,6410,10
23/08/2023,Tienda 04,159,2542,1,6251,9
24/08/2023,Tienda 04,160,2990,0,6091,5
25/08/2023,Tienda 04,250,2542,1,5841,5
26/08/2023,Tienda 04,219,2990,0,5622,9
27/08/2023,Tienda 04,162,2990,0,5460,8
28/08/2023,Tienda 04,163,2990,0,5297,6
29/08/2023,Tienda 04,149,2990,0,5148,7
30/08/2023,Tienda 04,166,2990,0,4982,11
31/08/2023,Tienda 04,171,2990,0,4811,11
01/09/2023,Tienda 04,159,2990,0,4652,7
02/09/2023,Tienda 04,161,2990,0,4491,6
03/09/2023,Tienda 04,170,2990,0,4321,8
04/09/2023,Tienda 04,148,2990,0,4173,9
05/09/2023,Tienda 04,143,2990,0,4030,8
06/09/2023,Tienda 04,142,2990,0,3888,9
07/09/2023,Tienda 04,184,2542,1,3704,10
08/09/2023,Tienda 04,168,2990,0,3536,6
09/09/2023,Tienda 04,177,2990,0,3359,10
10/09/2023,Tienda 04,212,2990,0,3147,10
11/09/2023,Tienda 04,164,2990,0,2983,6
12/09/2023,Tienda 04,169,2990,0,2814,11
13/09/2023,Tienda 04,175,2542,1,2639,6
14/09/2023,Tienda 04,148,2990,0,2491,7
15/09/2023,Tienda 04,171,2990,0,2320,5
16/09/2023,Tienda 04,187,2990,0,2133,11
17/09/2023,Tienda 04,183,2990,0,1950,10
18/09/2023,Tienda 04,148,2990,0,7652,8
19/09/2023,Tienda 04,135,2990,0,7517,7
20/09/2023,Tienda 04,169,2990,0,7348,10
21/09/2023,Tienda 04,157,2542,1,7191,9
22/09/2023,Tienda 04,173,2990,0,7018,6
23/09/2023,Tienda 04,187,2990,0,6831,9
24/09/2023,Tienda 04,174,2990,0,6657,7
25/09/2023,Tienda 04,136,2990,0,6521,7
26/09/2023,Tienda 04,147,2990,0,6374,11
27/09/2023,Tienda 04,212,2542,1,6162,10
28/09/2023,Tienda 04,197,2542,1,5965,6
29/09/2023,Tienda 04,173,2990,0,5792,11
30/09/2023,Tienda 04,188,2990,0,5604,7
01/10/2023,Tienda 04,146,2990,0,5458,9
02/10/2023,Tienda 04,156,2990,0,5302,11
03/10/2023,Tienda 04,192,2542,1,5110,11
04/10/2023,Tienda 04,153,2990,0,4957,10
05/10/2023,Tienda 04,141,2990,0,4816,5
06/10/2023,Tienda 04,198,2990,0,4618,7
07/10/2023,Tienda 04,167,2990,0,4451,8
08/10/2023,Tienda 04,197,2990,0,4254,5
09/10/2023,Tienda 04,193,2542,1,4061,8
10/10/2023,Tienda 04,166,2990,0,3895,11
11/10/2023,Tienda 04,142,2990,0,3753,8
12/10/2023,Tienda 04,160,2990,0,3593,5
13/10/2023,Tienda 04,192,2990,0,3401,11
14/10/2023,Tienda 04,162,2990,0,3239,5
15/10/2023,Tienda 04,182,2990,0,3057,7
16/10/2023,Tienda 04,177,2990,0,2880,9
17/10/2023,Tienda 04,176,2990,0,2704,11
18/10/2023,Tienda 04,147,2990,0,2557,5
19/10/2023,Tienda 04,170,2542,1,2387,10
20/10/2023,Tienda 04,182,2990,0,2205,8
21/10/2023,Tienda 04,188,2990,0,2017,7
22/10/2023,Tienda 04,180,2990,0,7687,7
23/10/2023,Tienda 04,160,2990,0,7527,8
24/10/2023,Tienda 04,193,2542,1,7334,9
25/10/2023,Tienda 04,132,2990,0,7202,7
26/10/2023,Tienda 04,198,2542,1,7004,5
27/10/2023,Tienda 04,187,2990,0,6817,7
28/10/2023,Tienda 04,216,2542,1,6601,5
29/10/2023,Tienda 04,199,2990,0,6402,11
30/10/2023,Tienda 04,150,2990,0,6252,6
31/10/2023,Tienda 04,221,2542,1,6031,11
01/11/2023,Tienda 04,160,2990,0,5871,8
02/11/2023,Tienda 04,184,2990,0,5687,8
03/11/2023,Tienda 04,164,2990,0,5523,7
04/11/2023,Tienda 04,164,2990,0,5359,9
05/11/2023,Tienda 04,190,2990,0,5169,9
06/11/2023,Tienda 04,187,2990,0,4982,9
07/11/2023,Tienda 04,178,2990,0,4804,8
08/11/2023,Tienda 04,195,2542,1,4609,9
09/11/2023,Tienda 04,180,2990,0,4429,10
10/11/2023,Tienda 04,184,2990,0,4245,5
11/11/2023,Tienda 04,247,2542,1,3998,9
12/11/2023,Tienda 04,175,2990,0,3823,10
13/11/2023,Tienda 04,158,2990,0,3665,11
14/11/2023,Tienda 04,167,2990,0,3498,6
15/11/2023,Tienda 04,158,2990,0,3340,6
16/11/2023,Tienda 04,152,2990,0,3188,8
17/11/2023,Tienda 04,202,2990,0,2986,6
18/11/2023,Tienda 04,200,2990,0,2786,10
19/11/2023,Tienda 04,206,2990,0,2580,7
20/11/2023,Tienda 04,150,2990,0,2430,10
21/11/2023,Tienda 04,140,2990,0,2290,10
22/11/2023,Tienda 04,190,2990,0,2100,8
23/11/2023,Tienda 04,181,2990,0,7769,11
24/11/2023,Tienda 04,167,2990,0,7602,9
25/11/2023,Tienda 04,173,2990,0,7429,11
26/11/2023,Tienda 04,214,2990,0,7215,7
27/11/2023,Tienda 04,177,2990,0,7038,7
28/11/2023,Tienda 04,152,2990,0,6886,6
29/11/2023,Tienda 04,179,2990,0,6707,5
30/11/2023,Tienda 04,203,2542,1,6504,9
01/12/2023,Tienda 04,202,2990,0,6302,10
02/12/2023,Tienda 04,192,2990,0,6110,7
03/12/2023,Tienda 04,181,2990,0,5929,5
04/12/2023,Tienda 04,250,2542,1,5679,9
05/12/2023,Tienda 04,148,2990,0,5531,5
06/12/2023,Tienda 04,209,2542,1,5322,7
07/12/2023,Tienda 04,174,2990,0,5148,6
08/12/2023,Tienda 04,194,2990,0,4954,11
09/12/2023,Tienda 04,174,2990,0,4780,7
10/12/2023,Tienda 04,228,2990,0,4552,6
11/12/2023,Tienda 04,193,2990,0,4359,11
12/12/2023,Tienda 04,187,2990,0,4172,9
13/12/2023,Tienda 04,148,2990,0,4024,10
14/12/2023,Tienda 04,161,2990,0,3863,7
15/12/2023,Tienda 04,284,2542,1,3579,7
16/12/2023,Tienda 04,245,2990,0,3334,11
17/12/2023,Tienda 04,211,2990,0,3123,7
18/12/2023,Tienda 04,167,2990,0,2956,5
19/12/2023,Tienda 04,164,2990,0,2792,6
20/12/2023,Tienda 04,168,2990,0,2624,10
21/12/2023,Tienda 04,188,2990,0,2436,8
22/12/2023,Tienda 04,212,2990,0,2224,9
23/12/2023,Tienda 04,225,2990,0,1999,9
24/12/2023,Tienda 04,229,2990,0,7620,8
25/12/2023,Tienda 04,180,2990,0,7440,10
26/12/2023,Tienda 04,174,2990,0,7266,8
27/12/2023,Tienda 04,149,2990,0,7117,5
28/12/2023,Tienda 04,193,2990,0,6924,5
29/12/2023,Tienda 04,203,2990,0,6721,6
30/12/2023,Tienda 04,231,2990,0,6490,10
31/12/2023,Tienda 04,213,2990,0,6277,5
01/01/2024,Tienda 04,214,3110,0,6063,5
02/01/2024,Tienda 04,204,3110,0,5859,10
03/01/2024,Tienda 04,171,3110,0,5688,6
04/01/2024,Tienda 04,182,3110,0,5506,7
05/01/2024,Tienda 04,258,3110,0,5248,5
06/01/2024,Tienda 04,230,3110,0,5018,6
07/01/2024,Tienda 04,299,2643,1,4719,7
08/01/2024,Tienda 04,205,3110,0,4514,10
09/01/2024,Tienda 04,220,3110,0,4294,5
10/01/2024,Tienda 04,212,3110,0,4082,9
11/01/2024,Tienda 04,215,3110,0,3867,11
12/01/2024,Tienda 04,315,2643,1,3552,11
13/01/2024,Tienda 04,261,3110,0,3291,7
14/01/2024,Tienda 04,271,3110,0,3020,6
15/01/2024,Tienda 04,192,3110,0,2828,10
16/01/2024,Tienda 04,217,3110,0,2611,7
17/01/2024,Tienda 04,201,3110,0,2410,10
18/01/2024,Tienda 04,207,3110,0,2203,9
19/01/2024,Tienda 04,255,3110,0,7798,8
20/01/2024,Tienda 04,229,3110,0,7569,7
21/01/2024,Tienda 04,258,3110,0,7311,6
22/01/2024,Tienda 04,206,3110,0,7105,7
23/01/2024,Tienda 04,276,2643,1,6829,11
24/01/2024,Tienda 04,228,3110,0,6601,9
25/01/2024,Tienda 04,296,2643,1,6305,9
26/01/2024,Tienda 04,346,2643,1,5959,11
27/01/2024,Tienda 04,230,3110,0,5729,11
28/01/2024,Tienda 04,270,3110,0,5459,6
29/01/2024,Tienda 04,300,2643,1,5159,8
30/01/2024,Tienda 04,212,3110,0,4947,6
31/01/2024,Tienda 04,212,3110,0,4735,5
01/02/2024,Tienda 04,209,3110,0,4526,6
02/02/2024,Tienda 04,290,3110,0,4236,6
03/02/2024,Tienda 04,267,3110,0,3969,8
04/02/2024,Tienda 04,236,3110,0,3733,5
05/02/2024,Tienda 04,204,3110,0,3529,8
06/02/2024,Tienda 04,196,3110,0,3333,5
07/02/2024,Tienda 04,203,3110,0,3130,11
08/02/2024,Tienda 04,218,3110,0,2912,9
09/02/2024,Tienda 04,289,3110,0,2623,10
10/02/2024,Tienda 04,270,3110,0,2353,6
11/02/2024,Tienda 04,275,3110,0,2078,5
12/02/2024,Tienda 04,231,3110,0,7697,5
13/02/2024,Tienda 04,237,3110,0,7460,11
14/02/2024,Tienda 04,224,3110,0,7236,8
15/02/2024,Tienda 04,285,2643,1,6951,11
16/02/2024,Tienda 04,278,3110,0,6673,9
17/02/2024,Tienda 04,260,3110,0,6413,7
18/02/2024,Tienda 04,263,3110,0,6150,9
19/02/2024,Tienda 04,216,3110,0,5934,9
20/02/2024,Tienda 04,302,2643,1,5632,7
21/02/2024,Tienda 04,248,3110,0,5384,10
22/02/2024,Tienda 04,226,3110,0,5158,9
23/02/2024,Tienda 04,260,3110,0,4898,10
24/02/2024,Tienda 04,275,3110,0,4623,5
25/02/2024,Tienda 04,248,3110,0,4375,6
26/02/2024,Tienda 04,208,3110,0,4167,9
27/02/2024,Tienda 04,253,3110,0,3914,10
28/02/2024,Tienda 04,222,3110,0,3692,5
29/02/2024,Tienda 04,241,3110,0,3451,5
01/03/2024,Tienda 04,263,3110,0,3188,10
02/03/2024,Tienda 04,288,3110,0,2900,5
03/03/2024,Tienda 04,307,3110,0,2593,10
04/03/2024,Tienda 04,258,3110,0,2335,8
05/03/2024,Tienda 04,258,3110,0,2077,9
06/03/2024,Tienda 04,265,3110,0,7662,5
07/03/2024,Tienda 04,234,3110,0,7428,6
08/03/2024,Tienda 04,297,3110,0,7131,5
09/03/2024,Tienda 04,287,3110,0,6844,8
10/03/2024,Tienda 04,321,3110,0,6523,11
11/03/2024,Tienda 04,259,3110,0,6264,5
12/03/2024,Tienda 04,257,3110,0,6007,6
13/03/2024,Tienda 04,258,3110,0,5749,10
14/03/2024,Tienda 04,230,3110,0,5519,11
15/03/2024,Tienda 04,276,3110,0,5243,9
16/03/2024,Tienda 04,299,3110,0,4944,10
17/03/2024,Tienda 04,266,3110,0,4678,9
18/03/2024,Tienda 04,213,3110,0,4465,11
19/03/2024,Tienda 04,268,3110,0,4197,9
20/03/2024,Tienda 04,226,3110,0,3971,10
21/03/2024,Tienda 04,238,3110,0,3733,7
22/03/2024,Tienda 04,280,3110,0,3453,8
23/03/2024,Tienda 04,305,3110,0,3148,5
24/03/2024,Tienda 04,280,3110,0,2868,8
25/03/2024,Tienda 04,257,3110,0,2611,5
26/03/2024,Tienda 04,222,3110,0,2389,10
27/03/2024,Tienda 04,264,3110,0,2125,6
28/03/2024,Tienda 04,236,3110,0,7739,11
29/03/2024,Tienda 04,291,3110,0,7448,6
30/03/2024,Tienda 04,284,3110,0,7164,6
31/03/2024,Tienda 04,275,3110,0,6889,11
01/04/2024,Tienda 04,237,3110,0,6652,6
02/04/2024,Tienda 04,275,3110,0,6377,8
03/04/2024,Tienda 04,251,3110,0,6126,7
04/04/2024,Tienda 04,255,3110,0,5871,6
05/04/2024,Tienda 04,290,3110,0,5581,9
06/04/2024,Tienda 04,258,3110,0,5323,6
07/04/2024,Tienda 04,287,3110,0,5036,7
08/04/2024,Tienda 04,241,3110,0,4795,5
09/04/2024,Tienda 04,294,3110,0,4501,11
10/04/2024,Tienda 04,253,3110,0,4248,6
11/04/2024,Tienda 04,228,3110,0,4020,11
12/04/2024,Tienda 04,385,2643,1,3635,5
13/04/2024,Tienda 04,275,3110,0,3360,10
14/04/2024,Tienda 04,308,3110,0,3052,8
15/04/2024,Tienda 04,279,3110,0,2773,8
16/04/2024,Tienda 04,241,3110,0,2532,7
17/04/2024,Tienda 04,241,3110,0,2291,11
18/04/2024,Tienda 04,228,3110,0,2063,9
19/04/2024,Tienda 04,280,3110,0,7633,7
20/04/2024,Tienda 04,269,3110,0,7364,11
21/04/2024,Tienda 04,367,2643,1,6997,10
22/04/2024,Tienda 04,321,2643,1,6676,5
23/04/2024,Tienda 04,262,3110,0,6414,10
24/04/2024,Tienda 04,224,3110,0,6190,9
25/04/2024,Tienda 04,239,3110,0,5951,8
26/04/2024,Tienda 04,256,3110,0,5695,8
27/04/2024,Tienda 04,349,2643,1,5346,6
28/04/2024,Tienda 04,298,3110,0,5048,8
29/04/2024,Tienda 04,247,3110,0,4801,10
30/04/2024,Tienda 04,244,3110,0,4557,11
01/05/2024,Tienda 04,227,3110,0,4330,10
02/05/2024,Tienda 04,305,2643,1,4025,9
03/05/2024,Tienda 04,342,2643,1,3683,5
04/05/2024,Tienda 04,346,2643,1,3337,8
05/05/2024,Tienda 04,289,3110,0,3048,5
06/05/2024,Tienda 04,226,3110,0,2822,9
07/05/2024,Tienda 04,197,3110,0,2625,8
08/05/2024,Tienda 04,212,3110,0,2413,11
09/05/2024,Tienda 04,337,2643,1,2076,11
10/05/2024,Tienda 04,280,3110,0,7646,11
11/05/2024,Tienda 04,276,3110,0,7370,7
12/05/2024,Tienda 04,276,3110,0,7094,9
13/05/2024,Tienda 04,245,3110,0,6849,6
14/05/2024,Tienda 04,217,3110,0,6632,5
15/05/2024,Tienda 04,235,3110,0,6397,9
16/05/2024,Tienda 04,226,3110,0,6171,7
17/05/2024,Tienda 04,263,3110,0,5908,6
18/05/2024,Tienda 04,350,2643,1,5558,5
19/05/2024,Tienda 04,259,3110,0,5299,8
20/05/2024,Tienda 04,221,3110,0,5078,6
21/05/2024,Tienda 04,210,3110,0,4868,5
22/05/2024,Tienda 04,206,3110,0,4662,9
23/05/2024,Tienda 04,285,2643,1,4377,9
24/05/2024,Tienda 04,311,3110,0,4066,6
25/05/2024,Tienda 04,311,2643,1,3755,6
26/05/2024,Tienda 04,284,3110,0,3471,5
27/05/2024,Tienda 04,242,3110,0,3229,5
28/05/2024,Tienda 04,218,3110,0,3011,7
29/05/2024,Tienda 04,235,3110,0,2776,8
30/05/2024,Tienda 04,217,3110,0,2559,5
31/05/2024,Tienda 04,263,3110,0,2296,10
01/06/2024,Tienda 04,262,3110,0,2034,7
02/06/2024,Tienda 04,271,3110,0,7613,6
03/06/2024,Tienda 04,206,3110,0,7407,9
04/06/2024,Tienda 04,215,3110,0,7192,6
05/06/2024,Tienda 04,192,3110,0,7000,8
06/06/2024,Tienda 04,201,3110,0,6799,11
07/06/2024,Tienda 04,238,3110,0,6561,9
08/06/2024,Tienda 04,252,3110,0,6309,5
09/06/2024,Tienda 04,243,3110,0,6066,9
10/06/2024,Tienda 04,191,3110,0,5875,11
11/06/2024,Tienda 04,187,3110,0,5688,10
12/06/2024,Tienda 04,186,3110,0,5502,6
13/06/2024,Tienda 04,200,3110,0,5302,11
14/06/2024,Tienda 04,278,3110,0,5024,10
15/06/2024,Tienda 04,242,3110,0,4782,7
16/06/2024,Tienda 04,261,3110,0,4521,9
17/06/2024,Tienda 04,193,3110,0,4328,9
18/06/2024,Tienda 04,202,3110,0,4126,11
19/06/2024,Tienda 04,236,3110,0,3890,5
20/06/2024,Tienda 04,204,3110,0,3686,6
21/06/2024,Tienda 04,226,3110,0,3460,6
22/06/2024,Tienda 04,232,3110,0,3228,8
23/06/2024,Tienda 04,222,3110,0,3006,9
24/06/2024,Tienda 04,188,3110,0,2818,9
25/06/2024,Tienda 04,215,3110,0,2603,11
26/06/2024,Tienda 04,197,3110,0,2406,7
27/06/2024,Tienda 04,237,2643,1,2169,10
28/06/2024,Tienda 04,241,3110,0,7778,10
29/06/2024,Tienda 04,219,3110,0,7559,11
30/06/2024,Tienda 04,238,3110,0,7321,5
01/07/2024,Tienda 04,272,2643,1,7049,7
02/07/2024,Tienda 04,204,3110,0,6845,5
03/07/2024,Tienda 04,187,3110,0,6658,7
04/07/2024,Tienda 04,198,3110,0,6460,9
05/07/2024,Tienda 04,320,2643,1,6140,5
06/07/2024,Tienda 04,253,3110,0,5887,5
07/07/2024,Tienda 04,212,3110,0,5675,6
08/07/2024,Tienda 04,199,3110,0,5476,11
09/07/2024,Tienda 04,206,3110,0,5270,8
10/07/2024,Tienda 04,183,3110,0,5087,7
11/07/2024,Tienda 04,282,2643,1,4805,6
12/07/2024,Tienda 04,215,3110,0,4590,8
13/07/2024,Tienda 04,220,3110,0,4370,7
14/07/2024,Tienda 04,225,3110,0,4145,8
15/07/2024,Tienda 04,189,3110,0,3956,9
16/07/2024,Tienda 04,194,3110,0,3762,9
17/07/2024,Tienda 04,183,3110,0,3579,5
18/07/2024,Tienda 04,246,2643,1,3333,5
19/07/2024,Tienda 04,229,3110,0,3104,5
20/07/2024,Tienda 04,180,3110,0,2924,7
21/07/2024,Tienda 04,239,3110,0,2685,9
22/07/2024,Tienda 04,192,3110,0,2493,10
23/07/2024,Tienda 04,176,3110,0,2317,11
24/07/2024,Tienda 04,181,3110,0,2136,5
25/07/2024,Tienda 04,170,3110,0,1966,5
26/07/2024,Tienda 04,162,3110,0,7654,6
27/07/2024,Tienda 04,206,3110,0,7448,9
28/07/2024,Tienda 04,195,3110,0,7253,10
29/07/2024,Tienda 04,182,3110,0,7071,10
30/07/2024,Tienda 04,186,3110,0,6885,9
31/07/2024,Tienda 04,174,3110,0,6711,5
01/08/2024,Tienda 04,173,3110,0,6538,11
02/08/2024,Tienda 04,168,3110,0,6370,9
03/08/2024,Tienda 04,283,2643,1,6087,8
04/08/2024,Tienda 04,294,2643,1,5793,11
05/08/2024,Tienda 04,155,3110,0,5638,5
06/08/2024,Tienda 04,156,3110,0,5482,8
07/08/2024,Tienda 04,181,3110,0,5301,11
08/08/2024,Tienda 04,152,3110,0,5149,7
09/08/2024,Tienda 04,203,3110,0,4946,6
10/08/2024,Tienda 04,244,2643,1,4702,5
11/08/2024,Tienda 04,202,3110,0,4500,7
12/08/2024,Tienda 04,156,3110,0,4344,6
13/08/2024,Tienda 04,164,3110,0,4180,5
14/08/2024,Tienda 04,161,3110,0,4019,9
15/08/2024,Tienda 04,157,3110,0,3862,9
16/08/2024,Tienda 04,199,3110,0,3663,6
17/08/2024,Tienda 04,259,2643,1,3404,6
18/08/2024,Tienda 04,236,2643,1,3168,9
19/08/2024,Tienda 04,216,2643,1,2952,7
20/08/2024,Tienda 04,152,3110,0,2800,5
21/08/2024,Tienda 04,141,3110,0,2659,6
22/08/2024,Tienda 04,133,3110,0,2526,11
23/08/2024,Tienda 04,186,3110,0,2340,10
24/08/2024,Tienda 04,185,3110,0,2155,7
25/08/2024,Tienda 04,228,2643,1,7777,7
26/08/2024,Tienda 04,201,2643,1,7576,6
27/08/2024,Tienda 04,153,3110,0,7423,10
28/08/2024,Tienda 04,146,3110,0,7277,10
29/08/2024,Tienda 04,153,3110,0,7124,8
30/08/2024,Tienda 04,182,3110,0,6942,5
31/08/2024,Tienda 04,191,3110,0,6751,9
01/09/2024,Tienda 04,204,3110,0,6547,9
02/09/2024,Tienda 04,177,2643,1,6370,7
03/09/2024,Tienda 04,176,3110,0,6194,8
04/09/2024,Tienda 04,181,3110,0,6013,11
05/09/2024,Tienda 04,129,3110,0,5884,6
06/09/2024,Tienda 04,169,3110,0,5715,8
07/09/2024,Tienda 04,184,3110,0,5531,7
08/09/2024,Tienda 04,191,3110,0,5340,9
09/09/2024,Tienda 04,168,3110,0,5172,7
10/09/2024,Tienda 04,205,2643,1,4967,6
11/09/2024,Tienda 04,149,3110,0,4818,9
12/09/2024,Tienda 04,148,3110,0,4670,7
13/09/2024,Tienda 04,158,3110,0,4512,5
14/09/2024,Tienda 04,175,3110,0,4337,7
15/09/2024,Tienda 04,166,3110,0,4171,10
16/09/2024,Tienda 04,200,2643,1,3971,7
17/09/2024,Tienda 04,124,3110,0,3847,9
18/09/2024,Tienda 04,162,3110,0,3685,9
19/09/2024,Tienda 04,172,3110,0,3513,11
20/09/2024,Tienda 04,185,3110,0,3328,7
21/09/2024,Tienda 04,137,3110,0,3191,6
22/09/2024,Tienda 04,186,3110,0,3005,5
23/09/2024,Tienda 04,146,3110,0,2859,11
24/09/2024,Tienda 04,186,2643,1,2673,7
25/09/2024,Tienda 04,151,3110,0,2522,8
26/09/2024,Tienda 04,161,3110,0,2361,7
27/09/2024,Tienda 04,155,3110,0,2206,11
28/09/2024,Tienda 04,173,3110,0,2033,9
29/09/2024,Tienda 04,164,3110,0,7719,9
30/09/2024,Tienda 04,158,3110,0,7561,10
01/10/2024,Tienda 04,188,2643,1,7373,11
02/10/2024,Tienda 04,147,3110,0,7226,11
03/10/2024,Tienda 04,120,3110,0,7106,7
04/10/2024,Tienda 04,141,3110,0,6965,10
05/10/2024,Tienda 04,182,3110,0,6783,11
06/10/2024,Tienda 04,183,3110,0,6600,5
07/10/2024,Tienda 04,153,3110,0,6447,5
08/10/2024,Tienda 04,206,2643,1,6241,8
09/10/2024,Tienda 04,183,2643,1,6058,8
10/10/2024,Tienda 04,156,3110,0,5902,6
11/10/2024,Tienda 04,178,3110,0,5724,11
12/10/2024,Tienda 04,171,3110,0,5553,7
13/10/2024,Tienda 04,148,3110,0,5405,9
14/10/2024,Tienda 04,128,3110,0,5277,7
15/10/2024,Tienda 04,205,2643,1,5072,7
16/10/2024,Tienda 04,147,3110,0,4925,6
17/10/2024,Tienda 04,214,2643,1,4711,8
18/10/2024,Tienda 04,143,3110,0,4568,7
19/10/2024,Tienda 04,148,3110,0,4420,9
20/10/2024,Tienda 04,195,3110,0,4225,5
21/10/2024,Tienda 04,136,3110,0,4089,7
22/10/2024,Tienda 04,131,3110,0,3958,9
23/10/2024,Tienda 04,172,2643,1,3786,5
24/10/2024,Tienda 04,143,3110,0,3643,6
25/10/2024,Tienda 04,206,3110,0,3437,8
26/10/2024,Tienda 04,160,3110,0,3277,9
27/10/2024,Tienda 04,246,2643,1,3031,9
28/10/2024,Tienda 04,139,3110,0,2892,10
29/10/2024,Tienda 04,148,3110,0,2744,5
30/10/2024,Tienda 04,164,3110,0,2580,11
31/10/2024,Tienda 04,180,3110,0,2400,9
01/11/2024,Tienda 04,208,3110,0,2192,8
02/11/2024,Tienda 04,198,3110,0,1994,7
03/11/2024,Tienda 04,179,3110,0,7665,7
04/11/2024,Tienda 04,136,3110,0,7529,7
05/11/2024,Tienda 04,116,3110,0,7413,7
06/11/2024,Tienda 04,174,3110,0,7239,8
07/11/2024,Tienda 04,149,3110,0,7090,9
08/11/2024,Tienda 04,189,3110,0,6901,7
09/11/2024,Tienda 04,196,3110,0,6705,8
10/11/2024,Tienda 04,185,3110,0,6520,7
11/11/2024,Tienda 04,210,2643,1,6310,7
12/11/2024,Tienda 04,209,2643,1,6101,11
13/11/2024,Tienda 04,163,3110,0,5938,8
14/11/2024,Tienda 04,167,3110,0,5771,10
15/11/2024,Tienda 04,161,3110,0,5610,9
16/11/2024,Tienda 04,187,3110,0,5423,6
17/11/2024,Tienda 04,192,3110,0,5231,6
18/11/2024,Tienda 04,163,3110,0,5068,9
19/11/2024,Tienda 04,169,3110,0,4899,9
20/11/2024,Tienda 04,169,3110,0,4730,11
21/11/2024,Tienda 04,159,3110,0,4571,7
22/11/2024,Tienda 04,228,2643,1,4343,8
23/11/2024,Tienda 04,172,3110,0,4171,9
24/11/2024,Tienda 04,205,3110,0,3966,8
25/11/2024,Tienda 04,177,3110,0,3789,8
26/11/2024,Tienda 04,202,2643,1,3587,5
27/11/2024,Tienda 04,148,3110,0,3439,8
28/11/2024,Tienda 04,218,2643,1,3221,6
29/11/2024,Tienda 04,180,3110,0,3041,10
30/11/2024,Tienda 04,196,3110,0,2845,11
01/12/2024,Tienda 04,277,2643,1,2568,9
02/12/2024,Tienda 04,166,3110,0,2402,11
03/12/2024,Tienda 04,163,3110,0,2239,9
04/12/2024,Tienda 04,183,3110,0,2056,8
05/12/2024,Tienda 04,171,3110,0,7735,9
06/12/2024,Tienda 04,196,3110,0,7539,10
07/12/2024,Tienda 04,228,3110,0,7311,7
08/12/2024,Tienda 04,209,3110,0,7102,8
09/12/2024,Tienda 04,173,3110,0,6929,8
10/12/2024,Tienda 04,186,3110,0,6743,10
11/12/2024,Tienda 04,154,3110,0,6589,9
12/12/2024,Tienda 04,238,2643,1,6351,9
13/12/2024,Tienda 04,184,3110,0,6167,7
14/12/2024,Tienda 04,289,2643,1,5878,9
15/12/2024,Tienda 04,185,3110,0,5693,8
16/12/2024,Tienda 04,165,3110,0,5528,11
17/12/2024,Tienda 04,188,3110,0,5340,5
18/12/2024,Tienda 04,198,3110,0,5142,6
19/12/2024,Tienda 04,170,3110,0,4972,7
20/12/2024,Tienda 04,244,3110,0,4728,7
21/12/2024,Tienda 04,225,3110,0,4503,5
22/12/2024,Tienda 04,230,3110,0,4273,8
23/12/2024,Tienda 04,180,3110,0,4093,5
24/12/2024,Tienda 04,178,3110,0,3915,5
25/12/2024,Tienda 04,195,3110,0,3720,6
26/12/2024,Tienda 04,259,2643,1,3461,7
27/12/2024,Tienda 04,225,3110,0,3236,11
28/12/2024,Tienda 04,288,2643,1,2948,11
29/12/2024,Tienda 04,233,3110,0,2715,6
30/12/2024,Tienda 04,193,3110,0,2522,6
31/12/2024,Tienda 04,254,2643,1,2268,7
01/01/2025,Tienda 04,192,3229,0,2076,10
02/01/2025,Tienda 04,186,3229,0,7740,10
03/01/2025,Tienda 04,310,2745,1,7430,5
04/01/2025,Tienda 04,208,3229,0,7222,10
05/01/2025,Tienda 04,334,2745,1,6888,11
06/01/2025,Tienda 04,231,3229,0,6657,7
07/01/2025,Tienda 04,214,3229,0,6443,8
08/01/2025,Tienda 04,196,3229,0,6247,5
09/01/2025,Tienda 04,205,3229,0,6042,8
10/01/2025,Tienda 04,322,2745,1,5720,10
11/01/2025,Tienda 04,245,3229,0,5475,11
12/01/2025,Tienda 04,241,3229,0,5234,11
13/01/2025,Tienda 04,183,3229,0,5051,7
14/01/2025,Tienda 04,194,3229,0,4857,7
15/01/2025,Tienda 04,212,3229,0,4645,5
16/01/2025,Tienda 04,175,3229,0,4470,7
17/01/2025,Tienda 04,240,3229,0,4230,9
18/01/2025,Tienda 04,338,2745,1,3892,9
19/01/2025,Tienda 04,205,3229,0,3687,9
20/01/2025,Tienda 04,221,3229,0,3466,9
21/01/2025,Tienda 04,185,3229,0,3281,5
22/01/2025,Tienda 04,273,2745,1,3008,7
23/01/2025,Tienda 04,212,3229,0,2796,5
24/01/2025,Tienda 04,261,3229,0,2535,11
25/01/2025,Tienda 04,270,3229,0,2265,10
26/01/2025,Tienda 04,272,3229,0,1993,5
27/01/2025,Tienda 04,215,3229,0,7628,8
28/01/2025,Tienda 04,216,3229,0,7412,8
29/01/2025,Tienda 04,268,2745,1,7144,7
30/01/2025,Tienda 04,238,3229,0,6906,5
31/01/2025,Tienda 04,352,2745,1,6554,9
01/02/2025,Tienda 04,273,3229,0,6281,6
02/02/2025,Tienda 04,282,3229,0,5999,10
03/02/2025,Tienda 04,193,3229,0,5806,10
04/02/2025,Tienda 04,280,2745,1,5526,10
05/02/2025,Tienda 04,222,3229,0,5304,11
06/02/2025,Tienda 04,221,3229,0,5083,10
07/02/2025,Tienda 04,279,3229,0,4804,8
08/02/2025,Tienda 04,279,3229,0,4525,7
09/02/2025,Tienda 04,370,2745,1,4155,10
10/02/2025,Tienda 04,239,3229,0,3916,7
11/02/2025,Tienda 04,292,2745,1,3624,10
12/02/2025,Tienda 04,215,3229,0,3409,5
13/02/2025,Tienda 04,231,3229,0,3178,11
14/02/2025,Tienda 04,267,3229,0,2911,7
15/02/2025,Tienda 04,278,3229,0,2633,8
16/02/2025,Tienda 04,291,3229,0,2342,7
17/02/2025,Tienda 04,226,3229,0,2116,5
18/02/2025,Tienda 04,239,3229,0,7727,6
19/02/2025,Tienda 04,241,3229,0,7486,8
20/02/2025,Tienda 04,221,3229,0,7265,10
21/02/2025,Tienda 04,259,3229,0,7006,7
22/02/2025,Tienda 04,277,3229,0,6729,7
23/02/2025,Tienda 04,300,3229,0,6429,8
24/02/2025,Tienda 04,229,3229,0,6200,5
25/02/2025,Tienda 04,251,3229,0,5949,9
26/02/2025,Tienda 04,244,3229,0,5705,11
27/02/2025,Tienda 04,233,3229,0,5472,6
28/02/2025,Tienda 04,295,3229,0,5177,8
01/03/2025,Tienda 04,267,3229,0,4910,11
02/03/2025,Tienda 04,370,2745,1,4540,7
03/03/2025,Tienda 04,246,3229,0,4294,6
04/03/2025,Tienda 04,245,3229,0,4049,9
05/03/2025,Tienda 04,249,3229,0,3800,7
06/03/2025,Tienda 04,241,3229,0,3559,11
07/03/2025,Tienda 04,294,3229,0,3265,6
08/03/2025,Tienda 04,340,2745,1,2925,5
09/03/2025,Tienda 04,244,3229,0,2681,6
10/03/2025,Tienda 04,246,3229,0,2435,9
11/03/2025,Tienda 04,216,3229,0,2219,6
12/03/2025,Tienda 04,243,3229,0,1976,7
13/03/2025,Tienda 04,214,3229,0,7612,7
14/03/2025,Tienda 04,343,2745,1,7269,6
15/03/2025,Tienda 04,265,3229,0,7004,6
16/03/2025,Tienda 04,278,3229,0,6726,11
17/03/2025,Tienda 04,243,3229,0,6483,8
18/03/2025,Tienda 04,290,3229,0,6193,6
19/03/2025,Tienda 04,228,3229,0,5965,6
20/03/2025,Tienda 04,216,3229,0,5749,10
21/03/2025,Tienda 04,343,2745,1,5406,5
22/03/2025,Tienda 04,281,3229,0,5125,7
23/03/2025,Tienda 04,323,3229,0,4802,7
24/03/2025,Tienda 04,232,3229,0,4570,10
25/03/2025,Tienda 04,232,3229,0,4338,6
26/03/2025,Tienda 04,279,3229,0,4059,8
27/03/2025,Tienda 04,228,3229,0,3831,11
28/03/2025,Tienda 04,282,3229,0,3549,9
29/03/2025,Tienda 04,300,3229,0,3249,8
30/03/2025,Tienda 04,278,3229,0,2971,5
31/03/2025,Tienda 04,263,3229,0,2708,5
01/04/2025,Tienda 04,242,3229,0,2466,11
02/04/2025,Tienda 04,299,2745,1,2167,7
03/04/2025,Tienda 04,228,3229,0,7789,10
04/04/2025,Tienda 04,289,3229,0,7500,8
05/04/2025,Tienda 04,300,3229,0,7200,5
06/04/2025,Tienda 04,367,2745,1,6833,7
07/04/2025,Tienda 04,240,3229,0,6593,10
08/04/2025,Tienda 04,246,3229,0,6347,11
09/04/2025,Tienda 04,259,3229,0,6088,6
10/04/2025,Tienda 04,255,3229,0,5833,9
11/04/2025,Tienda 04,307,3229,0,5526,9
12/04/2025,Tienda 04,285,3229,0,5241,9
13/04/2025,Tienda 04,275,3229,0,4966,10
14/04/2025,Tienda 04,215,3229,0,4751,5
15/04/2025,Tienda 04,235,3229,0,4516,6
16/04/2025,Tienda 04,235,3229,0,4281,8
17/04/2025,Tienda 04,237,3229,0,4044,6
18/04/2025,Tienda 04,284,3229,0,3760,7
19/04/2025,Tienda 04,302,3229,0,3458,7
20/04/2025,Tienda 04,367,2745,1,3091,7
21/04/2025,Tienda 04,218,3229,0,2873,10
22/04/2025,Tienda 04,239,3229,0,2634,11
23/04/2025,Tienda 04,222,3229,0,2412,9
24/04/2025,Tienda 04,254,3229,0,2158,11
25/04/2025,Tienda 04,368,2745,1,7640,9
26/04/2025,Tienda 04,325,3229,0,7315,10
27/04/2025,Tienda 04,251,3229,0,7064,7
28/04/2025,Tienda 04,247,3229,0,6817,11
29/04/2025,Tienda 04,237,3229,0,6580,7
30/04/2025,Tienda 04,220,3229,0,6360,11
01/05/2025,Tienda 04,271,2745,1,6089,8
02/05/2025,Tienda 04,351,2745,1,5738,11
03/05/2025,Tienda 04,277,3229,0,5461,6
04/05/2025,Tienda 04,260,3229,0,5201,5
05/05/2025,Tienda 04,241,3229,0,4960,7
06/05/2025,Tienda 04,228,3229,0,4732,10
07/05/2025,Tienda 04,242,3229,0,4490,9
08/05/2025,Tienda 04,335,2745,1,4155,10
09/05/2025,Tienda 04,275,3229,0,3880,6
10/05/2025,Tienda 04,282,3229,0,3598,9
11/05/2025,Tienda 04,249,3229,0,3349,6
12/05/2025,Tienda 04,254,3229,0,3095,6
13/05/2025,Tienda 04,317,2745,1,2778,7
14/05/2025,Tienda 04,218,3229,0,2560,11
15/05/2025,Tienda 04,239,3229,0,2321,11
16/05/2025,Tienda 04,264,3229,0,2057,10
17/05/2025,Tienda 04,270,3229,0,7637,6
18/05/2025,Tienda 04,314,2745,1,7323,6
19/05/2025,Tienda 04,207,3229,0,7116,9
20/05/2025,Tienda 04,216,3229,0,6900,10
21/05/2025,Tienda 04,243,3229,0,6657,11
22/05/2025,Tienda 04,232,3229,0,6425,9
23/05/2025,Tienda 04,279,3229,0,6146,10
24/05/2025,Tienda 04,244,3229,0,5902,10
25/05/2025,Tienda 04,242,3229,0,5660,10
26/05/2025,Tienda 04,287,2745,1,5373,8
27/05/2025,Tienda 04,213,3229,0,5160,10
28/05/2025,Tienda 04,215,3229,0,4945,8
29/05/2025,Tienda 04,239,3229,0,4706,11
30/05/2025,Tienda 04,282,3229,0,4424,8
31/05/2025,Tienda 04,214,3229,0,4210,11
01/06/2025,Tienda 04,254,3229,0,3956,7
02/06/2025,Tienda 04,212,3229,0,3744,8
03/06/2025,Tienda 04,286,2745,1,3458,5
04/06/2025,Tienda 04,278,2745,1,3180,9
05/06/2025,Tienda 04,225,3229,0,2955,11
06/06/2025,Tienda 04,250,3229,0,2705,7
07/06/2025,Tienda 04,263,3229,0,2442,8
08/06/2025,Tienda 04,240,3229,0,2202,11
09/06/2025,Tienda 04,224,3229,0,1978,10
10/06/2025,Tienda 04,203,3229,0,7625,10
11/06/2025,Tienda 04,224,3229,0,7401,9
12/06/2025,Tienda 04,189,3229,0,7212,11
13/06/2025,Tienda 04,320,2745,1,6892,9
14/06/2025,Tienda 04,265,3229,0,6627,11
15/06/2025,Tienda 04,233,3229,0,6394,8
16/06/2025,Tienda 04,218,3229,0,6176,7
17/06/2025,Tienda 04,206,3229,0,5970,6
18/06/2025,Tienda 04,224,3229,0,5746,8
19/06/2025,Tienda 04,187,3229,0,5559,8
20/06/2025,Tienda 04,230,3229,0,5329,8
21/06/2025,Tienda 04,253,3229,0,5076,8
22/06/2025,Tienda 04,253,3229,0,4823,9
23/06/2025,Tienda 04,193,3229,0,4630,6
24/06/2025,Tienda 04,200,3229,0,4430,10
25/06/2025,Tienda 04,214,3229,0,4216,6
26/06/2025,Tienda 04,178,3229,0,4038,9
27/06/2025,Tienda 04,224,3229,0,3814,9
28/06/2025,Tienda 04,261,3229,0,3553,5
29/06/2025,Tienda 04,220,3229,0,3333,5
30/06/2025,Tienda 04,188,3229,0,3145,8
01/07/2025,Tienda 04,251,2745,1,2894,6
02/07/2025,Tienda 04,211,3229,0,2683,10
03/07/2025,Tienda 04,222,2745,1,2461,11
04/07/2025,Tienda 04,230,3229,0,2231,11
05/07/2025,Tienda 04,253,3229,0,1978,6
06/07/2025,Tienda 04,250,3229,0,7578,11
07/07/2025,Tienda 04,197,3229,0,7381,6
08/07/2025,Tienda 04,180,3229,0,7201,9
09/07/2025,Tienda 04,199,3229,0,7002,9
10/07/2025,Tienda 04,202,3229,0,6800,11
11/07/2025,Tienda 04,196,3229,0,6604,10
12/07/2025,Tienda 04,249,3229,0,6355,5
13/07/2025,Tienda 04,208,3229,0,6147,10
14/07/2025,Tienda 04,187,3229,0,5960,11
15/07/2025,Tienda 04,253,2745,1,5707,5
16/07/2025,Tienda 04,172,3229,0,5535,11
17/07/2025,Tienda 04,174,3229,0,5361,11
18/07/2025,Tienda 04,215,3229,0,5146,10
19/07/2025,Tienda 04,189,3229,0,4957,8
20/07/2025,Tienda 04,190,3229,0,4767,10
21/07/2025,Tienda 04,173,3229,0,4594,6
22/07/2025,Tienda 04,194,3229,0,4400,10
23/07/2025,Tienda 04,169,3229,0,4231,5
24/07/2025,Tienda 04,195,3229,0,4036,10
25/07/2025,Tienda 04,182,3229,0,3854,8
26/07/2025,Tienda 04,170,3229,0,3684,11
27/07/2025,Tienda 04,215,3229,0,3469,11
28/07/2025,Tienda 04,190,3229,0,3279,5
29/07/2025,Tienda 04,157,3229,0,3122,11
30/07/2025,Tienda 04,182,3229,0,2940,7
31/07/2025,Tienda 04,188,3229,0,2752,5
01/08/2025,Tienda 04,251,2745,1,2501,10
02/08/2025,Tienda 04,190,3229,0,2311,8
03/08/2025,Tienda 04,185,3229,0,2126,10
04/08/2025,Tienda 04,178,3229,0,7798,9
05/08/2025,Tienda 04,148,3229,0,7650,11
06/08/2025,Tienda 04,170,3229,0,7480,5
07/08/2025,Tienda 04,163,3229,0,7317,5
08/08/2025,Tienda 04,265,2745,1,7052,5
09/08/2025,Tienda 04,182,3229,0,6870,9
10/08/2025,Tienda 04,190,3229,0,6680,6
11/08/2025,Tienda 04,178,3229,0,6502,5
12/08/2025,Tienda 04,179,3229,0,6323,10
13/08/2025,Tienda 04,155,3229,0,6168,8
14/08/2025,Tienda 04,169,3229,0,5999,8
15/08/2025,Tienda 04,201,3229,0,5798,8
16/08/2025,Tienda 04,188,3229,0,5610,9
17/08/2025,Tienda 04,254,2745,1,5356,10
18/08/2025,Tienda 04,164,3229,0,5192,9
19/08/2025,Tienda 04,138,3229,0,5054,5
20/08/2025,Tienda 04,150,3229,0,4904,5
21/08/2025,Tienda 04,162,3229,0,4742,9
22/08/2025,Tienda 04,173,3229,0,4569,7
23/08/2025,Tienda 04,187,3229,0,4382,9
24/08/2025,Tienda 04,206,3229,0,4176,11
25/08/2025,Tienda 04,156,3229,0,4020,7
26/08/2025,Tienda 04,152,3229,0,3868,9
27/08/2025,Tienda 04,150,3229,0,3718,5
28/08/2025,Tienda 04,187,3229,0,3531,7
29/08/2025,Tienda 04,178,3229,0,3353,10
30/08/2025,Tienda 04,177,3229,0,3176,11
31/08/2025,Tienda 04,183,3229,0,2993,9
01/09/2025,Tienda 04,172,3229,0,2821,10
02/09/2025,Tienda 04,160,3229,0,2661,8
03/09/2025,Tienda 04,139,3229,0,2522,7
04/09/2025,Tienda 04,152,3229,0,2370,6
05/09/2025,Tienda 04,160,3229,0,2210,8
06/09/2025,Tienda 04,199,3229,0,2011,8
07/09/2025,Tienda 04,214,2745,1,7647,6
08/09/2025,Tienda 04,141,3229,0,7506,7
09/09/2025,Tienda 04,151,3229,0,7355,5
10/09/2025,Tienda 04,143,3229,0,7212,8
11/09/2025,Tienda 04,116,3229,0,7096,9
12/09/2025,Tienda 04,194,3229,0,6902,6
13/09/2025,Tienda 04,161,3229,0,6741,5
14/09/2025,Tienda 04,217,2745,1,6524,5
15/09/2025,Tienda 04,128,3229,0,6396,11
16/09/2025,Tienda 04,144,3229,0,6252,8
17/09/2025,Tienda 04,164,3229,0,6088,6
18/09/2025,Tienda 04,127,3229,0,5961,7
19/09/2025,Tienda 04,234,2745,1,5727,7
20/09/2025,Tienda 04,168,3229,0,5559,8
21/09/2025,Tienda 04,188,3229,0,5371,9
22/09/2025,Tienda 04,123,3229,0,5248,11
23/09/2025,Tienda 04,162,3229,0,5086,9
24/09/2025,Tienda 04,154,2745,1,4932,5
25/09/2025,Tienda 04,144,3229,0,4788,9
26/09/2025,Tienda 04,183,3229,0,4605,7
27/09/2025,Tienda 04,161,3229,0,4444,10
28/09/2025,Tienda 04,150,3229,0,4294,6
29/09/2025,Tienda 04,166,3229,0,4128,11
30/09/2025,Tienda 04,148,3229,0,3980,8
01/10/2025,Tienda 04,158,3229,0,3822,9
02/10/2025,Tienda 04,211,2745,1,3611,7
03/10/2025,Tienda 04,159,3229,0,3452,11
04/10/2025,Tienda 04,174,3229,0,3278,10
05/10/2025,Tienda 04,180,3229,0,3098,5
06/10/2025,Tienda 04,136,3229,0,2962,6
07/10/2025,Tienda 04,195,2745,1,2767,8
08/10/2025,Tienda 04,156,3229,0,2611,8
09/10/2025,Tienda 04,129,3229,0,2482,8
10/10/2025,Tienda 04,172,3229,0,2310,11
11/10/2025,Tienda 04,189,3229,0,2121,5
12/10/2025,Tienda 04,172,3229,0,7799,8
13/10/2025,Tienda 04,120,3229,0,7679,7
14/10/2025,Tienda 04,155,3229,0,7524,8
15/10/2025,Tienda 04,173,2745,1,7351,10
16/10/2025,Tienda 04,152,3229,0,7199,11
17/10/2025,Tienda 04,173,3229,0,7026,9
18/10/2025,Tienda 04,152,3229,0,6874,11
19/10/2025,Tienda 04,190,3229,0,6684,5
20/10/2025,Tienda 04,210,2745,1,6474,10
21/10/2025,Tienda 04,126,3229,0,6348,5
22/10/2025,Tienda 04,150,3229,0,6198,8
23/10/2025,Tienda 04,179,2745,1,6019,5
24/10/2025,Tienda 04,199,3229,0,5820,6
25/10/2025,Tienda 04,197,3229,0,5623,7
26/10/2025,Tienda 04,182,3229,0,5441,7
27/10/2025,Tienda 04,201,2745,1,5240,8
28/10/2025,Tienda 04,125,3229,0,5115,7
29/10/2025,Tienda 04,165,3229,0,4950,10
30/10/2025,Tienda 04,211,2745,1,4739,9
31/10/2025,Tienda 04,189,3229,0,4550,7
01/11/2025,Tienda 04,185,3229,0,4365,9
02/11/2025,Tienda 04,161,3229,0,4204,10
03/11/2025,Tienda 04,145,3229,0,4059,7
04/11/2025,Tienda 04,189,2745,1,3870,10
05/11/2025,Tienda 04,172,3229,0,3698,9
06/11/2025,Tienda 04,148,3229,0,3550,7
07/11/2025,Tienda 04,180,3229,0,3370,8
08/11/2025,Tienda 04,186,3229,0,3184,9
09/11/2025,Tienda 04,184,3229,0,3000,10
10/11/2025,Tienda 04,188,3229,0,2812,11
11/11/2025,Tienda 04,150,3229,0,2662,7
12/11/2025,Tienda 04,136,3229,0,2526,8
13/11/2025,Tienda 04,150,3229,0,2376,8
14/11/2025,Tienda 04,179,3229,0,2197,8
15/11/2025,Tienda 04,189,3229,0,2008,8
16/11/2025,Tienda 04,198,3229,0,7660,8
17/11/2025,Tienda 04,190,3229,0,7470,10
18/11/2025,Tienda 04,147,3229,0,7323,6
19/11/2025,Tienda 04,180,3229,0,7143,8
20/11/2025,Tienda 04,130,3229,0,7013,7
21/11/2025,Tienda 04,193,3229,0,6820,9
22/11/2025,Tienda 04,186,3229,0,6634,10
23/11/2025,Tienda 04,204,3229,0,6430,9
24/11/2025,Tienda 04,174,3229,0,6256,11
25/11/2025,Tienda 04,173,3229,0,6083,7
26/11/2025,Tienda 04,185,3229,0,5898,8
27/11/2025,Tienda 04,155,3229,0,5743,8
28/11/2025,Tienda 04,202,3229,0,5541,10
29/11/2025,Tienda 04,182,3229,0,5359,5
30/11/2025,Tienda 04,212,2745,1,5147,7
01/12/2025,Tienda 04,199,3229,0,4948,11
02/12/2025,Tienda 04,174,3229,0,4774,7
03/12/2025,Tienda 04,154,3229,0,4620,10
04/12/2025,Tienda 04,170,3229,0,4450,6
05/12/2025,Tienda 04,200,3229,0,4250,11
06/12/2025,Tienda 04,189,3229,0,4061,10
07/12/2025,Tienda 04,279,2745,1,3782,10
08/12/2025,Tienda 04,147,3229,0,3635,5
09/12/2025,Tienda 04,203,3229,0,3432,11
10/12/2025,Tienda 04,188,3229,0,3244,9
11/12/2025,Tienda 04,180,3229,0,3064,11
12/12/2025,Tienda 04,213,3229,0,2851,10
13/12/2025,Tienda 04,221,3229,0,2630,9
14/12/2025,Tienda 04,219,3229,0,2411,8
15/12/2025,Tienda 04,187,3229,0,2224,6
16/12/2025,Tienda 04,193,3229,0,2031,5
17/12/2025,Tienda 04,186,3229,0,7695,11
18/12/2025,Tienda 04,177,3229,0,7518,5
19/12/2025,Tienda 04,215,3229,0,7303,11
20/12/2025,Tienda 04,227,3229,0,7076,7
21/12/2025,Tienda 04,236,3229,0,6840,10
22/12/2025,Tienda 04,181,3229,0,6659,11
23/12/2025,Tienda 04,190,3229,0,6469,9
24/12/2025,Tienda 04,162,3229,0,6307,9
25/12/2025,Tienda 04,219,3229,0,6088,6
26/12/2025,Tienda 04,219,3229,0,5869,7
27/12/2025,Tienda 04,244,3229,0,5625,7
28/12/2025,Tienda 04,218,3229,0,5407,8
29/12/2025,Tienda 04,186,3229,0,5221,5
30/12/2025,Tienda 04,190,3229,0,5031,7
31/12/2025,Tienda 04,197,3229,0,4834,6
01/01/2023,Tienda 05,251,2990,0,3749,9
02/01/2023,Tienda 05,259,2990,0,3490,7
03/01/2023,Tienda 05,207,2990,0,3283,9
04/01/2023,Tienda 05,217,2990,0,3066,11
05/01/2023,Tienda 05,260,2990,0,2806,9
06/01/2023,Tienda 05,275,2990,0,2531,10
07/01/2023,Tienda 05,286,2990,0,2245,5
08/01/2023,Tienda 05,258,2990,0,8587,7
09/01/2023,Tienda 05,209,2990,0,8378,8
10/01/2023,Tienda 05,187,2990,0,8191,9
11/01/2023,Tienda 05,221,2990,0,7970,11
12/01/2023,Tienda 05,288,2542,1,7682,10
13/01/2023,Tienda 05,270,2990,0,7412,10
14/01/2023,Tienda 05,345,2542,1,7067,11
15/01/2023,Tienda 05,250,2990,0,6817,6
16/01/2023,Tienda 05,258,2990,0,6559,6
17/01/2023,Tienda 05,278,2990,0,6281,5
18/01/2023,Tienda 05,214,2990,0,6067,7
19/01/2023,Tienda 05,240,2990,0,5827,5
20/01/2023,Tienda 05,261,2990,0,5566,8
21/01/2023,Tienda 05,286,2990,0,5280,9
22/01/2023,Tienda 05,305,2990,0,4975,11
23/01/2023,Tienda 05,294,2542,1,4681,8
24/01/2023,Tienda 05,254,2990,0,4427,7
25/01/2023,Tienda 05,307,2542,1,4120,11
26/01/2023,Tienda 05,259,2990,0,3861,6
27/01/2023,Tienda 05,282,2990,0,3579,6
28/01/2023,Tienda 05,297,2990,0,3282,11
29/01/2023,Tienda 05,282,2990,0,3000,10
30/01/2023,Tienda 05,231,2990,0,2769,7
31/01/2023,Tienda 05,318,2542,1,2451,7
01/02/2023,Tienda 05,237,2990,0,2214,9
02/02/2023,Tienda 05,318,2542,1,8496,9
03/02/2023,Tienda 05,334,2990,0,8162,5
04/02/2023,Tienda 05,316,2990,0,7846,5
05/02/2023,Tienda 05,298,2990,0,7548,5
06/02/2023,Tienda 05,249,2990,0,7299,10
07/02/2023,Tienda 05,253,2990,0,7046,6
08/02/2023,Tienda 05,240,2990,0,6806,10
09/02/2023,Tienda 05,329,2542,1,6477,9
10/02/2023,Tienda 05,295,2990,0,6182,9
11/02/2023,Tienda 05,313,2990,0,5869,5
12/02/2023,Tienda 05,282,2990,0,5587,7
13/02/2023,Tienda 05,242,2990,0,5345,8
14/02/2023,Tienda 05,271,2990,0,5074,6
15/02/2023,Tienda 05,320,2542,1,4754,6
16/02/2023,Tienda 05,271,2990,0,4483,7
17/02/2023,Tienda 05,308,2990,0,4175,7
18/02/2023,Tienda 05,332,2990,0,3843,5
19/02/2023,Tienda 05,388,2542,1,3455,7
20/02/2023,Tienda 05,264,2990,0,3191,6
21/02/2023,Tienda 05,333,2542,1,2858,9
22/02/2023,Tienda 05,298,2990,0,2560,11
23/02/2023,Tienda 05,260,2990,0,2300,10
24/02/2023,Tienda 05,287,2990,0,8613,7
25/02/2023,Tienda 05,312,2990,0,8301,6
26/02/2023,Tienda 05,315,2990,0,7986,6
27/02/2023,Tienda 05,287,2990,0,7699,9
28/02/2023,Tienda 05,335,2542,1,7364,11
01/03/2023,Tienda 05,268,2990,0,7096,5
02/03/2023,Tienda 05,269,2990,0,6827,8
03/03/2023,Tienda 05,292,2990,0,6535,7
04/03/2023,Tienda 05,345,2990,0,6190,7
05/03/2023,Tienda 05,300,2990,0,5890,6
06/03/2023,Tienda 05,304,2990,0,5586,6
07/03/2023,Tienda 05,288,2990,0,5298,5
08/03/2023,Tienda 05,299,2990,0,4999,6
09/03/2023,Tienda 05,272,2990,0,4727,9
10/03/2023,Tienda 05,320,2990,0,4407,5
11/03/2023,Tienda 05,416,2542,1,3991,10
12/03/2023,Tienda 05,304,2990,0,3687,6
13/03/2023,Tienda 05,305,2990,0,3382,8
14/03/2023,Tienda 05,277,2990,0,3105,9
15/03/2023,Tienda 05,304,2990,0,2801,8
16/03/2023,Tienda 05,281,2990,0,2520,10
17/03/2023,Tienda 05,351,2990,0,8769,5
18/03/2023,Tienda 05,318,2990,0,8451,10
19/03/2023,Tienda 05,312,2990,0,8139,8
20/03/2023,Tienda 05,286,2990,0,7853,7
21/03/2023,Tienda 05,266,2990,0,7587,5
22/03/2023,Tienda 05,342,2542,1,7245,7
23/03/2023,Tienda 05,292,2990,0,6953,7
24/03/2023,Tienda 05,314,2990,0,6639,11
25/03/2023,Tienda 05,325,2990,0,6314,7
26/03/2023,Tienda 05,344,2990,0,5970,10
27/03/2023,Tienda 05,275,2990,0,5695,5
28/03/2023,Tienda 05,391,2542,1,5304,10
29/03/2023,Tienda 05,300,2990,0,5004,6
30/03/2023,Tienda 05,300,2990,0,4704,7
31/03/2023,Tienda 05,335,2990,0,4369,10
01/04/2023,Tienda 05,371,2990,0,3998,8
02/04/2023,Tienda 05,325,2990,0,3673,10
03/04/2023,Tienda 05,273,2990,0,3400,6
04/04/2023,Tienda 05,280,2990,0,3120,8
05/04/2023,Tienda 05,279,2990,0,2841,6
06/04/2023,Tienda 05,275,2990,0,2566,9
07/04/2023,Tienda 05,441,2542,1,8725,11
08/04/2023,Tienda 05,314,2990,0,8411,7
09/04/2023,Tienda 05,344,2990,0,8067,11
10/04/2023,Tienda 05,277,2990,0,7790,6
11/04/2023,Tienda 05,249,2990,0,7541,9
12/04/2023,Tienda 05,273,2990,0,7268,7
13/04/2023,Tienda 05,279,2990,0,6989,6
14/04/2023,Tienda 05,314,2990,0,6675,7
15/04/2023,Tienda 05,360,2990,0,6315,11
16/04/2023,Tienda 05,316,2990,0,5999,9
17/04/2023,Tienda 05,300,2990,0,5699,8
18/04/2023,Tienda 05,315,2990,0,5384,5
19/04/2023,Tienda 05,278,2990,0,5106,8
20/04/2023,Tienda 05,285,2990,0,4821,9
21/04/2023,Tienda 05,299,2990,0,4522,10
22/04/2023,Tienda 05,309,2990,0,4213,8
23/04/2023,Tienda 05,341,2990,0,3872,5
24/04/2023,Tienda 05,264,2990,0,3608,5
25/04/2023,Tienda 05,243,2990,0,3365,10
26/04/2023,Tienda 05,274,2990,0,3091,6
27/04/2023,Tienda 05,302,2990,0,2789,11
28/04/2023,Tienda 05,315,2990,0,2474,10
29/04/2023,Tienda 05,318,2990,0,8756,9
30/04/2023,Tienda 05,328,2990,0,8428,11
01/05/2023,Tienda 05,282,2990,0,8146,6
02/05/2023,Tienda 05,267,2990,0,7879,6
03/05/2023,Tienda 05,252,2990,0,7627,10
04/05/2023,Tienda 05,276,2990,0,7351,5
05/05/2023,Tienda 05,305,2990,0,7046,7
06/05/2023,Tienda 05,321,2990,0,6725,9
07/05/2023,Tienda 05,300,2990,0,6425,10
08/05/2023,Tienda 05,249,2990,0,6176,6
09/05/2023,Tienda 05,272,2990,0,5904,10
10/05/2023,Tienda 05,236,2990,0,5668,7
11/05/2023,Tienda 05,239,2990,0,5429,8
12/05/2023,Tienda 05,285,2990,0,5144,9
13/05/2023,Tienda 05,346,2990,0,4798,11
14/05/2023,Tienda 05,305,2990,0,4493,10
15/05/2023,Tienda 05,290,2990,0,4203,11
16/05/2023,Tienda 05,235,2990,0,3968,7
17/05/2023,Tienda 05,234,2990,0,3734,5
18/05/2023,Tienda 05,354,2542,1,3380,6
19/05/2023,Tienda 05,311,2990,0,3069,6
20/05/2023,Tienda 05,305,2990,0,2764,10
21/05/2023,Tienda 05,295,2990,0,2469,11
22/05/2023,Tienda 05,330,2542,1,8739,10
23/05/2023,Tienda 05,238,2990,0,8501,7
24/05/2023,Tienda 05,250,2990,0,8251,9
25/05/2023,Tienda 05,334,2542,1,7917,9
26/05/2023,Tienda 05,406,2542,1,7511,5
27/05/2023,Tienda 05,303,2990,0,7208,9
28/05/2023,Tienda 05,283,2990,0,6925,8
29/05/2023,Tienda 05,261,2990,0,6664,7
30/05/2023,Tienda 05,244,2990,0,6420,7
31/05/2023,Tienda 05,329,2542,1,6091,8
01/06/2023,Tienda 05,246,2990,0,5845,5
02/06/2023,Tienda 05,281,2990,0,5564,7
03/06/2023,Tienda 05,237,2990,0,5327,10
04/06/2023,Tienda 05,356,2542,1,4971,10
05/06/2023,Tienda 05,308,2542,1,4663,6
06/06/2023,Tienda 05,306,2542,1,4357,9
07/06/2023,Tienda 05,235,2990,0,4122,7
08/06/2023,Tienda 05,261,2990,0,3861,11
09/06/2023,Tienda 05,264,2990,0,3597,8
10/06/2023,Tienda 05,288,2990,0,3309,9
11/06/2023,Tienda 05,380,2542,1,2929,7
12/06/2023,Tienda 05,315,2542,1,2614,10
13/06/2023,Tienda 05,232,2990,0,2382,6
14/06/2023,Tienda 05,209,2990,0,8773,8
15/06/2023,Tienda 05,219,2990,0,8554,9
16/06/2023,Tienda 05,271,2990,0,8283,5
17/06/2023,Tienda 05,241,2990,0,8042,11
18/06/2023,Tienda 05,280,2990,0,7762,9
19/06/2023,Tienda 05,309,2542,1,7453,5
20/06/2023,Tienda 05,216,2990,0,7237,11
21/06/2023,Tienda 05,225,2990,0,7012,5
22/06/2023,Tienda 05,224,2990,0,6788,9
23/06/2023,Tienda 05,237,2990,0,6551,8
24/06/2023,Tienda 05,263,2990,0,6288,7
25/06/2023,Tienda 05,342,2542,1,5946,8
26/06/2023,Tienda 05,187,2990,0,5759,11
27/06/2023,Tienda 05,225,2990,0,5534,9
28/06/2023,Tienda 05,216,2990,0,5318,9
29/06/2023,Tienda 05,242,2990,0,5076,8
30/06/2023,Tienda 05,268,2990,0,4808,11
01/07/2023,Tienda 05,334,2542,1,4474,11
02/07/2023,Tienda 05,250,2990,0,4224,6
03/07/2023,Tienda 05,239,2990,0,3985,10
04/07/2023,Tienda 05,225,2990,0,3760,6
05/07/2023,Tienda 05,188,2990,0,3572,5
06/07/2023,Tienda 05,230,2990,0,3342,9
07/07/2023,Tienda 05,242,2990,0,3100,10
08/07/2023,Tienda 05,326,2542,1,2774,9
09/07/2023,Tienda 05,265,2990,0,2509,10
10/07/2023,Tienda 05,235,2990,0,2274,7
11/07/2023,Tienda 05,209,2990,0,8665,6
12/07/2023,Tienda 05,207,2990,0,8458,11
13/07/2023,Tienda 05,219,2990,0,8239,5
14/07/2023,Tienda 05,217,2990,0,8022,6
15/07/2023,Tienda 05,224,2990,0,7798,10
16/07/2023,Tienda 05,267,2990,0,7531,8
17/07/2023,Tienda 05,192,2990,0,7339,6
18/07/2023,Tienda 05,225,2990,0,7114,6
19/07/2023,Tienda 05,211,2990,0,6903,8
20/07/2023,Tienda 05,181,2990,0,6722,6
21/07/2023,Tienda 05,228,2990,0,6494,11
22/07/2023,Tienda 05,254,2990,0,6240,5
23/07/2023,Tienda 05,225,2990,0,6015,9
24/07/2023,Tienda 05,176,2990,0,5839,11
25/07/2023,Tienda 05,171,2990,0,5668,7
26/07/2023,Tienda 05,239,2990,0,5429,11
27/07/2023,Tienda 05,200,2990,0,5229,5
28/07/2023,Tienda 05,235,2990,0,4994,10
29/07/2023,Tienda 05,221,2990,0,4773,9
30/07/2023,Tienda 05,217,2990,0,4556,10
31/07/2023,Tienda 05,267,2542,1,4289,9
01/08/2023,Tienda 05,189,2990,0,4100,11
02/08/2023,Tienda 05,213,2990,0,3887,11
03/08/2023,Tienda 05,196,2990,0,3691,10
04/08/2023,Tienda 05,267,2542,1,3424,5
05/08/2023,Tienda 05,230,2990,0,3194,10
06/08/2023,Tienda 05,216,2990,0,2978,10
07/08/2023,Tienda 05,184,2990,0,2794,11
08/08/2023,Tienda 05,170,2990,0,2624,7
09/08/2023,Tienda 05,166,2990,0,2458,11
10/08/2023,Tienda 05,176,2990,0,2282,9
11/08/2023,Tienda 05,183,2990,0,8699,6
12/08/2023,Tienda 05,198,2990,0,8501,7
13/08/2023,Tienda 05,190,2990,0,8311,10
14/08/2023,Tienda 05,181,2990,0,8130,5
15/08/2023,Tienda 05,161,2990,0,7969,6
16/08/2023,Tienda 05,158,2990,0,7811,11
17/08/2023,Tienda 05,228,2542,1,7583,6
18/08/2023,Tienda 05,228,2990,0,7355,9
19/08/2023,Tienda 05,238,2990,0,7117,7
20/08/2023,Tienda 05,229,2990,0,6888,7
21/08/2023,Tienda 05,154,2990,0,6734,6
22/08/2023,Tienda 05,163,2990,0,6571,8
23/08/2023,Tienda 05,169,2990,0,6402,9
24/08/2023,Tienda 05,166,2990,0,6236,6
25/08/2023,Tienda 05,211,2990,0,6025,11
26/08/2023,Tienda 05,198,2990,0,5827,7
27/08/2023,Tienda 05,209,2990,0,5618,7
28/08/2023,Tienda 05,172,2990,0,5446,8
29/08/2023,Tienda 05,182,2990,0,5264,8
30/08/2023,Tienda 05,154,2990,0,5110,5
31/08/2023,Tienda 05,174,2990,0,4936,10
01/09/2023,Tienda 05,193,2990,0,4743,7
02/09/2023,Tienda 05,182,2990,0,4561,5
03/09/2023,Tienda 05,187,2990,0,4374,10
04/09/2023,Tienda 05,199,2990,0,4175,7
05/09/2023,Tienda 05,197,2990,0,3978,9
06/09/2023,Tienda 05,175,2990,0,3803,6
07/09/2023,Tienda 05,182,2990,0,3621,7
08/09/2023,Tienda 05,212,2990,0,3409,7
09/09/2023,Tienda 05,192,2990,0,3217,10
10/09/2023,Tienda 05,198,2990,0,3019,5
11/09/2023,Tienda 05,166,2990,0,2853,5
12/09/2023,Tienda 05,232,2542,1,2621,10
13/09/2023,Tienda 05,150,2990,0,2471,9
14/09/2023,Tienda 05,195,2542,1,2276,10
15/09/2023,Tienda 05,184,2990,0,8692,10
16/09/2023,Tienda 05,187,2990,0,8505,8
17/09/2023,Tienda 05,241,2542,1,8264,11
18/09/2023,Tienda 05,188,2990,0,8076,7
19/09/2023,Tienda 05,241,2542,1,7835,5
20/09/2023,Tienda 05,150,2990,0,7685,5
21/09/2023,Tienda 05,166,2990,0,7519,6
22/09/2023,Tienda 05,164,2990,0,7355,6
23/09/2023,Tienda 05,176,2990,0,7179,10
24/09/2023,Tienda 05,159,2990,0,7020,6
25/09/2023,Tienda 05,157,2990,0,6863,9
26/09/2023,Tienda 05,160,2990,0,6703,10
27/09/2023,Tienda 05,161,2990,0,6542,7
28/09/2023,Tienda 05,170,2990,0,6372,9
29/09/2023,Tienda 05,211,2990,0,6161,10
30/09/2023,Tienda 05,201,2990,0,5960,7
01/10/2023,Tienda 05,170,2990,0,5790,9
02/10/2023,Tienda 05,171,2990,0,5619,6
03/10/2023,Tienda 05,180,2990,0,5439,9
04/10/2023,Tienda 05,218,2542,1,5221,6
05/10/2023,Tienda 05,233,2542,1,4988,11
06/10/2023,Tienda 05,193,2990,0,4795,9
07/10/2023,Tienda 05,196,2990,0,4599,6
08/10/2023,Tienda 05,193,2990,0,4406,8
09/10/2023,Tienda 05,215,2542,1,4191,6
10/10/2023,Tienda 05,180,2990,0,4011,5
11/10/2023,Tienda 05,221,2542,1,3790,11
12/10/2023,Tienda 05,157,2990,0,3633,7
13/10/2023,Tienda 05,256,2542,1,3377,9
14/10/2023,Tienda 05,207,2990,0,3170,6
15/10/2023,Tienda 05,196,2990,0,2974,6
16/10/2023,Tienda 05,181,2990,0,2793,5
17/10/2023,Tienda 05,186,2990,0,2607,9
18/10/2023,Tienda 05,174,2990,0,2433,8
19/10/2023,Tienda 05,174,2990,0,2259,7
20/10/2023,Tienda 05,222,2990,0,8637,8
21/10/2023,Tienda 05,232,2990,0,8405,9
22/10/2023,Tienda 05,180,2990,0,8225,10
23/10/2023,Tienda 05,201,2990,0,8024,10
24/10/2023,Tienda 05,193,2990,0,7831,5
25/10/2023,Tienda 05,176,2990,0,7655,8
26/10/2023,Tienda 05,183,2990,0,7472,11
27/10/2023,Tienda 05,227,2990,0,7245,8
28/10/2023,Tienda 05,196,2990,0,7049,5
29/10/2023,Tienda 05,179,2990,0,6870,9
30/10/2023,Tienda 05,164,2990,0,6706,5
31/10/2023,Tienda 05,195,2990,0,6511,5
01/11/2023,Tienda 05,169,2990,0,6342,9
02/11/2023,Tienda 05,183,2990,0,6159,11
03/11/2023,Tienda 05,207,2990,0,5952,9
04/11/2023,Tienda 05,205,2990,0,5747,11
05/11/2023,Tienda 05,189,2990,0,5558,8
06/11/2023,Tienda 05,179,2990,0,5379,8
07/11/2023,Tienda 05,169,2990,0,5210,10
08/11/2023,Tienda 05,160,2990,0,5050,5
09/11/2023,Tienda 05,148,2990,0,4902,8
10/11/2023,Tienda 05,221,2990,0,4681,7
11/11/2023,Tienda 05,196,2990,0,4485,8
12/11/2023,Tienda 05,224,2990,0,4261,11
13/11/2023,Tienda 05,201,2990,0,4060,10
14/11/2023,Tienda 05,165,2990,0,3895,9
15/11/2023,Tienda 05,161,2990,0,3734,11
16/11/2023,Tienda 05,199,2990,0,3535,5
17/11/2023,Tienda 05,281,2542,1,3254,8
18/11/2023,Tienda 05,204,2990,0,3050,7
19/11/2023,Tienda 05,257,2542,1,2793,8
20/11/2023,Tienda 05,194,2990,0,2599,9
21/11/2023,Tienda 05,162,2990,0,2437,11
22/11/2023,Tienda 05,169,2990,0,2268,7
23/11/2023,Tienda 05,188,2990,0,8680,6
24/11/2023,Tienda 05,213,2990,0,8467,8
25/11/2023,Tienda 05,194,2990,0,8273,9
26/11/2023,Tienda 05,200,2990,0,8073,6
27/11/2023,Tienda 05,265,2542,1,7808,7
28/11/2023,Tienda 05,186,2990,0,7622,8
29/11/2023,Tienda 05,158,2990,0,7464,11
30/11/2023,Tienda 05,167,2990,0,7297,10
01/12/2023,Tienda 05,248,2990,0,7049,7
02/12/2023,Tienda 05,196,2990,0,6853,11
03/12/2023,Tienda 05,232,2990,0,6621,9
04/12/2023,Tienda 05,181,2990,0,6440,9
05/12/2023,Tienda 05,178,2990,0,6262,11
06/12/2023,Tienda 05,176,2990,0,6086,10
07/12/2023,Tienda 05,192,2990,0,5894,8
08/12/2023,Tienda 05,227,2990,0,5667,10
09/12/2023,Tienda 05,222,2990,0,5445,9
10/12/2023,Tienda 05,240,2990,0,5205,5
11/12/2023,Tienda 05,200,2990,0,5005,11
12/12/2023,Tienda 05,184,2990,0,4821,11
13/12/2023,Tienda 05,196,2990,0,4625,7
14/12/2023,Tienda 05,197,2990,0,4428,6
15/12/2023,Tienda 05,237,2990,0,4191,10
16/12/2023,Tienda 05,239,2990,0,3952,8
17/12/2023,Tienda 05,276,2990,0,3676,7
18/12/2023,Tienda 05,203,2990,0,3473,5
19/12/2023,Tienda 05,208,2990,0,3265,5
20/12/2023,Tienda 05,195,2990,0,3070,5
21/12/2023,Tienda 05,214,2990,0,2856,5
22/12/2023,Tienda 05,251,2990,0,2605,10
23/12/2023,Tienda 05,316,2542,1,2289,11
24/12/2023,Tienda 05,285,2990,0,8604,7
25/12/2023,Tienda 05,240,2990,0,8364,9
26/12/2023,Tienda 05,248,2990,0,8116,11
27/12/2023,Tienda 05,202,2990,0,7914,11
28/12/2023,Tienda 05,221,2990,0,7693,8
29/12/2023,Tienda 05,247,2990,0,7446,9
30/12/2023,Tienda 05,271,2990,0,7175,8
31/12/2023,Tienda 05,232,2990,0,6943,8
01/01/2024,Tienda 05,231,3110,0,6712,6
02/01/2024,Tienda 05,220,3110,0,6492,8
03/01/2024,Tienda 05,224,3110,0,6268,10
04/01/2024,Tienda 05,214,3110,0,6054,11
05/01/2024,Tienda 05,231,3110,0,5823,7
06/01/2024,Tienda 05,245,3110,0,5578,11
07/01/2024,Tienda 05,250,3110,0,5328,5
08/01/2024,Tienda 05,182,3110,0,5146,7
09/01/2024,Tienda 05,205,3110,0,4941,11
10/01/2024,Tienda 05,219,3110,0,4722,10
11/01/2024,Tienda 05,298,2643,1,4424,11
12/01/2024,Tienda 05,398,2643,1,4026,5
13/01/2024,Tienda 05,304,3110,0,3722,11
14/01/2024,Tienda 05,303,3110,0,3419,9
15/01/2024,Tienda 05,310,2643,1,3109,7
16/01/2024,Tienda 05,240,3110,0,2869,6
17/01/2024,Tienda 05,239,3110,0,2630,8
18/01/2024,Tienda 05,237,3110,0,2393,7
19/01/2024,Tienda 05,265,3110,0,8728,10
20/01/2024,Tienda 05,280,3110,0,8448,7
21/01/2024,Tienda 05,279,3110,0,8169,8
22/01/2024,Tienda 05,330,2643,1,7839,8
23/01/2024,Tienda 05,296,2643,1,7543,11
24/01/2024,Tienda 05,217,3110,0,7326,10
25/01/2024,Tienda 05,229,3110,0,7097,7
26/01/2024,Tienda 05,284,3110,0,6813,6
27/01/2024,Tienda 05,279,3110,0,6534,5
28/01/2024,Tienda 05,270,3110,0,6264,10
29/01/2024,Tienda 05,247,3110,0,6017,11
30/01/2024,Tienda 05,345,2643,1,5672,6
31/01/2024,Tienda 05,252,3110,0,5420,9
01/02/2024,Tienda 05,255,3110,0,5165,9
02/02/2024,Tienda 05,392,2643,1,4773,11
03/02/2024,Tienda 05,285,3110,0,4488,8
04/02/2024,Tienda 05,377,2643,1,4111,7
05/02/2024,Tienda 05,266,3110,0,3845,6
06/02/2024,Tienda 05,247,3110,0,3598,11
07/02/2024,Tienda 05,253,3110,0,3345,6
08/02/2024,Tienda 05,249,3110,0,3096,7
09/02/2024,Tienda 05,301,3110,0,2795,9
10/02/2024,Tienda 05,404,2643,1,2391,6
11/02/2024,Tienda 05,347,3110,0,8644,9
12/02/2024,Tienda 05,307,3110,0,8337,7
13/02/2024,Tienda 05,257,3110,0,8080,9
14/02/2024,Tienda 05,238,3110,0,7842,5
15/02/2024,Tienda 05,251,3110,0,7591,11
16/02/2024,Tienda 05,330,3110,0,7261,7
17/02/2024,Tienda 05,286,3110,0,6975,5
18/02/2024,Tienda 05,314,3110,0,6661,5
19/02/2024,Tienda 05,270,3110,0,6391,9
20/02/2024,Tienda 05,261,3110,0,6130,10
21/02/2024,Tienda 05,261,3110,0,5869,7
22/02/2024,Tienda 05,319,2643,1,5550,10
23/02/2024,Tienda 05,314,3110,0,5236,9
24/02/2024,Tienda 05,338,3110,0,4898,11
25/02/2024,Tienda 05,305,3110,0,4593,11
26/02/2024,Tienda 05,270,3110,0,4323,5
27/02/2024,Tienda 05,287,3110,0,4036,5
28/02/2024,Tienda 05,271,3110,0,3765,10
29/02/2024,Tienda 05,267,3110,0,3498,5
01/03/2024,Tienda 05,318,3110,0,3180,10
02/03/2024,Tienda 05,287,3110,0,2893,5
03/03/2024,Tienda 05,333,3110,0,2560,6
04/03/2024,Tienda 05,266,3110,0,2294,11
05/03/2024,Tienda 05,274,3110,0,8620,6
06/03/2024,Tienda 05,278,3110,0,8342,8
07/03/2024,Tienda 05,306,3110,0,8036,8
08/03/2024,Tienda 05,346,3110,0,7690,8
09/03/2024,Tienda 05,314,3110,0,7376,5
10/03/2024,Tienda 05,317,3110,0,7059,10
11/03/2024,Tienda 05,391,2643,1,6668,10
12/03/2024,Tienda 05,291,3110,0,6377,9
13/03/2024,Tienda 05,274,3110,0,6103,6
14/03/2024,Tienda 05,266,3110,0,5837,6
15/03/2024,Tienda 05,343,3110,0,5494,8
16/03/2024,Tienda 05,318,3110,0,5176,10
17/03/2024,Tienda 05,342,3110,0,4834,7
18/03/2024,Tienda 05,293,3110,0,4541,5
19/03/2024,Tienda 05,279,3110,0,4262,9
20/03/2024,Tienda 05,366,2643,1,3896,5
21/03/2024,Tienda 05,352,2643,1,3544,6
22/03/2024,Tienda 05,296,3110,0,3248,10
23/03/2024,Tienda 05,318,3110,0,2930,7
24/03/2024,Tienda 05,326,3110,0,2604,8
25/03/2024,Tienda 05,261,3110,0,2343,8
26/03/2024,Tienda 05,276,3110,0,8667,8
27/03/2024,Tienda 05,279,3110,0,8388,11
28/03/2024,Tienda 05,318,3110,0,8070,8
29/03/2024,Tienda 05,320,3110,0,7750,7
30/03/2024,Tienda 05,405,2643,1,7345,11
31/03/2024,Tienda 05,315,3110,0,7030,11
01/04/2024,Tienda 05,258,3110,0,6772,7
02/04/2024,Tienda 05,290,3110,0,6482,11
03/04/2024,Tienda 05,302,3110,0,6180,5
04/04/2024,Tienda 05,390,2643,1,5790,10
05/04/2024,Tienda 05,423,2643,1,5367,7
06/04/2024,Tienda 05,324,3110,0,5043,11
07/04/2024,Tienda 05,334,3110,0,4709,9
08/04/2024,Tienda 05,282,3110,0,4427,5
09/04/2024,Tienda 05,284,3110,0,4143,11
10/04/2024,Tienda 05,266,3110,0,3877,11
11/04/2024,Tienda 05,277,3110,0,3600,10
12/04/2024,Tienda 05,346,3110,0,3254,10
13/04/2024,Tienda 05,309,3110,0,2945,8
14/04/2024,Tienda 05,334,3110,0,2611,8
15/04/2024,Tienda 05,276,3110,0,2335,11
16/04/2024,Tienda 05,362,2643,1,8573,5
17/04/2024,Tienda 05,274,3110,0,8299,10
18/04/2024,Tienda 05,286,3110,0,8013,7
19/04/2024,Tienda 05,290,3110,0,7723,7
20/04/2024,Tienda 05,299,3110,0,7424,6
21/04/2024,Tienda 05,313,3110,0,7111,7
22/04/2024,Tienda 05,248,3110,0,6863,5
23/04/2024,Tienda 05,266,3110,0,6597,6
24/04/2024,Tienda 05,284,3110,0,6313,5
25/04/2024,Tienda 05,263,3110,0,6050,8
26/04/2024,Tienda 05,333,3110,0,5717,8
27/04/2024,Tienda 05,293,3110,0,5424,8
28/04/2024,Tienda 05,295,3110,0,5129,6
29/04/2024,Tienda 05,272,3110,0,4857,5
30/04/2024,Tienda 05,285,3110,0,4572,11
01/05/2024,Tienda 05,288,3110,0,4284,11
02/05/2024,Tienda 05,263,3110,0,4021,9
03/05/2024,Tienda 05,321,3110,0,3700,7
04/05/2024,Tienda 05,320,3110,0,3380,6
05/05/2024,Tienda 05,312,3110,0,3068,9
06/05/2024,Tienda 05,265,3110,0,2803,8
07/05/2024,Tienda 05,283,3110,0,2520,11
08/05/2024,Tienda 05,258,3110,0,2262,9
09/05/2024,Tienda 05,273,3110,0,8589,5
10/05/2024,Tienda 05,326,3110,0,8263,8
11/05/2024,Tienda 05,318,3110,0,7945,5
12/05/2024,Tienda 05,336,3110,0,7609,8
13/05/2024,Tienda 05,283,3110,0,7326,10
14/05/2024,Tienda 05,250,3110,0,7076,7
15/05/2024,Tienda 05,265,3110,0,6811,8
16/05/2024,Tienda 05,258,3110,0,6553,6
17/05/2024,Tienda 05,313,3110,0,6240,6
18/05/2024,Tienda 05,363,2643,1,5877,7
19/05/2024,Tienda 05,396,2643,1,5481,10
20/05/2024,Tienda 05,204,3110,0,5277,10
21/05/2024,Tienda 05,272,3110,0,5005,8
22/05/2024,Tienda 05,250,3110,0,4755,7
23/05/2024,Tienda 05,234,3110,0,4521,10
24/05/2024,Tienda 05,282,3110,0,4239,11
25/05/2024,Tienda 05,271,3110,0,3968,9
26/05/2024,Tienda 05,335,3110,0,3633,7
27/05/2024,Tienda 05,213,3110,0,3420,6
28/05/2024,Tienda 05,264,3110,0,3156,5
29/05/2024,Tienda 05,274,3110,0,2882,6
30/05/2024,Tienda 05,277,3110,0,2605,11
31/05/2024,Tienda 05,281,3110,0,2324,6
01/06/2024,Tienda 05,283,3110,0,8641,11
02/06/2024,Tienda 05,390,2643,1,8251,6
03/06/2024,Tienda 05,290,2643,1,7961,6
04/06/2024,Tienda 05,246,3110,0,7715,5
05/06/2024,Tienda 05,250,3110,0,7465,10
06/06/2024,Tienda 05,229,3110,0,7236,8
07/06/2024,Tienda 05,271,3110,0,6965,7
08/06/2024,Tienda 05,283,3110,0,6682,9
09/06/2024,Tienda 05,284,3110,0,6398,7
10/06/2024,Tienda 05,290,2643,1,6108,6
11/06/2024,Tienda 05,275,3110,0,5833,7
12/06/2024,Tienda 05,217,3110,0,5616,5
13/06/2024,Tienda 05,241,3110,0,5375,10
14/06/2024,Tienda 05,248,3110,0,5127,8
15/06/2024,Tienda 05,282,3110,0,4845,8
16/06/2024,Tienda 05,279,3110,0,4566,5
17/06/2024,Tienda 05,228,3110,0,4338,10
18/06/2024,Tienda 05,262,3110,0,4076,8
19/06/2024,Tienda 05,302,2643,1,3774,11
20/06/2024,Tienda 05,222,3110,0,3552,7
21/06/2024,Tienda 05,268,3110,0,3284,7
22/06/2024,Tienda 05,271,3110,0,3013,11
23/06/2024,Tienda 05,233,3110,0,2780,9
24/06/2024,Tienda 05,228,3110,0,2552,5
25/06/2024,Tienda 05,268,2643,1,2284,10
26/06/2024,Tienda 05,223,3110,0,8661,11
27/06/2024,Tienda 05,283,2643,1,8378,5
28/06/2024,Tienda 05,249,3110,0,8129,7
29/06/2024,Tienda 05,229,3110,0,7900,9
30/06/2024,Tienda 05,256,3110,0,7644,7
01/07/2024,Tienda 05,233,3110,0,7411,9
02/07/2024,Tienda 05,221,3110,0,7190,8
03/07/2024,Tienda 05,198,3110,0,6992,10
04/07/2024,Tienda 05,217,3110,0,6775,6
05/07/2024,Tienda 05,241,3110,0,6534,6
06/07/2024,Tienda 05,269,3110,0,6265,10
07/07/2024,Tienda 05,236,3110,0,6029,7
08/07/2024,Tienda 05,218,3110,0,5811,7
09/07/2024,Tienda 05,299,2643,1,5512,7
10/07/2024,Tienda 05,177,3110,0,5335,8
11/07/2024,Tienda 05,205,3110,0,5130,6
12/07/2024,Tienda 05,258,3110,0,4872,7
13/07/2024,Tienda 05,254,3110,0,4618,9
14/07/2024,Tienda 05,268,3110,0,4350,11
15/07/2024,Tienda 05,283,2643,1,4067,9
16/07/2024,Tienda 05,202,3110,0,3865,10
17/07/2024,Tienda 05,206,3110,0,3659,6
18/07/2024,Tienda 05,204,3110,0,3455,11
19/07/2024,Tienda 05,208,3110,0,3247,6
20/07/2024,Tienda 05,261,3110,0,2986,5
21/07/2024,Tienda 05,223,3110,0,2763,8
22/07/2024,Tienda 05,168,3110,0,2595,7
23/07/2024,Tienda 05,201,3110,0,2394,5
24/07/2024,Tienda 05,190,3110,0,2204,9
25/07/2024,Tienda 05,188,3110,0,8616,9
26/07/2024,Tienda 05,234,3110,0,8382,11
27/07/2024,Tienda 05,220,3110,0,8162,6
28/07/2024,Tienda 05,194,3110,0,7968,11
29/07/2024,Tienda 05,178,3110,0,7790,8
30/07/2024,Tienda 05,186,3110,0,7604,11
31/07/2024,Tienda 05,176,3110,0,7428,8
01/08/2024,Tienda 05,183,3110,0,7245,5
02/08/2024,Tienda 05,294,2643,1,6951,9
03/08/2024,Tienda 05,214,3110,0,6737,8
04/08/2024,Tienda 05,208,3110,0,6529,8
05/08/2024,Tienda 05,210,3110,0,6319,6
06/08/2024,Tienda 05,177,3110,0,6142,7
07/08/2024,Tienda 05,199,3110,0,5943,6
08/08/2024,Tienda 05,248,2643,1,5695,8
09/08/2024,Tienda 05,218,3110,0,5477,8
10/08/2024,Tienda 05,251,3110,0,5226,10
11/08/2024,Tienda 05,226,3110,0,5000,5
12/08/2024,Tienda 05,180,3110,0,4820,7
13/08/2024,Tienda 05,188,3110,0,4632,11
14/08/2024,Tienda 05,200,3110,0,4432,5
15/08/2024,Tienda 05,177,3110,0,4255,8
16/08/2024,Tienda 05,235,3110,0,4020,7
17/08/2024,Tienda 05,216,3110,0,3804,5
18/08/2024,Tienda 05,235,3110,0,3569,7
19/08/2024,Tienda 05,175,3110,0,3394,10
20/08/2024,Tienda 05,208,3110,0,3186,11
21/08/2024,Tienda 05,184,3110,0,3002,9
22/08/2024,Tienda 05,170,3110,0,2832,7
23/08/2024,Tienda 05,196,3110,0,2636,6
24/08/2024,Tienda 05,207,3110,0,2429,6
25/08/2024,Tienda 05,176,3110,0,2253,7
26/08/2024,Tienda 05,176,3110,0,8677,5
27/08/2024,Tienda 05,176,3110,0,8501,11
28/08/2024,Tienda 05,202,3110,0,8299,11
29/08/2024,Tienda 05,203,3110,0,8096,10
30/08/2024,Tienda 05,197,3110,0,7899,11
31/08/2024,Tienda 05,225,3110,0,7674,11
01/09/2024,Tienda 05,191,3110,0,7483,11
02/09/2024,Tienda 05,171,3110,0,7312,9
03/09/2024,Tienda 05,154,3110,0,7158,9
04/09/2024,Tienda 05,164,3110,0,6994,11
05/09/2024,Tienda 05,181,3110,0,6813,6
06/09/2024,Tienda 05,186,3110,0,6627,5
07/09/2024,Tienda 05,204,3110,0,6423,8
08/09/2024,Tienda 05,211,3110,0,6212,10
09/09/2024,Tienda 05,178,3110,0,6034,10
10/09/2024,Tienda 05,144,3110,0,5890,8
11/09/2024,Tienda 05,161,3110,0,5729,8
12/09/2024,Tienda 05,155,3110,0,5574,9
13/09/2024,Tienda 05,172,3110,0,5402,10
14/09/2024,Tienda 05,272,2643,1,5130,9
15/09/2024,Tienda 05,189,3110,0,4941,5
16/09/2024,Tienda 05,146,3110,0,4795,9
17/09/2024,Tienda 05,172,3110,0,4623,8
18/09/2024,Tienda 05,169,3110,0,4454,9
19/09/2024,Tienda 05,175,3110,0,4279,5
20/09/2024,Tienda 05,199,3110,0,4080,9
21/09/2024,Tienda 05,265,2643,1,3815,10
22/09/2024,Tienda 05,205,3110,0,3610,6
23/09/2024,Tienda 05,146,3110,0,3464,6
24/09/2024,Tienda 05,141,3110,0,3323,9
25/09/2024,Tienda 05,154,3110,0,3169,7
26/09/2024,Tienda 05,181,3110,0,2988,6
27/09/2024,Tienda 05,210,3110,0,2778,5
28/09/2024,Tienda 05,191,3110,0,2587,8
29/09/2024,Tienda 05,185,3110,0,2402,11
30/09/2024,Tienda 05,176,3110,0,2226,7
01/10/2024,Tienda 05,197,3110,0,8629,5
02/10/2024,Tienda 05,133,3110,0,8496,11
03/10/2024,Tienda 05,210,2643,1,8286,7
04/10/2024,Tienda 05,238,2643,1,8048,9
05/10/2024,Tienda 05,188,3110,0,7860,10
06/10/2024,Tienda 05,217,3110,0,7643,11
07/10/2024,Tienda 05,176,3110,0,7467,9
08/10/2024,Tienda 05,164,3110,0,7303,7
09/10/2024,Tienda 05,154,3110,0,7149,10
10/10/2024,Tienda 05,187,3110,0,6962,6
11/10/2024,Tienda 05,195,3110,0,6767,9
12/10/2024,Tienda 05,166,3110,0,6601,7
13/10/2024,Tienda 05,196,3110,0,6405,6
14/10/2024,Tienda 05,129,3110,0,6276,11
15/10/2024,Tienda 05,155,3110,0,6121,9
16/10/2024,Tienda 05,170,3110,0,5951,11
17/10/2024,Tienda 05,188,3110,0,5763,10
18/10/2024,Tienda 05,183,3110,0,5580,9
19/10/2024,Tienda 05,177,3110,0,5403,5
20/10/2024,Tienda 05,230,3110,0,5173,5
21/10/2024,Tienda 05,173,3110,0,5000,9
22/10/2024,Tienda 05,159,3110,0,4841,7
23/10/2024,Tienda 05,178,3110,0,4663,6
24/10/2024,Tienda 05,182,3110,0,4481,6
25/10/2024,Tienda 05,188,3110,0,4293,11
26/10/2024,Tienda 05,205,3110,0,4088,6
27/10/2024,Tienda 05,187,3110,0,3901,6
28/10/2024,Tienda 05,258,2643,1,3643,11
29/10/2024,Tienda 05,152,3110,0,3491,7
30/10/2024,Tienda 05,172,3110,0,3319,9
31/10/2024,Tienda 05,159,3110,0,3160,9
01/11/2024,Tienda 05,252,3110,0,2908,11
02/11/2024,Tienda 05,193,3110,0,2715,7
03/11/2024,Tienda 05,219,3110,0,2496,10
04/11/2024,Tienda 05,196,3110,0,2300,7
05/11/2024,Tienda 05,189,3110,0,8711,9
06/11/2024,Tienda 05,173,3110,0,8538,7
07/11/2024,Tienda 05,174,3110,0,8364,6
08/11/2024,Tienda 05,279,2643,1,8085,9
09/11/2024,Tienda 05,286,2643,1,7799,7
10/11/2024,Tienda 05,206,3110,0,7593,5
11/11/2024,Tienda 05,210,2643,1,7383,9
12/11/2024,Tienda 05,217,3110,0,7166,9
13/11/2024,Tienda 05,189,3110,0,6977,11
14/11/2024,Tienda 05,184,3110,0,6793,10
15/11/2024,Tienda 05,208,3110,0,6585,6
16/11/2024,Tienda 05,295,2643,1,6290,8
17/11/2024,Tienda 05,235,3110,0,6055,8
18/11/2024,Tienda 05,173,3110,0,5882,8
19/11/2024,Tienda 05,158,3110,0,5724,9
20/11/2024,Tienda 05,215,3110,0,5509,6
21/11/2024,Tienda 05,171,3110,0,5338,8
22/11/2024,Tienda 05,234,3110,0,5104,11
23/11/2024,Tienda 05,231,3110,0,4873,11
24/11/2024,Tienda 05,194,3110,0,4679,6
25/11/2024,Tienda 05,169,3110,0,4510,10
26/11/2024,Tienda 05,188,3110,0,4322,7
27/11/2024,Tienda 05,252,2643,1,4070,8
28/11/2024,Tienda 05,216,3110,0,3854,9
29/11/2024,Tienda 05,257,3110,0,3597,8
30/11/2024,Tienda 05,235,3110,0,3362,5
01/12/2024,Tienda 05,300,2643,1,3062,11
02/12/2024,Tienda 05,202,3110,0,2860,6
03/12/2024,Tienda 05,195,3110,0,2665,6
04/12/2024,Tienda 05,191,3110,0,2474,11
05/12/2024,Tienda 05,177,3110,0,2297,8
06/12/2024,Tienda 05,221,3110,0,8676,6
07/12/2024,Tienda 05,244,3110,0,8432,10
08/12/2024,Tienda 05,255,3110,0,8177,9
09/12/2024,Tienda 05,202,3110,0,7975,6
10/12/2024,Tienda 05,254,2643,1,7721,5
11/12/2024,Tienda 05,222,3110,0,7499,11
12/12/2024,Tienda 05,198,3110,0,7301,11
13/12/2024,Tienda 05,242,3110,0,7059,5
14/12/2024,Tienda 05,246,3110,0,6813,6
15/12/2024,Tienda 05,248,3110,0,6565,6
16/12/2024,Tienda 05,276,2643,1,6289,5
17/12/2024,Tienda 05,203,3110,0,6086,10
18/12/2024,Tienda 05,205,3110,0,5881,10
19/12/2024,Tienda 05,231,3110,0,5650,8
20/12/2024,Tienda 05,290,3110,0,5360,9
21/12/2024,Tienda 05,287,3110,0,5073,5
22/12/2024,Tienda 05,245,3110,0,4828,7
23/12/2024,Tienda 05,239,3110,0,4589,8
24/12/2024,Tienda 05,177,3110,0,4412,10
25/12/2024,Tienda 05,233,3110,0,4179,8
26/12/2024,Tienda 05,212,3110,0,3967,6
27/12/2024,Tienda 05,286,3110,0,3681,5
28/12/2024,Tienda 05,271,3110,0,3410,10
29/12/2024,Tienda 05,262,3110,0,3148,6
30/12/2024,Tienda 05,202,3110,0,2946,10
31/12/2024,Tienda 05,289,2643,1,2657,6
01/01/2025,Tienda 05,219,3229,0,2438,7
02/01/2025,Tienda 05,221,3229,0,2217,9
03/01/2025,Tienda 05,266,3229,0,8551,10
04/01/2025,Tienda 05,274,3229,0,8277,8
05/01/2025,Tienda 05,235,3229,0,8042,6
06/01/2025,Tienda 05,295,2745,1,7747,8
07/01/2025,Tienda 05,310,2745,1,7437,5
08/01/2025,Tienda 05,238,3229,0,7199,7
09/01/2025,Tienda 05,266,3229,0,6933,8
10/01/2025,Tienda 05,263,3229,0,6670,7
11/01/2025,Tienda 05,237,3229,0,6433,7
12/01/2025,Tienda 05,268,3229,0,6165,6
13/01/2025,Tienda 05,228,3229,0,5937,9
14/01/2025,Tienda 05,227,3229,0,5710,10
15/01/2025,Tienda 05,222,3229,0,5488,8
16/01/2025,Tienda 05,234,3229,0,5254,8
17/01/2025,Tienda 05,289,3229,0,4965,6
18/01/2025,Tienda 05,275,3229,0,4690,7
19/01/2025,Tienda 05,264,3229,0,4426,7
20/01/2025,Tienda 05,265,3229,0,4161,6
21/01/2025,Tienda 05,267,3229,0,3894,10
22/01/2025,Tienda 05,264,3229,0,3630,7
23/01/2025,Tienda 05,296,2745,1,3334,6
24/01/2025,Tienda 05,367,2745,1,2967,5
25/01/2025,Tienda 05,292,3229,0,2675,10
26/01/2025,Tienda 05,366,2745,1,2309,10
27/01/2025,Tienda 05,234,3229,0,8675,8
28/01/2025,Tienda 05,216,3229,0,8459,6
29/01/2025,Tienda 05,242,3229,0,8217,10
30/01/2025,Tienda 05,241,3229,0,7976,10
31/01/2025,Tienda 05,315,3229,0,7661,5
01/02/2025,Tienda 05,307,3229,0,7354,8
02/02/2025,Tienda 05,280,3229,0,7074,7
03/02/2025,Tienda 05,249,3229,0,6825,6
04/02/2025,Tienda 05,241,3229,0,6584,7
05/02/2025,Tienda 05,239,3229,0,6345,11
06/02/2025,Tienda 05,246,3229,0,6099,10
07/02/2025,Tienda 05,312,3229,0,5787,6
08/02/2025,Tienda 05,304,3229,0,5483,7
09/02/2025,Tienda 05,329,3229,0,5154,11
10/02/2025,Tienda 05,301,3229,0,4853,11
11/02/2025,Tienda 05,234,3229,0,4619,8
12/02/2025,Tienda 05,298,3229,0,4321,8
13/02/2025,Tienda 05,243,3229,0,4078,10
14/02/2025,Tienda 05,414,2745,1,3664,9
15/02/2025,Tienda 05,365,2745,1,3299,5
16/02/2025,Tienda 05,319,3229,0,2980,8
17/02/2025,Tienda 05,371,2745,1,2609,10
18/02/2025,Tienda 05,261,3229,0,2348,5
19/02/2025,Tienda 05,257,3229,0,8691,10
20/02/2025,Tienda 05,311,2745,1,8380,9
21/02/2025,Tienda 05,283,3229,0,8097,7
22/02/2025,Tienda 05,342,3229,0,7755,5
23/02/2025,Tienda 05,284,3229,0,7471,5
24/02/2025,Tienda 05,249,3229,0,7222,9
25/02/2025,Tienda 05,249,3229,0,6973,6
26/02/2025,Tienda 05,260,3229,0,6713,6
27/02/2025,Tienda 05,256,3229,0,6457,6
28/02/2025,Tienda 05,309,3229,0,6148,8
01/03/2025,Tienda 05,305,3229,0,5843,6
02/03/2025,Tienda 05,329,3229,0,5514,9
03/03/2025,Tienda 05,353,2745,1,5161,10
04/03/2025,Tienda 05,349,2745,1,4812,10
05/03/2025,Tienda 05,275,3229,0,4537,10
06/03/2025,Tienda 05,274,3229,0,4263,8
07/03/2025,Tienda 05,339,3229,0,3924,10
08/03/2025,Tienda 05,345,3229,0,3579,10
09/03/2025,Tienda 05,332,3229,0,3247,11
10/03/2025,Tienda 05,283,3229,0,2964,6
11/03/2025,Tienda 05,287,3229,0,2677,5
12/03/2025,Tienda 05,265,3229,0,2412,5
13/03/2025,Tienda 05,247,3229,0,8765,11
14/03/2025,Tienda 05,324,3229,0,8441,8
15/03/2025,Tienda 05,314,3229,0,8127,9
16/03/2025,Tienda 05,320,3229,0,7807,6
17/03/2025,Tienda 05,361,2745,1,7446,11
18/03/2025,Tienda 05,246,3229,0,7200,7
19/03/2025,Tienda 05,300,3229,0,6900,8
20/03/2025,Tienda 05,274,3229,0,6626,7
21/03/2025,Tienda 05,300,3229,0,6326,11
22/03/2025,Tienda 05,435,2745,1,5891,5
23/03/2025,Tienda 05,318,3229,0,5573,5
24/03/2025,Tienda 05,276,3229,0,5297,11
25/03/2025,Tienda 05,281,3229,0,5016,6
26/03/2025,Tienda 05,265,3229,0,4751,7
27/03/2025,Tienda 05,247,3229,0,4504,11
28/03/2025,Tienda 05,300,3229,0,4204,9
29/03/2025,Tienda 05,338,3229,0,3866,5
30/03/2025,Tienda 05,353,3229,0,3513,7
31/03/2025,Tienda 05,242,3229,0,3271,7
01/04/2025,Tienda 05,287,3229,0,2984,6
02/04/2025,Tienda 05,274,3229,0,2710,10
03/04/2025,Tienda 05,265,3229,0,2445,6
04/04/2025,Tienda 05,401,2745,1,8644,6
05/04/2025,Tienda 05,296,3229,0,8348,6
06/04/2025,Tienda 05,321,3229,0,8027,8
07/04/2025,Tienda 05,281,3229,0,7746,7
08/04/2025,Tienda 05,269,3229,0,7477,8
09/04/2025,Tienda 05,283,3229,0,7194,8
10/04/2025,Tienda 05,379,2745,1,6815,7
11/04/2025,Tienda 05,312,3229,0,6503,10
12/04/2025,Tienda 05,310,3229,0,6193,8
13/04/2025,Tienda 05,296,3229,0,5897,7
14/04/2025,Tienda 05,262,3229,0,5635,7
15/04/2025,Tienda 05,273,3229,0,5362,10
16/04/2025,Tienda 05,355,2745,1,5007,11
17/04/2025,Tienda 05,278,3229,0,4729,7
18/04/2025,Tienda 05,305,3229,0,4424,5
19/04/2025,Tienda 05,350,3229,0,4074,6
20/04/2025,Tienda 05,316,3229,0,3758,10
21/04/2025,Tienda 05,354,2745,1,3404,5
22/04/2025,Tienda 05,256,3229,0,3148,10
23/04/2025,Tienda 05,296,3229,0,2852,6
24/04/2025,Tienda 05,273,3229,0,2579,7
25/04/2025,Tienda 05,319,3229,0,2260,7
26/04/2025,Tienda 05,317,3229,0,8543,10
27/04/2025,Tienda 05,315,3229,0,8228,7
28/04/2025,Tienda 05,264,3229,0,7964,9
29/04/2025,Tienda 05,238,3229,0,7726,11
30/04/2025,Tienda 05,271,3229,0,7455,6
01/05/2025,Tienda 05,255,3229,0,7200,10
02/05/2025,Tienda 05,297,3229,0,6903,9
03/05/2025,Tienda 05,305,3229,0,6598,8
04/05/2025,Tienda 05,273,3229,0,6325,10
05/05/2025,Tienda 05,263,3229,0,6062,9
06/05/2025,Tienda 05,254,3229,0,5808,5
07/05/2025,Tienda 05,284,3229,0,5524,10
08/05/2025,Tienda 05,256,3229,0,5268,7
09/05/2025,Tienda 05,332,3229,0,4936,10
10/05/2025,Tienda 05,288,3229,0,4648,7
11/05/2025,Tienda 05,289,3229,0,4359,5
12/05/2025,Tienda 05,259,3229,0,4100,10
13/05/2025,Tienda 05,277,3229,0,3823,7
14/05/2025,Tienda 05,262,3229,0,3561,8
15/05/2025,Tienda 05,256,3229,0,3305,5
16/05/2025,Tienda 05,253,3229,0,3052,11
17/05/2025,Tienda 05,371,2745,1,2681,9
18/05/2025,Tienda 05,297,3229,0,2384,9
19/05/2025,Tienda 05,267,3229,0,8717,11
20/05/2025,Tienda 05,237,3229,0,8480,9
21/05/2025,Tienda 05,253,3229,0,8227,6
22/05/2025,Tienda 05,244,3229,0,7983,11
23/05/2025,Tienda 05,273,3229,0,7710,10
24/05/2025,Tienda 05,286,3229,0,7424,6
25/05/2025,Tienda 05,306,3229,0,7118,9
26/05/2025,Tienda 05,251,3229,0,6867,7
27/05/2025,Tienda 05,286,2745,1,6581,7
28/05/2025,Tienda 05,272,3229,0,6309,9
29/05/2025,Tienda 05,234,3229,0,6075,9
30/05/2025,Tienda 05,298,3229,0,5777,7
31/05/2025,Tienda 05,290,3229,0,5487,9
01/06/2025,Tienda 05,268,3229,0,5219,7
02/06/2025,Tienda 05,240,3229,0,4979,6
03/06/2025,Tienda 05,252,3229,0,4727,11
04/06/2025,Tienda 05,265,3229,0,4462,11
05/06/2025,Tienda 05,263,3229,0,4199,11
06/06/2025,Tienda 05,284,3229,0,3915,6
07/06/2025,Tienda 05,300,3229,0,3615,8
08/06/2025,Tienda 05,275,3229,0,3340,5
09/06/2025,Tienda 05,259,3229,0,3081,11
10/06/2025,Tienda 05,252,3229,0,2829,7
11/06/2025,Tienda 05,242,3229,0,2587,5
12/06/2025,Tienda 05,246,3229,0,2341,10
13/06/2025,Tienda 05,272,3229,0,8669,7
14/06/2025,Tienda 05,364,2745,1,8305,6
15/06/2025,Tienda 05,263,3229,0,8042,7
16/06/2025,Tienda 05,275,3229,0,7767,8
17/06/2025,Tienda 05,213,3229,0,7554,6
18/06/2025,Tienda 05,295,2745,1,7259,5
19/06/2025,Tienda 05,316,2745,1,6943,10
20/06/2025,Tienda 05,289,3229,0,6654,6
21/06/2025,Tienda 05,313,3229,0,6341,11
22/06/2025,Tienda 05,266,3229,0,6075,10
23/06/2025,Tienda 05,260,3229,0,5815,5
24/06/2025,Tienda 05,215,3229,0,5600,10
25/06/2025,Tienda 05,280,2745,1,5320,7
26/06/2025,Tienda 05,223,3229,0,5097,5
27/06/2025,Tienda 05,235,3229,0,4862,8
28/06/2025,Tienda 05,258,3229,0,4604,7
29/06/2025,Tienda 05,251,3229,0,4353,9
30/06/2025,Tienda 05,284,2745,1,4069,9
01/07/2025,Tienda 05,271,2745,1,3798,7
02/07/2025,Tienda 05,211,3229,0,3587,11
03/07/2025,Tienda 05,214,3229,0,3373,8
04/07/2025,Tienda 05,237,3229,0,3136,11
05/07/2025,Tienda 05,247,3229,0,2889,7
06/07/2025,Tienda 05,277,3229,0,2612,9
07/07/2025,Tienda 05,239,3229,0,2373,7
08/07/2025,Tienda 05,238,3229,0,8735,11
09/07/2025,Tienda 05,253,3229,0,8482,5
10/07/2025,Tienda 05,207,3229,0,8275,5
11/07/2025,Tienda 05,283,3229,0,7992,11
12/07/2025,Tienda 05,272,3229,0,7720,6
13/07/2025,Tienda 05,233,3229,0,7487,8
14/07/2025,Tienda 05,219,3229,0,7268,5
15/07/2025,Tienda 05,243,3229,0,7025,7
16/07/2025,Tienda 05,230,3229,0,6795,6
17/07/2025,Tienda 05,197,3229,0,6598,9
18/07/2025,Tienda 05,241,3229,0,6357,6
19/07/2025,Tienda 05,203,3229,0,6154,6
20/07/2025,Tienda 05,249,3229,0,5905,8
21/07/2025,Tienda 05,205,3229,0,5700,7
22/07/2025,Tienda 05,213,3229,0,5487,8
23/07/2025,Tienda 05,215,3229,0,5272,7
24/07/2025,Tienda 05,209,3229,0,5063,11
25/07/2025,Tienda 05,252,3229,0,4811,9
26/07/2025,Tienda 05,211,3229,0,4600,10
27/07/2025,Tienda 05,239,3229,0,4361,9
28/07/2025,Tienda 05,210,3229,0,4151,5
29/07/2025,Tienda 05,197,3229,0,3954,6
30/07/2025,Tienda 05,194,3229,0,3760,7
31/07/2025,Tienda 05,204,3229,0,3556,5
01/08/2025,Tienda 05,246,3229,0,3310,7
02/08/2025,Tienda 05,201,3229,0,3109,10
03/08/2025,Tienda 05,234,3229,0,2875,8
04/08/2025,Tienda 05,222,3229,0,2653,6
05/08/2025,Tienda 05,206,3229,0,2447,5
06/08/2025,Tienda 05,172,3229,0,2275,6
07/08/2025,Tienda 05,227,3229,0,8648,5
08/08/2025,Tienda 05,251,3229,0,8397,9
09/08/2025,Tienda 05,207,3229,0,8190,9
10/08/2025,Tienda 05,233,3229,0,7957,7
11/08/2025,Tienda 05,176,3229,0,7781,9
12/08/2025,Tienda 05,206,3229,0,7575,7
13/08/2025,Tienda 05,179,3229,0,7396,7
14/08/2025,Tienda 05,184,3229,0,7212,9
15/08/2025,Tienda 05,217,3229,0,6995,11
16/08/2025,Tienda 05,241,3229,0,6754,11
17/08/2025,Tienda 05,200,3229,0,6554,6
18/08/2025,Tienda 05,215,3229,0,6339,9
19/08/2025,Tienda 05,186,3229,0,6153,8
20/08/2025,Tienda 05,215,2745,1,5938,11
21/08/2025,Tienda 05,165,3229,0,5773,10
22/08/2025,Tienda 05,209,3229,0,5564,6
23/08/2025,Tienda 05,220,3229,0,5344,9
24/08/2025,Tienda 05,224,3229,0,5120,8
25/08/2025,Tienda 05,175,3229,0,4945,7
26/08/2025,Tienda 05,163,3229,0,4782,5
27/08/2025,Tienda 05,161,3229,0,4621,10
28/08/2025,Tienda 05,157,3229,0,4464,9
29/08/2025,Tienda 05,198,3229,0,4266,9
30/08/2025,Tienda 05,202,3229,0,4064,10
31/08/2025,Tienda 05,239,3229,0,3825,5
01/09/2025,Tienda 05,157,3229,0,3668,5
02/09/2025,Tienda 05,238,2745,1,3430,10
03/09/2025,Tienda 05,199,3229,0,3231,5
04/09/2025,Tienda 05,163,3229,0,3068,8
05/09/2025,Tienda 05,196,3229,0,2872,5
06/09/2025,Tienda 05,214,3229,0,2658,5
07/09/2025,Tienda 05,223,3229,0,2435,9
08/09/2025,Tienda 05,187,3229,0,2248,10
09/09/2025,Tienda 05,165,3229,0,8683,11
10/09/2025,Tienda 05,183,3229,0,8500,6
11/09/2025,Tienda 05,178,3229,0,8322,11
12/09/2025,Tienda 05,172,3229,0,8150,5
13/09/2025,Tienda 05,173,3229,0,7977,5
14/09/2025,Tienda 05,244,2745,1,7733,5
15/09/2025,Tienda 05,158,3229,0,7575,11
16/09/2025,Tienda 05,159,3229,0,7416,10
17/09/2025,Tienda 05,188,3229,0,7228,5
18/09/2025,Tienda 05,204,2745,1,7024,7
19/09/2025,Tienda 05,202,3229,0,6822,11
20/09/2025,Tienda 05,180,3229,0,6642,10
21/09/2025,Tienda 05,205,3229,0,6437,6
22/09/2025,Tienda 05,156,3229,0,6281,7
23/09/2025,Tienda 05,162,3229,0,6119,11
24/09/2025,Tienda 05,175,3229,0,5944,11
25/09/2025,Tienda 05,167,3229,0,5777,10
26/09/2025,Tienda 05,198,3229,0,5579,5
27/09/2025,Tienda 05,190,3229,0,5389,10
28/09/2025,Tienda 05,190,3229,0,5199,8
29/09/2025,Tienda 05,115,3229,0,5084,11
30/09/2025,Tienda 05,205,2745,1,4879,9
01/10/2025,Tienda 05,145,3229,0,4734,10
02/10/2025,Tienda 05,227,2745,1,4507,9
03/10/2025,Tienda 05,212,3229,0,4295,11
04/10/2025,Tienda 05,158,3229,0,4137,11
05/10/2025,Tienda 05,188,3229,0,3949,10
06/10/2025,Tienda 05,162,3229,0,3787,5
07/10/2025,Tienda 05,131,3229,0,3656,9
08/10/2025,Tienda 05,217,3229,0,3439,8
09/10/2025,Tienda 05,252,2745,1,3187,11
10/10/2025,Tienda 05,200,3229,0,2987,10
11/10/2025,Tienda 05,192,3229,0,2795,6
12/10/2025,Tienda 05,206,3229,0,2589,10
13/10/2025,Tienda 05,146,3229,0,2443,5
14/10/2025,Tienda 05,133,3229,0,2310,5
15/10/2025,Tienda 05,165,3229,0,8745,7
16/10/2025,Tienda 05,161,3229,0,8584,10
17/10/2025,Tienda 05,201,3229,0,8383,11
18/10/2025,Tienda 05,165,3229,0,8218,9
19/10/2025,Tienda 05,186,3229,0,8032,8
20/10/2025,Tienda 05,169,3229,0,7863,6
21/10/2025,Tienda 05,185,3229,0,7678,9
22/10/2025,Tienda 05,133,3229,0,7545,11
23/10/2025,Tienda 05,137,3229,0,7408,5
24/10/2025,Tienda 05,191,3229,0,7217,8
25/10/2025,Tienda 05,207,3229,0,7010,10
26/10/2025,Tienda 05,201,3229,0,6809,9
27/10/2025,Tienda 05,170,3229,0,6639,7
28/10/2025,Tienda 05,188,3229,0,6451,11
29/10/2025,Tienda 05,151,3229,0,6300,9
30/10/2025,Tienda 05,155,3229,0,6145,8
31/10/2025,Tienda 05,243,2745,1,5902,6
01/11/2025,Tienda 05,304,2745,1,5598,6
02/11/2025,Tienda 05,207,3229,0,5391,11
03/11/2025,Tienda 05,175,3229,0,5216,8
04/11/2025,Tienda 05,176,3229,0,5040,9
05/11/2025,Tienda 05,212,2745,1,4828,9
06/11/2025,Tienda 05,191,3229,0,4637,7
07/11/2025,Tienda 05,174,3229,0,4463,6
08/11/2025,Tienda 05,289,2745,1,4174,6
09/11/2025,Tienda 05,275,2745,1,3899,7
10/11/2025,Tienda 05,184,3229,0,3715,7
11/11/2025,Tienda 05,188,3229,0,3527,5
12/11/2025,Tienda 05,205,3229,0,3322,10
13/11/2025,Tienda 05,177,3229,0,3145,9
14/11/2025,Tienda 05,206,3229,0,2939,5
15/11/2025,Tienda 05,195,3229,0,2744,9
16/11/2025,Tienda 05,283,2745,1,2461,5
17/11/2025,Tienda 05,151,3229,0,2310,6
18/11/2025,Tienda 05,190,3229,0,8720,10
19/11/2025,Tienda 05,160,3229,0,8560,5
20/11/2025,Tienda 05,191,3229,0,8369,9
21/11/2025,Tienda 05,235,3229,0,8134,10
22/11/2025,Tienda 05,187,3229,0,7947,7
23/11/2025,Tienda 05,206,3229,0,7741,11
24/11/2025,Tienda 05,189,3229,0,7552,11
25/11/2025,Tienda 05,188,3229,0,7364,9
26/11/2025,Tienda 05,211,3229,0,7153,10
27/11/2025,Tienda 05,214,3229,0,6939,6
28/11/2025,Tienda 05,219,3229,0,6720,10
29/11/2025,Tienda 05,187,3229,0,6533,5
30/11/2025,Tienda 05,216,3229,0,6317,10
01/12/2025,Tienda 05,162,3229,0,6155,6
02/12/2025,Tienda 05,197,3229,0,5958,7
03/12/2025,Tienda 05,221,3229,0,5737,7
04/12/2025,Tienda 05,196,3229,0,5541,11
05/12/2025,Tienda 05,248,3229,0,5293,7
06/12/2025,Tienda 05,240,3229,0,5053,10
07/12/2025,Tienda 05,272,3229,0,4781,8
08/12/2025,Tienda 05,219,3229,0,4562,7
09/12/2025,Tienda 05,196,3229,0,4366,6
10/12/2025,Tienda 05,211,3229,0,4155,8
11/12/2025,Tienda 05,227,3229,0,3928,5
12/12/2025,Tienda 05,267,3229,0,3661,6
13/12/2025,Tienda 05,252,3229,0,3409,6
14/12/2025,Tienda 05,243,3229,0,3166,6
15/12/2025,Tienda 05,207,3229,0,2959,9
16/12/2025,Tienda 05,263,2745,1,2696,9
17/12/2025,Tienda 05,192,3229,0,2504,6
18/12/2025,Tienda 05,194,3229,0,2310,5
19/12/2025,Tienda 05,243,3229,0,8667,8
20/12/2025,Tienda 05,327,2745,1,8340,5
21/12/2025,Tienda 05,265,3229,0,8075,9
22/12/2025,Tienda 05,233,3229,0,7842,7
23/12/2025,Tienda 05,219,3229,0,7623,9
24/12/2025,Tienda 05,223,3229,0,7400,11
25/12/2025,Tienda 05,179,3229,0,7221,6
26/12/2025,Tienda 05,247,3229,0,6974,5
27/12/2025,Tienda 05,326,2745,1,6648,10
28/12/2025,Tienda 05,260,3229,0,6388,7
29/12/2025,Tienda 05,313,2745,1,6075,7
30/12/2025,Tienda 05,279,2745,1,5796,10
31/12/2025,Tienda 05,210,3229,0,5586,10
01/01/2023,Tienda 06,280,2990,0,3720,5
02/01/2023,Tienda 06,277,2542,1,3443,8
03/01/2023,Tienda 06,207,2990,0,3236,8
04/01/2023,Tienda 06,321,2542,1,2915,10
05/01/2023,Tienda 06,250,2990,0,2665,7
06/01/2023,Tienda 06,250,2990,0,9765,6
07/01/2023,Tienda 06,331,2990,0,9434,8
08/01/2023,Tienda 06,305,2990,0,9129,6
09/01/2023,Tienda 06,253,2990,0,8876,6
10/01/2023,Tienda 06,275,2990,0,8601,11
11/01/2023,Tienda 06,243,2990,0,8358,6
12/01/2023,Tienda 06,234,2990,0,8124,6
13/01/2023,Tienda 06,308,2990,0,7816,10
14/01/2023,Tienda 06,319,2990,0,7497,11
15/01/2023,Tienda 06,306,2990,0,7191,7
16/01/2023,Tienda 06,250,2990,0,6941,8
17/01/2023,Tienda 06,254,2990,0,6687,5
18/01/2023,Tienda 06,245,2990,0,6442,7
19/01/2023,Tienda 06,256,2990,0,6186,8
20/01/2023,Tienda 06,275,2990,0,5911,8
21/01/2023,Tienda 06,303,2990,0,5608,11
22/01/2023,Tienda 06,314,2990,0,5294,6
23/01/2023,Tienda 06,289,2990,0,5005,6
24/01/2023,Tienda 06,272,2990,0,4733,6
25/01/2023,Tienda 06,274,2990,0,4459,8
26/01/2023,Tienda 06,243,2990,0,4216,8
27/01/2023,Tienda 06,319,2990,0,3897,11
28/01/2023,Tienda 06,311,2990,0,3586,5
29/01/2023,Tienda 06,336,2990,0,3250,10
30/01/2023,Tienda 06,280,2990,0,2970,7
31/01/2023,Tienda 06,247,2990,0,2723,11
01/02/2023,Tienda 06,266,2990,0,2457,11
02/02/2023,Tienda 06,263,2990,0,9544,5
03/02/2023,Tienda 06,330,2990,0,9214,11
04/02/2023,Tienda 06,369,2990,0,8845,10
05/02/2023,Tienda 06,323,2990,0,8522,9
06/02/2023,Tienda 06,306,2990,0,8216,7
07/02/2023,Tienda 06,304,2990,0,7912,9
08/02/2023,Tienda 06,302,2990,0,7610,8
09/02/2023,Tienda 06,302,2990,0,7308,10
10/02/2023,Tienda 06,367,2990,0,6941,11
11/02/2023,Tienda 06,289,2990,0,6652,11
12/02/2023,Tienda 06,330,2990,0,6322,5
13/02/2023,Tienda 06,261,2990,0,6061,5
14/02/2023,Tienda 06,365,2542,1,5696,10
15/02/2023,Tienda 06,297,2990,0,5399,8
16/02/2023,Tienda 06,307,2990,0,5092,10
17/02/2023,Tienda 06,309,2990,0,4783,11
18/02/2023,Tienda 06,343,2990,0,4440,11
19/02/2023,Tienda 06,366,2990,0,4074,6
20/02/2023,Tienda 06,274,2990,0,3800,9
21/02/2023,Tienda 06,306,2990,0,3494,10
22/02/2023,Tienda 06,273,2990,0,3221,6
23/02/2023,Tienda 06,298,2990,0,2923,10
24/02/2023,Tienda 06,442,2542,1,2481,11
25/02/2023,Tienda 06,345,2990,0,9486,6
26/02/2023,Tienda 06,320,2990,0,9166,7
27/02/2023,Tienda 06,293,2990,0,8873,11
28/02/2023,Tienda 06,315,2990,0,8558,6
01/03/2023,Tienda 06,277,2990,0,8281,11
02/03/2023,Tienda 06,295,2990,0,7986,5
03/03/2023,Tienda 06,480,2542,1,7506,10
04/03/2023,Tienda 06,355,2990,0,7151,10
05/03/2023,Tienda 06,346,2990,0,6805,6
06/03/2023,Tienda 06,332,2990,0,6473,6
07/03/2023,Tienda 06,311,2990,0,6162,9
08/03/2023,Tienda 06,307,2990,0,5855,10
09/03/2023,Tienda 06,291,2990,0,5564,10
10/03/2023,Tienda 06,358,2990,0,5206,6
11/03/2023,Tienda 06,371,2990,0,4835,11
12/03/2023,Tienda 06,366,2990,0,4469,9
13/03/2023,Tienda 06,308,2990,0,4161,7
14/03/2023,Tienda 06,322,2990,0,3839,10
15/03/2023,Tienda 06,312,2990,0,3527,9
16/03/2023,Tienda 06,295,2990,0,3232,11
17/03/2023,Tienda 06,395,2990,0,2837,7
18/03/2023,Tienda 06,359,2990,0,2478,5
19/03/2023,Tienda 06,341,2990,0,9487,7
20/03/2023,Tienda 06,278,2990,0,9209,9
21/03/2023,Tienda 06,295,2990,0,8914,9
22/03/2023,Tienda 06,291,2990,0,8623,5
23/03/2023,Tienda 06,325,2990,0,8298,8
24/03/2023,Tienda 06,347,2990,0,7951,7
25/03/2023,Tienda 06,346,2990,0,7605,6
26/03/2023,Tienda 06,369,2990,0,7236,10
27/03/2023,Tienda 06,289,2990,0,6947,7
28/03/2023,Tienda 06,310,2990,0,6637,6
29/03/2023,Tienda 06,306,2990,0,6331,5
30/03/2023,Tienda 06,343,2990,0,5988,7
31/03/2023,Tienda 06,362,2990,0,5626,6
01/04/2023,Tienda 06,332,2990,0,5294,7
02/04/2023,Tienda 06,363,2990,0,4931,9
03/04/2023,Tienda 06,282,2990,0,4649,8
04/04/2023,Tienda 06,340,2990,0,4309,10
05/04/2023,Tienda 06,319,2990,0,3990,5
06/04/2023,Tienda 06,342,2990,0,3648,7
07/04/2023,Tienda 06,385,2990,0,3263,9
08/04/2023,Tienda 06,477,2542,1,2786,8
09/04/2023,Tienda 06,388,2990,0,9748,7
10/04/2023,Tienda 06,424,2542,1,9324,7
11/04/2023,Tienda 06,329,2990,0,8995,7
12/04/2023,Tienda 06,296,2990,0,8699,8
13/04/2023,Tienda 06,309,2990,0,8390,9
14/04/2023,Tienda 06,365,2990,0,8025,7
15/04/2023,Tienda 06,354,2990,0,7671,11
16/04/2023,Tienda 06,370,2990,0,7301,5
17/04/2023,Tienda 06,327,2990,0,6974,6
18/04/2023,Tienda 06,323,2990,0,6651,7
19/04/2023,Tienda 06,341,2990,0,6310,10
20/04/2023,Tienda 06,349,2990,0,5961,11
21/04/2023,Tienda 06,370,2990,0,5591,5
22/04/2023,Tienda 06,362,2990,0,5229,5
23/04/2023,Tienda 06,351,2990,0,4878,11
24/04/2023,Tienda 06,295,2990,0,4583,8
25/04/2023,Tienda 06,306,2990,0,4277,8
26/04/2023,Tienda 06,268,2990,0,4009,11
27/04/2023,Tienda 06,311,2990,0,3698,7
28/04/2023,Tienda 06,385,2990,0,3313,11
29/04/2023,Tienda 06,406,2990,0,2907,9
30/04/2023,Tienda 06,310,2990,0,2597,8
01/05/2023,Tienda 06,308,2990,0,9639,7
02/05/2023,Tienda 06,293,2990,0,9346,8
03/05/2023,Tienda 06,287,2990,0,9059,10
04/05/2023,Tienda 06,287,2990,0,8772,10
05/05/2023,Tienda 06,361,2990,0,8411,8
06/05/2023,Tienda 06,331,2990,0,8080,6
07/05/2023,Tienda 06,459,2542,1,7621,10
08/05/2023,Tienda 06,321,2990,0,7300,10
09/05/2023,Tienda 06,281,2990,0,7019,6
10/05/2023,Tienda 06,334,2990,0,6685,8
11/05/2023,Tienda 06,276,2990,0,6409,9
12/05/2023,Tienda 06,343,2990,0,6066,7
13/05/2023,Tienda 06,339,2990,0,5727,6
14/05/2023,Tienda 06,384,2990,0,5343,10
15/05/2023,Tienda 06,319,2990,0,5024,7
16/05/2023,Tienda 06,278,2990,0,4746,8
17/05/2023,Tienda 06,292,2990,0,4454,5
18/05/2023,Tienda 06,268,2990,0,4186,8
19/05/2023,Tienda 06,354,2990,0,3832,8
20/05/2023,Tienda 06,351,2990,0,3481,6
21/05/2023,Tienda 06,321,2990,0,3160,7
22/05/2023,Tienda 06,292,2990,0,2868,5
23/05/2023,Tienda 06,291,2990,0,2577,6
24/05/2023,Tienda 06,257,2990,0,9670,10
25/05/2023,Tienda 06,302,2990,0,9368,8
26/05/2023,Tienda 06,329,2990,0,9039,8
27/05/2023,Tienda 06,431,2542,1,8608,5
28/05/2023,Tienda 06,396,2542,1,8212,11
29/05/2023,Tienda 06,271,2990,0,7941,11
30/05/2023,Tienda 06,264,2990,0,7677,5
31/05/2023,Tienda 06,278,2990,0,7399,5
01/06/2023,Tienda 06,280,2990,0,7119,9
02/06/2023,Tienda 06,352,2990,0,6767,6
03/06/2023,Tienda 06,317,2990,0,6450,10
04/06/2023,Tienda 06,326,2990,0,6124,10
05/06/2023,Tienda 06,204,2990,0,5920,7
06/06/2023,Tienda 06,289,2990,0,5631,7
07/06/2023,Tienda 06,282,2990,0,5349,10
08/06/2023,Tienda 06,294,2990,0,5055,9
09/06/2023,Tienda 06,313,2990,0,4742,9
10/06/2023,Tienda 06,416,2542,1,4326,9
11/06/2023,Tienda 06,328,2990,0,3998,10
12/06/2023,Tienda 06,239,2990,0,3759,5
13/06/2023,Tienda 06,334,2542,1,3425,7
14/06/2023,Tienda 06,292,2990,0,3133,11
15/06/2023,Tienda 06,351,2542,1,2782,9
16/06/2023,Tienda 06,309,2990,0,2473,10
17/06/2023,Tienda 06,295,2990,0,9528,8
18/06/2023,Tienda 06,336,2990,0,9192,8
19/06/2023,Tienda 06,319,2542,1,8873,6
20/06/2023,Tienda 06,264,2990,0,8609,6
21/06/2023,Tienda 06,266,2990,0,8343,10
22/06/2023,Tienda 06,243,2990,0,8100,8
23/06/2023,Tienda 06,309,2990,0,7791,11
24/06/2023,Tienda 06,318,2990,0,7473,9
25/06/2023,Tienda 06,328,2990,0,7145,6
26/06/2023,Tienda 06,278,2990,0,6867,9
27/06/2023,Tienda 06,257,2990,0,6610,10
28/06/2023,Tienda 06,264,2990,0,6346,7
29/06/2023,Tienda 06,222,2990,0,6124,5
30/06/2023,Tienda 06,284,2990,0,5840,7
01/07/2023,Tienda 06,281,2990,0,5559,9
02/07/2023,Tienda 06,287,2990,0,5272,6
03/07/2023,Tienda 06,325,2542,1,4947,7
04/07/2023,Tienda 06,255,2990,0,4692,7
05/07/2023,Tienda 06,224,2990,0,4468,9
06/07/2023,Tienda 06,237,2990,0,4231,6
07/07/2023,Tienda 06,318,2990,0,3913,11
08/07/2023,Tienda 06,374,2542,1,3539,6
09/07/2023,Tienda 06,269,2990,0,3270,10
10/07/2023,Tienda 06,257,2542,1,3013,7
11/07/2023,Tienda 06,242,2990,0,2771,10
12/07/2023,Tienda 06,242,2990,0,2529,10
13/07/2023,Tienda 06,258,2990,0,9621,11
14/07/2023,Tienda 06,239,2990,0,9382,7
15/07/2023,Tienda 06,278,2990,0,9104,6
16/07/2023,Tienda 06,318,2990,0,8786,11
17/07/2023,Tienda 06,277,2542,1,8509,5
18/07/2023,Tienda 06,219,2990,0,8290,8
19/07/2023,Tienda 06,219,2990,0,8071,10
20/07/2023,Tienda 06,235,2990,0,7836,9
21/07/2023,Tienda 06,271,2990,0,7565,8
22/07/2023,Tienda 06,266,2990,0,7299,7
23/07/2023,Tienda 06,307,2990,0,6992,11
24/07/2023,Tienda 06,288,2542,1,6704,9
25/07/2023,Tienda 06,302,2542,1,6402,9
26/07/2023,Tienda 06,212,2990,0,6190,8
27/07/2023,Tienda 06,200,2990,0,5990,11
28/07/2023,Tienda 06,262,2990,0,5728,6
29/07/2023,Tienda 06,254,2990,0,5474,11
30/07/2023,Tienda 06,255,2990,0,5219,6
31/07/2023,Tienda 06,221,2990,0,4998,11
01/08/2023,Tienda 06,234,2990,0,4764,10
02/08/2023,Tienda 06,228,2990,0,4536,11
03/08/2023,Tienda 06,216,2990,0,4320,6
04/08/2023,Tienda 06,220,2990,0,4100,9
05/08/2023,Tienda 06,259,2990,0,3841,10
06/08/2023,Tienda 06,332,2542,1,3509,9
07/08/2023,Tienda 06,195,2990,0,3314,7
08/08/2023,Tienda 06,218,2990,0,3096,7
09/08/2023,Tienda 06,197,2990,0,2899,9
10/08/2023,Tienda 06,193,2990,0,2706,8
11/08/2023,Tienda 06,250,2990,0,2456,9
12/08/2023,Tienda 06,221,2990,0,9585,5
13/08/2023,Tienda 06,250,2990,0,9335,10
14/08/2023,Tienda 06,217,2990,0,9118,11
15/08/2023,Tienda 06,217,2990,0,8901,10
16/08/2023,Tienda 06,227,2990,0,8674,9
17/08/2023,Tienda 06,201,2990,0,8473,5
18/08/2023,Tienda 06,229,2990,0,8244,5
19/08/2023,Tienda 06,191,2990,0,8053,6
20/08/2023,Tienda 06,223,2990,0,7830,10
21/08/2023,Tienda 06,180,2990,0,7650,9
22/08/2023,Tienda 06,170,2990,0,7480,7
23/08/2023,Tienda 06,166,2990,0,7314,8
24/08/2023,Tienda 06,216,2990,0,7098,5
25/08/2023,Tienda 06,241,2990,0,6857,8
26/08/2023,Tienda 06,224,2990,0,6633,10
27/08/2023,Tienda 06,221,2990,0,6412,10
28/08/2023,Tienda 06,222,2990,0,6190,9
29/08/2023,Tienda 06,185,2990,0,6005,5
30/08/2023,Tienda 06,159,2990,0,5846,5
31/08/2023,Tienda 06,218,2990,0,5628,9
01/09/2023,Tienda 06,204,2990,0,5424,9
02/09/2023,Tienda 06,209,2990,0,5215,8
03/09/2023,Tienda 06,191,2990,0,5024,5
04/09/2023,Tienda 06,198,2990,0,4826,5
05/09/2023,Tienda 06,218,2990,0,4608,6
06/09/2023,Tienda 06,212,2990,0,4396,11
07/09/2023,Tienda 06,197,2990,0,4199,9
08/09/2023,Tienda 06,220,2990,0,3979,9
09/09/2023,Tienda 06,196,2990,0,3783,6
10/09/2023,Tienda 06,227,2990,0,3556,8
11/09/2023,Tienda 06,236,2542,1,3320,5
12/09/2023,Tienda 06,198,2990,0,3122,8
13/09/2023,Tienda 06,231,2542,1,2891,10
14/09/2023,Tienda 06,175,2990,0,2716,6
15/09/2023,Tienda 06,220,2990,0,2496,10
16/09/2023,Tienda 06,234,2990,0,9612,7
17/09/2023,Tienda 06,234,2990,0,9378,10
18/09/2023,Tienda 06,136,2990,0,9242,8
19/09/2023,Tienda 06,178,2990,0,9064,11
20/09/2023,Tienda 06,149,2990,0,8915,6
21/09/2023,Tienda 06,190,2990,0,8725,6
22/09/2023,Tienda 06,266,2542,1,8459,5
23/09/2023,Tienda 06,256,2990,0,8203,8
24/09/2023,Tienda 06,215,2990,0,7988,8
25/09/2023,Tienda 06,180,2990,0,7808,5
26/09/2023,Tienda 06,193,2990,0,7615,5
27/09/2023,Tienda 06,177,2990,0,7438,9
28/09/2023,Tienda 06,177,2990,0,7261,9
29/09/2023,Tienda 06,245,2990,0,7016,5
30/09/2023,Tienda 06,198,2990,0,6818,8
01/10/2023,Tienda 06,217,2990,0,6601,10
02/10/2023,Tienda 06,181,2990,0,6420,7
03/10/2023,Tienda 06,162,2990,0,6258,6
04/10/2023,Tienda 06,244,2542,1,6014,6
05/10/2023,Tienda 06,215,2990,0,5799,6
06/10/2023,Tienda 06,205,2990,0,5594,9
07/10/2023,Tienda 06,211,2990,0,5383,11
08/10/2023,Tienda 06,237,2990,0,5146,9
09/10/2023,Tienda 06,256,2542,1,4890,11
10/10/2023,Tienda 06,192,2990,0,4698,7
11/10/2023,Tienda 06,225,2542,1,4473,5
12/10/2023,Tienda 06,235,2542,1,4238,10
13/10/2023,Tienda 06,232,2990,0,4006,10
14/10/2023,Tienda 06,258,2542,1,3748,8
15/10/2023,Tienda 06,223,2990,0,3525,6
16/10/2023,Tienda 06,159,2990,0,3366,5
17/10/2023,Tienda 06,182,2990,0,3184,10
18/10/2023,Tienda 06,184,2990,0,3000,5
19/10/2023,Tienda 06,155,2990,0,2845,6
20/10/2023,Tienda 06,172,2990,0,2673,6
21/10/2023,Tienda 06,269,2990,0,9754,6
22/10/2023,Tienda 06,247,2990,0,9507,9
23/10/2023,Tienda 06,181,2990,0,9326,5
24/10/2023,Tienda 06,204,2990,0,9122,8
25/10/2023,Tienda 06,200,2990,0,8922,9
26/10/2023,Tienda 06,183,2990,0,8739,7
27/10/2023,Tienda 06,214,2990,0,8525,9
28/10/2023,Tienda 06,221,2990,0,8304,6
29/10/2023,Tienda 06,234,2990,0,8070,11
30/10/2023,Tienda 06,200,2990,0,7870,9
31/10/2023,Tienda 06,227,2990,0,7643,8
01/11/2023,Tienda 06,177,2990,0,7466,6
02/11/2023,Tienda 06,165,2990,0,7301,11
03/11/2023,Tienda 06,219,2990,0,7082,7
04/11/2023,Tienda 06,227,2990,0,6855,10
05/11/2023,Tienda 06,223,2990,0,6632,11
06/11/2023,Tienda 06,184,2990,0,6448,7
07/11/2023,Tienda 06,167,2990,0,6281,8
08/11/2023,Tienda 06,217,2990,0,6064,7
09/11/2023,Tienda 06,169,2990,0,5895,7
10/11/2023,Tienda 06,244,2990,0,5651,10
11/11/2023,Tienda 06,240,2990,0,5411,6
12/11/2023,Tienda 06,269,2990,0,5142,9
13/11/2023,Tienda 06,245,2542,1,4897,9
14/11/2023,Tienda 06,194,2990,0,4703,10
15/11/2023,Tienda 06,198,2990,0,4505,6
16/11/2023,Tienda 06,207,2990,0,4298,7
17/11/2023,Tienda 06,247,2990,0,4051,8
18/11/2023,Tienda 06,225,2990,0,3826,10
19/11/2023,Tienda 06,209,2990,0,3617,7
20/11/2023,Tienda 06,188,2990,0,3429,11
21/11/2023,Tienda 06,283,2542,1,3146,10
22/11/2023,Tienda 06,250,2542,1,2896,9
23/11/2023,Tienda 06,225,2990,0,2671,6
24/11/2023,Tienda 06,242,2990,0,9779,7
25/11/2023,Tienda 06,254,2990,0,9525,6
26/11/2023,Tienda 06,354,2542,1,9171,8
27/11/2023,Tienda 06,301,2542,1,8870,11
28/11/2023,Tienda 06,205,2990,0,8665,5
29/11/2023,Tienda 06,230,2990,0,8435,7
30/11/2023,Tienda 06,231,2990,0,8204,8
01/12/2023,Tienda 06,240,2990,0,7964,11
02/12/2023,Tienda 06,282,2990,0,7682,5
03/12/2023,Tienda 06,254,2990,0,7428,7
04/12/2023,Tienda 06,205,2990,0,7223,11
05/12/2023,Tienda 06,240,2990,0,6983,8
06/12/2023,Tienda 06,302,2542,1,6681,11
07/12/2023,Tienda 06,218,2990,0,6463,7
08/12/2023,Tienda 06,291,2990,0,6172,9
09/12/2023,Tienda 06,269,2990,0,5903,9
10/12/2023,Tienda 06,253,2990,0,5650,11
11/12/2023,Tienda 06,308,2542,1,5342,9
12/12/2023,Tienda 06,248,2990,0,5094,5
13/12/2023,Tienda 06,246,2990,0,4848,11
14/12/2023,Tienda 06,249,2990,0,4599,6
15/12/2023,Tienda 06,279,2990,0,4320,10
16/12/2023,Tienda 06,243,2990,0,4077,5
17/12/2023,Tienda 06,364,2542,1,3713,8
18/12/2023,Tienda 06,202,2990,0,3511,11
19/12/2023,Tienda 06,239,2990,0,3272,10
20/12/2023,Tienda 06,276,2990,0,2996,10
21/12/2023,Tienda 06,180,2990,0,2816,7
22/12/2023,Tienda 06,274,2990,0,2542,10
23/12/2023,Tienda 06,265,2990,0,9627,6
24/12/2023,Tienda 06,279,2990,0,9348,6
25/12/2023,Tienda 06,222,2990,0,9126,8
26/12/2023,Tienda 06,233,2990,0,8893,9
27/12/2023,Tienda 06,217,2990,0,8676,10
28/12/2023,Tienda 06,221,2990,0,8455,10
29/12/2023,Tienda 06,289,2990,0,8166,9
30/12/2023,Tienda 06,317,2990,0,7849,6
31/12/2023,Tienda 06,265,2990,0,7584,8
01/01/2024,Tienda 06,243,3110,0,7341,10
02/01/2024,Tienda 06,335,2643,1,7006,11
03/01/2024,Tienda 06,254,3110,0,6752,7
04/01/2024,Tienda 06,273,3110,0,6479,11
05/01/2024,Tienda 06,393,2643,1,6086,10
06/01/2024,Tienda 06,319,3110,0,5767,9
07/01/2024,Tienda 06,293,3110,0,5474,6
08/01/2024,Tienda 06,274,3110,0,5200,11
09/01/2024,Tienda 06,254,3110,0,4946,5
10/01/2024,Tienda 06,214,3110,0,4732,9
11/01/2024,Tienda 06,239,3110,0,4493,9
12/01/2024,Tienda 06,320,3110,0,4173,5
13/01/2024,Tienda 06,290,3110,0,3883,11
14/01/2024,Tienda 06,305,3110,0,3578,11
15/01/2024,Tienda 06,263,3110,0,3315,10
16/01/2024,Tienda 06,244,3110,0,3071,6
17/01/2024,Tienda 06,289,3110,0,2782,10
18/01/2024,Tienda 06,249,3110,0,2533,6
19/01/2024,Tienda 06,340,3110,0,9543,5
20/01/2024,Tienda 06,316,3110,0,9227,10
21/01/2024,Tienda 06,396,2643,1,8831,9
22/01/2024,Tienda 06,303,3110,0,8528,9
23/01/2024,Tienda 06,322,2643,1,8206,5
24/01/2024,Tienda 06,255,3110,0,7951,6
25/01/2024,Tienda 06,284,3110,0,7667,8
26/01/2024,Tienda 06,321,3110,0,7346,7
27/01/2024,Tienda 06,325,3110,0,7021,11
28/01/2024,Tienda 06,334,3110,0,6687,7
29/01/2024,Tienda 06,281,3110,0,6406,8
30/01/2024,Tienda 06,293,3110,0,6113,5
31/01/2024,Tienda 06,273,3110,0,5840,6
01/02/2024,Tienda 06,303,3110,0,5537,11
02/02/2024,Tienda 06,409,2643,1,5128,8
03/02/2024,Tienda 06,311,3110,0,4817,6
04/02/2024,Tienda 06,418,2643,1,4399,9
05/02/2024,Tienda 06,252,3110,0,4147,11
06/02/2024,Tienda 06,241,3110,0,3906,6
07/02/2024,Tienda 06,301,3110,0,3605,10
08/02/2024,Tienda 06,252,3110,0,3353,6
09/02/2024,Tienda 06,317,3110,0,3036,10
10/02/2024,Tienda 06,304,3110,0,2732,6
11/02/2024,Tienda 06,356,3110,0,9726,11
12/02/2024,Tienda 06,287,3110,0,9439,6
13/02/2024,Tienda 06,286,3110,0,9153,8
14/02/2024,Tienda 06,276,3110,0,8877,8
15/02/2024,Tienda 06,309,3110,0,8568,11
16/02/2024,Tienda 06,318,3110,0,8250,9
17/02/2024,Tienda 06,384,3110,0,7866,6
18/02/2024,Tienda 06,345,3110,0,7521,5
19/02/2024,Tienda 06,282,3110,0,7239,5
20/02/2024,Tienda 06,309,3110,0,6930,5
21/02/2024,Tienda 06,310,3110,0,6620,8
22/02/2024,Tienda 06,339,3110,0,6281,10
23/02/2024,Tienda 06,334,3110,0,5947,7
24/02/2024,Tienda 06,385,3110,0,5562,10
25/02/2024,Tienda 06,464,2643,1,5098,7
26/02/2024,Tienda 06,292,3110,0,4806,9
27/02/2024,Tienda 06,358,2643,1,4448,11
28/02/2024,Tienda 06,300,3110,0,4148,7
29/02/2024,Tienda 06,379,2643,1,3769,11
01/03/2024,Tienda 06,356,3110,0,3413,9
02/03/2024,Tienda 06,354,3110,0,3059,9
03/03/2024,Tienda 06,347,3110,0,2712,5
04/03/2024,Tienda 06,285,3110,0,9777,9
05/03/2024,Tienda 06,293,3110,0,9484,8
06/03/2024,Tienda 06,324,3110,0,9160,5
07/03/2024,Tienda 06,283,3110,0,8877,5
08/03/2024,Tienda 06,383,3110,0,8494,9
09/03/2024,Tienda 06,331,3110,0,8163,7
10/03/2024,Tienda 06,391,3110,0,7772,9
11/03/2024,Tienda 06,390,2643,1,7382,11
12/03/2024,Tienda 06,387,2643,1,6995,5
13/03/2024,Tienda 06,323,3110,0,6672,6
14/03/2024,Tienda 06,287,3110,0,6385,6
15/03/2024,Tienda 06,355,3110,0,6030,10
16/03/2024,Tienda 06,397,3110,0,5633,5
17/03/2024,Tienda 06,333,3110,0,5300,8
18/03/2024,Tienda 06,289,3110,0,5011,11
19/03/2024,Tienda 06,312,3110,0,4699,10
20/03/2024,Tienda 06,305,3110,0,4394,9
21/03/2024,Tienda 06,304,3110,0,4090,6
22/03/2024,Tienda 06,456,2643,1,3634,7
23/03/2024,Tienda 06,367,3110,0,3267,8
24/03/2024,Tienda 06,355,3110,0,2912,7
25/03/2024,Tienda 06,287,3110,0,2625,11
26/03/2024,Tienda 06,297,3110,0,9678,10
27/03/2024,Tienda 06,285,3110,0,9393,5
28/03/2024,Tienda 06,302,3110,0,9091,8
29/03/2024,Tienda 06,452,2643,1,8639,9
30/03/2024,Tienda 06,364,3110,0,8275,10
31/03/2024,Tienda 06,403,3110,0,7872,11
01/04/2024,Tienda 06,275,3110,0,7597,5
02/04/2024,Tienda 06,313,3110,0,7284,10
03/04/2024,Tienda 06,317,3110,0,6967,6
04/04/2024,Tienda 06,318,3110,0,6649,10
05/04/2024,Tienda 06,486,2643,1,6163,10
06/04/2024,Tienda 06,396,3110,0,5767,10
07/04/2024,Tienda 06,337,3110,0,5430,8
08/04/2024,Tienda 06,312,3110,0,5118,8
09/04/2024,Tienda 06,297,3110,0,4821,7
10/04/2024,Tienda 06,315,3110,0,4506,8
11/04/2024,Tienda 06,302,3110,0,4204,11
12/04/2024,Tienda 06,358,3110,0,3846,8
13/04/2024,Tienda 06,355,3110,0,3491,10
14/04/2024,Tienda 06,368,3110,0,3123,7
15/04/2024,Tienda 06,296,3110,0,2827,11
16/04/2024,Tienda 06,305,3110,0,2522,10
17/04/2024,Tienda 06,310,3110,0,9562,7
18/04/2024,Tienda 06,286,3110,0,9276,9
19/04/2024,Tienda 06,340,3110,0,8936,11
20/04/2024,Tienda 06,432,2643,1,8504,10
21/04/2024,Tienda 06,467,2643,1,8037,11
22/04/2024,Tienda 06,281,3110,0,7756,10
23/04/2024,Tienda 06,397,2643,1,7359,5
24/04/2024,Tienda 06,308,3110,0,7051,9
25/04/2024,Tienda 06,297,3110,0,6754,11
26/04/2024,Tienda 06,330,3110,0,6424,11
27/04/2024,Tienda 06,370,3110,0,6054,5
28/04/2024,Tienda 06,338,3110,0,5716,11
29/04/2024,Tienda 06,300,3110,0,5416,11
30/04/2024,Tienda 06,274,3110,0,5142,5
01/05/2024,Tienda 06,318,3110,0,4824,9
02/05/2024,Tienda 06,267,3110,0,4557,8
03/05/2024,Tienda 06,354,3110,0,4203,11
04/05/2024,Tienda 06,457,2643,1,3746,8
05/05/2024,Tienda 06,349,3110,0,3397,5
06/05/2024,Tienda 06,295,3110,0,3102,8
07/05/2024,Tienda 06,335,2643,1,2767,8
08/05/2024,Tienda 06,298,3110,0,2469,8
09/05/2024,Tienda 06,310,3110,0,9509,10
10/05/2024,Tienda 06,337,3110,0,9172,6
11/05/2024,Tienda 06,372,3110,0,8800,5
12/05/2024,Tienda 06,351,3110,0,8449,9
13/05/2024,Tienda 06,338,3110,0,8111,11
14/05/2024,Tienda 06,274,3110,0,7837,9
15/05/2024,Tienda 06,287,3110,0,7550,6
16/05/2024,Tienda 06,295,3110,0,7255,7
17/05/2024,Tienda 06,347,3110,0,6908,6
18/05/2024,Tienda 06,349,3110,0,6559,8
19/05/2024,Tienda 06,317,3110,0,6242,10
20/05/2024,Tienda 06,289,3110,0,5953,7
21/05/2024,Tienda 06,361,2643,1,5592,5
22/05/2024,Tienda 06,259,3110,0,5333,5
23/05/2024,Tienda 06,285,3110,0,5048,5
24/05/2024,Tienda 06,355,3110,0,4693,8
25/05/2024,Tienda 06,323,3110,0,4370,8
26/05/2024,Tienda 06,314,3110,0,4056,10
27/05/2024,Tienda 06,269,3110,0,3787,9
28/05/2024,Tienda 06,279,3110,0,3508,5
29/05/2024,Tienda 06,267,3110,0,3241,9
30/05/2024,Tienda 06,278,3110,0,2963,5
31/05/2024,Tienda 06,347,3110,0,2616,9
01/06/2024,Tienda 06,432,2643,1,9534,11
02/06/2024,Tienda 06,291,3110,0,9243,6
03/06/2024,Tienda 06,258,3110,0,8985,11
04/06/2024,Tienda 06,291,3110,0,8694,6
05/06/2024,Tienda 06,302,3110,0,8392,11
06/06/2024,Tienda 06,266,3110,0,8126,5
07/06/2024,Tienda 06,316,3110,0,7810,7
08/06/2024,Tienda 06,304,3110,0,7506,6
09/06/2024,Tienda 06,301,3110,0,7205,7
10/06/2024,Tienda 06,274,3110,0,6931,8
11/06/2024,Tienda 06,275,3110,0,6656,5
12/06/2024,Tienda 06,263,3110,0,6393,8
13/06/2024,Tienda 06,346,2643,1,6047,10
14/06/2024,Tienda 06,319,3110,0,5728,5
15/06/2024,Tienda 06,327,3110,0,5401,8
16/06/2024,Tienda 06,296,3110,0,5105,11
17/06/2024,Tienda 06,281,3110,0,4824,9
18/06/2024,Tienda 06,306,2643,1,4518,9
19/06/2024,Tienda 06,286,3110,0,4232,6
20/06/2024,Tienda 06,244,3110,0,3988,11
21/06/2024,Tienda 06,301,3110,0,3687,7
22/06/2024,Tienda 06,321,3110,0,3366,8
23/06/2024,Tienda 06,275,3110,0,3091,6
24/06/2024,Tienda 06,279,3110,0,2812,11
25/06/2024,Tienda 06,233,3110,0,2579,9
26/06/2024,Tienda 06,250,3110,0,9679,7
27/06/2024,Tienda 06,294,3110,0,9385,10
28/06/2024,Tienda 06,293,3110,0,9092,7
29/06/2024,Tienda 06,284,3110,0,8808,8
30/06/2024,Tienda 06,376,2643,1,8432,9
01/07/2024,Tienda 06,258,3110,0,8174,6
02/07/2024,Tienda 06,248,3110,0,7926,7
03/07/2024,Tienda 06,249,3110,0,7677,7
04/07/2024,Tienda 06,238,3110,0,7439,10
05/07/2024,Tienda 06,282,3110,0,7157,11
06/07/2024,Tienda 06,382,2643,1,6775,9
07/07/2024,Tienda 06,269,3110,0,6506,9
08/07/2024,Tienda 06,200,3110,0,6306,10
09/07/2024,Tienda 06,288,2643,1,6018,10
10/07/2024,Tienda 06,223,3110,0,5795,5
11/07/2024,Tienda 06,248,3110,0,5547,10
12/07/2024,Tienda 06,274,3110,0,5273,10
13/07/2024,Tienda 06,315,3110,0,4958,6
14/07/2024,Tienda 06,289,3110,0,4669,8
15/07/2024,Tienda 06,218,3110,0,4451,9
16/07/2024,Tienda 06,210,3110,0,4241,6
17/07/2024,Tienda 06,230,3110,0,4011,11
18/07/2024,Tienda 06,222,3110,0,3789,8
19/07/2024,Tienda 06,353,2643,1,3436,7
20/07/2024,Tienda 06,325,2643,1,3111,8
21/07/2024,Tienda 06,321,2643,1,2790,10
22/07/2024,Tienda 06,221,3110,0,2569,6
23/07/2024,Tienda 06,256,3110,0,9663,6
24/07/2024,Tienda 06,207,3110,0,9456,10
25/07/2024,Tienda 06,204,3110,0,9252,5
26/07/2024,Tienda 06,278,3110,0,8974,8
27/07/2024,Tienda 06,248,3110,0,8726,11
28/07/2024,Tienda 06,230,3110,0,8496,11
29/07/2024,Tienda 06,212,3110,0,8284,5
30/07/2024,Tienda 06,238,3110,0,8046,8
31/07/2024,Tienda 06,180,3110,0,7866,5
01/08/2024,Tienda 06,223,3110,0,7643,9
02/08/2024,Tienda 06,283,3110,0,7360,10
03/08/2024,Tienda 06,247,3110,0,7113,5
04/08/2024,Tienda 06,244,3110,0,6869,10
05/08/2024,Tienda 06,192,3110,0,6677,8
06/08/2024,Tienda 06,189,3110,0,6488,7
07/08/2024,Tienda 06,212,3110,0,6276,10
08/08/2024,Tienda 06,251,2643,1,6025,8
09/08/2024,Tienda 06,233,3110,0,5792,7
10/08/2024,Tienda 06,223,3110,0,5569,5
11/08/2024,Tienda 06,231,3110,0,5338,7
12/08/2024,Tienda 06,225,3110,0,5113,9
13/08/2024,Tienda 06,202,3110,0,4911,6
14/08/2024,Tienda 06,201,3110,0,4710,8
15/08/2024,Tienda 06,185,3110,0,4525,5
16/08/2024,Tienda 06,209,3110,0,4316,11
17/08/2024,Tienda 06,228,3110,0,4088,9
18/08/2024,Tienda 06,203,3110,0,3885,6
19/08/2024,Tienda 06,209,3110,0,3676,6
20/08/2024,Tienda 06,204,3110,0,3472,8
21/08/2024,Tienda 06,204,3110,0,3268,6
22/08/2024,Tienda 06,263,2643,1,3005,10
23/08/2024,Tienda 06,323,2643,1,2682,11
24/08/2024,Tienda 06,258,3110,0,9774,9
25/08/2024,Tienda 06,216,3110,0,9558,5
26/08/2024,Tienda 06,193,3110,0,9365,11
27/08/2024,Tienda 06,209,3110,0,9156,11
28/08/2024,Tienda 06,193,3110,0,8963,7
29/08/2024,Tienda 06,231,2643,1,8732,9
30/08/2024,Tienda 06,246,3110,0,8486,7
31/08/2024,Tienda 06,235,3110,0,8251,6
01/09/2024,Tienda 06,234,3110,0,8017,7
02/09/2024,Tienda 06,199,3110,0,7818,5
03/09/2024,Tienda 06,232,2643,1,7586,10
04/09/2024,Tienda 06,211,3110,0,7375,9
05/09/2024,Tienda 06,220,3110,0,7155,9
06/09/2024,Tienda 06,243,3110,0,6912,10
07/09/2024,Tienda 06,226,3110,0,6686,8
08/09/2024,Tienda 06,220,3110,0,6466,10
09/09/2024,Tienda 06,201,3110,0,6265,11
10/09/2024,Tienda 06,176,3110,0,6089,9
11/09/2024,Tienda 06,191,3110,0,5898,9
12/09/2024,Tienda 06,171,3110,0,5727,5
13/09/2024,Tienda 06,243,3110,0,5484,7
14/09/2024,Tienda 06,233,3110,0,5251,7
15/09/2024,Tienda 06,222,3110,0,5029,10
16/09/2024,Tienda 06,159,3110,0,4870,6
17/09/2024,Tienda 06,249,2643,1,4621,7
18/09/2024,Tienda 06,174,3110,0,4447,6
19/09/2024,Tienda 06,182,3110,0,4265,5
20/09/2024,Tienda 06,201,3110,0,4064,5
21/09/2024,Tienda 06,209,3110,0,3855,5
22/09/2024,Tienda 06,238,3110,0,3617,10
23/09/2024,Tienda 06,186,3110,0,3431,10
24/09/2024,Tienda 06,186,3110,0,3245,8
25/09/2024,Tienda 06,199,3110,0,3046,11
26/09/2024,Tienda 06,204,3110,0,2842,8
27/09/2024,Tienda 06,251,3110,0,2591,6
28/09/2024,Tienda 06,190,3110,0,9751,7
29/09/2024,Tienda 06,246,3110,0,9505,11
30/09/2024,Tienda 06,183,3110,0,9322,9
01/10/2024,Tienda 06,172,3110,0,9150,6
02/10/2024,Tienda 06,141,3110,0,9009,11
03/10/2024,Tienda 06,202,3110,0,8807,8
04/10/2024,Tienda 06,229,3110,0,8578,6
05/10/2024,Tienda 06,284,2643,1,8294,10
06/10/2024,Tienda 06,281,2643,1,8013,6
07/10/2024,Tienda 06,188,3110,0,7825,6
08/10/2024,Tienda 06,183,3110,0,7642,6
09/10/2024,Tienda 06,190,3110,0,7452,8
10/10/2024,Tienda 06,223,3110,0,7229,9
11/10/2024,Tienda 06,268,2643,1,6961,7
12/10/2024,Tienda 06,218,3110,0,6743,5
13/10/2024,Tienda 06,242,3110,0,6501,5
14/10/2024,Tienda 06,210,3110,0,6291,6
15/10/2024,Tienda 06,200,3110,0,6091,11
16/10/2024,Tienda 06,194,3110,0,5897,6
17/10/2024,Tienda 06,158,3110,0,5739,7
18/10/2024,Tienda 06,189,3110,0,5550,9
19/10/2024,Tienda 06,196,3110,0,5354,6
20/10/2024,Tienda 06,204,3110,0,5150,10
21/10/2024,Tienda 06,179,3110,0,4971,6
22/10/2024,Tienda 06,209,3110,0,4762,8
23/10/2024,Tienda 06,272,2643,1,4490,7
24/10/2024,Tienda 06,219,3110,0,4271,8
25/10/2024,Tienda 06,204,3110,0,4067,6
26/10/2024,Tienda 06,224,3110,0,3843,9
27/10/2024,Tienda 06,215,3110,0,3628,5
28/10/2024,Tienda 06,189,3110,0,3439,10
29/10/2024,Tienda 06,198,3110,0,3241,9
30/10/2024,Tienda 06,199,3110,0,3042,6
31/10/2024,Tienda 06,176,3110,0,2866,11
01/11/2024,Tienda 06,233,3110,0,2633,8
02/11/2024,Tienda 06,235,3110,0,9748,5
03/11/2024,Tienda 06,209,3110,0,9539,8
04/11/2024,Tienda 06,185,3110,0,9354,7
05/11/2024,Tienda 06,176,3110,0,9178,10
06/11/2024,Tienda 06,235,3110,0,8943,6
07/11/2024,Tienda 06,178,3110,0,8765,10
08/11/2024,Tienda 06,249,3110,0,8516,9
09/11/2024,Tienda 06,222,3110,0,8294,7
10/11/2024,Tienda 06,212,3110,0,8082,9
11/11/2024,Tienda 06,282,2643,1,7800,9
12/11/2024,Tienda 06,156,3110,0,7644,5
13/11/2024,Tienda 06,227,3110,0,7417,10
14/11/2024,Tienda 06,197,3110,0,7220,10
15/11/2024,Tienda 06,238,3110,0,6982,9
16/11/2024,Tienda 06,244,3110,0,6738,6
17/11/2024,Tienda 06,242,3110,0,6496,8
18/11/2024,Tienda 06,190,3110,0,6306,7
19/11/2024,Tienda 06,232,3110,0,6074,11
20/11/2024,Tienda 06,169,3110,0,5905,5
21/11/2024,Tienda 06,288,2643,1,5617,5
22/11/2024,Tienda 06,327,2643,1,5290,9
23/11/2024,Tienda 06,242,3110,0,5048,5
24/11/2024,Tienda 06,310,2643,1,4738,8
25/11/2024,Tienda 06,206,3110,0,4532,10
26/11/2024,Tienda 06,309,2643,1,4223,5
27/11/2024,Tienda 06,219,3110,0,4004,7
28/11/2024,Tienda 06,197,3110,0,3807,6
29/11/2024,Tienda 06,311,2643,1,3496,11
30/11/2024,Tienda 06,257,3110,0,3239,7
01/12/2024,Tienda 06,238,3110,0,3001,8
02/12/2024,Tienda 06,220,3110,0,2781,6
03/12/2024,Tienda 06,317,2643,1,2464,6
04/12/2024,Tienda 06,241,3110,0,9573,10
05/12/2024,Tienda 06,224,3110,0,9349,7
06/12/2024,Tienda 06,256,3110,0,9093,11
07/12/2024,Tienda 06,272,3110,0,8821,9
08/12/2024,Tienda 06,248,3110,0,8573,8
09/12/2024,Tienda 06,228,3110,0,8345,7
10/12/2024,Tienda 06,225,3110,0,8120,5
11/12/2024,Tienda 06,240,3110,0,7880,5
12/12/2024,Tienda 06,223,3110,0,7657,6
13/12/2024,Tienda 06,338,2643,1,7319,7
14/12/2024,Tienda 06,360,2643,1,6959,7
15/12/2024,Tienda 06,270,3110,0,6689,6
16/12/2024,Tienda 06,222,3110,0,6467,10
17/12/2024,Tienda 06,230,3110,0,6237,9
18/12/2024,Tienda 06,245,3110,0,5992,10
19/12/2024,Tienda 06,187,3110,0,5805,6
20/12/2024,Tienda 06,271,3110,0,5534,10
21/12/2024,Tienda 06,266,3110,0,5268,7
22/12/2024,Tienda 06,270,3110,0,4998,11
23/12/2024,Tienda 06,261,3110,0,4737,8
24/12/2024,Tienda 06,262,3110,0,4475,11
25/12/2024,Tienda 06,232,3110,0,4243,10
26/12/2024,Tienda 06,231,3110,0,4012,9
27/12/2024,Tienda 06,267,3110,0,3745,8
28/12/2024,Tienda 06,310,3110,0,3435,5
29/12/2024,Tienda 06,301,3110,0,3134,8
30/12/2024,Tienda 06,245,3110,0,2889,5
31/12/2024,Tienda 06,227,3110,0,2662,10
01/01/2025,Tienda 06,233,3229,0,9779,7
02/01/2025,Tienda 06,329,2745,1,9450,9
03/01/2025,Tienda 06,295,3229,0,9155,8
04/01/2025,Tienda 06,299,3229,0,8856,8
05/01/2025,Tienda 06,253,3229,0,8603,5
06/01/2025,Tienda 06,262,3229,0,8341,10
07/01/2025,Tienda 06,251,3229,0,8090,7
08/01/2025,Tienda 06,352,2745,1,7738,5
09/01/2025,Tienda 06,255,3229,0,7483,11
10/01/2025,Tienda 06,307,3229,0,7176,9
11/01/2025,Tienda 06,340,3229,0,6836,8
12/01/2025,Tienda 06,265,3229,0,6571,5
13/01/2025,Tienda 06,237,3229,0,6334,10
14/01/2025,Tienda 06,252,3229,0,6082,5
15/01/2025,Tienda 06,243,3229,0,5839,11
16/01/2025,Tienda 06,244,3229,0,5595,8
17/01/2025,Tienda 06,361,3229,0,5234,9
18/01/2025,Tienda 06,308,3229,0,4926,5
19/01/2025,Tienda 06,297,3229,0,4629,6
20/01/2025,Tienda 06,299,3229,0,4330,11
21/01/2025,Tienda 06,244,3229,0,4086,11
22/01/2025,Tienda 06,263,3229,0,3823,9
23/01/2025,Tienda 06,253,3229,0,3570,10
24/01/2025,Tienda 06,305,3229,0,3265,5
25/01/2025,Tienda 06,315,3229,0,2950,9
26/01/2025,Tienda 06,335,3229,0,2615,10
27/01/2025,Tienda 06,304,3229,0,9661,6
28/01/2025,Tienda 06,266,3229,0,9395,6
29/01/2025,Tienda 06,277,3229,0,9118,7
30/01/2025,Tienda 06,277,3229,0,8841,11
31/01/2025,Tienda 06,447,2745,1,8394,7
01/02/2025,Tienda 06,337,3229,0,8057,9
02/02/2025,Tienda 06,440,2745,1,7617,11
03/02/2025,Tienda 06,382,2745,1,7235,6
04/02/2025,Tienda 06,402,2745,1,6833,10
05/02/2025,Tienda 06,278,3229,0,6555,8
06/02/2025,Tienda 06,242,3229,0,6313,5
07/02/2025,Tienda 06,313,3229,0,6000,10
08/02/2025,Tienda 06,355,3229,0,5645,5
09/02/2025,Tienda 06,320,3229,0,5325,5
10/02/2025,Tienda 06,271,3229,0,5054,9
11/02/2025,Tienda 06,289,3229,0,4765,10
12/02/2025,Tienda 06,353,2745,1,4412,9
13/02/2025,Tienda 06,384,2745,1,4028,9
14/02/2025,Tienda 06,333,3229,0,3695,10
15/02/2025,Tienda 06,379,3229,0,3316,10
16/02/2025,Tienda 06,349,3229,0,2967,10
17/02/2025,Tienda 06,362,2745,1,2605,11
18/02/2025,Tienda 06,265,3229,0,9690,9
19/02/2025,Tienda 06,280,3229,0,9410,8
20/02/2025,Tienda 06,299,3229,0,9111,10
21/02/2025,Tienda 06,463,2745,1,8648,5
22/02/2025,Tienda 06,342,3229,0,8306,10
23/02/2025,Tienda 06,320,3229,0,7986,8
24/02/2025,Tienda 06,294,3229,0,7692,9
25/02/2025,Tienda 06,282,3229,0,7410,9
26/02/2025,Tienda 06,276,3229,0,7134,10
27/02/2025,Tienda 06,301,3229,0,6833,10
28/02/2025,Tienda 06,350,3229,0,6483,10
01/03/2025,Tienda 06,368,3229,0,6115,11
02/03/2025,Tienda 06,361,3229,0,5754,8
03/03/2025,Tienda 06,376,2745,1,5378,5
04/03/2025,Tienda 06,308,3229,0,5070,7
05/03/2025,Tienda 06,276,3229,0,4794,9
06/03/2025,Tienda 06,276,3229,0,4518,7
07/03/2025,Tienda 06,389,3229,0,4129,6
08/03/2025,Tienda 06,335,3229,0,3794,11
09/03/2025,Tienda 06,332,3229,0,3462,5
10/03/2025,Tienda 06,309,3229,0,3153,7
11/03/2025,Tienda 06,305,3229,0,2848,6
12/03/2025,Tienda 06,318,3229,0,2530,5
13/03/2025,Tienda 06,317,3229,0,9563,7
14/03/2025,Tienda 06,387,3229,0,9176,6
15/03/2025,Tienda 06,348,3229,0,8828,10
16/03/2025,Tienda 06,337,3229,0,8491,9
17/03/2025,Tienda 06,314,3229,0,8177,6
18/03/2025,Tienda 06,298,3229,0,7879,5
19/03/2025,Tienda 06,325,3229,0,7554,7
20/03/2025,Tienda 06,323,3229,0,7231,9
21/03/2025,Tienda 06,412,3229,0,6819,11
22/03/2025,Tienda 06,342,3229,0,6477,7
23/03/2025,Tienda 06,354,3229,0,6123,6
24/03/2025,Tienda 06,329,3229,0,5794,10
25/03/2025,Tienda 06,366,2745,1,5428,5
26/03/2025,Tienda 06,281,3229,0,5147,5
27/03/2025,Tienda 06,291,3229,0,4856,8
28/03/2025,Tienda 06,351,3229,0,4505,5
29/03/2025,Tienda 06,381,3229,0,4124,11
30/03/2025,Tienda 06,366,3229,0,3758,11
31/03/2025,Tienda 06,316,3229,0,3442,6
01/04/2025,Tienda 06,269,3229,0,3173,5
02/04/2025,Tienda 06,313,3229,0,2860,7
03/04/2025,Tienda 06,281,3229,0,2579,5
04/04/2025,Tienda 06,346,3229,0,9583,7
05/04/2025,Tienda 06,370,3229,0,9213,11
06/04/2025,Tienda 06,343,3229,0,8870,6
07/04/2025,Tienda 06,274,3229,0,8596,9
08/04/2025,Tienda 06,294,3229,0,8302,9
09/04/2025,Tienda 06,318,3229,0,7984,5
10/04/2025,Tienda 06,311,3229,0,7673,10
11/04/2025,Tienda 06,361,3229,0,7312,7
12/04/2025,Tienda 06,340,3229,0,6972,6
13/04/2025,Tienda 06,472,2745,1,6500,6
14/04/2025,Tienda 06,306,3229,0,6194,6
15/04/2025,Tienda 06,292,3229,0,5902,8
16/04/2025,Tienda 06,316,3229,0,5586,5
17/04/2025,Tienda 06,295,3229,0,5291,11
18/04/2025,Tienda 06,395,3229,0,4896,9
19/04/2025,Tienda 06,390,3229,0,4506,9
20/04/2025,Tienda 06,351,3229,0,4155,10
21/04/2025,Tienda 06,380,2745,1,3775,6
22/04/2025,Tienda 06,291,3229,0,3484,5
23/04/2025,Tienda 06,287,3229,0,3197,9
24/04/2025,Tienda 06,273,3229,0,2924,5
25/04/2025,Tienda 06,439,2745,1,2485,11
26/04/2025,Tienda 06,482,2745,1,9353,6
27/04/2025,Tienda 06,458,2745,1,8895,9
28/04/2025,Tienda 06,315,3229,0,8580,6
29/04/2025,Tienda 06,413,2745,1,8167,9
30/04/2025,Tienda 06,285,3229,0,7882,7
01/05/2025,Tienda 06,289,3229,0,7593,5
02/05/2025,Tienda 06,331,3229,0,7262,11
03/05/2025,Tienda 06,337,3229,0,6925,7
04/05/2025,Tienda 06,392,3229,0,6533,10
05/05/2025,Tienda 06,425,2745,1,6108,6
06/05/2025,Tienda 06,282,3229,0,5826,8
07/05/2025,Tienda 06,315,3229,0,5511,6
08/05/2025,Tienda 06,307,3229,0,5204,9
09/05/2025,Tienda 06,351,3229,0,4853,10
10/05/2025,Tienda 06,347,3229,0,4506,11
11/05/2025,Tienda 06,374,3229,0,4132,9
12/05/2025,Tienda 06,321,3229,0,3811,7
13/05/2025,Tienda 06,258,3229,0,3553,11
14/05/2025,Tienda 06,281,3229,0,3272,6
15/05/2025,Tienda 06,278,3229,0,2994,11
16/05/2025,Tienda 06,315,3229,0,2679,10
17/05/2025,Tienda 06,381,3229,0,9648,7
18/05/2025,Tienda 06,355,3229,0,9293,10
19/05/2025,Tienda 06,356,2745,1,8937,8
20/05/2025,Tienda 06,304,3229,0,8633,5
21/05/2025,Tienda 06,288,3229,0,8345,6
22/05/2025,Tienda 06,261,3229,0,8084,5
23/05/2025,Tienda 06,352,3229,0,7732,11
24/05/2025,Tienda 06,346,3229,0,7386,8
25/05/2025,Tienda 06,348,3229,0,7038,9
26/05/2025,Tienda 06,318,3229,0,6720,8
27/05/2025,Tienda 06,279,3229,0,6441,10
28/05/2025,Tienda 06,256,3229,0,6185,8
29/05/2025,Tienda 06,293,3229,0,5892,7
30/05/2025,Tienda 06,345,3229,0,5547,7
31/05/2025,Tienda 06,432,2745,1,5115,6
01/06/2025,Tienda 06,301,3229,0,4814,6
02/06/2025,Tienda 06,255,3229,0,4559,7
03/06/2025,Tienda 06,381,2745,1,4178,7
04/06/2025,Tienda 06,337,2745,1,3841,5
05/06/2025,Tienda 06,259,3229,0,3582,5
06/06/2025,Tienda 06,306,3229,0,3276,11
07/06/2025,Tienda 06,320,3229,0,2956,6
08/06/2025,Tienda 06,318,3229,0,2638,9
09/06/2025,Tienda 06,261,3229,0,9727,11
10/06/2025,Tienda 06,280,3229,0,9447,5
11/06/2025,Tienda 06,275,3229,0,9172,8
12/06/2025,Tienda 06,231,3229,0,8941,7
13/06/2025,Tienda 06,336,3229,0,8605,5
14/06/2025,Tienda 06,312,3229,0,8293,7
15/06/2025,Tienda 06,325,3229,0,7968,9
16/06/2025,Tienda 06,279,3229,0,7689,11
17/06/2025,Tienda 06,270,3229,0,7419,7
18/06/2025,Tienda 06,327,2745,1,7092,11
19/06/2025,Tienda 06,226,3229,0,6866,10
20/06/2025,Tienda 06,305,3229,0,6561,11
21/06/2025,Tienda 06,306,3229,0,6255,10
22/06/2025,Tienda 06,318,3229,0,5937,6
23/06/2025,Tienda 06,245,3229,0,5692,10
24/06/2025,Tienda 06,242,3229,0,5450,7
25/06/2025,Tienda 06,246,3229,0,5204,9
26/06/2025,Tienda 06,281,3229,0,4923,6
27/06/2025,Tienda 06,333,3229,0,4590,6
28/06/2025,Tienda 06,284,3229,0,4306,6
29/06/2025,Tienda 06,279,3229,0,4027,10
30/06/2025,Tienda 06,222,3229,0,3805,11
01/07/2025,Tienda 06,302,2745,1,3503,9
02/07/2025,Tienda 06,328,2745,1,3175,6
03/07/2025,Tienda 06,317,2745,1,2858,9
04/07/2025,Tienda 06,268,3229,0,2590,8
05/07/2025,Tienda 06,282,3229,0,9658,7
06/07/2025,Tienda 06,291,3229,0,9367,11
07/07/2025,Tienda 06,190,3229,0,9177,11
08/07/2025,Tienda 06,293,2745,1,8884,5
09/07/2025,Tienda 06,220,3229,0,8664,8
10/07/2025,Tienda 06,244,3229,0,8420,6
11/07/2025,Tienda 06,371,2745,1,8049,6
12/07/2025,Tienda 06,256,3229,0,7793,5
13/07/2025,Tienda 06,294,3229,0,7499,5
14/07/2025,Tienda 06,242,3229,0,7257,6
15/07/2025,Tienda 06,210,3229,0,7047,11
16/07/2025,Tienda 06,303,2745,1,6744,5
17/07/2025,Tienda 06,211,3229,0,6533,10
18/07/2025,Tienda 06,253,3229,0,6280,11
19/07/2025,Tienda 06,312,2745,1,5968,6
20/07/2025,Tienda 06,246,3229,0,5722,10
21/07/2025,Tienda 06,224,3229,0,5498,11
22/07/2025,Tienda 06,205,3229,0,5293,6
23/07/2025,Tienda 06,231,3229,0,5062,9
24/07/2025,Tienda 06,212,3229,0,4850,10
25/07/2025,Tienda 06,236,3229,0,4614,10
26/07/2025,Tienda 06,302,2745,1,4312,9
27/07/2025,Tienda 06,235,3229,0,4077,8
28/07/2025,Tienda 06,227,3229,0,3850,5
29/07/2025,Tienda 06,207,3229,0,3643,9
30/07/2025,Tienda 06,225,3229,0,3418,9
31/07/2025,Tienda 06,219,3229,0,3199,6
01/08/2025,Tienda 06,267,3229,0,2932,10
02/08/2025,Tienda 06,254,3229,0,2678,8
03/08/2025,Tienda 06,246,3229,0,9782,6
04/08/2025,Tienda 06,240,3229,0,9542,9
05/08/2025,Tienda 06,253,3229,0,9289,7
06/08/2025,Tienda 06,185,3229,0,9104,5
07/08/2025,Tienda 06,222,3229,0,8882,5
08/08/2025,Tienda 06,222,3229,0,8660,5
09/08/2025,Tienda 06,260,3229,0,8400,5
10/08/2025,Tienda 06,257,3229,0,8143,8
11/08/2025,Tienda 06,218,3229,0,7925,7
12/08/2025,Tienda 06,232,3229,0,7693,7
13/08/2025,Tienda 06,210,3229,0,7483,5
14/08/2025,Tienda 06,171,3229,0,7312,8
15/08/2025,Tienda 06,260,3229,0,7052,10
16/08/2025,Tienda 06,214,3229,0,6838,5
17/08/2025,Tienda 06,233,3229,0,6605,5
18/08/2025,Tienda 06,188,3229,0,6417,11
19/08/2025,Tienda 06,158,3229,0,6259,10
20/08/2025,Tienda 06,203,3229,0,6056,8
21/08/2025,Tienda 06,198,3229,0,5858,9
22/08/2025,Tienda 06,213,3229,0,5645,9
23/08/2025,Tienda 06,272,2745,1,5373,9
24/08/2025,Tienda 06,224,3229,0,5149,10
25/08/2025,Tienda 06,177,3229,0,4972,8
26/08/2025,Tienda 06,191,3229,0,4781,7
27/08/2025,Tienda 06,197,3229,0,4584,5
28/08/2025,Tienda 06,191,3229,0,4393,8
29/08/2025,Tienda 06,226,3229,0,4167,8
30/08/2025,Tienda 06,256,3229,0,3911,11
31/08/2025,Tienda 06,251,3229,0,3660,7
01/09/2025,Tienda 06,205,3229,0,3455,9
02/09/2025,Tienda 06,186,3229,0,3269,11
03/09/2025,Tienda 06,205,3229,0,3064,6
04/09/2025,Tienda 06,188,3229,0,2876,11
05/09/2025,Tienda 06,197,3229,0,2679,7
06/09/2025,Tienda 06,221,3229,0,2458,5
07/09/2025,Tienda 06,205,3229,0,9603,10
08/09/2025,Tienda 06,160,3229,0,9443,10
09/09/2025,Tienda 06,187,3229,0,9256,5
10/09/2025,Tienda 06,184,3229,0,9072,8
11/09/2025,Tienda 06,213,3229,0,8859,5
12/09/2025,Tienda 06,212,3229,0,8647,6
13/09/2025,Tienda 06,240,3229,0,8407,11
14/09/2025,Tienda 06,280,2745,1,8127,7
15/09/2025,Tienda 06,137,3229,0,7990,6
16/09/2025,Tienda 06,203,3229,0,7787,8
17/09/2025,Tienda 06,274,2745,1,7513,7
18/09/2025,Tienda 06,176,3229,0,7337,5
19/09/2025,Tienda 06,230,3229,0,7107,5
20/09/2025,Tienda 06,210,3229,0,6897,5
21/09/2025,Tienda 06,175,3229,0,6722,8
22/09/2025,Tienda 06,163,3229,0,6559,7
23/09/2025,Tienda 06,179,3229,0,6380,8
24/09/2025,Tienda 06,191,3229,0,6189,6
25/09/2025,Tienda 06,173,3229,0,6016,9
26/09/2025,Tienda 06,217,3229,0,5799,5
27/09/2025,Tienda 06,207,3229,0,5592,7
28/09/2025,Tienda 06,215,3229,0,5377,7
29/09/2025,Tienda 06,188,3229,0,5189,5
30/09/2025,Tienda 06,193,3229,0,4996,10
01/10/2025,Tienda 06,218,2745,1,4778,7
02/10/2025,Tienda 06,218,3229,0,4560,11
03/10/2025,Tienda 06,305,2745,1,4255,9
04/10/2025,Tienda 06,174,3229,0,4081,7
05/10/2025,Tienda 06,246,3229,0,3835,11
06/10/2025,Tienda 06,146,3229,0,3689,10
07/10/2025,Tienda 06,211,3229,0,3478,6
08/10/2025,Tienda 06,148,3229,0,3330,6
09/10/2025,Tienda 06,159,3229,0,3171,9
10/10/2025,Tienda 06,223,3229,0,2948,11
11/10/2025,Tienda 06,187,3229,0,2761,5
12/10/2025,Tienda 06,226,3229,0,2535,7
13/10/2025,Tienda 06,203,3229,0,9682,6
14/10/2025,Tienda 06,176,3229,0,9506,6
15/10/2025,Tienda 06,191,3229,0,9315,9
16/10/2025,Tienda 06,208,3229,0,9107,9
17/10/2025,Tienda 06,221,3229,0,8886,7
18/10/2025,Tienda 06,252,3229,0,8634,11
19/10/2025,Tienda 06,241,3229,0,8393,8
20/10/2025,Tienda 06,227,3229,0,8166,5
21/10/2025,Tienda 06,244,2745,1,7922,11
22/10/2025,Tienda 06,177,3229,0,7745,6
23/10/2025,Tienda 06,156,3229,0,7589,5
24/10/2025,Tienda 06,237,3229,0,7352,8
25/10/2025,Tienda 06,213,3229,0,7139,10
26/10/2025,Tienda 06,240,3229,0,6899,11
27/10/2025,Tienda 06,185,3229,0,6714,11
28/10/2025,Tienda 06,247,2745,1,6467,8
29/10/2025,Tienda 06,196,3229,0,6271,8
30/10/2025,Tienda 06,184,3229,0,6087,10
31/10/2025,Tienda 06,263,2745,1,5824,6
01/11/2025,Tienda 06,230,3229,0,5594,10
02/11/2025,Tienda 06,229,3229,0,5365,8
03/11/2025,Tienda 06,202,3229,0,5163,11
04/11/2025,Tienda 06,196,3229,0,4967,6
05/11/2025,Tienda 06,221,3229,0,4746,9
06/11/2025,Tienda 06,196,3229,0,4550,11
07/11/2025,Tienda 06,205,3229,0,4345,10
08/11/2025,Tienda 06,230,3229,0,4115,7
09/11/2025,Tienda 06,219,3229,0,3896,10
10/11/2025,Tienda 06,189,3229,0,3707,5
11/11/2025,Tienda 06,223,3229,0,3484,10
12/11/2025,Tienda 06,219,3229,0,3265,7
13/11/2025,Tienda 06,199,3229,0,3066,9
14/11/2025,Tienda 06,197,3229,0,2869,10
15/11/2025,Tienda 06,229,3229,0,2640,5
16/11/2025,Tienda 06,311,2745,1,9679,6
17/11/2025,Tienda 06,185,3229,0,9494,10
18/11/2025,Tienda 06,235,3229,0,9259,9
19/11/2025,Tienda 06,249,3229,0,9010,6
20/11/2025,Tienda 06,221,3229,0,8789,11
21/11/2025,Tienda 06,258,3229,0,8531,6
22/11/2025,Tienda 06,325,2745,1,8206,9
23/11/2025,Tienda 06,241,3229,0,7965,6
24/11/2025,Tienda 06,173,3229,0,7792,8
25/11/2025,Tienda 06,162,3229,0,7630,9
26/11/2025,Tienda 06,228,3229,0,7402,8
27/11/2025,Tienda 06,232,3229,0,7170,6
28/11/2025,Tienda 06,247,3229,0,6923,11
29/11/2025,Tienda 06,298,2745,1,6625,6
30/11/2025,Tienda 06,315,2745,1,6310,9
01/12/2025,Tienda 06,225,3229,0,6085,6
02/12/2025,Tienda 06,210,3229,0,5875,10
03/12/2025,Tienda 06,208,3229,0,5667,7
04/12/2025,Tienda 06,237,2745,1,5430,8
05/12/2025,Tienda 06,265,3229,0,5165,8
06/12/2025,Tienda 06,231,3229,0,4934,8
07/12/2025,Tienda 06,278,3229,0,4656,7
08/12/2025,Tienda 06,254,3229,0,4402,7
09/12/2025,Tienda 06,191,3229,0,4211,9
10/12/2025,Tienda 06,195,3229,0,4016,9
11/12/2025,Tienda 06,226,3229,0,3790,6
12/12/2025,Tienda 06,345,2745,1,3445,5
13/12/2025,Tienda 06,344,2745,1,3101,7
14/12/2025,Tienda 06,280,3229,0,2821,5
15/12/2025,Tienda 06,226,3229,0,2595,6
16/12/2025,Tienda 06,302,2745,1,9643,9
17/12/2025,Tienda 06,237,3229,0,9406,10
18/12/2025,Tienda 06,252,3229,0,9154,7
19/12/2025,Tienda 06,323,2745,1,8831,5
20/12/2025,Tienda 06,353,2745,1,8478,6
21/12/2025,Tienda 06,372,2745,1,8106,11
22/12/2025,Tienda 06,229,3229,0,7877,7
23/12/2025,Tienda 06,224,3229,0,7653,10
24/12/2025,Tienda 06,240,3229,0,7413,10
25/12/2025,Tienda 06,247,3229,0,7166,9
26/12/2025,Tienda 06,238,3229,0,6928,9
27/12/2025,Tienda 06,296,3229,0,6632,7
28/12/2025,Tienda 06,266,3229,0,6366,10
29/12/2025,Tienda 06,274,3229,0,6092,6
30/12/2025,Tienda 06,204,3229,0,5888,6
31/12/2025,Tienda 06,238,3229,0,5650,11
01/01/2023,Tienda 07,355,2990,0,3645,5
02/01/2023,Tienda 07,345,2542,1,3300,7
03/01/2023,Tienda 07,302,2990,0,2998,7
04/01/2023,Tienda 07,247,2990,0,2751,9
05/01/2023,Tienda 07,285,2990,0,10566,6
06/01/2023,Tienda 07,318,2990,0,10248,8
07/01/2023,Tienda 07,459,2542,1,9789,9
08/01/2023,Tienda 07,389,2990,0,9400,6
09/01/2023,Tienda 07,360,2542,1,9040,5
10/01/2023,Tienda 07,368,2542,1,8672,6
11/01/2023,Tienda 07,291,2990,0,8381,5
12/01/2023,Tienda 07,288,2990,0,8093,11
13/01/2023,Tienda 07,360,2990,0,7733,11
14/01/2023,Tienda 07,327,2990,0,7406,7
15/01/2023,Tienda 07,313,2990,0,7093,9
16/01/2023,Tienda 07,337,2990,0,6756,9
17/01/2023,Tienda 07,297,2990,0,6459,9
18/01/2023,Tienda 07,339,2990,0,6120,10
19/01/2023,Tienda 07,374,2542,1,5746,5
20/01/2023,Tienda 07,345,2990,0,5401,7
21/01/2023,Tienda 07,330,2990,0,5071,10
22/01/2023,Tienda 07,344,2990,0,4727,11
23/01/2023,Tienda 07,322,2990,0,4405,8
24/01/2023,Tienda 07,341,2990,0,4064,10
25/01/2023,Tienda 07,274,2990,0,3790,5
26/01/2023,Tienda 07,334,2542,1,3456,11
27/01/2023,Tienda 07,346,2990,0,3110,5
28/01/2023,Tienda 07,353,2990,0,2757,10
29/01/2023,Tienda 07,349,2990,0,10508,5
30/01/2023,Tienda 07,288,2990,0,10220,9
31/01/2023,Tienda 07,309,2990,0,9911,8
01/02/2023,Tienda 07,297,2990,0,9614,8
02/02/2023,Tienda 07,317,2990,0,9297,5
03/02/2023,Tienda 07,348,2990,0,8949,6
04/02/2023,Tienda 07,344,2990,0,8605,10
05/02/2023,Tienda 07,364,2990,0,8241,10
06/02/2023,Tienda 07,371,2542,1,7870,11
07/02/2023,Tienda 07,302,2990,0,7568,9
08/02/2023,Tienda 07,340,2990,0,7228,8
09/02/2023,Tienda 07,304,2990,0,6924,9
10/02/2023,Tienda 07,348,2990,0,6576,9
11/02/2023,Tienda 07,492,2542,1,6084,8
12/02/2023,Tienda 07,368,2990,0,5716,6
13/02/2023,Tienda 07,343,2990,0,5373,9
14/02/2023,Tienda 07,320,2990,0,5053,6
15/02/2023,Tienda 07,309,2990,0,4744,6
16/02/2023,Tienda 07,341,2990,0,4403,8
17/02/2023,Tienda 07,413,2990,0,3990,11
18/02/2023,Tienda 07,386,2990,0,3604,5
19/02/2023,Tienda 07,355,2990,0,3249,8
20/02/2023,Tienda 07,355,2990,0,2894,11
21/02/2023,Tienda 07,347,2990,0,10647,10
22/02/2023,Tienda 07,321,2990,0,10326,9
23/02/2023,Tienda 07,390,2542,1,9936,9
24/02/2023,Tienda 07,511,2542,1,9425,9
25/02/2023,Tienda 07,359,2990,0,9066,9
26/02/2023,Tienda 07,409,2990,0,8657,10
27/02/2023,Tienda 07,301,2990,0,8356,9
28/02/2023,Tienda 07,335,2990,0,8021,11
01/03/2023,Tienda 07,327,2990,0,7694,10
02/03/2023,Tienda 07,344,2990,0,7350,10
03/03/2023,Tienda 07,388,2990,0,6962,11
04/03/2023,Tienda 07,401,2990,0,6561,9
05/03/2023,Tienda 07,377,2990,0,6184,6
06/03/2023,Tienda 07,334,2990,0,5850,7
07/03/2023,Tienda 07,324,2990,0,5526,8
08/03/2023,Tienda 07,339,2990,0,5187,10
09/03/2023,Tienda 07,348,2990,0,4839,5
10/03/2023,Tienda 07,500,2542,1,4339,9
11/03/2023,Tienda 07,359,2990,0,3980,8
12/03/2023,Tienda 07,526,2542,1,3454,6
13/03/2023,Tienda 07,349,2990,0,3105,6
14/03/2023,Tienda 07,352,2990,0,2753,10
15/03/2023,Tienda 07,296,2990,0,10557,9
16/03/2023,Tienda 07,350,2990,0,10207,6
17/03/2023,Tienda 07,413,2990,0,9794,8
18/03/2023,Tienda 07,377,2990,0,9417,11
19/03/2023,Tienda 07,432,2990,0,8985,5
20/03/2023,Tienda 07,317,2990,0,8668,9
21/03/2023,Tienda 07,384,2990,0,8284,11
22/03/2023,Tienda 07,360,2990,0,7924,10
23/03/2023,Tienda 07,352,2990,0,7572,9
24/03/2023,Tienda 07,391,2990,0,7181,9
25/03/2023,Tienda 07,380,2990,0,6801,7
26/03/2023,Tienda 07,399,2990,0,6402,7
27/03/2023,Tienda 07,343,2990,0,6059,8
28/03/2023,Tienda 07,319,2990,0,5740,8
29/03/2023,Tienda 07,338,2990,0,5402,6
30/03/2023,Tienda 07,310,2990,0,5092,8
31/03/2023,Tienda 07,407,2990,0,4685,8
01/04/2023,Tienda 07,423,2990,0,4262,8
02/04/2023,Tienda 07,386,2990,0,3876,7
03/04/2023,Tienda 07,347,2990,0,3529,7
04/04/2023,Tienda 07,322,2990,0,3207,6
05/04/2023,Tienda 07,327,2990,0,2880,5
06/04/2023,Tienda 07,354,2990,0,10626,10
07/04/2023,Tienda 07,406,2990,0,10220,10
08/04/2023,Tienda 07,393,2990,0,9827,7
09/04/2023,Tienda 07,494,2542,1,9333,6
10/04/2023,Tienda 07,312,2990,0,9021,10
11/04/2023,Tienda 07,471,2542,1,8550,11
12/04/2023,Tienda 07,311,2990,0,8239,8
13/04/2023,Tienda 07,433,2542,1,7806,9
14/04/2023,Tienda 07,426,2990,0,7380,11
15/04/2023,Tienda 07,418,2990,0,6962,8
16/04/2023,Tienda 07,406,2990,0,6556,5
17/04/2023,Tienda 07,373,2990,0,6183,5
18/04/2023,Tienda 07,492,2542,1,5691,6
19/04/2023,Tienda 07,328,2990,0,5363,11
20/04/2023,Tienda 07,335,2990,0,5028,6
21/04/2023,Tienda 07,500,2542,1,4528,10
22/04/2023,Tienda 07,417,2990,0,4111,6
23/04/2023,Tienda 07,438,2990,0,3673,6
24/04/2023,Tienda 07,297,2990,0,3376,10
25/04/2023,Tienda 07,355,2990,0,3021,5
26/04/2023,Tienda 07,436,2542,1,10685,5
27/04/2023,Tienda 07,329,2990,0,10356,7
28/04/2023,Tienda 07,387,2990,0,9969,6
29/04/2023,Tienda 07,362,2990,0,9607,6
30/04/2023,Tienda 07,401,2990,0,9206,8
01/05/2023,Tienda 07,328,2990,0,8878,11
02/05/2023,Tienda 07,333,2990,0,8545,8
03/05/2023,Tienda 07,401,2542,1,8144,5
04/05/2023,Tienda 07,306,2990,0,7838,6
05/05/2023,Tienda 07,432,2990,0,7406,11
06/05/2023,Tienda 07,379,2990,0,7027,11
07/05/2023,Tienda 07,392,2990,0,6635,10
08/05/2023,Tienda 07,378,2542,1,6257,11
09/05/2023,Tienda 07,341,2990,0,5916,9
10/05/2023,Tienda 07,336,2990,0,5580,9
11/05/2023,Tienda 07,294,2990,0,5286,8
12/05/2023,Tienda 07,346,2990,0,4940,11
13/05/2023,Tienda 07,358,2990,0,4582,8
14/05/2023,Tienda 07,378,2990,0,4204,10
15/05/2023,Tienda 07,333,2990,0,3871,7
16/05/2023,Tienda 07,356,2990,0,3515,11
17/05/2023,Tienda 07,318,2990,0,3197,10
18/05/2023,Tienda 07,357,2990,0,2840,5
19/05/2023,Tienda 07,385,2990,0,10555,8
20/05/2023,Tienda 07,351,2990,0,10204,11
21/05/2023,Tienda 07,433,2990,0,9771,5
22/05/2023,Tienda 07,319,2990,0,9452,10
23/05/2023,Tienda 07,402,2542,1,9050,11
24/05/2023,Tienda 07,316,2990,0,8734,10
25/05/2023,Tienda 07,447,2542,1,8287,9
26/05/2023,Tienda 07,461,2542,1,7826,6
27/05/2023,Tienda 07,380,2990,0,7446,6
28/05/2023,Tienda 07,456,2542,1,6990,6
29/05/2023,Tienda 07,290,2990,0,6700,11
30/05/2023,Tienda 07,328,2990,0,6372,8
31/05/2023,Tienda 07,284,2990,0,6088,9
01/06/2023,Tienda 07,313,2990,0,5775,9
02/06/2023,Tienda 07,441,2542,1,5334,10
03/06/2023,Tienda 07,370,2990,0,4964,10
04/06/2023,Tienda 07,354,2990,0,4610,6
05/06/2023,Tienda 07,296,2990,0,4314,6
06/06/2023,Tienda 07,311,2990,0,4003,10
07/06/2023,Tienda 07,285,2990,0,3718,8
08/06/2023,Tienda 07,380,2542,1,3338,10
09/06/2023,Tienda 07,369,2990,0,2969,11
10/06/2023,Tienda 07,446,2542,1,10623,11
11/06/2023,Tienda 07,297,2990,0,10326,8
12/06/2023,Tienda 07,289,2990,0,10037,7
13/06/2023,Tienda 07,324,2990,0,9713,5
14/06/2023,Tienda 07,285,2990,0,9428,5
15/06/2023,Tienda 07,300,2990,0,9128,9
16/06/2023,Tienda 07,328,2990,0,8800,7
17/06/2023,Tienda 07,316,2990,0,8484,7
18/06/2023,Tienda 07,343,2990,0,8141,10
19/06/2023,Tienda 07,273,2990,0,7868,10
20/06/2023,Tienda 07,273,2990,0,7595,6
21/06/2023,Tienda 07,251,2990,0,7344,9
22/06/2023,Tienda 07,276,2990,0,7068,11
23/06/2023,Tienda 07,339,2990,0,6729,5
24/06/2023,Tienda 07,315,2990,0,6414,9
25/06/2023,Tienda 07,336,2990,0,6078,8
26/06/2023,Tienda 07,282,2990,0,5796,9
27/06/2023,Tienda 07,281,2990,0,5515,8
28/06/2023,Tienda 07,248,2990,0,5267,6
29/06/2023,Tienda 07,280,2990,0,4987,11
30/06/2023,Tienda 07,326,2990,0,4661,7
01/07/2023,Tienda 07,355,2990,0,4306,6
02/07/2023,Tienda 07,423,2542,1,3883,8
03/07/2023,Tienda 07,247,2990,0,3636,7
04/07/2023,Tienda 07,242,2990,0,3394,5
05/07/2023,Tienda 07,196,2990,0,3198,6
06/07/2023,Tienda 07,245,2990,0,2953,7
07/07/2023,Tienda 07,349,2990,0,10704,11
08/07/2023,Tienda 07,317,2990,0,10387,8
09/07/2023,Tienda 07,411,2542,1,9976,9
10/07/2023,Tienda 07,276,2990,0,9700,5
11/07/2023,Tienda 07,293,2990,0,9407,11
12/07/2023,Tienda 07,227,2990,0,9180,9
13/07/2023,Tienda 07,268,2990,0,8912,11
14/07/2023,Tienda 07,350,2990,0,8562,11
15/07/2023,Tienda 07,254,2990,0,8308,5
16/07/2023,Tienda 07,379,2542,1,7929,8
17/07/2023,Tienda 07,277,2990,0,7652,9
18/07/2023,Tienda 07,320,2542,1,7332,11
19/07/2023,Tienda 07,258,2990,0,7074,6
20/07/2023,Tienda 07,329,2542,1,6745,9
21/07/2023,Tienda 07,301,2990,0,6444,10
22/07/2023,Tienda 07,255,2990,0,6189,6
23/07/2023,Tienda 07,321,2990,0,5868,7
24/07/2023,Tienda 07,247,2990,0,5621,8
25/07/2023,Tienda 07,235,2990,0,5386,5
26/07/2023,Tienda 07,274,2990,0,5112,10
27/07/2023,Tienda 07,247,2990,0,4865,6
28/07/2023,Tienda 07,305,2990,0,4560,11
29/07/2023,Tienda 07,304,2990,0,4256,6
30/07/2023,Tienda 07,262,2990,0,3994,10
31/07/2023,Tienda 07,261,2990,0,3733,9
01/08/2023,Tienda 07,263,2990,0,3470,10
02/08/2023,Tienda 07,267,2990,0,3203,5
03/08/2023,Tienda 07,206,2990,0,2997,8
04/08/2023,Tienda 07,302,2990,0,10795,11
05/08/2023,Tienda 07,295,2990,0,10500,6
06/08/2023,Tienda 07,271,2990,0,10229,9
07/08/2023,Tienda 07,253,2990,0,9976,10
08/08/2023,Tienda 07,256,2990,0,9720,10
09/08/2023,Tienda 07,244,2990,0,9476,9
10/08/2023,Tienda 07,267,2990,0,9209,6
11/08/2023,Tienda 07,267,2990,0,8942,10
12/08/2023,Tienda 07,280,2990,0,8662,7
13/08/2023,Tienda 07,227,2990,0,8435,11
14/08/2023,Tienda 07,238,2990,0,8197,5
15/08/2023,Tienda 07,252,2990,0,7945,9
16/08/2023,Tienda 07,244,2990,0,7701,8
17/08/2023,Tienda 07,250,2990,0,7451,7
18/08/2023,Tienda 07,254,2990,0,7197,5
19/08/2023,Tienda 07,296,2990,0,6901,9
20/08/2023,Tienda 07,240,2990,0,6661,6
21/08/2023,Tienda 07,223,2990,0,6438,5
22/08/2023,Tienda 07,185,2990,0,6253,11
23/08/2023,Tienda 07,223,2990,0,6030,7
24/08/2023,Tienda 07,211,2990,0,5819,6
25/08/2023,Tienda 07,340,2542,1,5479,9
26/08/2023,Tienda 07,273,2990,0,5206,10
27/08/2023,Tienda 07,254,2990,0,4952,9
28/08/2023,Tienda 07,239,2990,0,4713,7
29/08/2023,Tienda 07,208,2990,0,4505,7
30/08/2023,Tienda 07,208,2990,0,4297,7
31/08/2023,Tienda 07,210,2990,0,4087,7
01/09/2023,Tienda 07,230,2990,0,3857,7
02/09/2023,Tienda 07,270,2990,0,3587,7
03/09/2023,Tienda 07,275,2990,0,3312,11
04/09/2023,Tienda 07,233,2990,0,3079,9
05/09/2023,Tienda 07,220,2990,0,2859,9
06/09/2023,Tienda 07,246,2542,1,10713,6
07/09/2023,Tienda 07,276,2542,1,10437,9
08/09/2023,Tienda 07,265,2990,0,10172,9
09/09/2023,Tienda 07,255,2990,0,9917,5
10/09/2023,Tienda 07,246,2990,0,9671,6
11/09/2023,Tienda 07,172,2990,0,9499,11
12/09/2023,Tienda 07,188,2990,0,9311,5
13/09/2023,Tienda 07,240,2990,0,9071,8
14/09/2023,Tienda 07,185,2990,0,8886,8
15/09/2023,Tienda 07,282,2542,1,8604,7
16/09/2023,Tienda 07,256,2990,0,8348,5
17/09/2023,Tienda 07,251,2990,0,8097,5
18/09/2023,Tienda 07,201,2990,0,7896,5
19/09/2023,Tienda 07,207,2990,0,7689,8
20/09/2023,Tienda 07,188,2990,0,7501,9
21/09/2023,Tienda 07,160,2990,0,7341,11
22/09/2023,Tienda 07,328,2542,1,7013,7
23/09/2023,Tienda 07,239,2990,0,6774,11
24/09/2023,Tienda 07,260,2990,0,6514,11
25/09/2023,Tienda 07,160,2990,0,6354,8
26/09/2023,Tienda 07,204,2990,0,6150,9
27/09/2023,Tienda 07,181,2990,0,5969,6
28/09/2023,Tienda 07,286,2542,1,5683,5
29/09/2023,Tienda 07,245,2990,0,5438,8
30/09/2023,Tienda 07,304,2542,1,5134,10
01/10/2023,Tienda 07,263,2990,0,4871,7
02/10/2023,Tienda 07,211,2990,0,4660,11
03/10/2023,Tienda 07,190,2990,0,4470,7
04/10/2023,Tienda 07,238,2990,0,4232,10
05/10/2023,Tienda 07,212,2990,0,4020,6
06/10/2023,Tienda 07,233,2990,0,3787,7
07/10/2023,Tienda 07,238,2990,0,3549,10
08/10/2023,Tienda 07,235,2990,0,3314,6
09/10/2023,Tienda 07,167,2990,0,3147,10
10/10/2023,Tienda 07,198,2990,0,2949,6
11/10/2023,Tienda 07,222,2990,0,2727,10
12/10/2023,Tienda 07,204,2990,0,10623,8
13/10/2023,Tienda 07,208,2990,0,10415,7
14/10/2023,Tienda 07,309,2542,1,10106,6
15/10/2023,Tienda 07,242,2990,0,9864,11
16/10/2023,Tienda 07,235,2990,0,9629,6
17/10/2023,Tienda 07,211,2990,0,9418,7
18/10/2023,Tienda 07,264,2542,1,9154,5
19/10/2023,Tienda 07,209,2990,0,8945,9
20/10/2023,Tienda 07,323,2542,1,8622,9
21/10/2023,Tienda 07,246,2990,0,8376,8
22/10/2023,Tienda 07,291,2990,0,8085,11
23/10/2023,Tienda 07,264,2990,0,7821,9
24/10/2023,Tienda 07,229,2990,0,7592,6
25/10/2023,Tienda 07,193,2990,0,7399,5
26/10/2023,Tienda 07,203,2990,0,7196,8
27/10/2023,Tienda 07,304,2542,1,6892,11
28/10/2023,Tienda 07,281,2990,0,6611,6
29/10/2023,Tienda 07,272,2990,0,6339,8
30/10/2023,Tienda 07,227,2990,0,6112,10
31/10/2023,Tienda 07,251,2990,0,5861,11
01/11/2023,Tienda 07,225,2990,0,5636,6
02/11/2023,Tienda 07,197,2990,0,5439,8
03/11/2023,Tienda 07,259,2990,0,5180,6
04/11/2023,Tienda 07,222,2990,0,4958,10
05/11/2023,Tienda 07,264,2990,0,4694,8
06/11/2023,Tienda 07,209,2990,0,4485,7
07/11/2023,Tienda 07,221,2990,0,4264,9
08/11/2023,Tienda 07,197,2990,0,4067,5
09/11/2023,Tienda 07,310,2542,1,3757,7
10/11/2023,Tienda 07,240,2990,0,3517,10
11/11/2023,Tienda 07,231,2990,0,3286,6
12/11/2023,Tienda 07,228,2990,0,3058,6
13/11/2023,Tienda 07,249,2990,0,2809,5
14/11/2023,Tienda 07,310,2542,1,10599,11
15/11/2023,Tienda 07,231,2990,0,10368,5
16/11/2023,Tienda 07,206,2990,0,10162,5
17/11/2023,Tienda 07,280,2990,0,9882,6
18/11/2023,Tienda 07,261,2990,0,9621,9
19/11/2023,Tienda 07,274,2990,0,9347,5
20/11/2023,Tienda 07,329,2542,1,9018,8
21/11/2023,Tienda 07,221,2990,0,8797,10
22/11/2023,Tienda 07,245,2990,0,8552,6
23/11/2023,Tienda 07,197,2990,0,8355,8
24/11/2023,Tienda 07,281,2990,0,8074,8
25/11/2023,Tienda 07,287,2990,0,7787,10
26/11/2023,Tienda 07,294,2990,0,7493,6
27/11/2023,Tienda 07,216,2990,0,7277,7
28/11/2023,Tienda 07,258,2990,0,7019,7
29/11/2023,Tienda 07,249,2990,0,6770,5
30/11/2023,Tienda 07,218,2990,0,6552,5
01/12/2023,Tienda 07,258,2990,0,6294,10
02/12/2023,Tienda 07,276,2990,0,6018,10
03/12/2023,Tienda 07,373,2542,1,5645,7
04/12/2023,Tienda 07,220,2990,0,5425,6
05/12/2023,Tienda 07,229,2990,0,5196,8
06/12/2023,Tienda 07,246,2990,0,4950,6
07/12/2023,Tienda 07,233,2990,0,4717,8
08/12/2023,Tienda 07,342,2990,0,4375,7
09/12/2023,Tienda 07,297,2990,0,4078,10
10/12/2023,Tienda 07,273,2990,0,3805,10
11/12/2023,Tienda 07,260,2990,0,3545,11
12/12/2023,Tienda 07,197,2990,0,3348,5
13/12/2023,Tienda 07,258,2990,0,3090,6
14/12/2023,Tienda 07,239,2990,0,2851,8
15/12/2023,Tienda 07,252,2990,0,10699,11
16/12/2023,Tienda 07,305,2990,0,10394,10
17/12/2023,Tienda 07,292,2990,0,10102,6
18/12/2023,Tienda 07,295,2990,0,9807,11
19/12/2023,Tienda 07,278,2990,0,9529,9
20/12/2023,Tienda 07,358,2542,1,9171,11
21/12/2023,Tienda 07,261,2990,0,8910,6
22/12/2023,Tienda 07,325,2990,0,8585,9
23/12/2023,Tienda 07,385,2542,1,8200,8
24/12/2023,Tienda 07,295,2990,0,7905,6
25/12/2023,Tienda 07,261,2990,0,7644,9
26/12/2023,Tienda 07,335,2542,1,7309,8
27/12/2023,Tienda 07,228,2990,0,7081,9
28/12/2023,Tienda 07,271,2990,0,6810,8
29/12/2023,Tienda 07,316,2990,0,6494,6
30/12/2023,Tienda 07,339,2990,0,6155,7
31/12/2023,Tienda 07,299,2990,0,5856,8
01/01/2024,Tienda 07,268,3110,0,5588,6
02/01/2024,Tienda 07,261,3110,0,5327,9
03/01/2024,Tienda 07,245,3110,0,5082,8
04/01/2024,Tienda 07,258,3110,0,4824,9
05/01/2024,Tienda 07,322,3110,0,4502,7
06/01/2024,Tienda 07,314,3110,0,4188,8
07/01/2024,Tienda 07,325,3110,0,3863,8
08/01/2024,Tienda 07,330,3110,0,3533,10
09/01/2024,Tienda 07,380,2643,1,3153,7
10/01/2024,Tienda 07,287,3110,0,2866,9
11/01/2024,Tienda 07,270,3110,0,10696,5
12/01/2024,Tienda 07,335,3110,0,10361,8
13/01/2024,Tienda 07,383,3110,0,9978,9
14/01/2024,Tienda 07,369,3110,0,9609,10
15/01/2024,Tienda 07,311,3110,0,9298,5
16/01/2024,Tienda 07,308,3110,0,8990,10
17/01/2024,Tienda 07,285,3110,0,8705,10
18/01/2024,Tienda 07,287,3110,0,8418,8
19/01/2024,Tienda 07,369,3110,0,8049,9
20/01/2024,Tienda 07,354,3110,0,7695,5
21/01/2024,Tienda 07,291,3110,0,7404,7
22/01/2024,Tienda 07,284,3110,0,7120,8
23/01/2024,Tienda 07,322,3110,0,6798,8
24/01/2024,Tienda 07,244,3110,0,6554,9
25/01/2024,Tienda 07,323,3110,0,6231,8
26/01/2024,Tienda 07,472,2643,1,5759,5
27/01/2024,Tienda 07,345,3110,0,5414,5
28/01/2024,Tienda 07,343,3110,0,5071,6
29/01/2024,Tienda 07,396,2643,1,4675,5
30/01/2024,Tienda 07,303,3110,0,4372,5
31/01/2024,Tienda 07,297,3110,0,4075,9
01/02/2024,Tienda 07,304,3110,0,3771,7
02/02/2024,Tienda 07,349,3110,0,3422,9
03/02/2024,Tienda 07,382,3110,0,3040,10
04/02/2024,Tienda 07,319,3110,0,2721,11
05/02/2024,Tienda 07,333,3110,0,10488,9
06/02/2024,Tienda 07,347,3110,0,10141,9
07/02/2024,Tienda 07,306,3110,0,9835,5
08/02/2024,Tienda 07,303,3110,0,9532,11
09/02/2024,Tienda 07,349,3110,0,9183,8
10/02/2024,Tienda 07,359,3110,0,8824,11
11/02/2024,Tienda 07,364,3110,0,8460,7
12/02/2024,Tienda 07,362,3110,0,8098,11
13/02/2024,Tienda 07,315,3110,0,7783,5
14/02/2024,Tienda 07,331,3110,0,7452,11
15/02/2024,Tienda 07,302,3110,0,7150,5
16/02/2024,Tienda 07,385,3110,0,6765,8
17/02/2024,Tienda 07,353,3110,0,6412,6
18/02/2024,Tienda 07,335,3110,0,6077,10
19/02/2024,Tienda 07,317,3110,0,5760,5
20/02/2024,Tienda 07,454,2643,1,5306,6
21/02/2024,Tienda 07,328,3110,0,4978,9
22/02/2024,Tienda 07,342,3110,0,4636,10
23/02/2024,Tienda 07,365,3110,0,4271,6
24/02/2024,Tienda 07,371,3110,0,3900,8
25/02/2024,Tienda 07,389,3110,0,3511,11
26/02/2024,Tienda 07,295,3110,0,3216,6
27/02/2024,Tienda 07,304,3110,0,2912,10
28/02/2024,Tienda 07,346,3110,0,10666,9
29/02/2024,Tienda 07,320,3110,0,10346,6
01/03/2024,Tienda 07,401,3110,0,9945,11
02/03/2024,Tienda 07,398,3110,0,9547,6
03/03/2024,Tienda 07,531,2643,1,9016,5
04/03/2024,Tienda 07,361,3110,0,8655,5
05/03/2024,Tienda 07,322,3110,0,8333,10
06/03/2024,Tienda 07,357,3110,0,7976,7
07/03/2024,Tienda 07,409,2643,1,7567,6
08/03/2024,Tienda 07,377,3110,0,7190,5
09/03/2024,Tienda 07,376,3110,0,6814,6
10/03/2024,Tienda 07,376,3110,0,6438,6
11/03/2024,Tienda 07,358,3110,0,6080,11
12/03/2024,Tienda 07,383,3110,0,5697,5
13/03/2024,Tienda 07,371,3110,0,5326,8
14/03/2024,Tienda 07,331,3110,0,4995,11
15/03/2024,Tienda 07,398,3110,0,4597,9
16/03/2024,Tienda 07,342,3110,0,4255,6
17/03/2024,Tienda 07,436,3110,0,3819,11
18/03/2024,Tienda 07,315,3110,0,3504,5
19/03/2024,Tienda 07,349,3110,0,3155,10
20/03/2024,Tienda 07,404,3110,0,2751,11
21/03/2024,Tienda 07,321,3110,0,10530,8
22/03/2024,Tienda 07,408,3110,0,10122,8
23/03/2024,Tienda 07,395,3110,0,9727,11
24/03/2024,Tienda 07,413,3110,0,9314,8
25/03/2024,Tienda 07,367,3110,0,8947,8
26/03/2024,Tienda 07,320,3110,0,8627,6
27/03/2024,Tienda 07,329,3110,0,8298,6
28/03/2024,Tienda 07,334,3110,0,7964,11
29/03/2024,Tienda 07,519,2643,1,7445,6
30/03/2024,Tienda 07,410,3110,0,7035,9
31/03/2024,Tienda 07,372,3110,0,6663,7
01/04/2024,Tienda 07,324,3110,0,6339,11
02/04/2024,Tienda 07,346,3110,0,5993,6
03/04/2024,Tienda 07,329,3110,0,5664,10
04/04/2024,Tienda 07,340,3110,0,5324,6
05/04/2024,Tienda 07,383,3110,0,4941,6
06/04/2024,Tienda 07,414,3110,0,4527,5
07/04/2024,Tienda 07,395,3110,0,4132,6
08/04/2024,Tienda 07,368,3110,0,3764,11
09/04/2024,Tienda 07,327,3110,0,3437,8
10/04/2024,Tienda 07,457,2643,1,2980,10
11/04/2024,Tienda 07,462,2643,1,10618,9
12/04/2024,Tienda 07,390,3110,0,10228,5
13/04/2024,Tienda 07,368,3110,0,9860,11
14/04/2024,Tienda 07,409,3110,0,9451,5
15/04/2024,Tienda 07,347,3110,0,9104,8
16/04/2024,Tienda 07,347,3110,0,8757,10
17/04/2024,Tienda 07,343,3110,0,8414,10
18/04/2024,Tienda 07,369,3110,0,8045,11
19/04/2024,Tienda 07,354,3110,0,7691,11
20/04/2024,Tienda 07,454,3110,0,7237,9
21/04/2024,Tienda 07,364,3110,0,6873,9
22/04/2024,Tienda 07,329,3110,0,6544,9
23/04/2024,Tienda 07,314,3110,0,6230,7
24/04/2024,Tienda 07,311,3110,0,5919,11
25/04/2024,Tienda 07,324,3110,0,5595,9
26/04/2024,Tienda 07,398,3110,0,5197,9
27/04/2024,Tienda 07,391,3110,0,4806,11
28/04/2024,Tienda 07,535,2643,1,4271,10
29/04/2024,Tienda 07,371,3110,0,3900,6
30/04/2024,Tienda 07,323,3110,0,3577,5
01/05/2024,Tienda 07,341,3110,0,3236,8
02/05/2024,Tienda 07,435,2643,1,2801,5
03/05/2024,Tienda 07,382,3110,0,10519,9
04/05/2024,Tienda 07,351,3110,0,10168,6
05/05/2024,Tienda 07,414,3110,0,9754,6
06/05/2024,Tienda 07,386,2643,1,9368,9
07/05/2024,Tienda 07,299,3110,0,9069,6
08/05/2024,Tienda 07,313,3110,0,8756,5
09/05/2024,Tienda 07,336,3110,0,8420,5
10/05/2024,Tienda 07,377,3110,0,8043,6
11/05/2024,Tienda 07,373,3110,0,7670,9
12/05/2024,Tienda 07,416,3110,0,7254,7
13/05/2024,Tienda 07,421,2643,1,6833,9
14/05/2024,Tienda 07,366,3110,0,6467,11
15/05/2024,Tienda 07,312,3110,0,6155,11
16/05/2024,Tienda 07,411,2643,1,5744,8
17/05/2024,Tienda 07,365,3110,0,5379,8
18/05/2024,Tienda 07,373,3110,0,5006,9
19/05/2024,Tienda 07,364,3110,0,4642,10
20/05/2024,Tienda 07,281,3110,0,4361,11
21/05/2024,Tienda 07,333,3110,0,4028,5
22/05/2024,Tienda 07,305,3110,0,3723,6
23/05/2024,Tienda 07,291,3110,0,3432,9
24/05/2024,Tienda 07,478,2643,1,2954,10
25/05/2024,Tienda 07,367,3110,0,10687,9
26/05/2024,Tienda 07,402,3110,0,10285,11
27/05/2024,Tienda 07,271,3110,0,10014,5
28/05/2024,Tienda 07,308,3110,0,9706,8
29/05/2024,Tienda 07,260,3110,0,9446,5
30/05/2024,Tienda 07,292,3110,0,9154,7
31/05/2024,Tienda 07,324,3110,0,8830,6
01/06/2024,Tienda 07,355,3110,0,8475,11
02/06/2024,Tienda 07,356,3110,0,8119,6
03/06/2024,Tienda 07,275,3110,0,7844,7
04/06/2024,Tienda 07,334,3110,0,7510,10
05/06/2024,Tienda 07,381,2643,1,7129,8
06/06/2024,Tienda 07,294,3110,0,6835,11
07/06/2024,Tienda 07,347,3110,0,6488,8
08/06/2024,Tienda 07,337,3110,0,6151,7
09/06/2024,Tienda 07,358,3110,0,5793,10
10/06/2024,Tienda 07,294,3110,0,5499,8
11/06/2024,Tienda 07,269,3110,0,5230,11
12/06/2024,Tienda 07,312,3110,0,4918,5
13/06/2024,Tienda 07,267,3110,0,4651,6
14/06/2024,Tienda 07,379,3110,0,4272,6
15/06/2024,Tienda 07,335,3110,0,3937,8
16/06/2024,Tienda 07,352,3110,0,3585,11
17/06/2024,Tienda 07,297,3110,0,3288,10
18/06/2024,Tienda 07,296,3110,0,2992,6
19/06/2024,Tienda 07,282,3110,0,2710,10
20/06/2024,Tienda 07,271,3110,0,10539,9
21/06/2024,Tienda 07,357,3110,0,10182,11
22/06/2024,Tienda 07,358,3110,0,9824,9
23/06/2024,Tienda 07,323,3110,0,9501,11
24/06/2024,Tienda 07,272,3110,0,9229,10
25/06/2024,Tienda 07,370,2643,1,8859,7
26/06/2024,Tienda 07,326,3110,0,8533,11
27/06/2024,Tienda 07,262,3110,0,8271,5
28/06/2024,Tienda 07,324,3110,0,7947,6
29/06/2024,Tienda 07,354,3110,0,7593,5
30/06/2024,Tienda 07,340,3110,0,7253,8
01/07/2024,Tienda 07,312,3110,0,6941,5
02/07/2024,Tienda 07,223,3110,0,6718,9
03/07/2024,Tienda 07,277,3110,0,6441,10
04/07/2024,Tienda 07,374,2643,1,6067,6
05/07/2024,Tienda 07,333,3110,0,5734,10
06/07/2024,Tienda 07,392,2643,1,5342,11
07/07/2024,Tienda 07,301,3110,0,5041,9
08/07/2024,Tienda 07,269,3110,0,4772,6
09/07/2024,Tienda 07,285,3110,0,4487,11
10/07/2024,Tienda 07,303,3110,0,4184,5
11/07/2024,Tienda 07,271,3110,0,3913,11
12/07/2024,Tienda 07,315,3110,0,3598,10
13/07/2024,Tienda 07,355,3110,0,3243,6
14/07/2024,Tienda 07,317,3110,0,2926,10
15/07/2024,Tienda 07,254,3110,0,10772,5
16/07/2024,Tienda 07,248,3110,0,10524,11
17/07/2024,Tienda 07,271,3110,0,10253,5
18/07/2024,Tienda 07,246,3110,0,10007,8
19/07/2024,Tienda 07,391,2643,1,9616,5
20/07/2024,Tienda 07,285,3110,0,9331,9
21/07/2024,Tienda 07,256,3110,0,9075,11
22/07/2024,Tienda 07,280,2643,1,8795,5
23/07/2024,Tienda 07,338,2643,1,8457,6
24/07/2024,Tienda 07,264,3110,0,8193,6
25/07/2024,Tienda 07,285,2643,1,7908,10
26/07/2024,Tienda 07,320,3110,0,7588,9
27/07/2024,Tienda 07,280,3110,0,7308,10
28/07/2024,Tienda 07,286,3110,0,7022,11
29/07/2024,Tienda 07,204,3110,0,6818,10
30/07/2024,Tienda 07,196,3110,0,6622,6
31/07/2024,Tienda 07,210,3110,0,6412,10
01/08/2024,Tienda 07,247,3110,0,6165,10
02/08/2024,Tienda 07,290,3110,0,5875,11
03/08/2024,Tienda 07,286,3110,0,5589,10
04/08/2024,Tienda 07,280,3110,0,5309,6
05/08/2024,Tienda 07,200,3110,0,5109,11
06/08/2024,Tienda 07,208,3110,0,4901,10
07/08/2024,Tienda 07,239,3110,0,4662,8
08/08/2024,Tienda 07,223,3110,0,4439,5
09/08/2024,Tienda 07,273,3110,0,4166,5
10/08/2024,Tienda 07,258,3110,0,3908,7
11/08/2024,Tienda 07,287,3110,0,3621,11
12/08/2024,Tienda 07,317,2643,1,3304,9
13/08/2024,Tienda 07,254,3110,0,3050,8
14/08/2024,Tienda 07,237,3110,0,2813,10
15/08/2024,Tienda 07,253,3110,0,10660,6
16/08/2024,Tienda 07,263,3110,0,10397,5
17/08/2024,Tienda 07,231,3110,0,10166,10
18/08/2024,Tienda 07,263,3110,0,9903,9
19/08/2024,Tienda 07,218,3110,0,9685,9
20/08/2024,Tienda 07,216,3110,0,9469,8
21/08/2024,Tienda 07,226,3110,0,9243,8
22/08/2024,Tienda 07,298,2643,1,8945,8
23/08/2024,Tienda 07,283,3110,0,8662,9
24/08/2024,Tienda 07,271,3110,0,8391,6
25/08/2024,Tienda 07,240,3110,0,8151,7
26/08/2024,Tienda 07,223,3110,0,7928,9
27/08/2024,Tienda 07,262,2643,1,7666,6
28/08/2024,Tienda 07,191,3110,0,7475,6
29/08/2024,Tienda 07,191,3110,0,7284,11
30/08/2024,Tienda 07,256,3110,0,7028,10
31/08/2024,Tienda 07,292,3110,0,6736,10
01/09/2024,Tienda 07,283,3110,0,6453,7
02/09/2024,Tienda 07,227,3110,0,6226,10
03/09/2024,Tienda 07,227,3110,0,5999,10
04/09/2024,Tienda 07,196,3110,0,5803,10
05/09/2024,Tienda 07,185,3110,0,5618,5
06/09/2024,Tienda 07,232,3110,0,5386,6
07/09/2024,Tienda 07,266,3110,0,5120,10
08/09/2024,Tienda 07,246,3110,0,4874,8
09/09/2024,Tienda 07,232,2643,1,4642,5
10/09/2024,Tienda 07,189,3110,0,4453,6
11/09/2024,Tienda 07,204,3110,0,4249,7
12/09/2024,Tienda 07,209,3110,0,4040,8
13/09/2024,Tienda 07,258,3110,0,3782,5
14/09/2024,Tienda 07,257,3110,0,3525,11
15/09/2024,Tienda 07,290,2643,1,3235,11
16/09/2024,Tienda 07,198,3110,0,3037,5
17/09/2024,Tienda 07,249,2643,1,2788,7
18/09/2024,Tienda 07,178,3110,0,10710,8
19/09/2024,Tienda 07,195,3110,0,10515,10
20/09/2024,Tienda 07,309,2643,1,10206,11
21/09/2024,Tienda 07,254,3110,0,9952,7
22/09/2024,Tienda 07,317,2643,1,9635,5
23/09/2024,Tienda 07,196,3110,0,9439,6
24/09/2024,Tienda 07,204,3110,0,9235,5
25/09/2024,Tienda 07,214,3110,0,9021,11
26/09/2024,Tienda 07,241,3110,0,8780,11
27/09/2024,Tienda 07,242,3110,0,8538,9
28/09/2024,Tienda 07,198,3110,0,8340,6
29/09/2024,Tienda 07,265,2643,1,8075,10
30/09/2024,Tienda 07,246,2643,1,7829,10
01/10/2024,Tienda 07,212,3110,0,7617,5
02/10/2024,Tienda 07,208,3110,0,7409,9
03/10/2024,Tienda 07,198,3110,0,7211,9
04/10/2024,Tienda 07,247,3110,0,6964,8
05/10/2024,Tienda 07,276,2643,1,6688,8
06/10/2024,Tienda 07,225,3110,0,6463,11
07/10/2024,Tienda 07,188,3110,0,6275,10
08/10/2024,Tienda 07,213,3110,0,6062,9
09/10/2024,Tienda 07,189,3110,0,5873,6
10/10/2024,Tienda 07,192,3110,0,5681,5
11/10/2024,Tienda 07,229,3110,0,5452,7
12/10/2024,Tienda 07,258,3110,0,5194,8
13/10/2024,Tienda 07,272,3110,0,4922,9
14/10/2024,Tienda 07,184,3110,0,4738,9
15/10/2024,Tienda 07,190,3110,0,4548,10
16/10/2024,Tienda 07,196,3110,0,4352,6
17/10/2024,Tienda 07,212,3110,0,4140,5
18/10/2024,Tienda 07,276,3110,0,3864,7
19/10/2024,Tienda 07,274,3110,0,3590,7
20/10/2024,Tienda 07,247,3110,0,3343,11
21/10/2024,Tienda 07,184,3110,0,3159,5
22/10/2024,Tienda 07,196,3110,0,2963,6
23/10/2024,Tienda 07,183,3110,0,2780,8
24/10/2024,Tienda 07,282,2643,1,10598,7
25/10/2024,Tienda 07,241,3110,0,10357,8
26/10/2024,Tienda 07,288,3110,0,10069,10
27/10/2024,Tienda 07,229,3110,0,9840,11
28/10/2024,Tienda 07,243,3110,0,9597,11
29/10/2024,Tienda 07,193,3110,0,9404,10
30/10/2024,Tienda 07,241,3110,0,9163,10
31/10/2024,Tienda 07,204,3110,0,8959,10
01/11/2024,Tienda 07,212,3110,0,8747,11
02/11/2024,Tienda 07,292,3110,0,8455,6
03/11/2024,Tienda 07,268,3110,0,8187,8
04/11/2024,Tienda 07,257,2643,1,7930,9
05/11/2024,Tienda 07,217,3110,0,7713,5
06/11/2024,Tienda 07,244,3110,0,7469,11
07/11/2024,Tienda 07,176,3110,0,7293,9
08/11/2024,Tienda 07,264,3110,0,7029,9
09/11/2024,Tienda 07,290,3110,0,6739,5
10/11/2024,Tienda 07,292,3110,0,6447,5
11/11/2024,Tienda 07,218,3110,0,6229,9
12/11/2024,Tienda 07,235,3110,0,5994,8
13/11/2024,Tienda 07,199,3110,0,5795,5
14/11/2024,Tienda 07,197,3110,0,5598,7
15/11/2024,Tienda 07,252,3110,0,5346,9
16/11/2024,Tienda 07,302,3110,0,5044,6
17/11/2024,Tienda 07,355,2643,1,4689,5
18/11/2024,Tienda 07,240,3110,0,4449,7
19/11/2024,Tienda 07,246,3110,0,4203,7
20/11/2024,Tienda 07,257,2643,1,3946,5
21/11/2024,Tienda 07,264,2643,1,3682,7
22/11/2024,Tienda 07,286,3110,0,3396,9
23/11/2024,Tienda 07,266,3110,0,3130,6
24/11/2024,Tienda 07,285,3110,0,2845,7
25/11/2024,Tienda 07,329,2643,1,10616,6
26/11/2024,Tienda 07,252,3110,0,10364,9
27/11/2024,Tienda 07,230,3110,0,10134,7
28/11/2024,Tienda 07,217,3110,0,9917,8
29/11/2024,Tienda 07,286,3110,0,9631,9
30/11/2024,Tienda 07,374,2643,1,9257,5
01/12/2024,Tienda 07,257,3110,0,9000,8
02/12/2024,Tienda 07,220,3110,0,8780,6
03/12/2024,Tienda 07,207,3110,0,8573,5
04/12/2024,Tienda 07,256,3110,0,8317,5
05/12/2024,Tienda 07,261,3110,0,8056,11
06/12/2024,Tienda 07,263,3110,0,7793,10
07/12/2024,Tienda 07,269,3110,0,7524,11
08/12/2024,Tienda 07,330,3110,0,7194,10
09/12/2024,Tienda 07,363,2643,1,6831,8
10/12/2024,Tienda 07,237,3110,0,6594,10
11/12/2024,Tienda 07,374,2643,1,6220,9
12/12/2024,Tienda 07,242,3110,0,5978,10
13/12/2024,Tienda 07,391,2643,1,5587,6
14/12/2024,Tienda 07,313,3110,0,5274,8
15/12/2024,Tienda 07,269,3110,0,5005,6
16/12/2024,Tienda 07,317,2643,1,4688,11
17/12/2024,Tienda 07,247,3110,0,4441,6
18/12/2024,Tienda 07,281,3110,0,4160,5
19/12/2024,Tienda 07,255,3110,0,3905,11
20/12/2024,Tienda 07,312,3110,0,3593,9
21/12/2024,Tienda 07,328,3110,0,3265,11
22/12/2024,Tienda 07,296,3110,0,2969,9
23/12/2024,Tienda 07,267,3110,0,2702,5
24/12/2024,Tienda 07,248,3110,0,10554,11
25/12/2024,Tienda 07,284,3110,0,10270,5
26/12/2024,Tienda 07,282,3110,0,9988,5
27/12/2024,Tienda 07,289,3110,0,9699,6
28/12/2024,Tienda 07,319,3110,0,9380,5
29/12/2024,Tienda 07,320,3110,0,9060,10
30/12/2024,Tienda 07,256,3110,0,8804,11
31/12/2024,Tienda 07,267,3110,0,8537,5
01/01/2025,Tienda 07,284,3229,0,8253,6
02/01/2025,Tienda 07,281,3229,0,7972,5
03/01/2025,Tienda 07,360,3229,0,7612,8
04/01/2025,Tienda 07,318,3229,0,7294,10
05/01/2025,Tienda 07,348,3229,0,6946,8
06/01/2025,Tienda 07,274,3229,0,6672,8
07/01/2025,Tienda 07,296,3229,0,6376,6
08/01/2025,Tienda 07,217,3229,0,6159,8
09/01/2025,Tienda 07,263,3229,0,5896,9
10/01/2025,Tienda 07,324,3229,0,5572,5
11/01/2025,Tienda 07,310,3229,0,5262,7
12/01/2025,Tienda 07,328,3229,0,4934,10
13/01/2025,Tienda 07,282,3229,0,4652,7
14/01/2025,Tienda 07,290,3229,0,4362,5
15/01/2025,Tienda 07,369,2745,1,3993,9
16/01/2025,Tienda 07,277,3229,0,3716,7
17/01/2025,Tienda 07,301,3229,0,3415,7
18/01/2025,Tienda 07,428,2745,1,2987,5
19/01/2025,Tienda 07,355,3229,0,10732,9
20/01/2025,Tienda 07,323,3229,0,10409,7
21/01/2025,Tienda 07,319,3229,0,10090,9
22/01/2025,Tienda 07,293,3229,0,9797,10
23/01/2025,Tienda 07,259,3229,0,9538,10
24/01/2025,Tienda 07,359,3229,0,9179,9
25/01/2025,Tienda 07,474,2745,1,8705,7
26/01/2025,Tienda 07,368,3229,0,8337,5
27/01/2025,Tienda 07,317,3229,0,8020,7
28/01/2025,Tienda 07,309,3229,0,7711,5
29/01/2025,Tienda 07,329,3229,0,7382,11
30/01/2025,Tienda 07,319,3229,0,7063,10
31/01/2025,Tienda 07,369,3229,0,6694,5
01/02/2025,Tienda 07,393,3229,0,6301,11
02/02/2025,Tienda 07,401,3229,0,5900,10
03/02/2025,Tienda 07,320,3229,0,5580,5
04/02/2025,Tienda 07,323,3229,0,5257,9
05/02/2025,Tienda 07,325,3229,0,4932,6
06/02/2025,Tienda 07,327,3229,0,4605,9
07/02/2025,Tienda 07,385,3229,0,4220,10
08/02/2025,Tienda 07,401,3229,0,3819,10
09/02/2025,Tienda 07,369,3229,0,3450,8
10/02/2025,Tienda 07,349,3229,0,3101,7
11/02/2025,Tienda 07,434,2745,1,10767,10
12/02/2025,Tienda 07,318,3229,0,10449,9
13/02/2025,Tienda 07,298,3229,0,10151,11
14/02/2025,Tienda 07,364,3229,0,9787,10
15/02/2025,Tienda 07,387,3229,0,9400,9
16/02/2025,Tienda 07,414,3229,0,8986,8
17/02/2025,Tienda 07,335,3229,0,8651,6
18/02/2025,Tienda 07,298,3229,0,8353,6
19/02/2025,Tienda 07,324,3229,0,8029,7
20/02/2025,Tienda 07,427,2745,1,7602,7
21/02/2025,Tienda 07,496,2745,1,7106,7
22/02/2025,Tienda 07,375,3229,0,6731,7
23/02/2025,Tienda 07,357,3229,0,6374,6
24/02/2025,Tienda 07,302,3229,0,6072,5
25/02/2025,Tienda 07,306,3229,0,5766,7
26/02/2025,Tienda 07,319,3229,0,5447,11
27/02/2025,Tienda 07,382,3229,0,5065,8
28/02/2025,Tienda 07,403,3229,0,4662,5
01/03/2025,Tienda 07,353,3229,0,4309,11
02/03/2025,Tienda 07,380,3229,0,3929,9
03/03/2025,Tienda 07,349,3229,0,3580,10
04/03/2025,Tienda 07,396,2745,1,3184,7
05/03/2025,Tienda 07,335,3229,0,2849,6
06/03/2025,Tienda 07,327,3229,0,10622,6
07/03/2025,Tienda 07,386,3229,0,10236,5
08/03/2025,Tienda 07,362,3229,0,9874,7
09/03/2025,Tienda 07,357,3229,0,9517,11
10/03/2025,Tienda 07,301,3229,0,9216,6
11/03/2025,Tienda 07,434,2745,1,8782,9
12/03/2025,Tienda 07,313,3229,0,8469,10
13/03/2025,Tienda 07,319,3229,0,8150,7
14/03/2025,Tienda 07,528,2745,1,7622,6
15/03/2025,Tienda 07,338,3229,0,7284,7
16/03/2025,Tienda 07,388,3229,0,6896,7
17/03/2025,Tienda 07,328,3229,0,6568,5
18/03/2025,Tienda 07,319,3229,0,6249,9
19/03/2025,Tienda 07,335,3229,0,5914,9
20/03/2025,Tienda 07,365,3229,0,5549,9
21/03/2025,Tienda 07,389,3229,0,5160,5
22/03/2025,Tienda 07,504,2745,1,4656,9
23/03/2025,Tienda 07,375,3229,0,4281,5
24/03/2025,Tienda 07,318,3229,0,3963,8
25/03/2025,Tienda 07,343,3229,0,3620,11
26/03/2025,Tienda 07,342,3229,0,3278,11
27/03/2025,Tienda 07,369,3229,0,2909,10
28/03/2025,Tienda 07,388,3229,0,10621,5
29/03/2025,Tienda 07,403,3229,0,10218,11
30/03/2025,Tienda 07,401,3229,0,9817,11
31/03/2025,Tienda 07,345,3229,0,9472,9
01/04/2025,Tienda 07,409,2745,1,9063,6
02/04/2025,Tienda 07,318,3229,0,8745,11
03/04/2025,Tienda 07,329,3229,0,8416,6
04/04/2025,Tienda 07,415,3229,0,8001,9
05/04/2025,Tienda 07,392,3229,0,7609,10
06/04/2025,Tienda 07,388,3229,0,7221,7
07/04/2025,Tienda 07,351,3229,0,6870,8
08/04/2025,Tienda 07,364,3229,0,6506,9
09/04/2025,Tienda 07,359,3229,0,6147,8
10/04/2025,Tienda 07,331,3229,0,5816,8
11/04/2025,Tienda 07,393,3229,0,5423,8
12/04/2025,Tienda 07,426,3229,0,4997,7
13/04/2025,Tienda 07,411,3229,0,4586,11
14/04/2025,Tienda 07,348,3229,0,4238,6
15/04/2025,Tienda 07,348,3229,0,3890,11
16/04/2025,Tienda 07,374,3229,0,3516,7
17/04/2025,Tienda 07,306,3229,0,3210,9
18/04/2025,Tienda 07,384,3229,0,2826,5
19/04/2025,Tienda 07,516,2745,1,10410,11
20/04/2025,Tienda 07,373,3229,0,10037,8
21/04/2025,Tienda 07,305,3229,0,9732,5
22/04/2025,Tienda 07,352,3229,0,9380,9
23/04/2025,Tienda 07,455,2745,1,8925,10
24/04/2025,Tienda 07,321,3229,0,8604,8
25/04/2025,Tienda 07,421,3229,0,8183,11
26/04/2025,Tienda 07,483,2745,1,7700,10
27/04/2025,Tienda 07,377,3229,0,7323,7
28/04/2025,Tienda 07,395,2745,1,6928,5
29/04/2025,Tienda 07,335,3229,0,6593,9
30/04/2025,Tienda 07,296,3229,0,6297,5
01/05/2025,Tienda 07,406,2745,1,5891,8
02/05/2025,Tienda 07,406,3229,0,5485,5
03/05/2025,Tienda 07,384,3229,0,5101,8
04/05/2025,Tienda 07,430,3229,0,4671,8
05/05/2025,Tienda 07,355,3229,0,4316,8
06/05/2025,Tienda 07,313,3229,0,4003,6
07/05/2025,Tienda 07,317,3229,0,3686,7
08/05/2025,Tienda 07,440,2745,1,3246,8
09/05/2025,Tienda 07,396,3229,0,2850,9
10/05/2025,Tienda 07,473,2745,1,10477,10
11/05/2025,Tienda 07,379,3229,0,10098,6
12/05/2025,Tienda 07,340,3229,0,9758,5
13/05/2025,Tienda 07,322,3229,0,9436,8
14/05/2025,Tienda 07,323,3229,0,9113,10
15/05/2025,Tienda 07,298,3229,0,8815,11
16/05/2025,Tienda 07,338,3229,0,8477,5
17/05/2025,Tienda 07,494,2745,1,7983,6
18/05/2025,Tienda 07,377,3229,0,7606,5
19/05/2025,Tienda 07,319,3229,0,7287,8
20/05/2025,Tienda 07,297,3229,0,6990,8
21/05/2025,Tienda 07,323,3229,0,6667,10
22/05/2025,Tienda 07,415,2745,1,6252,8
23/05/2025,Tienda 07,352,3229,0,5900,11
24/05/2025,Tienda 07,352,3229,0,5548,5
25/05/2025,Tienda 07,407,3229,0,5141,6
26/05/2025,Tienda 07,351,3229,0,4790,9
27/05/2025,Tienda 07,301,3229,0,4489,8
28/05/2025,Tienda 07,298,3229,0,4191,10
29/05/2025,Tienda 07,285,3229,0,3906,11
30/05/2025,Tienda 07,339,3229,0,3567,9
31/05/2025,Tienda 07,463,2745,1,3104,10
01/06/2025,Tienda 07,461,2745,1,10743,5
02/06/2025,Tienda 07,289,3229,0,10454,9
03/06/2025,Tienda 07,289,3229,0,10165,7
04/06/2025,Tienda 07,308,3229,0,9857,8
05/06/2025,Tienda 07,337,3229,0,9520,5
06/06/2025,Tienda 07,347,3229,0,9173,7
07/06/2025,Tienda 07,367,3229,0,8806,6
08/06/2025,Tienda 07,324,3229,0,8482,8
09/06/2025,Tienda 07,314,3229,0,8168,6
10/06/2025,Tienda 07,313,3229,0,7855,9
11/06/2025,Tienda 07,298,3229,0,7557,6
12/06/2025,Tienda 07,304,3229,0,7253,5
13/06/2025,Tienda 07,457,2745,1,6796,10
14/06/2025,Tienda 07,410,2745,1,6386,7
15/06/2025,Tienda 07,313,3229,0,6073,7
16/06/2025,Tienda 07,350,2745,1,5723,8
17/06/2025,Tienda 07,332,3229,0,5391,6
18/06/2025,Tienda 07,303,3229,0,5088,7
19/06/2025,Tienda 07,243,3229,0,4845,9
20/06/2025,Tienda 07,341,3229,0,4504,6
21/06/2025,Tienda 07,448,2745,1,4056,7
22/06/2025,Tienda 07,439,2745,1,3617,10
23/06/2025,Tienda 07,310,3229,0,3307,9
24/06/2025,Tienda 07,263,3229,0,3044,11
25/06/2025,Tienda 07,277,3229,0,2767,11
26/06/2025,Tienda 07,273,3229,0,10594,7
27/06/2025,Tienda 07,307,3229,0,10287,10
28/06/2025,Tienda 07,319,3229,0,9968,6
29/06/2025,Tienda 07,399,2745,1,9569,9
30/06/2025,Tienda 07,277,3229,0,9292,11
01/07/2025,Tienda 07,237,3229,0,9055,10
02/07/2025,Tienda 07,359,2745,1,8696,9
03/07/2025,Tienda 07,240,3229,0,8456,8
04/07/2025,Tienda 07,340,3229,0,8116,11
05/07/2025,Tienda 07,325,3229,0,7791,5
06/07/2025,Tienda 07,292,3229,0,7499,9
07/07/2025,Tienda 07,288,3229,0,7211,5
08/07/2025,Tienda 07,268,3229,0,6943,9
09/07/2025,Tienda 07,225,3229,0,6718,7
10/07/2025,Tienda 07,205,3229,0,6513,11
11/07/2025,Tienda 07,318,3229,0,6195,7
12/07/2025,Tienda 07,308,3229,0,5887,7
13/07/2025,Tienda 07,278,3229,0,5609,9
14/07/2025,Tienda 07,243,3229,0,5366,6
15/07/2025,Tienda 07,251,3229,0,5115,7
16/07/2025,Tienda 07,334,2745,1,4781,11
17/07/2025,Tienda 07,232,3229,0,4549,6
18/07/2025,Tienda 07,314,3229,0,4235,5
19/07/2025,Tienda 07,278,3229,0,3957,5
20/07/2025,Tienda 07,259,3229,0,3698,10
21/07/2025,Tienda 07,247,3229,0,3451,10
22/07/2025,Tienda 07,266,3229,0,3185,8
23/07/2025,Tienda 07,237,3229,0,2948,8
24/07/2025,Tienda 07,308,2745,1,10740,5
25/07/2025,Tienda 07,283,3229,0,10457,8
26/07/2025,Tienda 07,267,3229,0,10190,11
27/07/2025,Tienda 07,257,3229,0,9933,8
28/07/2025,Tienda 07,328,2745,1,9605,5
29/07/2025,Tienda 07,254,3229,0,9351,10
30/07/2025,Tienda 07,242,3229,0,9109,7
31/07/2025,Tienda 07,247,3229,0,8862,7
01/08/2025,Tienda 07,268,3229,0,8594,9
02/08/2025,Tienda 07,309,3229,0,8285,9
03/08/2025,Tienda 07,293,3229,0,7992,8
04/08/2025,Tienda 07,268,2745,1,7724,9
05/08/2025,Tienda 07,221,3229,0,7503,11
06/08/2025,Tienda 07,223,3229,0,7280,10
07/08/2025,Tienda 07,287,2745,1,6993,9
08/08/2025,Tienda 07,363,2745,1,6630,8
09/08/2025,Tienda 07,252,3229,0,6378,9
10/08/2025,Tienda 07,316,3229,0,6062,10
11/08/2025,Tienda 07,263,3229,0,5799,7
12/08/2025,Tienda 07,197,3229,0,5602,7
13/08/2025,Tienda 07,202,3229,0,5400,9
14/08/2025,Tienda 07,239,3229,0,5161,10
15/08/2025,Tienda 07,368,2745,1,4793,6
16/08/2025,Tienda 07,261,3229,0,4532,11
17/08/2025,Tienda 07,236,3229,0,4296,10
18/08/2025,Tienda 07,221,3229,0,4075,8
19/08/2025,Tienda 07,225,3229,0,3850,5
20/08/2025,Tienda 07,208,3229,0,3642,8
21/08/2025,Tienda 07,209,3229,0,3433,10
22/08/2025,Tienda 07,240,3229,0,3193,5
23/08/2025,Tienda 07,234,3229,0,2959,6
24/08/2025,Tienda 07,252,3229,0,2707,10
25/08/2025,Tienda 07,216,3229,0,10591,9
26/08/2025,Tienda 07,245,3229,0,10346,5
27/08/2025,Tienda 07,201,3229,0,10145,7
28/08/2025,Tienda 07,230,3229,0,9915,5
29/08/2025,Tienda 07,252,3229,0,9663,8
30/08/2025,Tienda 07,267,3229,0,9396,10
31/08/2025,Tienda 07,252,3229,0,9144,10
01/09/2025,Tienda 07,196,3229,0,8948,5
02/09/2025,Tienda 07,214,3229,0,8734,11
03/09/2025,Tienda 07,290,2745,1,8444,8
04/09/2025,Tienda 07,303,2745,1,8141,10
05/09/2025,Tienda 07,216,3229,0,7925,6
06/09/2025,Tienda 07,280,3229,0,7645,10
07/09/2025,Tienda 07,202,3229,0,7443,8
08/09/2025,Tienda 07,235,3229,0,7208,8
09/09/2025,Tienda 07,227,3229,0,6981,10
10/09/2025,Tienda 07,218,3229,0,6763,5
11/09/2025,Tienda 07,238,3229,0,6525,5
12/09/2025,Tienda 07,323,2745,1,6202,8
13/09/2025,Tienda 07,295,2745,1,5907,8
14/09/2025,Tienda 07,231,3229,0,5676,9
15/09/2025,Tienda 07,250,2745,1,5426,11
16/09/2025,Tienda 07,215,3229,0,5211,8
17/09/2025,Tienda 07,250,3229,0,4961,6
18/09/2025,Tienda 07,189,3229,0,4772,9
19/09/2025,Tienda 07,299,2745,1,4473,11
20/09/2025,Tienda 07,223,3229,0,4250,7
21/09/2025,Tienda 07,258,3229,0,3992,6
22/09/2025,Tienda 07,264,2745,1,3728,11
23/09/2025,Tienda 07,205,3229,0,3523,11
24/09/2025,Tienda 07,212,3229,0,3311,6
25/09/2025,Tienda 07,180,3229,0,3131,10
26/09/2025,Tienda 07,275,3229,0,2856,10
27/09/2025,Tienda 07,282,3229,0,10674,7
28/09/2025,Tienda 07,295,2745,1,10379,10
29/09/2025,Tienda 07,214,3229,0,10165,7
30/09/2025,Tienda 07,220,3229,0,9945,6
01/10/2025,Tienda 07,221,3229,0,9724,9
02/10/2025,Tienda 07,213,3229,0,9511,10
03/10/2025,Tienda 07,260,3229,0,9251,9
04/10/2025,Tienda 07,278,3229,0,8973,5
05/10/2025,Tienda 07,255,3229,0,8718,8
06/10/2025,Tienda 07,237,2745,1,8481,10
07/10/2025,Tienda 07,218,3229,0,8263,11
08/10/2025,Tienda 07,239,2745,1,8024,6
09/10/2025,Tienda 07,212,3229,0,7812,5
10/10/2025,Tienda 07,244,3229,0,7568,8
11/10/2025,Tienda 07,250,3229,0,7318,11
12/10/2025,Tienda 07,237,3229,0,7081,6
13/10/2025,Tienda 07,234,3229,0,6847,11
14/10/2025,Tienda 07,173,3229,0,6674,6
15/10/2025,Tienda 07,227,3229,0,6447,5
16/10/2025,Tienda 07,206,3229,0,6241,6
17/10/2025,Tienda 07,257,3229,0,5984,11
18/10/2025,Tienda 07,256,3229,0,5728,10
19/10/2025,Tienda 07,230,3229,0,5498,11
20/10/2025,Tienda 07,224,3229,0,5274,7
21/10/2025,Tienda 07,208,3229,0,5066,11
22/10/2025,Tienda 07,251,3229,0,4815,9
23/10/2025,Tienda 07,217,3229,0,4598,8
24/10/2025,Tienda 07,241,3229,0,4357,7
25/10/2025,Tienda 07,245,3229,0,4112,7
26/10/2025,Tienda 07,289,3229,0,3823,10
27/10/2025,Tienda 07,177,3229,0,3646,5
28/10/2025,Tienda 07,219,3229,0,3427,11
29/10/2025,Tienda 07,216,3229,0,3211,10
30/10/2025,Tienda 07,195,3229,0,3016,9
31/10/2025,Tienda 07,263,3229,0,2753,11
01/11/2025,Tienda 07,272,3229,0,10581,7
02/11/2025,Tienda 07,237,3229,0,10344,8
03/11/2025,Tienda 07,200,3229,0,10144,7
04/11/2025,Tienda 07,211,3229,0,9933,11
05/11/2025,Tienda 07,187,3229,0,9746,8
06/11/2025,Tienda 07,259,2745,1,9487,8
07/11/2025,Tienda 07,293,3229,0,9194,6
08/11/2025,Tienda 07,233,3229,0,8961,5
09/11/2025,Tienda 07,282,3229,0,8679,9
10/11/2025,Tienda 07,285,2745,1,8394,5
11/11/2025,Tienda 07,190,3229,0,8204,8
12/11/2025,Tienda 07,221,3229,0,7983,5
13/11/2025,Tienda 07,241,3229,0,7742,8
14/11/2025,Tienda 07,324,2745,1,7418,8
15/11/2025,Tienda 07,284,3229,0,7134,8
16/11/2025,Tienda 07,243,3229,0,6891,11
17/11/2025,Tienda 07,250,3229,0,6641,9
18/11/2025,Tienda 07,210,3229,0,6431,11
19/11/2025,Tienda 07,216,3229,0,6215,8
20/11/2025,Tienda 07,264,2745,1,5951,7
21/11/2025,Tienda 07,287,3229,0,5664,10
22/11/2025,Tienda 07,356,2745,1,5308,9
23/11/2025,Tienda 07,263,3229,0,5045,7
24/11/2025,Tienda 07,269,3229,0,4776,11
25/11/2025,Tienda 07,199,3229,0,4577,10
26/11/2025,Tienda 07,220,3229,0,4357,7
27/11/2025,Tienda 07,236,3229,0,4121,8
28/11/2025,Tienda 07,406,2745,1,3715,7
29/11/2025,Tienda 07,354,2745,1,3361,9
30/11/2025,Tienda 07,281,3229,0,3080,5
01/12/2025,Tienda 07,236,3229,0,2844,8
02/12/2025,Tienda 07,246,3229,0,10698,8
03/12/2025,Tienda 07,279,3229,0,10419,11
04/12/2025,Tienda 07,258,3229,0,10161,9
05/12/2025,Tienda 07,309,3229,0,9852,6
06/12/2025,Tienda 07,388,2745,1,9464,5
07/12/2025,Tienda 07,299,3229,0,9165,10
08/12/2025,Tienda 07,242,3229,0,8923,11
09/12/2025,Tienda 07,222,3229,0,8701,6
10/12/2025,Tienda 07,217,3229,0,8484,8
11/12/2025,Tienda 07,275,3229,0,8209,9
12/12/2025,Tienda 07,392,2745,1,7817,6
13/12/2025,Tienda 07,342,3229,0,7475,5
14/12/2025,Tienda 07,303,3229,0,7172,5
15/12/2025,Tienda 07,237,3229,0,6935,10
16/12/2025,Tienda 07,259,3229,0,6676,11
17/12/2025,Tienda 07,300,3229,0,6376,11
18/12/2025,Tienda 07,265,3229,0,6111,6
19/12/2025,Tienda 07,300,3229,0,5811,7
20/12/2025,Tienda 07,319,3229,0,5492,6
21/12/2025,Tienda 07,326,3229,0,5166,5
22/12/2025,Tienda 07,268,3229,0,4898,11
23/12/2025,Tienda 07,220,3229,0,4678,9
24/12/2025,Tienda 07,322,2745,1,4356,9
25/12/2025,Tienda 07,276,3229,0,4080,5
26/12/2025,Tienda 07,338,3229,0,3742,5
27/12/2025,Tienda 07,287,3229,0,3455,9
28/12/2025,Tienda 07,336,3229,0,3119,8
29/12/2025,Tienda 07,266,3229,0,2853,11
30/12/2025,Tienda 07,252,3229,0,10701,8
31/12/2025,Tienda 07,257,3229,0,10444,10
01/01/2023,Tienda 08,344,2990,0,3656,11
02/01/2023,Tienda 08,311,2990,0,3345,11
03/01/2023,Tienda 08,418,2542,1,11777,5
04/01/2023,Tienda 08,298,2990,0,11479,7
05/01/2023,Tienda 08,296,2990,0,11183,9
06/01/2023,Tienda 08,369,2990,0,10814,8
07/01/2023,Tienda 08,361,2990,0,10453,7
08/01/2023,Tienda 08,372,2990,0,10081,8
09/01/2023,Tienda 08,313,2990,0,9768,5
10/01/2023,Tienda 08,320,2990,0,9448,5
11/01/2023,Tienda 08,331,2990,0,9117,6
12/01/2023,Tienda 08,295,2990,0,8822,10
13/01/2023,Tienda 08,329,2990,0,8493,10
14/01/2023,Tienda 08,392,2990,0,8101,6
15/01/2023,Tienda 08,372,2990,0,7729,7
16/01/2023,Tienda 08,290,2990,0,7439,6
17/01/2023,Tienda 08,273,2990,0,7166,6
18/01/2023,Tienda 08,337,2990,0,6829,10
19/01/2023,Tienda 08,329,2990,0,6500,5
20/01/2023,Tienda 08,505,2542,1,5995,8
21/01/2023,Tienda 08,377,2990,0,5618,9
22/01/2023,Tienda 08,370,2990,0,5248,11
23/01/2023,Tienda 08,331,2990,0,4917,10
24/01/2023,Tienda 08,317,2990,0,4600,11
25/01/2023,Tienda 08,362,2990,0,4238,7
26/01/2023,Tienda 08,420,2542,1,3818,6
27/01/2023,Tienda 08,393,2990,0,3425,8
28/01/2023,Tienda 08,392,2990,0,3033,5
29/01/2023,Tienda 08,412,2990,0,11471,6
30/01/2023,Tienda 08,349,2990,0,11122,11
31/01/2023,Tienda 08,311,2990,0,10811,9
01/02/2023,Tienda 08,331,2990,0,10480,8
02/02/2023,Tienda 08,310,2990,0,10170,5
03/02/2023,Tienda 08,470,2542,1,9700,7
04/02/2023,Tienda 08,421,2990,0,9279,7
05/02/2023,Tienda 08,418,2990,0,8861,5
06/02/2023,Tienda 08,319,2990,0,8542,5
07/02/2023,Tienda 08,347,2990,0,8195,7
08/02/2023,Tienda 08,365,2990,0,7830,9
09/02/2023,Tienda 08,376,2990,0,7454,6
10/02/2023,Tienda 08,478,2990,0,6976,10
11/02/2023,Tienda 08,382,2990,0,6594,8
12/02/2023,Tienda 08,373,2990,0,6221,9
13/02/2023,Tienda 08,357,2990,0,5864,7
14/02/2023,Tienda 08,343,2990,0,5521,8
15/02/2023,Tienda 08,327,2990,0,5194,11
16/02/2023,Tienda 08,355,2990,0,4839,10
17/02/2023,Tienda 08,405,2990,0,4434,11
18/02/2023,Tienda 08,433,2990,0,4001,8
19/02/2023,Tienda 08,386,2990,0,3615,11
20/02/2023,Tienda 08,403,2990,0,3212,5
21/02/2023,Tienda 08,334,2990,0,11728,11
22/02/2023,Tienda 08,383,2990,0,11345,11
23/02/2023,Tienda 08,331,2990,0,11014,9
24/02/2023,Tienda 08,387,2990,0,10627,10
25/02/2023,Tienda 08,423,2990,0,10204,6
26/02/2023,Tienda 08,410,2990,0,9794,9
27/02/2023,Tienda 08,372,2990,0,9422,8
28/02/2023,Tienda 08,479,2542,1,8943,10
01/03/2023,Tienda 08,343,2990,0,8600,10
02/03/2023,Tienda 08,311,2990,0,8289,5
03/03/2023,Tienda 08,399,2990,0,7890,9
04/03/2023,Tienda 08,461,2990,0,7429,6
05/03/2023,Tienda 08,415,2990,0,7014,11
06/03/2023,Tienda 08,347,2990,0,6667,7
07/03/2023,Tienda 08,496,2542,1,6171,9
08/03/2023,Tienda 08,345,2990,0,5826,5
09/03/2023,Tienda 08,339,2990,0,5487,6
10/03/2023,Tienda 08,399,2990,0,5088,5
11/03/2023,Tienda 08,420,2990,0,4668,5
12/03/2023,Tienda 08,455,2990,0,4213,6
13/03/2023,Tienda 08,361,2990,0,3852,6
14/03/2023,Tienda 08,347,2990,0,3505,8
15/03/2023,Tienda 08,462,2542,1,3043,5
16/03/2023,Tienda 08,441,2542,1,11452,6
17/03/2023,Tienda 08,415,2990,0,11037,5
18/03/2023,Tienda 08,479,2990,0,10558,11
19/03/2023,Tienda 08,455,2990,0,10103,10
20/03/2023,Tienda 08,306,2990,0,9797,6
21/03/2023,Tienda 08,378,2990,0,9419,10
22/03/2023,Tienda 08,341,2990,0,9078,7
23/03/2023,Tienda 08,359,2990,0,8719,7
24/03/2023,Tienda 08,398,2990,0,8321,9
25/03/2023,Tienda 08,456,2990,0,7865,5
26/03/2023,Tienda 08,428,2990,0,7437,8
27/03/2023,Tienda 08,358,2990,0,7079,11
28/03/2023,Tienda 08,326,2990,0,6753,7
29/03/2023,Tienda 08,381,2990,0,6372,8
30/03/2023,Tienda 08,363,2990,0,6009,9
31/03/2023,Tienda 08,460,2990,0,5549,11
01/04/2023,Tienda 08,537,2542,1,5012,9
02/04/2023,Tienda 08,478,2990,0,4534,11
03/04/2023,Tienda 08,381,2990,0,4153,8
04/04/2023,Tienda 08,383,2990,0,3770,10
05/04/2023,Tienda 08,373,2990,0,3397,9
06/04/2023,Tienda 08,403,2990,0,2994,11
07/04/2023,Tienda 08,438,2990,0,11406,9
08/04/2023,Tienda 08,401,2990,0,11005,10
09/04/2023,Tienda 08,562,2542,1,10443,5
10/04/2023,Tienda 08,419,2990,0,10024,9
11/04/2023,Tienda 08,386,2990,0,9638,8
12/04/2023,Tienda 08,352,2990,0,9286,11
13/04/2023,Tienda 08,379,2990,0,8907,9
14/04/2023,Tienda 08,368,2990,0,8539,9
15/04/2023,Tienda 08,431,2990,0,8108,8
16/04/2023,Tienda 08,426,2990,0,7682,8
17/04/2023,Tienda 08,459,2542,1,7223,6
18/04/2023,Tienda 08,342,2990,0,6881,11
19/04/2023,Tienda 08,483,2542,1,6398,11
20/04/2023,Tienda 08,366,2990,0,6032,6
21/04/2023,Tienda 08,404,2990,0,5628,9
22/04/2023,Tienda 08,410,2990,0,5218,6
23/04/2023,Tienda 08,431,2990,0,4787,11
24/04/2023,Tienda 08,347,2990,0,4440,8
25/04/2023,Tienda 08,381,2990,0,4059,8
26/04/2023,Tienda 08,375,2990,0,3684,7
27/04/2023,Tienda 08,326,2990,0,3358,8
28/04/2023,Tienda 08,390,2990,0,2968,11
29/04/2023,Tienda 08,456,2990,0,11362,8
30/04/2023,Tienda 08,431,2990,0,10931,9
01/05/2023,Tienda 08,362,2990,0,10569,8
02/05/2023,Tienda 08,344,2990,0,10225,8
03/05/2023,Tienda 08,491,2542,1,9734,10
04/05/2023,Tienda 08,348,2990,0,9386,7
05/05/2023,Tienda 08,408,2990,0,8978,5
06/05/2023,Tienda 08,425,2990,0,8553,9
07/05/2023,Tienda 08,395,2990,0,8158,10
08/05/2023,Tienda 08,496,2542,1,7662,5
09/05/2023,Tienda 08,318,2990,0,7344,9
10/05/2023,Tienda 08,467,2542,1,6877,9
11/05/2023,Tienda 08,371,2990,0,6506,6
12/05/2023,Tienda 08,401,2990,0,6105,10
13/05/2023,Tienda 08,410,2990,0,5695,6
14/05/2023,Tienda 08,449,2990,0,5246,9
15/05/2023,Tienda 08,313,2990,0,4933,8
16/05/2023,Tienda 08,359,2990,0,4574,11
17/05/2023,Tienda 08,336,2990,0,4238,8
18/05/2023,Tienda 08,301,2990,0,3937,7
19/05/2023,Tienda 08,411,2990,0,3526,7
20/05/2023,Tienda 08,492,2542,1,3034,7
21/05/2023,Tienda 08,379,2990,0,11505,9
22/05/2023,Tienda 08,344,2990,0,11161,7
23/05/2023,Tienda 08,338,2990,0,10823,10
24/05/2023,Tienda 08,354,2990,0,10469,11
25/05/2023,Tienda 08,326,2990,0,10143,9
26/05/2023,Tienda 08,363,2990,0,9780,5
27/05/2023,Tienda 08,392,2990,0,9388,8
28/05/2023,Tienda 08,397,2990,0,8991,7
29/05/2023,Tienda 08,447,2542,1,8544,5
30/05/2023,Tienda 08,318,2990,0,8226,6
31/05/2023,Tienda 08,271,2990,0,7955,6
01/06/2023,Tienda 08,346,2990,0,7609,6
02/06/2023,Tienda 08,406,2990,0,7203,10
03/06/2023,Tienda 08,400,2990,0,6803,8
04/06/2023,Tienda 08,333,2990,0,6470,10
05/06/2023,Tienda 08,331,2990,0,6139,7
06/06/2023,Tienda 08,349,2990,0,5790,9
07/06/2023,Tienda 08,324,2990,0,5466,8
08/06/2023,Tienda 08,297,2990,0,5169,8
09/06/2023,Tienda 08,479,2542,1,4690,7
10/06/2023,Tienda 08,356,2990,0,4334,5
11/06/2023,Tienda 08,339,2990,0,3995,7
12/06/2023,Tienda 08,327,2990,0,3668,10
13/06/2023,Tienda 08,353,2990,0,3315,11
14/06/2023,Tienda 08,331,2990,0,2984,5
15/06/2023,Tienda 08,373,2542,1,11461,11
16/06/2023,Tienda 08,404,2990,0,11057,5
17/06/2023,Tienda 08,395,2990,0,10662,6
18/06/2023,Tienda 08,319,2990,0,10343,6
19/06/2023,Tienda 08,353,2990,0,9990,9
20/06/2023,Tienda 08,304,2990,0,9686,8
21/06/2023,Tienda 08,332,2990,0,9354,9
22/06/2023,Tienda 08,375,2990,0,8979,11
23/06/2023,Tienda 08,447,2542,1,8532,9
24/06/2023,Tienda 08,353,2990,0,8179,5
25/06/2023,Tienda 08,324,2990,0,7855,7
26/06/2023,Tienda 08,282,2990,0,7573,9
27/06/2023,Tienda 08,291,2990,0,7282,5
28/06/2023,Tienda 08,336,2990,0,6946,7
29/06/2023,Tienda 08,347,2990,0,6599,6
30/06/2023,Tienda 08,385,2990,0,6214,11
01/07/2023,Tienda 08,325,2990,0,5889,9
02/07/2023,Tienda 08,366,2990,0,5523,7
03/07/2023,Tienda 08,322,2990,0,5201,8
04/07/2023,Tienda 08,273,2990,0,4928,5
05/07/2023,Tienda 08,261,2990,0,4667,11
06/07/2023,Tienda 08,300,2990,0,4367,6
07/07/2023,Tienda 08,309,2990,0,4058,9
08/07/2023,Tienda 08,386,2990,0,3672,6
09/07/2023,Tienda 08,355,2990,0,3317,7
10/07/2023,Tienda 08,316,2990,0,3001,9
11/07/2023,Tienda 08,280,2990,0,11571,10
12/07/2023,Tienda 08,365,2542,1,11206,9
13/07/2023,Tienda 08,294,2990,0,10912,11
14/07/2023,Tienda 08,279,2990,0,10633,7
15/07/2023,Tienda 08,363,2990,0,10270,6
16/07/2023,Tienda 08,292,2990,0,9978,6
17/07/2023,Tienda 08,243,2990,0,9735,10
18/07/2023,Tienda 08,266,2990,0,9469,7
19/07/2023,Tienda 08,267,2990,0,9202,9
20/07/2023,Tienda 08,346,2542,1,8856,6
21/07/2023,Tienda 08,342,2990,0,8514,5
22/07/2023,Tienda 08,437,2542,1,8077,10
23/07/2023,Tienda 08,321,2990,0,7756,9
24/07/2023,Tienda 08,268,2990,0,7488,11
25/07/2023,Tienda 08,313,2990,0,7175,10
26/07/2023,Tienda 08,278,2990,0,6897,11
27/07/2023,Tienda 08,326,2542,1,6571,8
28/07/2023,Tienda 08,307,2990,0,6264,9
29/07/2023,Tienda 08,311,2990,0,5953,11
30/07/2023,Tienda 08,350,2990,0,5603,11
31/07/2023,Tienda 08,300,2990,0,5303,6
01/08/2023,Tienda 08,315,2542,1,4988,9
02/08/2023,Tienda 08,299,2990,0,4689,6
03/08/2023,Tienda 08,251,2990,0,4438,7
04/08/2023,Tienda 08,421,2542,1,4017,11
05/08/2023,Tienda 08,357,2542,1,3660,10
06/08/2023,Tienda 08,292,2990,0,3368,10
07/08/2023,Tienda 08,219,2990,0,3149,8
08/08/2023,Tienda 08,265,2990,0,11734,8
09/08/2023,Tienda 08,243,2990,0,11491,5
10/08/2023,Tienda 08,278,2990,0,11213,5
11/08/2023,Tienda 08,270,2990,0,10943,8
12/08/2023,Tienda 08,292,2990,0,10651,5
13/08/2023,Tienda 08,270,2990,0,10381,11
14/08/2023,Tienda 08,231,2990,0,10150,5
15/08/2023,Tienda 08,224,2990,0,9926,10
16/08/2023,Tienda 08,246,2990,0,9680,5
17/08/2023,Tienda 08,262,2990,0,9418,5
18/08/2023,Tienda 08,225,2990,0,9193,8
19/08/2023,Tienda 08,263,2990,0,8930,7
20/08/2023,Tienda 08,386,2542,1,8544,6
21/08/2023,Tienda 08,260,2990,0,8284,5
22/08/2023,Tienda 08,266,2990,0,8018,11
23/08/2023,Tienda 08,227,2990,0,7791,8
24/08/2023,Tienda 08,207,2990,0,7584,5
25/08/2023,Tienda 08,244,2990,0,7340,8
26/08/2023,Tienda 08,262,2990,0,7078,11
27/08/2023,Tienda 08,252,2990,0,6826,10
28/08/2023,Tienda 08,255,2990,0,6571,7
29/08/2023,Tienda 08,238,2990,0,6333,9
30/08/2023,Tienda 08,235,2990,0,6098,9
31/08/2023,Tienda 08,239,2990,0,5859,10
01/09/2023,Tienda 08,281,2990,0,5578,9
02/09/2023,Tienda 08,288,2990,0,5290,11
03/09/2023,Tienda 08,240,2990,0,5050,9
04/09/2023,Tienda 08,222,2990,0,4828,10
05/09/2023,Tienda 08,234,2990,0,4594,10
06/09/2023,Tienda 08,219,2990,0,4375,5
07/09/2023,Tienda 08,232,2990,0,4143,6
08/09/2023,Tienda 08,273,2990,0,3870,6
09/09/2023,Tienda 08,310,2542,1,3560,10
10/09/2023,Tienda 08,296,2990,0,3264,10
11/09/2023,Tienda 08,220,2542,1,3044,8
12/09/2023,Tienda 08,237,2990,0,11657,6
13/09/2023,Tienda 08,223,2990,0,11434,10
14/09/2023,Tienda 08,248,2990,0,11186,7
15/09/2023,Tienda 08,238,2990,0,10948,5
16/09/2023,Tienda 08,254,2990,0,10694,11
17/09/2023,Tienda 08,282,2990,0,10412,9
18/09/2023,Tienda 08,223,2990,0,10189,7
19/09/2023,Tienda 08,187,2990,0,10002,6
20/09/2023,Tienda 08,203,2990,0,9799,11
21/09/2023,Tienda 08,221,2990,0,9578,6
22/09/2023,Tienda 08,322,2542,1,9256,11
23/09/2023,Tienda 08,276,2990,0,8980,5
24/09/2023,Tienda 08,269,2990,0,8711,10
25/09/2023,Tienda 08,208,2990,0,8503,5
26/09/2023,Tienda 08,206,2990,0,8297,10
27/09/2023,Tienda 08,242,2990,0,8055,5
28/09/2023,Tienda 08,230,2990,0,7825,5
29/09/2023,Tienda 08,282,2990,0,7543,9
30/09/2023,Tienda 08,340,2542,1,7203,11
01/10/2023,Tienda 08,276,2990,0,6927,5
02/10/2023,Tienda 08,232,2990,0,6695,7
03/10/2023,Tienda 08,200,2990,0,6495,5
04/10/2023,Tienda 08,176,2990,0,6319,7
05/10/2023,Tienda 08,233,2990,0,6086,6
06/10/2023,Tienda 08,377,2542,1,5709,11
07/10/2023,Tienda 08,231,2990,0,5478,9
08/10/2023,Tienda 08,278,2990,0,5200,10
09/10/2023,Tienda 08,235,2990,0,4965,11
10/10/2023,Tienda 08,224,2990,0,4741,8
11/10/2023,Tienda 08,221,2990,0,4520,10
12/10/2023,Tienda 08,241,2990,0,4279,6
13/10/2023,Tienda 08,219,2990,0,4060,10
14/10/2023,Tienda 08,293,2990,0,3767,10
15/10/2023,Tienda 08,283,2990,0,3484,11
16/10/2023,Tienda 08,238,2990,0,3246,11
17/10/2023,Tienda 08,219,2990,0,3027,8
18/10/2023,Tienda 08,284,2542,1,11593,11
19/10/2023,Tienda 08,230,2990,0,11363,7
20/10/2023,Tienda 08,266,2990,0,11097,6
21/10/2023,Tienda 08,324,2542,1,10773,7
22/10/2023,Tienda 08,297,2990,0,10476,8
23/10/2023,Tienda 08,252,2990,0,10224,7
24/10/2023,Tienda 08,266,2990,0,9958,5
25/10/2023,Tienda 08,235,2990,0,9723,6
26/10/2023,Tienda 08,332,2542,1,9391,11
27/10/2023,Tienda 08,267,2990,0,9124,9
28/10/2023,Tienda 08,333,2990,0,8791,6
29/10/2023,Tienda 08,380,2542,1,8411,5
30/10/2023,Tienda 08,226,2990,0,8185,8
31/10/2023,Tienda 08,205,2990,0,7980,5
01/11/2023,Tienda 08,343,2542,1,7637,7
02/11/2023,Tienda 08,222,2990,0,7415,9
03/11/2023,Tienda 08,228,2990,0,7187,6
04/11/2023,Tienda 08,324,2990,0,6863,7
05/11/2023,Tienda 08,308,2990,0,6555,10
06/11/2023,Tienda 08,257,2990,0,6298,5
07/11/2023,Tienda 08,206,2990,0,6092,7
08/11/2023,Tienda 08,239,2990,0,5853,5
09/11/2023,Tienda 08,243,2990,0,5610,7
10/11/2023,Tienda 08,292,2990,0,5318,5
11/11/2023,Tienda 08,262,2990,0,5056,11
12/11/2023,Tienda 08,266,2990,0,4790,11
13/11/2023,Tienda 08,251,2990,0,4539,11
14/11/2023,Tienda 08,222,2990,0,4317,9
15/11/2023,Tienda 08,246,2990,0,4071,10
16/11/2023,Tienda 08,239,2990,0,3832,10
17/11/2023,Tienda 08,390,2542,1,3442,11
18/11/2023,Tienda 08,280,2990,0,3162,5
19/11/2023,Tienda 08,259,2990,0,11753,10
20/11/2023,Tienda 08,201,2990,0,11552,9
21/11/2023,Tienda 08,203,2990,0,11349,9
22/11/2023,Tienda 08,311,2542,1,11038,7
23/11/2023,Tienda 08,269,2990,0,10769,6
24/11/2023,Tienda 08,326,2990,0,10443,5
25/11/2023,Tienda 08,287,2990,0,10156,6
26/11/2023,Tienda 08,341,2990,0,9815,11
27/11/2023,Tienda 08,275,2990,0,9540,7
28/11/2023,Tienda 08,321,2542,1,9219,9
29/11/2023,Tienda 08,273,2990,0,8946,10
30/11/2023,Tienda 08,293,2990,0,8653,11
01/12/2023,Tienda 08,313,2990,0,8340,8
02/12/2023,Tienda 08,340,2990,0,8000,10
03/12/2023,Tienda 08,299,2990,0,7701,7
04/12/2023,Tienda 08,246,2990,0,7455,10
05/12/2023,Tienda 08,302,2990,0,7153,10
06/12/2023,Tienda 08,287,2990,0,6866,10
07/12/2023,Tienda 08,298,2990,0,6568,11
08/12/2023,Tienda 08,338,2990,0,6230,8
09/12/2023,Tienda 08,346,2990,0,5884,10
10/12/2023,Tienda 08,411,2542,1,5473,6
11/12/2023,Tienda 08,250,2990,0,5223,5
12/12/2023,Tienda 08,288,2990,0,4935,6
13/12/2023,Tienda 08,288,2990,0,4647,9
14/12/2023,Tienda 08,282,2990,0,4365,11
15/12/2023,Tienda 08,463,2542,1,3902,9
16/12/2023,Tienda 08,372,2990,0,3530,10
17/12/2023,Tienda 08,304,2990,0,3226,6
18/12/2023,Tienda 08,295,2990,0,11781,5
19/12/2023,Tienda 08,332,2990,0,11449,10
20/12/2023,Tienda 08,254,2990,0,11195,5
21/12/2023,Tienda 08,282,2990,0,10913,8
22/12/2023,Tienda 08,412,2542,1,10501,9
23/12/2023,Tienda 08,336,2990,0,10165,6
24/12/2023,Tienda 08,320,2990,0,9845,7
25/12/2023,Tienda 08,264,2990,0,9581,5
26/12/2023,Tienda 08,303,2990,0,9278,8
27/12/2023,Tienda 08,318,2990,0,8960,10
28/12/2023,Tienda 08,302,2990,0,8658,10
29/12/2023,Tienda 08,356,2990,0,8302,7
30/12/2023,Tienda 08,322,2990,0,7980,9
31/12/2023,Tienda 08,452,2542,1,7528,8
01/01/2024,Tienda 08,281,3110,0,7247,7
02/01/2024,Tienda 08,237,3110,0,7010,11
03/01/2024,Tienda 08,310,3110,0,6700,11
04/01/2024,Tienda 08,327,3110,0,6373,9
05/01/2024,Tienda 08,348,3110,0,6025,11
06/01/2024,Tienda 08,309,3110,0,5716,8
07/01/2024,Tienda 08,374,3110,0,5342,7
08/01/2024,Tienda 08,351,3110,0,4991,5
09/01/2024,Tienda 08,301,3110,0,4690,8
10/01/2024,Tienda 08,303,3110,0,4387,10
11/01/2024,Tienda 08,302,3110,0,4085,8
12/01/2024,Tienda 08,491,2643,1,3594,9
13/01/2024,Tienda 08,361,3110,0,3233,10
14/01/2024,Tienda 08,381,3110,0,11702,6
15/01/2024,Tienda 08,409,2643,1,11293,6
16/01/2024,Tienda 08,325,3110,0,10968,11
17/01/2024,Tienda 08,409,2643,1,10559,9
18/01/2024,Tienda 08,312,3110,0,10247,10
19/01/2024,Tienda 08,383,3110,0,9864,6
20/01/2024,Tienda 08,358,3110,0,9506,6
21/01/2024,Tienda 08,540,2643,1,8966,6
22/01/2024,Tienda 08,281,3110,0,8685,11
23/01/2024,Tienda 08,407,2643,1,8278,5
24/01/2024,Tienda 08,301,3110,0,7977,5
25/01/2024,Tienda 08,330,3110,0,7647,6
26/01/2024,Tienda 08,395,3110,0,7252,11
27/01/2024,Tienda 08,354,3110,0,6898,6
28/01/2024,Tienda 08,378,3110,0,6520,7
29/01/2024,Tienda 08,343,3110,0,6177,11
30/01/2024,Tienda 08,313,3110,0,5864,5
31/01/2024,Tienda 08,342,3110,0,5522,8
01/02/2024,Tienda 08,347,3110,0,5175,5
02/02/2024,Tienda 08,427,3110,0,4748,8
03/02/2024,Tienda 08,400,3110,0,4348,7
04/02/2024,Tienda 08,374,3110,0,3974,10
05/02/2024,Tienda 08,346,3110,0,3628,11
06/02/2024,Tienda 08,327,3110,0,3301,7
07/02/2024,Tienda 08,347,3110,0,2954,8
08/02/2024,Tienda 08,353,3110,0,11451,9
09/02/2024,Tienda 08,447,3110,0,11004,6
10/02/2024,Tienda 08,481,2643,1,10523,9
11/02/2024,Tienda 08,426,3110,0,10097,9
12/02/2024,Tienda 08,328,3110,0,9769,9
13/02/2024,Tienda 08,348,3110,0,9421,6
14/02/2024,Tienda 08,353,3110,0,9068,5
15/02/2024,Tienda 08,373,3110,0,8695,5
16/02/2024,Tienda 08,429,3110,0,8266,10
17/02/2024,Tienda 08,452,3110,0,7814,10
18/02/2024,Tienda 08,445,3110,0,7369,8
19/02/2024,Tienda 08,358,3110,0,7011,11
20/02/2024,Tienda 08,406,3110,0,6605,10
21/02/2024,Tienda 08,471,2643,1,6134,10
22/02/2024,Tienda 08,345,3110,0,5789,11
23/02/2024,Tienda 08,417,3110,0,5372,11
24/02/2024,Tienda 08,418,3110,0,4954,11
25/02/2024,Tienda 08,544,2643,1,4410,9
26/02/2024,Tienda 08,369,3110,0,4041,10
27/02/2024,Tienda 08,369,3110,0,3672,11
28/02/2024,Tienda 08,311,3110,0,3361,6
29/02/2024,Tienda 08,365,3110,0,2996,9
01/03/2024,Tienda 08,524,2643,1,11322,8
02/03/2024,Tienda 08,433,3110,0,10889,10
03/03/2024,Tienda 08,410,3110,0,10479,11
04/03/2024,Tienda 08,367,3110,0,10112,8
05/03/2024,Tienda 08,352,3110,0,9760,8
06/03/2024,Tienda 08,517,2643,1,9243,8
07/03/2024,Tienda 08,378,3110,0,8865,10
08/03/2024,Tienda 08,616,2643,1,8249,5
09/03/2024,Tienda 08,421,3110,0,7828,11
10/03/2024,Tienda 08,406,3110,0,7422,11
11/03/2024,Tienda 08,384,3110,0,7038,11
12/03/2024,Tienda 08,401,3110,0,6637,11
13/03/2024,Tienda 08,348,3110,0,6289,7
14/03/2024,Tienda 08,407,3110,0,5882,9
15/03/2024,Tienda 08,444,3110,0,5438,9
16/03/2024,Tienda 08,393,3110,0,5045,5
17/03/2024,Tienda 08,418,3110,0,4627,11
18/03/2024,Tienda 08,391,3110,0,4236,10
19/03/2024,Tienda 08,340,3110,0,3896,6
20/03/2024,Tienda 08,495,2643,1,3401,5
21/03/2024,Tienda 08,431,3110,0,2970,11
22/03/2024,Tienda 08,452,3110,0,11368,7
23/03/2024,Tienda 08,453,3110,0,10915,10
24/03/2024,Tienda 08,592,2643,1,10323,11
25/03/2024,Tienda 08,357,3110,0,9966,7
26/03/2024,Tienda 08,350,3110,0,9616,8
27/03/2024,Tienda 08,348,3110,0,9268,11
28/03/2024,Tienda 08,403,3110,0,8865,11
29/03/2024,Tienda 08,426,3110,0,8439,6
30/03/2024,Tienda 08,434,3110,0,8005,8
31/03/2024,Tienda 08,406,3110,0,7599,7
01/04/2024,Tienda 08,363,3110,0,7236,9
02/04/2024,Tienda 08,388,3110,0,6848,7
03/04/2024,Tienda 08,398,3110,0,6450,11
04/04/2024,Tienda 08,503,2643,1,5947,8
05/04/2024,Tienda 08,436,3110,0,5511,10
06/04/2024,Tienda 08,600,2643,1,4911,10
07/04/2024,Tienda 08,411,3110,0,4500,9
08/04/2024,Tienda 08,331,3110,0,4169,9
09/04/2024,Tienda 08,370,3110,0,3799,6
10/04/2024,Tienda 08,374,3110,0,3425,8
11/04/2024,Tienda 08,526,2643,1,11749,9
12/04/2024,Tienda 08,399,3110,0,11350,9
13/04/2024,Tienda 08,444,3110,0,10906,5
14/04/2024,Tienda 08,436,3110,0,10470,11
15/04/2024,Tienda 08,349,3110,0,10121,9
16/04/2024,Tienda 08,335,3110,0,9786,9
17/04/2024,Tienda 08,431,2643,1,9355,10
18/04/2024,Tienda 08,379,3110,0,8976,10
19/04/2024,Tienda 08,454,3110,0,8522,10
20/04/2024,Tienda 08,426,3110,0,8096,5
21/04/2024,Tienda 08,434,3110,0,7662,10
22/04/2024,Tienda 08,358,3110,0,7304,5
23/04/2024,Tienda 08,337,3110,0,6967,11
24/04/2024,Tienda 08,488,2643,1,6479,5
25/04/2024,Tienda 08,349,3110,0,6130,7
26/04/2024,Tienda 08,409,3110,0,5721,11
27/04/2024,Tienda 08,482,3110,0,5239,8
28/04/2024,Tienda 08,421,3110,0,4818,10
29/04/2024,Tienda 08,360,3110,0,4458,11
30/04/2024,Tienda 08,333,3110,0,4125,11
01/05/2024,Tienda 08,357,3110,0,3768,10
02/05/2024,Tienda 08,324,3110,0,3444,5
03/05/2024,Tienda 08,427,3110,0,3017,5
04/05/2024,Tienda 08,380,3110,0,11487,6
05/05/2024,Tienda 08,431,3110,0,11056,11
06/05/2024,Tienda 08,379,3110,0,10677,11
07/05/2024,Tienda 08,327,3110,0,10350,8
08/05/2024,Tienda 08,364,3110,0,9986,9
09/05/2024,Tienda 08,420,2643,1,9566,10
10/05/2024,Tienda 08,438,3110,0,9128,10
11/05/2024,Tienda 08,427,3110,0,8701,5
12/05/2024,Tienda 08,389,3110,0,8312,11
13/05/2024,Tienda 08,344,3110,0,7968,10
14/05/2024,Tienda 08,318,3110,0,7650,8
15/05/2024,Tienda 08,336,3110,0,7314,10
16/05/2024,Tienda 08,483,2643,1,6831,10
17/05/2024,Tienda 08,398,3110,0,6433,5
18/05/2024,Tienda 08,338,3110,0,6095,5
19/05/2024,Tienda 08,403,3110,0,5692,10
20/05/2024,Tienda 08,335,3110,0,5357,8
21/05/2024,Tienda 08,385,3110,0,4972,11
22/05/2024,Tienda 08,311,3110,0,4661,9
23/05/2024,Tienda 08,379,3110,0,4282,6
24/05/2024,Tienda 08,462,3110,0,3820,11
25/05/2024,Tienda 08,373,3110,0,3447,8
26/05/2024,Tienda 08,392,3110,0,3055,7
27/05/2024,Tienda 08,335,3110,0,11570,9
28/05/2024,Tienda 08,339,3110,0,11231,8
29/05/2024,Tienda 08,296,3110,0,10935,11
30/05/2024,Tienda 08,323,3110,0,10612,7
31/05/2024,Tienda 08,533,2643,1,10079,5
01/06/2024,Tienda 08,361,3110,0,9718,11
02/06/2024,Tienda 08,357,3110,0,9361,11
03/06/2024,Tienda 08,352,3110,0,9009,6
04/06/2024,Tienda 08,357,3110,0,8652,10
05/06/2024,Tienda 08,347,3110,0,8305,7
06/06/2024,Tienda 08,313,3110,0,7992,11
07/06/2024,Tienda 08,335,3110,0,7657,11
08/06/2024,Tienda 08,350,3110,0,7307,7
09/06/2024,Tienda 08,476,2643,1,6831,9
10/06/2024,Tienda 08,349,3110,0,6482,8
11/06/2024,Tienda 08,328,3110,0,6154,7
12/06/2024,Tienda 08,337,3110,0,5817,6
13/06/2024,Tienda 08,375,3110,0,5442,7
14/06/2024,Tienda 08,489,2643,1,4953,11
15/06/2024,Tienda 08,382,3110,0,4571,8
16/06/2024,Tienda 08,384,3110,0,4187,5
17/06/2024,Tienda 08,336,3110,0,3851,7
18/06/2024,Tienda 08,293,3110,0,3558,10
19/06/2024,Tienda 08,286,3110,0,3272,7
20/06/2024,Tienda 08,312,3110,0,2960,6
21/06/2024,Tienda 08,353,3110,0,11457,9
22/06/2024,Tienda 08,392,3110,0,11065,9
23/06/2024,Tienda 08,363,3110,0,10702,11
24/06/2024,Tienda 08,269,3110,0,10433,6
25/06/2024,Tienda 08,327,3110,0,10106,6
26/06/2024,Tienda 08,315,3110,0,9791,9
27/06/2024,Tienda 08,436,2643,1,9355,11
28/06/2024,Tienda 08,366,3110,0,8989,9
29/06/2024,Tienda 08,309,3110,0,8680,11
30/06/2024,Tienda 08,396,2643,1,8284,8
01/07/2024,Tienda 08,284,3110,0,8000,11
02/07/2024,Tienda 08,336,3110,0,7664,8
03/07/2024,Tienda 08,425,2643,1,7239,10
04/07/2024,Tienda 08,268,3110,0,6971,5
05/07/2024,Tienda 08,327,3110,0,6644,6
06/07/2024,Tienda 08,347,3110,0,6297,11
07/07/2024,Tienda 08,314,3110,0,5983,8
08/07/2024,Tienda 08,264,3110,0,5719,6
09/07/2024,Tienda 08,257,3110,0,5462,9
10/07/2024,Tienda 08,276,3110,0,5186,10
11/07/2024,Tienda 08,240,3110,0,4946,6
12/07/2024,Tienda 08,313,3110,0,4633,5
13/07/2024,Tienda 08,328,3110,0,4305,8
14/07/2024,Tienda 08,467,2643,1,3838,10
15/07/2024,Tienda 08,279,3110,0,3559,9
16/07/2024,Tienda 08,258,3110,0,3301,9
17/07/2024,Tienda 08,252,3110,0,3049,11
18/07/2024,Tienda 08,327,3110,0,11572,11
19/07/2024,Tienda 08,338,3110,0,11234,9
20/07/2024,Tienda 08,306,3110,0,10928,11
21/07/2024,Tienda 08,310,3110,0,10618,11
22/07/2024,Tienda 08,252,3110,0,10366,8
23/07/2024,Tienda 08,270,3110,0,10096,9
24/07/2024,Tienda 08,288,3110,0,9808,5
25/07/2024,Tienda 08,268,3110,0,9540,9
26/07/2024,Tienda 08,272,3110,0,9268,8
27/07/2024,Tienda 08,330,3110,0,8938,7
28/07/2024,Tienda 08,406,2643,1,8532,10
29/07/2024,Tienda 08,356,2643,1,8176,8
30/07/2024,Tienda 08,247,3110,0,7929,8
31/07/2024,Tienda 08,266,3110,0,7663,11
01/08/2024,Tienda 08,287,2643,1,7376,5
02/08/2024,Tienda 08,322,3110,0,7054,9
03/08/2024,Tienda 08,335,3110,0,6719,5
04/08/2024,Tienda 08,298,3110,0,6421,6
05/08/2024,Tienda 08,264,3110,0,6157,8
06/08/2024,Tienda 08,252,3110,0,5905,9
07/08/2024,Tienda 08,302,2643,1,5603,10
08/08/2024,Tienda 08,351,2643,1,5252,5
09/08/2024,Tienda 08,332,3110,0,4920,11
10/08/2024,Tienda 08,286,3110,0,4634,5
11/08/2024,Tienda 08,287,3110,0,4347,5
12/08/2024,Tienda 08,214,3110,0,4133,6
13/08/2024,Tienda 08,215,3110,0,3918,9
14/08/2024,Tienda 08,247,3110,0,3671,6
15/08/2024,Tienda 08,251,3110,0,3420,6
16/08/2024,Tienda 08,316,3110,0,3104,9
17/08/2024,Tienda 08,274,3110,0,11680,9
18/08/2024,Tienda 08,314,3110,0,11366,5
19/08/2024,Tienda 08,211,3110,0,11155,11
20/08/2024,Tienda 08,264,3110,0,10891,7
21/08/2024,Tienda 08,255,3110,0,10636,11
22/08/2024,Tienda 08,272,3110,0,10364,10
23/08/2024,Tienda 08,249,3110,0,10115,11
24/08/2024,Tienda 08,359,2643,1,9756,9
25/08/2024,Tienda 08,314,3110,0,9442,9
26/08/2024,Tienda 08,242,3110,0,9200,10
27/08/2024,Tienda 08,208,3110,0,8992,9
28/08/2024,Tienda 08,231,3110,0,8761,6
29/08/2024,Tienda 08,188,3110,0,8573,11
30/08/2024,Tienda 08,256,3110,0,8317,10
31/08/2024,Tienda 08,267,3110,0,8050,9
01/09/2024,Tienda 08,243,3110,0,7807,6
02/09/2024,Tienda 08,323,2643,1,7484,8
03/09/2024,Tienda 08,221,3110,0,7263,7
04/09/2024,Tienda 08,207,3110,0,7056,10
05/09/2024,Tienda 08,307,2643,1,6749,8
06/09/2024,Tienda 08,275,3110,0,6474,9
07/09/2024,Tienda 08,260,3110,0,6214,11
08/09/2024,Tienda 08,326,3110,0,5888,10
09/09/2024,Tienda 08,258,3110,0,5630,9
10/09/2024,Tienda 08,193,3110,0,5437,9
11/09/2024,Tienda 08,239,3110,0,5198,10
12/09/2024,Tienda 08,222,3110,0,4976,7
13/09/2024,Tienda 08,310,2643,1,4666,5
14/09/2024,Tienda 08,221,3110,0,4445,6
15/09/2024,Tienda 08,272,3110,0,4173,5
16/09/2024,Tienda 08,317,2643,1,3856,5
17/09/2024,Tienda 08,229,3110,0,3627,7
18/09/2024,Tienda 08,238,3110,0,3389,9
19/09/2024,Tienda 08,249,3110,0,3140,5
20/09/2024,Tienda 08,244,3110,0,11746,9
21/09/2024,Tienda 08,354,2643,1,11392,7
22/09/2024,Tienda 08,298,3110,0,11094,10
23/09/2024,Tienda 08,236,3110,0,10858,7
24/09/2024,Tienda 08,337,2643,1,10521,7
25/09/2024,Tienda 08,237,3110,0,10284,8
26/09/2024,Tienda 08,179,3110,0,10105,7
27/09/2024,Tienda 08,271,3110,0,9834,8
28/09/2024,Tienda 08,292,3110,0,9542,6
29/09/2024,Tienda 08,375,2643,1,9167,8
30/09/2024,Tienda 08,216,3110,0,8951,6
01/10/2024,Tienda 08,228,3110,0,8723,10
02/10/2024,Tienda 08,225,3110,0,8498,11
03/10/2024,Tienda 08,174,3110,0,8324,10
04/10/2024,Tienda 08,253,3110,0,8071,8
05/10/2024,Tienda 08,285,3110,0,7786,10
06/10/2024,Tienda 08,280,3110,0,7506,6
07/10/2024,Tienda 08,252,3110,0,7254,8
08/10/2024,Tienda 08,198,3110,0,7056,11
09/10/2024,Tienda 08,237,3110,0,6819,6
10/10/2024,Tienda 08,162,3110,0,6657,11
11/10/2024,Tienda 08,248,3110,0,6409,7
12/10/2024,Tienda 08,265,3110,0,6144,7
13/10/2024,Tienda 08,271,3110,0,5873,9
14/10/2024,Tienda 08,252,3110,0,5621,6
15/10/2024,Tienda 08,201,3110,0,5420,10
16/10/2024,Tienda 08,206,3110,0,5214,5
17/10/2024,Tienda 08,248,3110,0,4966,10
18/10/2024,Tienda 08,265,3110,0,4701,7
19/10/2024,Tienda 08,261,3110,0,4440,6
20/10/2024,Tienda 08,267,3110,0,4173,8
21/10/2024,Tienda 08,219,3110,0,3954,6
22/10/2024,Tienda 08,232,3110,0,3722,9
23/10/2024,Tienda 08,241,3110,0,3481,6
24/10/2024,Tienda 08,212,3110,0,3269,7
25/10/2024,Tienda 08,310,2643,1,2959,9
26/10/2024,Tienda 08,259,3110,0,11550,8
27/10/2024,Tienda 08,342,2643,1,11208,10
28/10/2024,Tienda 08,264,3110,0,10944,11
29/10/2024,Tienda 08,243,3110,0,10701,8
30/10/2024,Tienda 08,295,2643,1,10406,11
31/10/2024,Tienda 08,231,3110,0,10175,6
01/11/2024,Tienda 08,317,2643,1,9858,7
02/11/2024,Tienda 08,364,2643,1,9494,10
03/11/2024,Tienda 08,265,3110,0,9229,6
04/11/2024,Tienda 08,244,3110,0,8985,10
05/11/2024,Tienda 08,219,3110,0,8766,7
06/11/2024,Tienda 08,269,3110,0,8497,11
07/11/2024,Tienda 08,236,3110,0,8261,11
08/11/2024,Tienda 08,270,3110,0,7991,8
09/11/2024,Tienda 08,317,3110,0,7674,6
10/11/2024,Tienda 08,335,2643,1,7339,9
11/11/2024,Tienda 08,245,3110,0,7094,11
12/11/2024,Tienda 08,297,2643,1,6797,9
13/11/2024,Tienda 08,258,3110,0,6539,11
14/11/2024,Tienda 08,303,2643,1,6236,10
15/11/2024,Tienda 08,281,3110,0,5955,10
16/11/2024,Tienda 08,276,3110,0,5679,5
17/11/2024,Tienda 08,309,3110,0,5370,6
18/11/2024,Tienda 08,261,3110,0,5109,6
19/11/2024,Tienda 08,242,3110,0,4867,6
20/11/2024,Tienda 08,241,3110,0,4626,5
21/11/2024,Tienda 08,236,3110,0,4390,5
22/11/2024,Tienda 08,292,3110,0,4098,10
23/11/2024,Tienda 08,287,3110,0,3811,7
24/11/2024,Tienda 08,280,3110,0,3531,10
25/11/2024,Tienda 08,255,3110,0,3276,10
26/11/2024,Tienda 08,276,3110,0,3000,8
27/11/2024,Tienda 08,369,2643,1,11481,5
28/11/2024,Tienda 08,246,3110,0,11235,8
29/11/2024,Tienda 08,316,3110,0,10919,6
30/11/2024,Tienda 08,447,2643,1,10472,5
01/12/2024,Tienda 08,310,3110,0,10162,9
02/12/2024,Tienda 08,278,3110,0,9884,8
03/12/2024,Tienda 08,254,3110,0,9630,9
04/12/2024,Tienda 08,281,3110,0,9349,6
05/12/2024,Tienda 08,232,3110,0,9117,5
06/12/2024,Tienda 08,333,3110,0,8784,6
07/12/2024,Tienda 08,402,2643,1,8382,5
08/12/2024,Tienda 08,329,3110,0,8053,7
09/12/2024,Tienda 08,259,3110,0,7794,9
10/12/2024,Tienda 08,278,3110,0,7516,8
11/12/2024,Tienda 08,262,3110,0,7254,9
12/12/2024,Tienda 08,251,3110,0,7003,11
13/12/2024,Tienda 08,439,2643,1,6564,6
14/12/2024,Tienda 08,420,2643,1,6144,9
15/12/2024,Tienda 08,417,2643,1,5727,7
16/12/2024,Tienda 08,245,3110,0,5482,7
17/12/2024,Tienda 08,276,3110,0,5206,8
18/12/2024,Tienda 08,256,3110,0,4950,11
19/12/2024,Tienda 08,238,3110,0,4712,10
20/12/2024,Tienda 08,294,3110,0,4418,8
21/12/2024,Tienda 08,336,3110,0,4082,11
22/12/2024,Tienda 08,434,2643,1,3648,5
23/12/2024,Tienda 08,263,3110,0,3385,9
24/12/2024,Tienda 08,278,3110,0,3107,8
25/12/2024,Tienda 08,279,3110,0,11678,10
26/12/2024,Tienda 08,289,3110,0,11389,9
27/12/2024,Tienda 08,446,2643,1,10943,8
28/12/2024,Tienda 08,338,3110,0,10605,10
29/12/2024,Tienda 08,341,3110,0,10264,8
30/12/2024,Tienda 08,287,3110,0,9977,5
31/12/2024,Tienda 08,313,3110,0,9664,8
01/01/2025,Tienda 08,303,3229,0,9361,5
02/01/2025,Tienda 08,426,2745,1,8935,7
03/01/2025,Tienda 08,325,3229,0,8610,5
04/01/2025,Tienda 08,304,3229,0,8306,11
05/01/2025,Tienda 08,295,3229,0,8011,8
06/01/2025,Tienda 08,317,3229,0,7694,5
07/01/2025,Tienda 08,322,3229,0,7372,5
08/01/2025,Tienda 08,319,3229,0,7053,11
09/01/2025,Tienda 08,333,3229,0,6720,10
10/01/2025,Tienda 08,370,3229,0,6350,10
11/01/2025,Tienda 08,338,3229,0,6012,6
12/01/2025,Tienda 08,400,3229,0,5612,6
13/01/2025,Tienda 08,349,2745,1,5263,5
14/01/2025,Tienda 08,299,3229,0,4964,6
15/01/2025,Tienda 08,349,3229,0,4615,8
16/01/2025,Tienda 08,368,3229,0,4247,8
17/01/2025,Tienda 08,393,3229,0,3854,8
18/01/2025,Tienda 08,390,3229,0,3464,7
19/01/2025,Tienda 08,352,3229,0,3112,7
20/01/2025,Tienda 08,318,3229,0,11644,6
21/01/2025,Tienda 08,404,2745,1,11240,10
22/01/2025,Tienda 08,301,3229,0,10939,9
23/01/2025,Tienda 08,350,3229,0,10589,8
24/01/2025,Tienda 08,487,2745,1,10102,8
25/01/2025,Tienda 08,397,3229,0,9705,5
26/01/2025,Tienda 08,376,3229,0,9329,8
27/01/2025,Tienda 08,326,3229,0,9003,11
28/01/2025,Tienda 08,431,2745,1,8572,7
29/01/2025,Tienda 08,319,3229,0,8253,9
30/01/2025,Tienda 08,322,3229,0,7931,9
31/01/2025,Tienda 08,379,3229,0,7552,5
01/02/2025,Tienda 08,356,3229,0,7196,10
02/02/2025,Tienda 08,385,3229,0,6811,6
03/02/2025,Tienda 08,316,3229,0,6495,10
04/02/2025,Tienda 08,322,3229,0,6173,11
05/02/2025,Tienda 08,491,2745,1,5682,8
06/02/2025,Tienda 08,298,3229,0,5384,10
07/02/2025,Tienda 08,386,3229,0,4998,11
08/02/2025,Tienda 08,410,3229,0,4588,10
09/02/2025,Tienda 08,388,3229,0,4200,10
10/02/2025,Tienda 08,346,3229,0,3854,10
11/02/2025,Tienda 08,345,3229,0,3509,10
12/02/2025,Tienda 08,465,2745,1,3044,10
13/02/2025,Tienda 08,346,3229,0,11548,5
14/02/2025,Tienda 08,391,3229,0,11157,11
15/02/2025,Tienda 08,423,3229,0,10734,11
16/02/2025,Tienda 08,410,3229,0,10324,10
17/02/2025,Tienda 08,364,3229,0,9960,9
18/02/2025,Tienda 08,360,3229,0,9600,8
19/02/2025,Tienda 08,314,3229,0,9286,6
20/02/2025,Tienda 08,374,3229,0,8912,5
21/02/2025,Tienda 08,430,3229,0,8482,9
22/02/2025,Tienda 08,440,3229,0,8042,5
23/02/2025,Tienda 08,518,2745,1,7524,6
24/02/2025,Tienda 08,334,3229,0,7190,6
25/02/2025,Tienda 08,353,3229,0,6837,7
26/02/2025,Tienda 08,332,3229,0,6505,11
27/02/2025,Tienda 08,368,3229,0,6137,5
28/02/2025,Tienda 08,407,3229,0,5730,8
01/03/2025,Tienda 08,432,3229,0,5298,8
02/03/2025,Tienda 08,433,3229,0,4865,9
03/03/2025,Tienda 08,349,3229,0,4516,11
04/03/2025,Tienda 08,361,3229,0,4155,10
05/03/2025,Tienda 08,339,3229,0,3816,6
06/03/2025,Tienda 08,350,3229,0,3466,10
07/03/2025,Tienda 08,434,3229,0,3032,10
08/03/2025,Tienda 08,440,3229,0,11442,10
09/03/2025,Tienda 08,448,3229,0,10994,10
10/03/2025,Tienda 08,363,3229,0,10631,5
11/03/2025,Tienda 08,487,2745,1,10144,11
12/03/2025,Tienda 08,367,3229,0,9777,8
13/03/2025,Tienda 08,465,2745,1,9312,10
14/03/2025,Tienda 08,425,3229,0,8887,8
15/03/2025,Tienda 08,445,3229,0,8442,6
16/03/2025,Tienda 08,433,3229,0,8009,10
17/03/2025,Tienda 08,393,3229,0,7616,5
18/03/2025,Tienda 08,350,3229,0,7266,9
19/03/2025,Tienda 08,391,3229,0,6875,11
20/03/2025,Tienda 08,374,3229,0,6501,9
21/03/2025,Tienda 08,472,3229,0,6029,10
22/03/2025,Tienda 08,398,3229,0,5631,5
23/03/2025,Tienda 08,529,2745,1,5102,5
24/03/2025,Tienda 08,437,2745,1,4665,11
25/03/2025,Tienda 08,343,3229,0,4322,6
26/03/2025,Tienda 08,369,3229,0,3953,8
27/03/2025,Tienda 08,352,3229,0,3601,5
28/03/2025,Tienda 08,558,2745,1,3043,9
29/03/2025,Tienda 08,486,3229,0,11407,9
30/03/2025,Tienda 08,430,3229,0,10977,6
31/03/2025,Tienda 08,367,3229,0,10610,7
01/04/2025,Tienda 08,328,3229,0,10282,5
02/04/2025,Tienda 08,405,3229,0,9877,9
03/04/2025,Tienda 08,384,3229,0,9493,10
04/04/2025,Tienda 08,611,2745,1,8882,8
05/04/2025,Tienda 08,418,3229,0,8464,10
06/04/2025,Tienda 08,532,2745,1,7932,11
07/04/2025,Tienda 08,337,3229,0,7595,10
08/04/2025,Tienda 08,480,2745,1,7115,6
09/04/2025,Tienda 08,321,3229,0,6794,9
10/04/2025,Tienda 08,361,3229,0,6433,8
11/04/2025,Tienda 08,448,3229,0,5985,10
12/04/2025,Tienda 08,436,3229,0,5549,10
13/04/2025,Tienda 08,435,3229,0,5114,6
14/04/2025,Tienda 08,391,3229,0,4723,8
15/04/2025,Tienda 08,382,3229,0,4341,6
16/04/2025,Tienda 08,350,3229,0,3991,8
17/04/2025,Tienda 08,399,3229,0,3592,11
18/04/2025,Tienda 08,470,3229,0,3122,10
19/04/2025,Tienda 08,425,3229,0,11547,10
20/04/2025,Tienda 08,416,3229,0,11131,8
21/04/2025,Tienda 08,323,3229,0,10808,10
22/04/2025,Tienda 08,366,3229,0,10442,6
23/04/2025,Tienda 08,344,3229,0,10098,10
24/04/2025,Tienda 08,365,3229,0,9733,9
25/04/2025,Tienda 08,439,3229,0,9294,6
26/04/2025,Tienda 08,437,3229,0,8857,5
27/04/2025,Tienda 08,423,3229,0,8434,6
28/04/2025,Tienda 08,339,3229,0,8095,10
29/04/2025,Tienda 08,346,3229,0,7749,11
30/04/2025,Tienda 08,381,3229,0,7368,6
01/05/2025,Tienda 08,405,3229,0,6963,10
02/05/2025,Tienda 08,421,3229,0,6542,11
03/05/2025,Tienda 08,407,3229,0,6135,7
04/05/2025,Tienda 08,421,3229,0,5714,7
05/05/2025,Tienda 08,426,2745,1,5288,5
06/05/2025,Tienda 08,350,3229,0,4938,10
07/05/2025,Tienda 08,338,3229,0,4600,5
08/05/2025,Tienda 08,371,3229,0,4229,5
09/05/2025,Tienda 08,369,3229,0,3860,7
10/05/2025,Tienda 08,426,3229,0,3434,7
11/05/2025,Tienda 08,415,3229,0,3019,5
12/05/2025,Tienda 08,351,3229,0,11518,11
13/05/2025,Tienda 08,378,3229,0,11140,9
14/05/2025,Tienda 08,390,3229,0,10750,10
15/05/2025,Tienda 08,333,3229,0,10417,7
16/05/2025,Tienda 08,407,3229,0,10010,6
17/05/2025,Tienda 08,383,3229,0,9627,9
18/05/2025,Tienda 08,418,3229,0,9209,9
19/05/2025,Tienda 08,354,3229,0,8855,6
20/05/2025,Tienda 08,381,3229,0,8474,7
21/05/2025,Tienda 08,483,2745,1,7991,9
22/05/2025,Tienda 08,385,3229,0,7606,7
23/05/2025,Tienda 08,540,2745,1,7066,8
24/05/2025,Tienda 08,377,3229,0,6689,7
25/05/2025,Tienda 08,385,3229,0,6304,11
26/05/2025,Tienda 08,353,3229,0,5951,9
27/05/2025,Tienda 08,358,3229,0,5593,8
28/05/2025,Tienda 08,330,3229,0,5263,8
29/05/2025,Tienda 08,367,3229,0,4896,9
30/05/2025,Tienda 08,426,3229,0,4470,6
31/05/2025,Tienda 08,384,3229,0,4086,7
01/06/2025,Tienda 08,419,3229,0,3667,8
02/06/2025,Tienda 08,348,3229,0,3319,8
03/06/2025,Tienda 08,313,3229,0,3006,8
04/06/2025,Tienda 08,321,3229,0,11535,6
05/06/2025,Tienda 08,445,2745,1,11090,6
06/06/2025,Tienda 08,391,3229,0,10699,9
07/06/2025,Tienda 08,362,3229,0,10337,11
08/06/2025,Tienda 08,393,3229,0,9944,11
09/06/2025,Tienda 08,306,3229,0,9638,10
10/06/2025,Tienda 08,395,2745,1,9243,8
11/06/2025,Tienda 08,327,3229,0,8916,7
12/06/2025,Tienda 08,311,3229,0,8605,9
13/06/2025,Tienda 08,356,3229,0,8249,6
14/06/2025,Tienda 08,368,3229,0,7881,11
15/06/2025,Tienda 08,341,3229,0,7540,11
16/06/2025,Tienda 08,444,2745,1,7096,8
17/06/2025,Tienda 08,339,3229,0,6757,10
18/06/2025,Tienda 08,305,3229,0,6452,8
19/06/2025,Tienda 08,303,3229,0,6149,11
20/06/2025,Tienda 08,374,3229,0,5775,10
21/06/2025,Tienda 08,374,3229,0,5401,7
22/06/2025,Tienda 08,299,3229,0,5102,9
23/06/2025,Tienda 08,291,3229,0,4811,11
24/06/2025,Tienda 08,314,3229,0,4497,9
25/06/2025,Tienda 08,330,3229,0,4167,10
26/06/2025,Tienda 08,294,3229,0,3873,6
27/06/2025,Tienda 08,305,3229,0,3568,10
28/06/2025,Tienda 08,374,3229,0,3194,5
29/06/2025,Tienda 08,377,3229,0,11667,8
30/06/2025,Tienda 08,305,3229,0,11362,5
01/07/2025,Tienda 08,268,3229,0,11094,7
02/07/2025,Tienda 08,361,2745,1,10733,10
03/07/2025,Tienda 08,306,3229,0,10427,9
04/07/2025,Tienda 08,350,3229,0,10077,11
05/07/2025,Tienda 08,360,3229,0,9717,6
06/07/2025,Tienda 08,375,3229,0,9342,11
07/07/2025,Tienda 08,312,3229,0,9030,8
08/07/2025,Tienda 08,299,3229,0,8731,9
09/07/2025,Tienda 08,296,3229,0,8435,8
10/07/2025,Tienda 08,336,3229,0,8099,8
11/07/2025,Tienda 08,259,3229,0,7840,5
12/07/2025,Tienda 08,324,3229,0,7516,6
13/07/2025,Tienda 08,352,3229,0,7164,9
14/07/2025,Tienda 08,294,3229,0,6870,7
15/07/2025,Tienda 08,290,3229,0,6580,5
16/07/2025,Tienda 08,269,3229,0,6311,8
17/07/2025,Tienda 08,290,3229,0,6021,9
18/07/2025,Tienda 08,319,3229,0,5702,11
19/07/2025,Tienda 08,336,3229,0,5366,11
20/07/2025,Tienda 08,304,3229,0,5062,9
21/07/2025,Tienda 08,268,3229,0,4794,7
22/07/2025,Tienda 08,293,3229,0,4501,5
23/07/2025,Tienda 08,392,2745,1,4109,10
24/07/2025,Tienda 08,251,3229,0,3858,5
25/07/2025,Tienda 08,314,3229,0,3544,8
26/07/2025,Tienda 08,302,3229,0,3242,10
27/07/2025,Tienda 08,326,3229,0,11766,7
28/07/2025,Tienda 08,233,3229,0,11533,9
29/07/2025,Tienda 08,260,3229,0,11273,8
30/07/2025,Tienda 08,240,3229,0,11033,5
31/07/2025,Tienda 08,295,3229,0,10738,7
01/08/2025,Tienda 08,280,3229,0,10458,8
02/08/2025,Tienda 08,303,3229,0,10155,6
03/08/2025,Tienda 08,311,3229,0,9844,5
04/08/2025,Tienda 08,243,3229,0,9601,8
05/08/2025,Tienda 08,223,3229,0,9378,11
06/08/2025,Tienda 08,244,3229,0,9134,11
07/08/2025,Tienda 08,287,3229,0,8847,6
08/08/2025,Tienda 08,411,2745,1,8436,6
09/08/2025,Tienda 08,297,3229,0,8139,10
10/08/2025,Tienda 08,289,3229,0,7850,10
11/08/2025,Tienda 08,214,3229,0,7636,10
12/08/2025,Tienda 08,234,3229,0,7402,11
13/08/2025,Tienda 08,234,3229,0,7168,10
14/08/2025,Tienda 08,239,3229,0,6929,8
15/08/2025,Tienda 08,307,3229,0,6622,11
16/08/2025,Tienda 08,268,3229,0,6354,6
17/08/2025,Tienda 08,304,3229,0,6050,6
18/08/2025,Tienda 08,237,3229,0,5813,7
19/08/2025,Tienda 08,260,3229,0,5553,6
20/08/2025,Tienda 08,354,2745,1,5199,11
21/08/2025,Tienda 08,258,3229,0,4941,8
22/08/2025,Tienda 08,376,2745,1,4565,6
23/08/2025,Tienda 08,304,3229,0,4261,9
24/08/2025,Tienda 08,266,3229,0,3995,9
25/08/2025,Tienda 08,227,3229,0,3768,6
26/08/2025,Tienda 08,245,3229,0,3523,5
27/08/2025,Tienda 08,253,3229,0,3270,7
28/08/2025,Tienda 08,301,2745,1,2969,9
29/08/2025,Tienda 08,265,3229,0,11554,10
30/08/2025,Tienda 08,292,3229,0,11262,7
31/08/2025,Tienda 08,294,3229,0,10968,6
01/09/2025,Tienda 08,259,3229,0,10709,6
02/09/2025,Tienda 08,271,3229,0,10438,9
03/09/2025,Tienda 08,250,3229,0,10188,8
04/09/2025,Tienda 08,229,3229,0,9959,9
05/09/2025,Tienda 08,351,2745,1,9608,8
06/09/2025,Tienda 08,284,3229,0,9324,6
07/09/2025,Tienda 08,272,3229,0,9052,8
08/09/2025,Tienda 08,267,3229,0,8785,7
09/09/2025,Tienda 08,231,3229,0,8554,5
10/09/2025,Tienda 08,239,3229,0,8315,7
11/09/2025,Tienda 08,170,3229,0,8145,11
12/09/2025,Tienda 08,260,3229,0,7885,6
13/09/2025,Tienda 08,264,3229,0,7621,10
14/09/2025,Tienda 08,274,3229,0,7347,7
15/09/2025,Tienda 08,176,3229,0,7171,5
16/09/2025,Tienda 08,219,3229,0,6952,10
17/09/2025,Tienda 08,215,3229,0,6737,11
18/09/2025,Tienda 08,184,3229,0,6553,10
19/09/2025,Tienda 08,311,3229,0,6242,10
20/09/2025,Tienda 08,225,3229,0,6017,10
21/09/2025,Tienda 08,235,3229,0,5782,8
22/09/2025,Tienda 08,220,3229,0,5562,8
23/09/2025,Tienda 08,265,3229,0,5297,8
24/09/2025,Tienda 08,231,3229,0,5066,5
25/09/2025,Tienda 08,212,3229,0,4854,11
26/09/2025,Tienda 08,262,3229,0,4592,11
27/09/2025,Tienda 08,262,3229,0,4330,5
28/09/2025,Tienda 08,303,3229,0,4027,11
29/09/2025,Tienda 08,174,3229,0,3853,6
30/09/2025,Tienda 08,292,2745,1,3561,9
01/10/2025,Tienda 08,256,3229,0,3305,9
02/10/2025,Tienda 08,203,3229,0,3102,11
03/10/2025,Tienda 08,269,3229,0,11683,5
04/10/2025,Tienda 08,260,3229,0,11423,6
05/10/2025,Tienda 08,247,3229,0,11176,9
06/10/2025,Tienda 08,216,3229,0,10960,11
07/10/2025,Tienda 08,201,3229,0,10759,11
08/10/2025,Tienda 08,227,3229,0,10532,8
09/10/2025,Tienda 08,229,3229,0,10303,7
10/10/2025,Tienda 08,268,3229,0,10035,6
11/10/2025,Tienda 08,337,2745,1,9698,9
12/10/2025,Tienda 08,226,3229,0,9472,5
13/10/2025,Tienda 08,231,3229,0,9241,9
14/10/2025,Tienda 08,206,3229,0,9035,8
15/10/2025,Tienda 08,207,3229,0,8828,6
16/10/2025,Tienda 08,206,3229,0,8622,7
17/10/2025,Tienda 08,287,3229,0,8335,10
18/10/2025,Tienda 08,357,2745,1,7978,6
19/10/2025,Tienda 08,218,3229,0,7760,9
20/10/2025,Tienda 08,212,3229,0,7548,6
21/10/2025,Tienda 08,297,3229,0,7251,9
22/10/2025,Tienda 08,214,3229,0,7037,5
23/10/2025,Tienda 08,211,3229,0,6826,5
24/10/2025,Tienda 08,277,3229,0,6549,7
25/10/2025,Tienda 08,248,3229,0,6301,7
26/10/2025,Tienda 08,246,3229,0,6055,6
27/10/2025,Tienda 08,244,3229,0,5811,11
28/10/2025,Tienda 08,253,3229,0,5558,5
29/10/2025,Tienda 08,197,3229,0,5361,8
30/10/2025,Tienda 08,315,2745,1,5046,10
31/10/2025,Tienda 08,353,2745,1,4693,6
01/11/2025,Tienda 08,389,2745,1,4304,8
02/11/2025,Tienda 08,339,2745,1,3965,7
03/11/2025,Tienda 08,234,3229,0,3731,5
04/11/2025,Tienda 08,303,3229,0,3428,10
05/11/2025,Tienda 08,211,3229,0,3217,8
06/11/2025,Tienda 08,265,3229,0,2952,7
07/11/2025,Tienda 08,304,3229,0,11498,5
08/11/2025,Tienda 08,257,3229,0,11241,5
09/11/2025,Tienda 08,265,3229,0,10976,8
10/11/2025,Tienda 08,235,3229,0,10741,8
11/11/2025,Tienda 08,243,3229,0,10498,6
12/11/2025,Tienda 08,345,2745,1,10153,11
13/11/2025,Tienda 08,235,3229,0,9918,10
14/11/2025,Tienda 08,361,2745,1,9557,5
15/11/2025,Tienda 08,297,3229,0,9260,11
16/11/2025,Tienda 08,310,3229,0,8950,6
17/11/2025,Tienda 08,249,3229,0,8701,10
18/11/2025,Tienda 08,266,3229,0,8435,5
19/11/2025,Tienda 08,285,3229,0,8150,8
20/11/2025,Tienda 08,251,3229,0,7899,8
21/11/2025,Tienda 08,286,3229,0,7613,8
22/11/2025,Tienda 08,283,3229,0,7330,8
23/11/2025,Tienda 08,309,3229,0,7021,5
24/11/2025,Tienda 08,251,3229,0,6770,7
25/11/2025,Tienda 08,219,3229,0,6551,10
26/11/2025,Tienda 08,287,3229,0,6264,5
27/11/2025,Tienda 08,274,3229,0,5990,6
28/11/2025,Tienda 08,283,3229,0,5707,11
29/11/2025,Tienda 08,325,3229,0,5382,9
30/11/2025,Tienda 08,308,3229,0,5074,8
01/12/2025,Tienda 08,219,3229,0,4855,6
02/12/2025,Tienda 08,259,3229,0,4596,8
03/12/2025,Tienda 08,267,3229,0,4329,6
04/12/2025,Tienda 08,366,2745,1,3963,7
05/12/2025,Tienda 08,291,3229,0,3672,10
06/12/2025,Tienda 08,343,3229,0,3329,9
07/12/2025,Tienda 08,287,3229,0,3042,11
08/12/2025,Tienda 08,263,3229,0,11629,6
09/12/2025,Tienda 08,290,3229,0,11339,7
10/12/2025,Tienda 08,326,2745,1,11013,6
11/12/2025,Tienda 08,251,3229,0,10762,10
12/12/2025,Tienda 08,332,3229,0,10430,11
13/12/2025,Tienda 08,312,3229,0,10118,10
14/12/2025,Tienda 08,344,3229,0,9774,9
15/12/2025,Tienda 08,258,3229,0,9516,5
16/12/2025,Tienda 08,322,3229,0,9194,11
17/12/2025,Tienda 08,284,3229,0,8910,6
18/12/2025,Tienda 08,356,2745,1,8554,11
19/12/2025,Tienda 08,352,3229,0,8202,10
20/12/2025,Tienda 08,407,2745,1,7795,5
21/12/2025,Tienda 08,361,3229,0,7434,9
22/12/2025,Tienda 08,245,3229,0,7189,8
23/12/2025,Tienda 08,289,3229,0,6900,8
24/12/2025,Tienda 08,255,3229,0,6645,11
25/12/2025,Tienda 08,312,3229,0,6333,8
26/12/2025,Tienda 08,383,3229,0,5950,11
27/12/2025,Tienda 08,331,3229,0,5619,10
28/12/2025,Tienda 08,332,3229,0,5287,11
29/12/2025,Tienda 08,345,2745,1,4942,6
30/12/2025,Tienda 08,295,3229,0,4647,5
31/12/2025,Tienda 08,329,3229,0,4318,7
